drug,drug_class,position,avg_ig,avg_attention,shap_top_position_frequency,avg_shap_proxy_projection
ATV,PI,1,0.003040965018881252,0.008061992344155442,0.0,0.008135329962557874
ATV,PI,2,0.0031547210268036,0.009896904984052525,0.0,0.008214074453239805
ATV,PI,3,0.001576776773945312,0.006064658023387892,0.0,0.004833865955772946
ATV,PI,4,0.008391728423302993,0.02089243846538011,0.01,0.016855201756414764
ATV,PI,5,0.012455128726433031,0.04404252186708618,0.0,0.03823849335117328
ATV,PI,6,0.003719807939924067,0.011346994791238104,0.0,0.010353900086900049
ATV,PI,7,0.006294249443453736,0.014354369988868711,0.01,0.014446660861969036
ATV,PI,8,0.019602644438273274,0.027564534152916167,0.01,0.03327766533734252
ATV,PI,9,0.0031413515046006067,0.00791206672685803,0.0,0.01016985352136207
ATV,PI,10,0.07568019077880309,0.09024356601585168,0.7,0.10513049884701947
ATV,PI,11,0.014625308976974338,0.017791978364402893,0.07,0.022348905009995697
ATV,PI,12,0.18446188194910065,0.28019084621220824,0.99,0.29447256912761455
ATV,PI,13,0.004993781348894118,0.006117176072439179,0.0,0.007753270832845109
ATV,PI,14,0.08696954496670514,0.10249039807356894,0.52,0.11331346695935872
ATV,PI,15,0.005588998539169551,0.006678628759000276,0.0,0.00837064664846156
ATV,PI,16,0.013783434287906857,0.011673894033083342,0.1,0.016143623870772925
ATV,PI,17,0.0020160402414330747,0.00524764121582848,0.0,0.005993804613557965
ATV,PI,18,0.017184083173051475,0.019457481749414002,0.02,0.01987792576480962
ATV,PI,19,0.07079566260566934,0.11613806920708157,0.96,0.13117436086527098
ATV,PI,20,0.027650472658569923,0.027232763903448358,0.17,0.03169538512648164
ATV,PI,21,0.027080094877164812,0.04808870205888525,0.3,0.05767692987013818
ATV,PI,22,0.004729184875832289,0.002977698162685556,0.02,0.004386896407948041
ATV,PI,23,0.011306280814751516,0.009009664185141446,0.01,0.015104289144422649
ATV,PI,24,0.006682164945523254,0.007299510810844368,0.03,0.011175178414293165
ATV,PI,25,0.0036604171210638014,0.007153834401833592,0.0,0.011501291291275674
ATV,PI,26,0.0015008593193124398,0.003206174584411201,0.0,0.006007318862723803
ATV,PI,27,0.0008863342434051447,0.0029123621330654713,0.0,0.005111345572317142
ATV,PI,28,0.002741164937542635,0.006066579581820406,0.0,0.01080196063592895
ATV,PI,29,0.008106022420397494,0.013814559274469502,0.0,0.02368894897529182
ATV,PI,30,0.028924392209155485,0.03252253917002235,0.04,0.0387345888040963
ATV,PI,31,0.0016664582494559,0.002773681639118877,0.0,0.00462004351190454
ATV,PI,32,0.00606316844248795,0.006907937660143943,0.0,0.009943822221681949
ATV,PI,33,0.021963259266340174,0.015565898981149075,0.04,0.01915953252342826
ATV,PI,34,0.009690167674489204,0.008347128155801329,0.05,0.010539025694192522
ATV,PI,35,0.02206483260844834,0.022363351842504927,0.04,0.022685653235669245
ATV,PI,36,0.02318729087797692,0.02409094159302185,0.06,0.023584223564809888
ATV,PI,37,0.03598605952545768,0.03349464380531572,0.12,0.032176702597573735
ATV,PI,38,0.00573506631233613,0.01191502922854852,0.0,0.010497183973568665
ATV,PI,39,0.01949168560320686,0.019390995731810107,0.03,0.016038577921642948
ATV,PI,40,0.0017400867211108562,0.004198688321339432,0.0,0.003607359838856962
ATV,PI,41,0.01049455515894806,0.014839093565242364,0.0,0.013948094967371805
ATV,PI,42,0.0046562776241626126,0.011187708947400097,0.0,0.011077749980607041
ATV,PI,43,0.016823145313101123,0.02470497016212903,0.08,0.024069897202082878
ATV,PI,44,0.009867860355880111,0.023246238120482304,0.0,0.025330330280117785
ATV,PI,45,0.015121275893034181,0.0183488452641177,0.04,0.01971018512371547
ATV,PI,46,0.07653992035426199,0.11947120141237974,0.76,0.11906303416615131
ATV,PI,47,0.005354141515126685,0.007692303571820958,0.06,0.009723416454140031
ATV,PI,48,0.04017623884283239,0.046741688447073104,0.06,0.054426524629619354
ATV,PI,49,0.002893667466560146,0.0059970566726406105,0.0,0.009478969997553264
ATV,PI,50,0.053656661997374615,0.05632320804987103,0.06,0.06756508136962011
ATV,PI,51,0.008247381824767218,0.016840968559554314,0.0,0.024228517054847805
ATV,PI,52,0.008447648526343983,0.018966757553862408,0.0,0.025840355036916982
ATV,PI,53,0.08969265962718055,0.14145381496287882,0.89,0.14628155155055628
ATV,PI,54,0.5278436946682632,0.5328517523221672,1.0,0.5459995731934039
ATV,PI,55,0.05349927759321872,0.08520639732247219,0.25,0.08187111855711385
ATV,PI,56,0.009232082882663235,0.015901558797631877,0.0,0.019006225809316653
ATV,PI,57,0.04356917843862902,0.04773738140414935,0.2,0.05080852481460067
ATV,PI,58,0.013155554214317817,0.01715049291437026,0.09,0.01784554169880257
ATV,PI,59,0.00516289156221319,0.010237335615383926,0.0,0.011947710310923156
ATV,PI,60,0.024112051778065507,0.028716180645569692,0.11,0.033304233763659714
ATV,PI,61,0.03484196946490556,0.04912499751895666,0.02,0.05415726403316129
ATV,PI,62,0.018198794888157864,0.01968621823878493,0.01,0.021209203669449863
ATV,PI,63,0.26854934202041475,0.3035689832805656,0.76,0.30230024986412996
ATV,PI,64,0.01244804806603497,0.014478668875444783,0.07,0.015158784588123501
ATV,PI,65,0.025463563072262333,0.03601643766218331,0.01,0.04089406278196561
ATV,PI,66,0.021011832898511783,0.01987771634143428,0.04,0.022847423856599137
ATV,PI,67,0.004652802262280602,0.006776556307304418,0.03,0.008653573914689534
ATV,PI,68,0.0013538866605085787,0.0038847022986738013,0.0,0.004502549718164961
ATV,PI,69,0.042886563318606935,0.038220105607324514,0.1,0.04138769358826332
ATV,PI,70,0.04966607088979799,0.05888796785729937,0.05,0.06270191229943413
ATV,PI,71,0.05318134564557113,0.04577951980347279,0.14,0.053864671674921885
ATV,PI,72,0.11427572286163923,0.13033893522602738,0.23,0.13212086838081666
ATV,PI,73,0.014980546653387137,0.012402789337866125,0.03,0.015366209692542345
ATV,PI,74,0.03106245969829615,0.035723271766037214,0.07,0.037454317865821624
ATV,PI,75,0.0008972338557214244,0.0016239009372293366,0.0,0.0022224766211367893
ATV,PI,76,0.010675016763270833,0.015383660855004564,0.05,0.019220247722379225
ATV,PI,77,0.01598048576823203,0.016290547543176218,0.02,0.018648649271494223
ATV,PI,78,0.001357893152962788,0.002893697995459661,0.0,0.004058896460493523
ATV,PI,79,0.037575417169719,0.04407540610583965,0.04,0.04959167569812303
ATV,PI,80,0.0024759861978236584,0.004807563085341826,0.0,0.00714464465954209
ATV,PI,81,0.004871850547497161,0.011822155673289671,0.0,0.014769382134611191
ATV,PI,82,0.026059748714324087,0.02985673183691688,0.23,0.04299045801089035
ATV,PI,83,0.018544975206241363,0.013225588673813037,0.03,0.02003785948323597
ATV,PI,84,0.0036111299899494044,0.003876263904530788,0.0,0.0064149484106823485
ATV,PI,85,0.0009386987495236099,0.0007916182209737599,0.0,0.0011773610203421098
ATV,PI,86,0.0013512392304619425,0.002579145374656946,0.0,0.004610525116717074
ATV,PI,87,0.00514357708467287,0.008363263291976182,0.0,0.0135423733061118
ATV,PI,88,0.01694590756422258,0.013544493293520645,0.05,0.017913595137970702
ATV,PI,89,0.012021265497314743,0.009492533896118403,0.04,0.013433785223050896
ATV,PI,90,0.0040991895370825655,0.0036584014591062443,0.0,0.00575037713106794
ATV,PI,91,0.007200236478674924,0.010204958919202908,0.03,0.012891278383169695
ATV,PI,92,0.010691073092166334,0.010809759229887276,0.02,0.012423925783564237
ATV,PI,93,0.006313062868466659,0.007261935262067709,0.01,0.009385916713021154
ATV,PI,94,0.0021266189862217287,0.004493952215998433,0.0,0.005826212820009902
ATV,PI,95,0.015706508543371456,0.015179819215773023,0.02,0.016066130074580375
ATV,PI,96,0.0030630510952323674,0.008747400493593887,0.0,0.009127282486917725
ATV,PI,97,0.005430900220235344,0.010007769977964926,0.0,0.012894691898285331
ATV,PI,98,0.0021522853792703247,0.006953612990182592,0.0,0.007323822004389977
ATV,PI,99,0.0005397763029759517,0.0015087086880430434,0.0,0.0015698531564069724
DRV,PI,1,0.0029196575485912037,0.006292884465947282,0.0,0.0059284860862848085
DRV,PI,2,0.005211929223733023,0.013368892600556136,0.0,0.011566417039181402
DRV,PI,3,0.0026789993409329325,0.008477567916706903,0.0,0.006396993867191138
DRV,PI,4,0.013228577348199906,0.020158404442045138,0.01,0.017473255707371852
DRV,PI,5,0.0034157825541478812,0.010364641392952763,0.0,0.008637031752995593
DRV,PI,6,0.002454548284149496,0.006563933510478819,0.0,0.005214097890737192
DRV,PI,7,0.011983904613807682,0.018995839482959128,0.01,0.018756707009056746
DRV,PI,8,0.011912260235203576,0.013105757587618427,0.01,0.01383041376256487
DRV,PI,9,0.00279789929947583,0.005736909306506277,0.0,0.006971106375985786
DRV,PI,10,0.04996844158071326,0.04760699490987463,0.21,0.058246132189476246
DRV,PI,11,0.055642669650842434,0.06844622941804118,0.09,0.0745356867594646
DRV,PI,12,0.11826837842207169,0.14561913620505948,0.6,0.15071817288368633
DRV,PI,13,0.02467233349219896,0.02720476550312014,0.05,0.03441506530302155
DRV,PI,14,0.04391172368879779,0.04617701402545208,0.1,0.054987193342070445
DRV,PI,15,0.015409043062536511,0.011873921197257005,0.0,0.015200808547307614
DRV,PI,16,0.018590546871782864,0.015782979034775053,0.1,0.019546106330274152
DRV,PI,17,0.0020421044820250244,0.005311614986276254,0.0,0.005603391763319534
DRV,PI,18,0.014479207754484379,0.01762976049329154,0.02,0.017256079271433137
DRV,PI,19,0.056727907454187515,0.0667035166331334,0.27,0.07655535926359829
DRV,PI,20,0.048544136551245176,0.039868225692698614,0.21,0.04687746944868726
DRV,PI,21,0.013988511843781453,0.02535283389937831,0.0,0.030582275172779644
DRV,PI,22,0.019584687626047526,0.017854527459785458,0.02,0.02316376643438745
DRV,PI,23,0.02107887373378617,0.023409377478674286,0.01,0.03205364290703257
DRV,PI,24,0.12031616985739674,0.1229636972094886,0.86,0.15761014725844727
DRV,PI,25,0.002055009189971315,0.004657009047732572,0.0,0.007674836658867975
DRV,PI,26,0.001994292045528709,0.003278553444542922,0.0,0.0059555618499479
DRV,PI,27,4.318417995818891e-07,7.198649836936966e-07,0.0,3.3922593241846765e-05
DRV,PI,28,0.0005317630757917868,0.0004180515329494483,0.0,0.0007921917640590682
DRV,PI,29,0.0014207251807420106,0.0018634133763953287,0.0,0.0030925965986131755
DRV,PI,30,0.01594088120098604,0.010209416935394984,0.04,0.014150052243232417
DRV,PI,31,0.0035885434821102537,0.004249439096965944,0.0,0.0069650353714644534
DRV,PI,32,0.03329389277423615,0.030133520604722436,0.13,0.04307917978942954
DRV,PI,33,0.1729742917761905,0.13939790410688147,0.73,0.16357609777916537
DRV,PI,34,0.03515637795004295,0.03638680374540854,0.05,0.043085024617432605
DRV,PI,35,0.038722625947993944,0.032808592646906616,0.15,0.03366056826490584
DRV,PI,36,0.054001509045920104,0.04393163091444876,0.06,0.04388158348831766
DRV,PI,37,0.05095469825319014,0.03920431001824909,0.17,0.039228180211510144
DRV,PI,38,0.002906037721077155,0.004719935495450045,0.0,0.0036918586613241843
DRV,PI,39,0.024406764535451656,0.026371221050503664,0.03,0.02515122717874412
DRV,PI,40,0.002260028625441919,0.004454041927529033,0.0,0.003507420978661899
DRV,PI,41,0.007590309873630758,0.008522760948253563,0.0,0.007857885888720557
DRV,PI,42,0.0021201206571277,0.004065581617214775,0.0,0.003202566399914421
DRV,PI,43,0.010677711360822286,0.011327079193360987,0.08,0.010660059880638364
DRV,PI,44,0.0045320145958248756,0.009053919706202578,0.0,0.009497371853476367
DRV,PI,45,0.00887823875011236,0.010536945157655282,0.04,0.010529713549419999
DRV,PI,46,0.05236130252771545,0.06129051116527989,0.32,0.061456225185576176
DRV,PI,47,0.006671768537726166,0.00704853113857098,0.03,0.00799960797398756
DRV,PI,48,0.05185094208900409,0.05673337130647269,0.06,0.06138324724230202
DRV,PI,49,0.0007733630673374136,0.0009152862458449817,0.0,0.0012815464318034122
DRV,PI,50,0.0052811731473411784,0.004928841494765948,0.06,0.00671051933262545
DRV,PI,51,0.0017053579749335768,0.002414640186398174,0.0,0.0031206165896501877
DRV,PI,52,0.0010806097271961336,0.001925035013591696,0.0,0.0022704808303999837
DRV,PI,53,0.02577249805792235,0.028774473318189848,0.06,0.031947928172520415
DRV,PI,54,0.0654632663470693,0.0685468264715746,0.16,0.07530930689498472
DRV,PI,55,0.042172777224623134,0.056213412256038285,0.09,0.054501518453191275
DRV,PI,56,0.005039405156130669,0.007493493852089159,0.0,0.008663199531114923
DRV,PI,57,0.07281928847864037,0.05830127950903261,0.22,0.06562071370610649
DRV,PI,58,0.056037791695562195,0.0477528600714868,0.23,0.054723963519028064
DRV,PI,59,0.005354759896508767,0.009330385251960251,0.0,0.01051030022158125
DRV,PI,60,0.0385681596872746,0.03415516637032852,0.11,0.039585135823580385
DRV,PI,61,0.08617921962053515,0.11092962292255834,0.86,0.13063129981163718
DRV,PI,62,0.03816639061726164,0.039972597616142594,0.23,0.04678628262451141
DRV,PI,63,0.5573028792999685,0.6626089478284121,1.0,0.6521301192791831
DRV,PI,64,0.10556444641319103,0.09637795372749679,0.5,0.11012906044704268
DRV,PI,65,0.03535205130639952,0.06595981354825199,0.66,0.07859675534956004
DRV,PI,66,0.018301245529546577,0.020240990241291,0.04,0.023428103924873184
DRV,PI,67,0.027180940912803635,0.034460802215908186,0.03,0.036856312860937594
DRV,PI,68,0.0020027064869282186,0.005107807749154745,0.0,0.00566832388557359
DRV,PI,69,0.02728191148471524,0.024112438624943024,0.1,0.027990822982760233
DRV,PI,70,0.020075666684351744,0.02533447968875407,0.05,0.02463239322236524
DRV,PI,71,0.030896473351749592,0.023301617546967465,0.1,0.028304558435900427
DRV,PI,72,0.1052491112719872,0.1087796520703705,0.23,0.11031400438431982
DRV,PI,73,0.04128069158818107,0.03819603359166649,0.15,0.043916432883438376
DRV,PI,74,0.03557765562429267,0.049049340600904545,0.07,0.05303620259078658
DRV,PI,75,0.0028311201061296744,0.003963007035927149,0.0,0.005276970616428853
DRV,PI,76,0.012894099604309303,0.015111922191281338,0.05,0.017858371225184664
DRV,PI,77,0.017430460255782237,0.017713273641347768,0.1,0.020886398582590136
DRV,PI,78,0.00041499991658838553,0.000482773368269136,0.0,0.000245755993895649
DRV,PI,79,0.023531345023475297,0.02780417375262914,0.04,0.027915851262466672
DRV,PI,80,0.0007339598603357444,0.0005309766058826426,0.0,0.00048557782454911427
DRV,PI,81,0.0015777493640780449,0.0027408121663393104,0.0,0.0030654734462540905
DRV,PI,82,0.01794252956919081,0.01908924689720152,0.08,0.02493623452628651
DRV,PI,83,0.029526135726700885,0.028017839210442617,0.03,0.03228565631028983
DRV,PI,84,0.013995609988414799,0.01008118992423988,0.0,0.01646127499368237
DRV,PI,85,0.030381676541583146,0.02695792208367493,0.06,0.0387133124793171
DRV,PI,86,0.001122264116183942,0.00153197958090459,0.0,0.0025994661363113137
DRV,PI,87,0.00074160633667816,0.0008923957760089251,0.0,0.0013865233359406843
DRV,PI,88,0.030204456453611785,0.022259737976091855,0.07,0.03018191017742706
DRV,PI,89,0.01861178029292205,0.015840744447414182,0.08,0.02060760183375046
DRV,PI,90,0.013398852663085563,0.011100217785569839,0.0,0.017241951227084152
DRV,PI,91,0.009146797602625156,0.012100424102245598,0.03,0.014942674303861788
DRV,PI,92,0.015411265999173338,0.0158351423824206,0.02,0.016937112716211625
DRV,PI,93,0.009830481899043661,0.007026911198554444,0.01,0.008875805320142881
DRV,PI,94,0.0019576765308920584,0.0034453845100142644,0.0,0.003938552269875237
DRV,PI,95,0.02212708932485839,0.019871694397952524,0.02,0.02077216998014543
DRV,PI,96,0.0022470362093736183,0.00565027209740947,0.0,0.005467795502733289
DRV,PI,97,0.0036556672384176637,0.005744858015459613,0.0,0.007252492114608004
DRV,PI,98,0.0027273213341322843,0.006704981858711108,0.0,0.006874089487733971
DRV,PI,99,0.002276181079541857,0.004484276961302385,0.0,0.004826248605552738
FPV,PI,1,0.0026951387156441344,0.007079063888086239,0.0,0.006690718951175134
FPV,PI,2,0.00477107253682334,0.015401011782232672,0.0,0.013146444749879844
FPV,PI,3,0.000852040462232253,0.004097251939965645,0.0,0.002610955040323487
FPV,PI,4,0.008433995505911299,0.020526585168845486,0.01,0.016337521108689045
FPV,PI,5,0.002235380125202937,0.008976714692398673,0.0,0.007240873296508307
FPV,PI,6,0.0014908829329942819,0.005246026336390059,0.0,0.004220905485229989
FPV,PI,7,0.005146398562501418,0.010131031617784175,0.01,0.009657314464744896
FPV,PI,8,0.012304187628178625,0.014380295878945617,0.01,0.016203539816688085
FPV,PI,9,0.0017867962695163441,0.004932446630919003,0.0,0.006232969091808111
FPV,PI,10,0.07465801683138125,0.0919222273491323,0.62,0.10518583735562637
FPV,PI,11,0.013135460625198903,0.01505720584653318,0.06,0.01799212729459926
FPV,PI,12,0.12331552230170928,0.14918323770049027,0.82,0.15778633978789602
FPV,PI,13,0.016224611840734725,0.01942147200505133,0.03,0.02299118837846196
FPV,PI,14,0.03184310508542694,0.038637023881747154,0.1,0.04285550015151387
FPV,PI,15,0.009502647373010405,0.010685292132620816,0.05,0.013483520396529548
FPV,PI,16,0.010432866681303493,0.01133838803141316,0.08,0.013977643610895376
FPV,PI,17,0.0004475499616455636,0.0014685382159041183,0.0,0.0014377225115300154
FPV,PI,18,0.029228880712762476,0.04465694481972605,0.02,0.04267443669370221
FPV,PI,19,0.045961749238776974,0.06702587517094799,0.15,0.07369806562953601
FPV,PI,20,0.14902552924351767,0.16456890650151762,0.31,0.18410896676917743
FPV,PI,21,0.011802163127576933,0.028337228422169573,0.0,0.03293326127648636
FPV,PI,22,0.009156655320548452,0.006997587444566307,0.02,0.009898997749688694
FPV,PI,23,0.007313801883647102,0.0056494838040816835,0.01,0.008727565907835279
FPV,PI,24,0.005676847028898919,0.003644694645627169,0.03,0.005882028952848778
FPV,PI,25,0.01922107026446611,0.04251330683706328,0.54,0.06779642468374236
FPV,PI,26,0.011264729761751368,0.02141070333789685,0.0,0.037279653920050095
FPV,PI,27,0.0002281174186060042,0.001270511787115538,0.0,0.0027250959753501473
FPV,PI,28,0.003983142895012861,0.008005009558110033,0.0,0.014425021303449827
FPV,PI,29,0.0067945395599235785,0.012497362769499887,0.0,0.02029576007351184
FPV,PI,30,0.021257092972227838,0.02383231639920268,0.04,0.03235970500121859
FPV,PI,31,0.0046598523276043125,0.008982913137879222,0.0,0.01485572363777087
FPV,PI,32,0.014672442584997043,0.016673323894210626,0.01,0.024100836262954218
FPV,PI,33,0.04477705507888459,0.040372219108976426,0.16,0.04800278315873045
FPV,PI,34,0.06348138293949887,0.07471999299828895,0.05,0.08331974679799944
FPV,PI,35,0.028707168292021377,0.034161898541497066,0.12,0.03327686223550331
FPV,PI,36,0.036770174899720585,0.038923560113180426,0.06,0.03671650817564078
FPV,PI,37,0.058377364848274736,0.05522966952965362,0.2,0.05084389160662484
FPV,PI,38,0.0028501879546092824,0.0062137651455850575,0.0,0.005051662032585494
FPV,PI,39,0.026489481917669765,0.031012160419631982,0.03,0.029146658586738722
FPV,PI,40,0.0017346650679246523,0.0042569416917831405,0.0,0.0032221606561335385
FPV,PI,41,0.00983910944793024,0.013052520660858135,0.0,0.011886414405554163
FPV,PI,42,0.0030204759079788344,0.006716815412000869,0.0,0.006034911325736554
FPV,PI,43,0.018825302999757695,0.029837092043017037,0.08,0.027959492023492457
FPV,PI,44,0.006797808657865972,0.01785084143455606,0.0,0.0192376074130682
FPV,PI,45,0.02513326364947716,0.032716610873176254,0.04,0.03458237701035959
FPV,PI,46,0.04849508473300375,0.0718835465417942,0.33,0.07167189101613702
FPV,PI,47,0.01117465580260614,0.017303664543724152,0.06,0.01990553760507938
FPV,PI,48,0.029271425275801448,0.036258320769993586,0.06,0.03955788206127937
FPV,PI,49,0.001440466641652165,0.0024840395762294066,0.0,0.004228884670276129
FPV,PI,50,0.030081077559152618,0.03286416822913452,0.06,0.04272527650703938
FPV,PI,51,0.002970074106706306,0.005474205305436044,0.0,0.008023933867272206
FPV,PI,52,0.004371096579125151,0.008401311271445593,0.0,0.011476602496597378
FPV,PI,53,0.044077182406326756,0.07018456311314367,0.07,0.06959925260442841
FPV,PI,54,0.5306276420131326,0.5442115928791463,1.0,0.5430274776503256
FPV,PI,55,0.04427185587119311,0.07023413384740707,0.09,0.06730108762044988
FPV,PI,56,0.013312771838973276,0.02590098080225289,0.0,0.030463815873605284
FPV,PI,57,0.03497027942212298,0.04042205241363263,0.21,0.042882974361625636
FPV,PI,58,0.02072433292749338,0.026671167770109604,0.12,0.02892095253632854
FPV,PI,59,0.005199074330739677,0.01085283131833421,0.0,0.012019155019178359
FPV,PI,60,0.02956753932929132,0.040347491975408045,0.11,0.043875561542494064
FPV,PI,61,0.04123044165200554,0.05965238665346988,0.14,0.06658975889411878
FPV,PI,62,0.03459693711891305,0.0394254648804781,0.11,0.045116688470894124
FPV,PI,63,0.2594475745933596,0.28243674070050473,0.7,0.2795348904218763
FPV,PI,64,0.13512892376515084,0.15533199784869794,0.4,0.16609843910283803
FPV,PI,65,0.02473266112967394,0.04279457836295478,0.01,0.04624833340478873
FPV,PI,66,0.019076756900249167,0.020896280953784298,0.04,0.02322277458910958
FPV,PI,67,0.0037621620020945558,0.005335538755753077,0.03,0.00669363843728462
FPV,PI,68,0.0002462241178136537,0.0009109327806436341,0.0,0.0008052222734043461
FPV,PI,69,0.04822143006647821,0.04835988724022172,0.1,0.052878988347451354
FPV,PI,70,0.04164067543693818,0.05213093854486942,0.05,0.051666822587843365
FPV,PI,71,0.09248898493009619,0.09423353058111389,0.79,0.10703190369844746
FPV,PI,72,0.09966378965647892,0.10896808471094119,0.23,0.11053101258688246
FPV,PI,73,0.019465628383986768,0.01956624618758724,0.06,0.024390806608575864
FPV,PI,74,0.026573918333160692,0.027550991614407393,0.07,0.030084469915849545
FPV,PI,75,0.0013107902820047458,0.0020594524933403593,0.0,0.002878620693659489
FPV,PI,76,0.004648043704364681,0.007373227918214979,0.05,0.008728638937737202
FPV,PI,77,0.017504461268981687,0.020290155191687517,0.02,0.021656191130946318
FPV,PI,78,0.0002519217347526137,0.00033235844447517595,0.0,0.0005082884756387691
FPV,PI,79,0.020145035972236654,0.02543703645671485,0.04,0.02633267432502992
FPV,PI,80,0.005283357537118718,0.011228708176058717,0.0,0.01649265015243533
FPV,PI,81,0.0023091523177572524,0.005987083867221372,0.0,0.007634334547974282
FPV,PI,82,0.1057996007730253,0.1267427291511558,0.92,0.15733435454710804
FPV,PI,83,0.030212225443247007,0.03034418962422933,0.03,0.03733818205683141
FPV,PI,84,0.012072909760463517,0.01477358165437181,0.18,0.02335795429138663
FPV,PI,85,0.0023319050240661453,0.0022795202040106232,0.04,0.0032595588728021696
FPV,PI,86,0.0007187316216004547,0.0017527317525309627,0.0,0.0036189212453623196
FPV,PI,87,0.0014413858165062265,0.0028643610433937284,0.0,0.004836415756162819
FPV,PI,88,0.01206579108205915,0.011565236734168139,0.08,0.015308376124720328
FPV,PI,89,0.008863187832757831,0.006930094819472288,0.06,0.009613261066995876
FPV,PI,90,0.004774905725062126,0.004874071010126499,0.0,0.007799374920487714
FPV,PI,91,0.009498375004477566,0.011346923448581948,0.03,0.014500987187445937
FPV,PI,92,0.01057398274744628,0.012898103163752239,0.02,0.014797927348218796
FPV,PI,93,0.007340986749040894,0.008041548036562745,0.01,0.01014820398277334
FPV,PI,94,0.00048580404185486257,0.001236675172822288,0.0,0.0013721720764714807
FPV,PI,95,0.00829936669289964,0.005714489704259904,0.02,0.007337299236696304
FPV,PI,96,0.0038905490003526212,0.01202951554034371,0.0,0.012381976780300761
FPV,PI,97,0.0027007819173741152,0.0060989855742081996,0.0,0.0077404283827349155
FPV,PI,98,0.00202722379937768,0.0071186641906388105,0.0,0.007581177230991196
FPV,PI,99,0.0017717262156656942,0.00475665293266502,0.0,0.005440705343163555
IDV,PI,1,0.0018079602318175603,0.00471195745296427,0.0,0.0037322598803688502
IDV,PI,2,0.0005212114734695206,0.0020461447999696246,0.0,0.0008280127515850347
IDV,PI,3,0.00027947895816168964,0.0017518453241791576,0.0,0.0005160788284217332
IDV,PI,4,0.0027457973011405555,0.005880943521624431,0.01,0.0034202095462037203
IDV,PI,5,0.0004472434045783302,0.002547583142440999,0.0,0.0011529319154961373
IDV,PI,6,0.0007419543472133227,0.0031313468526059296,0.0,0.0018961187951633037
IDV,PI,7,0.0022119138616335477,0.002821752260788344,0.01,0.0021396190288005914
IDV,PI,8,0.0019937353662862734,0.0015579285134663223,0.01,0.0015858815006936642
IDV,PI,9,0.000691953980604012,0.0022325255245232256,0.0,0.002323926143721819
IDV,PI,10,0.013294937951141037,0.015777801841904873,0.11,0.016415911245626545
IDV,PI,11,0.007704070516119828,0.009457896063686348,0.06,0.009711585053041465
IDV,PI,12,0.045890118870083825,0.03609928887570277,0.11,0.03265553559906083
IDV,PI,13,0.010681716114631853,0.013878021090640687,0.14,0.01472114371488511
IDV,PI,14,0.013469897339309683,0.01632966273085913,0.1,0.01510571595692443
IDV,PI,15,0.008282584704575128,0.00935027092913515,0.15,0.010561958342526821
IDV,PI,16,0.010576785234952694,0.008801375418552198,0.09,0.010101236483718891
IDV,PI,17,0.00031573482873682225,0.0012584620889538201,0.0,0.0009434999355752397
IDV,PI,18,0.003078490214247722,0.006519314277684316,0.02,0.005803620109264046
IDV,PI,19,0.019481601825900724,0.01900624545334722,0.06,0.018926717109110185
IDV,PI,20,0.4376155578531325,0.46098198847845195,1.0,0.46736647243093465
IDV,PI,21,0.0019711020657996415,0.004630154226906598,0.0,0.004520603040136684
IDV,PI,22,0.03399354687833693,0.04637159787933342,0.62,0.053879856530043214
IDV,PI,23,0.011764879463298713,0.012441207945230418,0.01,0.017654193552747305
IDV,PI,24,0.0313236852484988,0.03117925909871701,0.47,0.04005117960730953
IDV,PI,25,0.00036601079819774895,0.0016592202667379751,0.0,0.002485774794387173
IDV,PI,26,0.0008389926869131159,0.0020062426049844363,0.0,0.0035078158982045447
IDV,PI,27,0.00027391958047701337,0.0016380383865180193,0.0,0.0027949434388106625
IDV,PI,28,0.0012383890696219169,0.002530167480217642,0.0,0.004098518574345854
IDV,PI,29,0.0011324213819170837,0.002404584168252768,0.0,0.0038476708791820185
IDV,PI,30,0.004427701528547914,0.004885748684537248,0.04,0.006283089343923334
IDV,PI,31,0.0010177524363825796,0.0017519859130698022,0.0,0.0027739350096526744
IDV,PI,32,0.0028894403691083425,0.0030333524797606514,0.0,0.00390195965569595
IDV,PI,33,0.0342212968232343,0.03629837664979277,0.21,0.03738922863789196
IDV,PI,34,0.0047578428873657685,0.00455403633618289,0.05,0.00488737053699092
IDV,PI,35,0.0072243864808115175,0.008184886112139793,0.03,0.006513062829929638
IDV,PI,36,0.023702491665026172,0.023187729415076318,0.05,0.017556725581258897
IDV,PI,37,0.02384266099354136,0.021884191638673656,0.16,0.017192655317032166
IDV,PI,38,0.0016813756593910512,0.0034202586484025233,0.0,0.0020737906762348665
IDV,PI,39,0.022793035547656472,0.021105603032046928,0.03,0.015412027044574686
IDV,PI,40,0.0007213026787576383,0.0020331565156811848,0.0,0.0010620726919245479
IDV,PI,41,0.004368035606603371,0.0051652368702343665,0.0,0.0036308936769301036
IDV,PI,42,0.001321844317499199,0.003372344684757991,0.0,0.002339631953070624
IDV,PI,43,0.0062056653404033565,0.006980897219546023,0.08,0.005914838847663905
IDV,PI,44,0.0018917214301472996,0.005484590195119381,0.0,0.004762972219486449
IDV,PI,45,0.006523429905573721,0.007969010032029473,0.04,0.007595201483073504
IDV,PI,46,0.013515976135095116,0.020197774743428452,0.07,0.01795331317040647
IDV,PI,47,0.008059062890315544,0.012053266887523933,0.06,0.01303410023118513
IDV,PI,48,0.035917299502107196,0.03755930153318331,0.06,0.038984104161390684
IDV,PI,49,0.0011058074402171768,0.002367728898971109,0.0,0.0034178853603887478
IDV,PI,50,0.00781300325774282,0.007684112643946719,0.06,0.0093402096275022
IDV,PI,51,0.00042978367146133677,0.0011769926605848012,0.0,0.0015406963160754577
IDV,PI,52,0.0008782465890908497,0.0023314276195014827,0.0,0.0027773610535229663
IDV,PI,53,0.001453310144822808,0.002434137962482055,0.0,0.0017977769417869343
IDV,PI,54,0.02519727519189473,0.031077342440694336,0.13,0.029806904244490205
IDV,PI,55,0.0035353057302563683,0.004701680584694259,0.09,0.0036986311265385357
IDV,PI,56,0.002081650731051923,0.003964956221170724,0.0,0.0039344605730925
IDV,PI,57,0.009680791477876483,0.009223724985786249,0.08,0.008401243299760768
IDV,PI,58,0.0035294693529431243,0.0047868362271401566,0.01,0.004318110134095535
IDV,PI,59,0.0023978778572927694,0.005153600384655874,0.0,0.004873709402656621
IDV,PI,60,0.007441660627373494,0.008721484001143835,0.09,0.008397264016081362
IDV,PI,61,0.014362674986550701,0.012291282026926637,0.02,0.01100951124994241
IDV,PI,62,0.02321223460661713,0.026452102127950638,0.2,0.027531281935838557
IDV,PI,63,0.30337996329180894,0.3272643408970907,0.99,0.30374523293992606
IDV,PI,64,0.08964526844210922,0.09317916026397143,0.29,0.08844106172453453
IDV,PI,65,0.01266971658798866,0.024686154286609963,0.01,0.02404030275998508
IDV,PI,66,0.013825662403323804,0.01452909739484312,0.04,0.016238177604990675
IDV,PI,67,0.005511864448562847,0.008178805830248166,0.03,0.008674147227222399
IDV,PI,68,0.0009559303709465894,0.003173654311103746,0.0,0.003048665943546695
IDV,PI,69,0.0417622752043826,0.0352086920561851,0.1,0.033799537066602395
IDV,PI,70,0.006390674940994359,0.0071312489517004,0.05,0.006989277406496031
IDV,PI,71,0.07924840375781059,0.08048261865507811,0.92,0.08165870138696185
IDV,PI,72,0.03127189487153373,0.03299995979286905,0.22,0.03107860411188602
IDV,PI,73,0.04084878680005204,0.03520152938028332,0.33,0.037638468955824164
IDV,PI,74,0.01609675032712403,0.017918581323756372,0.07,0.017431937175662444
IDV,PI,75,0.0021128060944465687,0.003360874794598203,0.0,0.003930592996929687
IDV,PI,76,0.002608080218633404,0.00432982379454188,0.05,0.0047154147228174546
IDV,PI,77,0.008605501452984754,0.008735513669234933,0.02,0.008138157514020075
IDV,PI,78,0.0008314910451008473,0.0019401130172627746,0.0,0.0022808323551158295
IDV,PI,79,0.0025450864314188948,0.002436166169536591,0.04,0.0025262374920358684
IDV,PI,80,7.39907368955528e-05,0.00017398402459321006,0.0,0.00022299060972804776
IDV,PI,81,0.001350359285788727,0.003474614156439202,0.0,0.0035746062330320417
IDV,PI,82,0.0039778206263508765,0.004298040859575849,0.04,0.0055896886899253805
IDV,PI,83,0.004322693622823408,0.0036093591118526547,0.03,0.005282732748834809
IDV,PI,84,0.00863089873586432,0.011019860256346874,0.18,0.01620988594494001
IDV,PI,85,0.018774907741171774,0.027190490836510435,0.41,0.03398836712275016
IDV,PI,86,0.0016881111094699008,0.004507914293353679,0.0,0.007005881994345652
IDV,PI,87,0.0007422186788971885,0.0018211072713165777,0.0,0.0027544251569952727
IDV,PI,88,0.003154511915308831,0.0024883495892572684,0.07,0.003414762031317964
IDV,PI,89,0.052991062856162896,0.05843706736166496,0.37,0.06531718466179431
IDV,PI,90,0.5472959424555301,0.6056412889063358,1.0,0.6883089685235008
IDV,PI,91,0.025478307950834278,0.026464827662275637,0.03,0.029695571549267667
IDV,PI,92,0.0017449153219058645,0.0031908704542729536,0.02,0.0034198194286976518
IDV,PI,93,0.02363063471886562,0.024883293923339808,0.14,0.02678343402557834
IDV,PI,94,0.00033466200541624856,0.0010468435550137656,0.0,0.0009554003859181434
IDV,PI,95,0.017428125682563404,0.017584874744788977,0.02,0.017260025780627002
IDV,PI,96,0.001534273732395377,0.0048239552954328245,0.0,0.004214502417930358
IDV,PI,97,0.003107796636613784,0.007149436933977995,0.0,0.007535669548145134
IDV,PI,98,0.0021685678836365694,0.006972264950454701,0.0,0.006243197929584872
IDV,PI,99,0.002528014377166983,0.006717131850891746,0.0,0.00682508137317891
LPV,PI,1,0.002785267192812171,0.00665071998781059,0.0,0.006616201879008462
LPV,PI,2,0.0023987283422320614,0.007150115632975939,0.0,0.00600893580139641
LPV,PI,3,0.0023172650916239946,0.00858804654009873,0.0,0.007133267308966229
LPV,PI,4,0.005492343361402164,0.012940043156268075,0.01,0.010502133777243157
LPV,PI,5,0.0014479177284010803,0.005365801459411159,0.0,0.004279021194903134
LPV,PI,6,0.0013548472155162016,0.004597337239101762,0.0,0.0038476210146017233
LPV,PI,7,0.006178084346247488,0.010959994011209347,0.01,0.010141530243608348
LPV,PI,8,0.010564210990178253,0.010117322791047626,0.01,0.010666263289684506
LPV,PI,9,0.0021540623594046336,0.005842066323239124,0.0,0.007580077187595014
LPV,PI,10,0.029958751296799164,0.034294709872337986,0.3,0.04035093150256171
LPV,PI,11,0.04218301678018179,0.05804764622240327,0.09,0.0660881219441812
LPV,PI,12,0.07930990912107518,0.09520639781607315,0.36,0.10230138991656049
LPV,PI,13,0.02691488259122707,0.0316224312921986,0.13,0.03892810388116123
LPV,PI,14,0.032188451527326835,0.038683287331659814,0.1,0.04575838263544876
LPV,PI,15,0.00933772759832209,0.009905835532408673,0.0,0.01312815069846134
LPV,PI,16,0.011896943521787762,0.009787150753836613,0.09,0.013164846541526576
LPV,PI,17,0.000727722488809377,0.0026227511795877943,0.0,0.0027488861182769285
LPV,PI,18,0.007018316228932235,0.014206103885662742,0.02,0.01513117776657341
LPV,PI,19,0.020365695229411358,0.02574691534275189,0.1,0.02954679705649186
LPV,PI,20,0.4600547025259584,0.44317404344212263,1.0,0.4895890285648293
LPV,PI,21,0.008717478267208208,0.0205939315399155,0.0,0.025345079239031926
LPV,PI,22,0.02730551477201516,0.0335289990180172,0.02,0.04216355588936113
LPV,PI,23,0.016742501698608976,0.023402985942084342,0.01,0.03333108754901825
LPV,PI,24,0.14532677414361386,0.2013036338472739,1.0,0.27623070150489354
LPV,PI,25,0.002925458631798392,0.00923343701986596,0.0,0.014780950425037472
LPV,PI,26,0.004026980744674802,0.008897537331504281,0.0,0.015500603961063992
LPV,PI,27,0.000655982414191385,0.0023294918653118655,0.0,0.004205352096133342
LPV,PI,28,0.0014352832014628803,0.0029886298720521154,0.0,0.005438304595242288
LPV,PI,29,0.0015508429224428254,0.0030696332197112496,0.0,0.005289422222649418
LPV,PI,30,0.0183674601680832,0.02200002812576713,0.04,0.029564706735704865
LPV,PI,31,0.002343185578210978,0.004012600782589288,0.0,0.006547389784448791
LPV,PI,32,0.01340199927552021,0.016547091827960686,0.13,0.023279666329361473
LPV,PI,33,0.0928585700597614,0.09343372210569215,0.29,0.10323999953690216
LPV,PI,34,0.021309200483665337,0.023431033775850665,0.05,0.03011279777781985
LPV,PI,35,0.016915553230792284,0.01780915057810489,0.05,0.01774459655055466
LPV,PI,36,0.028693937396019463,0.026151386538840596,0.05,0.026687100377148693
LPV,PI,37,0.025738391140912427,0.025568311271781566,0.13,0.02514344914915643
LPV,PI,38,0.001617544268083293,0.0033295835860917577,0.0,0.002410750163498077
LPV,PI,39,0.02404741422760708,0.027958263172913576,0.03,0.02486810431601752
LPV,PI,40,0.0012405434941683779,0.0029639401579333933,0.0,0.0022892718291088886
LPV,PI,41,0.004518934641091619,0.0052032132471504155,0.0,0.004530820046684979
LPV,PI,42,0.0019152840596507303,0.004711630447709467,0.0,0.0043226365633619954
LPV,PI,43,0.004819722780448501,0.008505748007519288,0.08,0.00808543580621637
LPV,PI,44,0.0041574036959355,0.0085742359777214,0.0,0.009172052549209697
LPV,PI,45,0.012440988146008749,0.018355951274425023,0.04,0.018551243268851547
LPV,PI,46,0.013430028782750014,0.018623248073854484,0.08,0.01899504416935503
LPV,PI,47,0.0034049308627436404,0.004414274987721001,0.0,0.005153733773746889
LPV,PI,48,0.01566873922753075,0.01624013899869169,0.06,0.01844845569600899
LPV,PI,49,2.2823210656497393e-06,3.7683612390537747e-07,0.0,0.0
LPV,PI,50,0.003793339167823433,0.003443608957750257,0.05,0.004919005304655534
LPV,PI,51,0.0003008009065706574,0.0007765333249335527,0.0,0.0009765924181970123
LPV,PI,52,0.0004328248265119328,0.0011114171725057531,0.0,0.001324900439925203
LPV,PI,53,0.003046505677048117,0.004906625867442926,0.02,0.005173989600025488
LPV,PI,54,0.03362220601731678,0.03729218852357007,0.14,0.04102094523613856
LPV,PI,55,0.0059994175157771674,0.009809227338555502,0.08,0.009084596568489615
LPV,PI,56,0.0015011656390561256,0.002814169107878115,0.0,0.003235018066850261
LPV,PI,57,0.009451192323613213,0.010693285316810942,0.06,0.011597346233452639
LPV,PI,58,0.0076444758891011585,0.009541524311644026,0.0,0.010111908966429974
LPV,PI,59,0.0022671534230175893,0.004627718100673519,0.0,0.005077716642062232
LPV,PI,60,0.010174874437216203,0.013494910655426793,0.1,0.015279606352760383
LPV,PI,61,0.028385568369703833,0.03413871828350239,0.02,0.03782255223226287
LPV,PI,62,0.04488200976047665,0.05169895022176206,0.49,0.06285979082957258
LPV,PI,63,0.4237235973868519,0.47936712121590974,1.0,0.4736763345072154
LPV,PI,64,0.10522907819133252,0.1099094711476937,0.74,0.12219937382105231
LPV,PI,65,0.04066527475253679,0.06546589222503826,0.61,0.07193740734633743
LPV,PI,66,0.007487470250343904,0.008002670644928003,0.04,0.010617039791052791
LPV,PI,67,0.007092404146897024,0.009944534516253043,0.03,0.011740424420967753
LPV,PI,68,0.0016420122826093576,0.0048382757751096505,0.0,0.005615252977174574
LPV,PI,69,0.043680997178307736,0.047216447492537554,0.1,0.0503984840298836
LPV,PI,70,0.011970677947683726,0.015357708641095086,0.05,0.01472773835806342
LPV,PI,71,0.10695186724653467,0.10354178596287966,0.77,0.11577757614522795
LPV,PI,72,0.043930692595313306,0.0426268078078283,0.23,0.04549437514223591
LPV,PI,73,0.0759700271266047,0.08574172991327941,0.59,0.103115128668454
LPV,PI,74,0.021023022230219793,0.02864804920158349,0.07,0.03202076432462844
LPV,PI,75,0.0029280441149603575,0.005708604587562149,0.0,0.007862781522048952
LPV,PI,76,0.0033643045200733466,0.005793175546859857,0.05,0.007210715262348935
LPV,PI,77,0.013236184074630728,0.014905075150745689,0.11,0.016817511579533307
LPV,PI,78,0.000492047659245145,0.0010933617702539777,0.0,0.0013905575680538576
LPV,PI,79,0.005867766176706936,0.005748274885845604,0.04,0.00693360875016873
LPV,PI,80,0.0011548387711809481,0.002397254741517827,0.0,0.003536668773683629
LPV,PI,81,0.002613255442847731,0.005912194290140178,0.0,0.007723482199882631
LPV,PI,82,0.010609264566082856,0.012865725623705658,0.07,0.018044779550058655
LPV,PI,83,0.00633716013058347,0.00586089205044118,0.03,0.00842363658385981
LPV,PI,84,0.0036451456811482786,0.0044472152841626665,0.0,0.007614513011690594
LPV,PI,85,0.00723790358111728,0.008366389884758973,0.03,0.01212438186784717
LPV,PI,86,0.0010417580509147228,0.002559404711719253,0.0,0.004595560069505868
LPV,PI,87,0.000810688050423778,0.0015298050982528366,0.0,0.0025521739225587386
LPV,PI,88,0.004153049653323251,0.0035163186510180824,0.06,0.005059218190255352
LPV,PI,89,0.013719456477847416,0.012112761217722437,0.06,0.01672115634818046
LPV,PI,90,0.003897833393493784,0.004041140051413095,0.0,0.0061993116254557565
LPV,PI,91,0.015497221560799516,0.015382344319514232,0.03,0.019807224464893806
LPV,PI,92,0.0023689531722993705,0.0034929603699129074,0.02,0.00401387653305554
LPV,PI,93,0.012715323993179482,0.012011368395760655,0.01,0.015610044039293702
LPV,PI,94,0.0013523510402956164,0.0029157917884003836,0.0,0.0033998692473996787
LPV,PI,95,0.0058751390896577506,0.005749924309347989,0.02,0.007189133987213654
LPV,PI,96,0.004835863487387542,0.013642756956396624,0.0,0.015194368596780099
LPV,PI,97,0.0026842067224788478,0.005793047607730841,0.0,0.007269404833249631
LPV,PI,98,0.003283147127731354,0.008780053408409004,0.0,0.009790310584727653
LPV,PI,99,0.001073052721876593,0.00293070944979263,0.0,0.0032474910957822783
NFV,PI,1,0.0023817410799529173,0.006972975279786624,0.0,0.0056117910409268475
NFV,PI,2,0.0014996709200931946,0.005831573278919677,0.0,0.003581877697151965
NFV,PI,3,0.002588224563660333,0.011058138040243647,0.0,0.006935664777211719
NFV,PI,4,0.006773237463057739,0.01915508779231459,0.01,0.01185175845689819
NFV,PI,5,0.0018140939661680023,0.008008240997733083,0.0,0.005135113790047985
NFV,PI,6,0.00318553775709006,0.011340629695914685,0.0,0.007979985880726504
NFV,PI,7,0.011525895984232194,0.0163473527309543,0.01,0.01478641322680913
NFV,PI,8,0.01969015664246399,0.028048937735147775,0.01,0.029040997746281966
NFV,PI,9,0.006576822065399029,0.01644213647407014,0.0,0.016910324015626803
NFV,PI,10,0.03506978076708037,0.038343174595502204,0.12,0.03590461240503387
NFV,PI,11,0.01636525570298545,0.02674648777989205,0.09,0.02730615314936404
NFV,PI,12,0.11853315728832968,0.1491594350989908,0.44,0.14133437357436213
NFV,PI,13,0.030103387273848058,0.04043562632170506,0.12,0.03922895769805887
NFV,PI,14,0.022048897584390943,0.03481749059232243,0.1,0.03155254518018653
NFV,PI,15,0.013388799640524666,0.01448349550642888,0.0,0.014811420480010782
NFV,PI,16,0.040495067606971136,0.04191854830103694,0.1,0.04412100608047102
NFV,PI,17,0.004472792691376526,0.013037817624863238,0.0,0.012148330688192106
NFV,PI,18,0.008145847259438597,0.0175660465695546,0.02,0.015217460152475054
NFV,PI,19,0.027746453540748915,0.0351708796992898,0.1,0.034302440372858484
NFV,PI,20,0.6230128191784025,0.518134233802557,1.0,0.5089704812664525
NFV,PI,21,0.008560344190045725,0.019668922094570006,0.0,0.018392696948526476
NFV,PI,22,0.04048724590684287,0.06192239323456306,0.18,0.06846080594282661
NFV,PI,23,0.008018499316531234,0.009476669086725452,0.01,0.013615710330613295
NFV,PI,24,0.04033691040909616,0.04242400801755139,0.08,0.05250317826583407
NFV,PI,25,0.01105004953860771,0.031247679174994117,0.0,0.03805838589876716
NFV,PI,26,0.026528621881152504,0.05629962149076164,0.58,0.07382846738403542
NFV,PI,27,0.09781657321378588,0.19650096001802012,0.99,0.24436732613979972
NFV,PI,28,0.014037451305775904,0.027916990136436653,0.0,0.03700664155492178
NFV,PI,29,0.011925732477684504,0.021793902365607208,0.0,0.028793008984856962
NFV,PI,30,0.02386870455578901,0.033169090249866716,0.04,0.037871000653821964
NFV,PI,31,0.01543028385785874,0.02641889347258257,0.0,0.03341876623238491
NFV,PI,32,0.011601481092366157,0.013660264594072942,0.04,0.016974960842841703
NFV,PI,33,0.06783201492857188,0.06871901946928119,0.19,0.07186622103106244
NFV,PI,34,0.028427355986204928,0.03076422208250733,0.05,0.03239881472794893
NFV,PI,35,0.01724062039895216,0.020645557230018312,0.06,0.016774400703759428
NFV,PI,36,0.0416135450467118,0.04254892729979474,0.06,0.03782627799328476
NFV,PI,37,0.03872254014306236,0.040175377606356054,0.1,0.03309373411804337
NFV,PI,38,0.003927190438771504,0.00895614308959921,0.0,0.0062929630428055225
NFV,PI,39,0.03214496590182534,0.036568501730071146,0.03,0.03176772695146692
NFV,PI,40,0.0031423883801471675,0.008353767125518061,0.0,0.006042928498293518
NFV,PI,41,0.010622905825148337,0.015108223918068688,0.0,0.010958727447786481
NFV,PI,42,0.0040211175083823035,0.009661606831796234,0.0,0.007455406445269814
NFV,PI,43,0.006601362491520604,0.011362356554418512,0.08,0.01090416236854288
NFV,PI,44,0.003034254843951203,0.007678876403952017,0.0,0.006353105067890361
NFV,PI,45,0.010569122003216762,0.018186246269797268,0.04,0.017731896531867047
NFV,PI,46,0.009184801694646012,0.013162372857041192,0.0,0.011282523719492357
NFV,PI,47,0.004627333007993002,0.006728431995143182,0.03,0.007117247671281982
NFV,PI,48,0.009785104804432194,0.00783613333322137,0.06,0.00843766386635094
NFV,PI,49,0.004131105169944931,0.006904269631777424,0.0,0.009397805095489953
NFV,PI,50,0.006722712677146774,0.00520243485831088,0.05,0.00809660376743218
NFV,PI,51,0.004248297882149928,0.00824977095326176,0.0,0.009869502580997004
NFV,PI,52,0.007977561002771836,0.017531450997921638,0.0,0.018737686468430863
NFV,PI,53,0.004619896343210712,0.007923279087699485,0.03,0.007475152964615439
NFV,PI,54,0.07632060800038744,0.08137212532863486,0.26,0.07728377698218393
NFV,PI,55,0.003101195673737038,0.006350454366252051,0.09,0.0054853690840725375
NFV,PI,56,0.006029085494519677,0.010710684299119748,0.0,0.010734886844773125
NFV,PI,57,0.03133796017966233,0.03568710766616277,0.11,0.029893010882229638
NFV,PI,58,0.004525400978891412,0.0065672173882194325,0.0,0.00617829406140757
NFV,PI,59,0.007116501183627406,0.012028354727954138,0.0,0.010828145126021205
NFV,PI,60,0.010750400247779908,0.0132891573345114,0.08,0.01283427548167353
NFV,PI,61,0.018860810976620998,0.02040853399390471,0.02,0.01997627039667597
NFV,PI,62,0.03495328813616652,0.034790665209584404,0.01,0.0334999708393687
NFV,PI,63,0.1257609161097207,0.10591933111398248,0.25,0.08496576628036166
NFV,PI,64,0.041666985221381764,0.02768513916002121,0.07,0.02657544212236665
NFV,PI,65,0.004459798862953903,0.006285375172956265,0.01,0.005802954506147743
NFV,PI,66,0.007841014849982458,0.007146846952091437,0.04,0.009236358885035205
NFV,PI,67,0.012142624425177929,0.017808086418081074,0.03,0.017643774620579866
NFV,PI,68,0.008041566599567887,0.02014997471123934,0.0,0.01892297143647316
NFV,PI,69,0.05549740657021175,0.06016543268618989,0.1,0.05623187205858006
NFV,PI,70,0.012130609577734503,0.021754497685415118,0.05,0.01725180282639474
NFV,PI,71,0.18142048082780093,0.15063983264844866,0.96,0.14827280397787532
NFV,PI,72,0.044138403055112574,0.039437783210887575,0.17,0.0354281422631803
NFV,PI,73,0.05717061596107669,0.059313517708214934,0.22,0.061745340032483643
NFV,PI,74,0.02970492610533256,0.033290404697181655,0.06,0.030856947995235435
NFV,PI,75,0.0038677150818693918,0.006706327697247616,0.0,0.00784846043044995
NFV,PI,76,0.0057530203244095905,0.008887543684104458,0.05,0.009698477455396873
NFV,PI,77,0.016983845120121258,0.01864838225359563,0.07,0.018216442927222385
NFV,PI,78,0.006289556396077387,0.013408105236303527,0.0,0.015385208599041593
NFV,PI,79,0.007929508865418029,0.011018397445659502,0.04,0.011651585450637552
NFV,PI,80,0.009321139686508105,0.018163717642019038,0.0,0.020850163731882775
NFV,PI,81,0.020215847241343,0.04578501872660126,0.06,0.044764069252843666
NFV,PI,82,0.060959634614409876,0.07613718531036284,0.54,0.0862680244152095
NFV,PI,83,0.02384010938665597,0.025611188173061235,0.03,0.03411054739550471
NFV,PI,84,0.012138836735393852,0.01518634075880982,0.05,0.020866331243336266
NFV,PI,85,0.009601984155015088,0.012284142279531807,0.05,0.015865017642945678
NFV,PI,86,0.21778773041442037,0.36245844888500867,1.0,0.43532022163039324
NFV,PI,87,0.011600663528079168,0.02150498448056169,0.0,0.0275514030725364
NFV,PI,88,0.009129221027251333,0.009657411474763648,0.08,0.01248810665763214
NFV,PI,89,0.0270651109002938,0.025561438142176485,0.1,0.03200854151255923
NFV,PI,90,0.007422302266932092,0.007968627883819863,0.0,0.01073859172232515
NFV,PI,91,0.03448705299029825,0.04498336270044092,0.03,0.04661439883036375
NFV,PI,92,0.005056705052847974,0.009479387161554768,0.02,0.009534990951063489
NFV,PI,93,0.03601122996711638,0.035969923357770314,0.02,0.036921167369298284
NFV,PI,94,0.031077463396359237,0.06263273169402965,0.49,0.061092292071204
NFV,PI,95,0.01977348443309893,0.021625139268289784,0.02,0.02306699449107001
NFV,PI,96,0.00702323851903202,0.020649090456136037,0.0,0.01730051742221539
NFV,PI,97,0.003870319430134259,0.0075710462445567825,0.0,0.00807449175660984
NFV,PI,98,0.0027286904970242176,0.008907027947134338,0.0,0.007854831931787378
NFV,PI,99,0.001917397883044032,0.0051247739395330425,0.0,0.0050717829750733245
SQV,PI,1,0.00023819310335966294,9.98834757183431e-05,0.0,0.00022619998298877925
SQV,PI,2,0.0002613802361884154,0.000527678635698976,0.0,0.00035670740536986365
SQV,PI,3,1.5924812839784862e-05,0.0002022691185811709,0.0,5.537070274147797e-05
SQV,PI,4,0.0035277479820069856,0.00696554801252205,0.01,0.00457897028357421
SQV,PI,5,0.0010830036932020447,0.00400838591507636,0.0,0.0031287170164005697
SQV,PI,6,0.0002067368857387919,0.0005648852436570451,0.0,0.00046498374242427346
SQV,PI,7,0.0031831067485472886,0.0015055682438833173,0.01,0.0014709023516654906
SQV,PI,8,0.00522835262643639,0.008030843490851113,0.01,0.007999797060888394
SQV,PI,9,0.0004136752859631088,0.000742396063869819,0.0,0.0011296949014076901
SQV,PI,10,0.009030078428331763,0.011633615943137556,0.1,0.012457416018644132
SQV,PI,11,0.00535358852455829,0.013758218819275499,0.05,0.014401937123953525
SQV,PI,12,0.02927826424886007,0.022338288191240282,0.11,0.021155719922379194
SQV,PI,13,0.001542536208871752,0.0017526636525872163,0.0,0.0022860626820063053
SQV,PI,14,0.003822491863393225,0.0042687382039730435,0.1,0.004784127382045757
SQV,PI,15,0.003986032471293584,0.0038436685566557573,0.0,0.004730119382048694
SQV,PI,16,0.018762060784501954,0.019516448540380225,0.1,0.024969829168915766
SQV,PI,17,0.00031426024187567234,0.0007222828986414243,0.0,0.000995952484833186
SQV,PI,18,0.003264496244773909,0.004840240565099521,0.02,0.004295809200666524
SQV,PI,19,0.011336341396672651,0.007083602397469804,0.02,0.0074408626529451904
SQV,PI,20,0.009104656924755546,0.01400712257309351,0.11,0.014523511129339285
SQV,PI,21,0.0005312254710588604,0.0008298818412004039,0.0,0.0011059429317423542
SQV,PI,22,0.003155069752829149,0.0014156958003877663,0.02,0.0025394102124731118
SQV,PI,23,0.01944081678520888,0.02691269331611693,0.88,0.03494071487070074
SQV,PI,24,0.02524995642248541,0.035327408011071385,0.58,0.04098216477799127
SQV,PI,25,0.002724122426006943,0.007397708154749125,0.0,0.010863023529950501
SQV,PI,26,0.004503739078063518,0.00935624011559412,0.03,0.014536755085532456
SQV,PI,27,0.0016501644387608395,0.005087434423621744,0.0,0.008528098710685144
SQV,PI,28,0.0021420684806071223,0.004498511735582724,0.0,0.007601061032678368
SQV,PI,29,0.000884001039667055,0.0013734923556330614,0.0,0.0027624670321807544
SQV,PI,30,0.004732977877429221,0.002902587909484282,0.04,0.0038907242352196037
SQV,PI,31,0.0035340215638279913,0.0052863607066683475,0.0,0.008093025898969984
SQV,PI,32,0.0026061023176589516,0.002437032024608925,0.0,0.0036138588559700736
SQV,PI,33,0.025831268157344312,0.021115144018549473,0.27,0.02308497728065186
SQV,PI,34,0.006319605819589924,0.006633469024091027,0.05,0.007288256662592749
SQV,PI,35,0.005153639322379604,0.006014869041391649,0.04,0.005159908215162856
SQV,PI,36,0.006997028019977734,0.008931490139211747,0.06,0.006973009438124019
SQV,PI,37,0.008488257912686094,0.006509149917692411,0.06,0.005676050798793283
SQV,PI,38,0.001598032140173018,0.0029828937666025014,0.0,0.002603997044274297
SQV,PI,39,0.008030459301517112,0.007555313125194516,0.03,0.005274576240884551
SQV,PI,40,0.00020548523972138355,0.0001964954605773528,0.0,0.00016723810150836186
SQV,PI,41,0.0014623835252132267,0.0013934614387108013,0.0,0.001130624558142675
SQV,PI,42,0.000333521556276537,0.00042323341520386745,0.0,0.0004770423051096097
SQV,PI,43,0.005117029718639969,0.005991308145821677,0.08,0.005459563518349979
SQV,PI,44,0.00041683082024974283,0.0007385168549080845,0.0,0.0008281483822491955
SQV,PI,45,0.004041879779761075,0.005655166330252541,0.04,0.005502738662519165
SQV,PI,46,0.0038049431281979196,0.007305712435481837,0.09,0.006604352106685009
SQV,PI,47,0.0015760613808015478,0.0013540811467109392,0.02,0.001797448118811438
SQV,PI,48,0.010338495740215876,0.0100183192982513,0.06,0.010041005809816414
SQV,PI,49,0.0009322402355610393,0.0013940647957497276,0.0,0.0025509199771132167
SQV,PI,50,0.0092834715556819,0.012991336220147786,0.06,0.016606826909278418
SQV,PI,51,0.0010299307182140183,0.0017577134654857217,0.0,0.002806920837435362
SQV,PI,52,0.0011404741824662778,0.0018748122212127781,0.0,0.0027237693944350615
SQV,PI,53,0.011753568461281248,0.019120070962235333,0.06,0.017374586966233493
SQV,PI,54,0.034890003751497714,0.0547134259226732,0.13,0.04813964433660283
SQV,PI,55,0.005937846313463524,0.009076585865113885,0.09,0.00774035389268204
SQV,PI,56,0.000731295508594485,0.0008279362926259636,0.0,0.001187121289773618
SQV,PI,57,0.00791363924567122,0.008484081444330514,0.12,0.008257683197833536
SQV,PI,58,0.0059166537050623445,0.008703560114372521,0.11,0.008408076193836456
SQV,PI,59,0.001099473127978854,0.0014385586068965494,0.0,0.0016900153629912198
SQV,PI,60,0.0036869229124567937,0.00348264925123658,0.02,0.00360300910740877
SQV,PI,61,0.003992137211025692,0.0026873400426120496,0.02,0.003159277758352224
SQV,PI,62,0.003030435360269621,0.0017145068966783583,0.01,0.0020941083040121006
SQV,PI,63,0.056595006065908816,0.03679143691668287,0.26,0.033905384711287886
SQV,PI,64,0.009305578188796062,0.004310922392178327,0.07,0.004847318293690579
SQV,PI,65,0.006941630659566727,0.005362353107775561,0.01,0.005523935158407556
SQV,PI,66,0.04169443873921409,0.03376012687105685,0.04,0.035329631572103344
SQV,PI,67,0.01535408197552897,0.03322208849247545,0.03,0.03286681953190964
SQV,PI,68,0.0007783990731695667,0.001988023048616014,0.0,0.0022167182035840423
SQV,PI,69,0.015301239184627774,0.008185134175582788,0.1,0.008315762769525028
SQV,PI,70,0.010283467567060143,0.01100801218271954,0.05,0.01015162809384827
SQV,PI,71,0.00904411124996841,0.01251009086263366,0.1,0.012914994781491688
SQV,PI,72,0.01700573501730105,0.020084580708062277,0.2,0.018238537048442822
SQV,PI,73,0.01741780088224914,0.028654943482833914,0.13,0.02939678773412741
SQV,PI,74,0.018681509139132687,0.025043425576295703,0.07,0.023340033114481466
SQV,PI,75,0.0014883821952389553,0.0020127711299574003,0.0,0.0029089546120022076
SQV,PI,76,0.01571326842298731,0.018138989126309752,0.18,0.01966823824878964
SQV,PI,77,0.020633289236575366,0.026626836752984672,0.18,0.027157271676599495
SQV,PI,78,0.0012402513016422745,0.001834223797195591,0.0,0.0026363598087020003
SQV,PI,79,0.009644982012105174,0.016608755312045104,0.04,0.014819911747379011
SQV,PI,80,0.0025356954598100855,0.004031367339193821,0.0,0.005609493929382957
SQV,PI,81,0.0026375195989385247,0.006198938370216638,0.0,0.007109789757488273
SQV,PI,82,0.05366249989485368,0.06661102238111198,0.69,0.07336734354556923
SQV,PI,83,0.043792541977018117,0.04730880476068705,0.87,0.05636599376675253
SQV,PI,84,0.01513550953939557,0.022334639015607536,0.63,0.030053845486324216
SQV,PI,85,0.010051008090376854,0.015465972227975727,0.06,0.018670684623653587
SQV,PI,86,0.0036483923404011876,0.008412264920771122,0.03,0.013384214853848489
SQV,PI,87,0.0025697053951444105,0.004990979058202356,0.0,0.007884984949438498
SQV,PI,88,0.006811981053615455,0.009554492247407325,0.08,0.011002708064676214
SQV,PI,89,0.035676131544169036,0.02872878939844668,0.61,0.03297006949175718
SQV,PI,90,0.9790248706936836,0.9311495134234429,1.0,0.9498967839912269
SQV,PI,91,0.020181274093920364,0.02133790906984359,0.03,0.023045746180195507
SQV,PI,92,0.01030667266517412,0.010932696878444403,0.02,0.010861351783776046
SQV,PI,93,0.02139041271759197,0.029969656756147742,0.33,0.0324347622713031
SQV,PI,94,0.0014408576727146282,0.003420656194211915,0.0,0.004099496739241047
SQV,PI,95,0.009342562119563809,0.017133966026303824,0.02,0.01814231062803786
SQV,PI,96,0.0009543310974549968,0.0024614761059638113,0.0,0.002552084448330625
SQV,PI,97,0.007328619344625622,0.017084344145841895,0.56,0.01919123755516935
SQV,PI,98,0.0007965652772691101,0.002162146124173887,0.0,0.0022727139277900635
SQV,PI,99,0.0013598553062183782,0.0023616744345054033,0.0,0.00272923607844224
TPV,PI,1,0.0008121647493135242,0.0004743743280414492,0.0,0.00043937689208912935
TPV,PI,2,0.0008457434634601669,0.0008722217323338555,0.0,0.0005785842683148488
TPV,PI,3,0.0007155646753790279,0.0011088058781024302,0.0,0.0007196709075667293
TPV,PI,4,0.003168819322604577,0.0021356250834469394,0.01,0.001489423428498079
TPV,PI,5,0.00010300800128902665,0.00023588936642227054,0.0,8.287558554313253e-05
TPV,PI,6,0.000496327409132391,0.0006028271875948121,0.0,0.00040165166231265545
TPV,PI,7,0.004398637609556317,0.001333718317673629,0.01,0.0010645022449233608
TPV,PI,8,0.007841965505622283,0.0028270444264126126,0.01,0.0029640209192969102
TPV,PI,9,0.0014411597869548132,0.0017139154629330733,0.0,0.0019535186972459806
TPV,PI,10,0.007892310521947365,0.0043508530442341,0.0,0.0044509871128606176
TPV,PI,11,0.0055209820908476105,0.0034277916746395932,0.01,0.0036118054673373715
TPV,PI,12,0.015055321212385024,0.004752239646386443,0.06,0.00439337184947411
TPV,PI,13,0.005669167010055389,0.002344529587280704,0.0,0.002512927033435243
TPV,PI,14,0.002870105167398833,0.001186586617895955,0.0,0.00122880338062003
TPV,PI,15,0.01747497263495461,0.008156197923090075,0.0,0.008745657595155418
TPV,PI,16,0.033939049481778054,0.013146040382998762,0.1,0.014440890754335588
TPV,PI,17,0.0017573458416336508,0.001983449730760185,0.0,0.0019690261709510125
TPV,PI,18,0.011153183937422,0.004788346054774593,0.02,0.004179377728876418
TPV,PI,19,0.00724322753450906,0.002260174966577324,0.02,0.002188695529368769
TPV,PI,20,0.04189921402543405,0.017625048625923227,0.23,0.019135234748481115
TPV,PI,21,0.0007557444098256383,0.0006055171267325931,0.0,0.000662708809666878
TPV,PI,22,0.012022070754737798,0.004498732417050633,0.02,0.00556473179012084
TPV,PI,23,0.01220991177842734,0.006250060393103923,0.01,0.007798181991909244
TPV,PI,24,0.05262971140640729,0.04554108417534735,0.08,0.05162427483718287
TPV,PI,25,0.0038404376943435635,0.005150328805029858,0.0,0.006998841740502866
TPV,PI,26,0.011602065468905494,0.014242020278470591,0.3,0.02015803811002085
TPV,PI,27,0.0026287635358130503,0.0026396293660945957,0.0,0.003980702028766325
TPV,PI,28,0.008272532967166625,0.008652733140042983,0.0,0.012170836885249376
TPV,PI,29,0.032217862210527526,0.03873278151033446,0.94,0.05138863052699
TPV,PI,30,0.02015926635809592,0.008122970762487967,0.04,0.009578040924206473
TPV,PI,31,0.004329535852339177,0.002744507653042092,0.0,0.003973575466271201
TPV,PI,32,0.016727316399410483,0.006993399181810673,0.08,0.00846332221993391
TPV,PI,33,0.024833090655884005,0.010524818556878018,0.09,0.011042876516532536
TPV,PI,34,0.02912695398896176,0.013124746209869045,0.05,0.012867834374248106
TPV,PI,35,0.006859709556156304,0.002754080660724867,0.0,0.002292828910766425
TPV,PI,36,0.016604848470378783,0.005304131644879817,0.03,0.004325343376257884
TPV,PI,37,0.010119170984971788,0.0031599592579823364,0.03,0.002481856736474027
TPV,PI,38,0.0003397789051859945,0.00011231045948989049,0.0,2.821836905499057e-05
TPV,PI,39,0.01241094525617882,0.004696481128285086,0.03,0.0031664003069907143
TPV,PI,40,0.0011813712199000292,0.0010262444263571524,0.0,0.000735839502151244
TPV,PI,41,0.002529298564459168,0.0013680050181574188,0.0,0.0010138170856986274
TPV,PI,42,0.0008496674538946535,0.0007293036007285991,0.0,0.0005955653935917827
TPV,PI,43,0.008560471692107966,0.005750512648519362,0.05,0.004733507341898226
TPV,PI,44,0.0012434522104013013,0.0013287020815187134,0.0,0.0012292918285558582
TPV,PI,45,0.005636161295587954,0.0065962218179629415,0.04,0.005906374982098183
TPV,PI,46,0.01272998988526524,0.008752820127119776,0.0,0.007600206618319737
TPV,PI,47,0.05402152944501722,0.03959088016534224,0.58,0.03768947234193217
TPV,PI,48,0.07995902212453075,0.08092346640536562,0.76,0.07797975102337311
TPV,PI,49,0.3632360831089318,0.416719288257882,1.0,0.465674560022862
TPV,PI,50,0.9254400724172592,0.9732301080226898,1.0,0.9789459965070602
TPV,PI,51,0.46934966497588904,0.5813520813919604,1.0,0.5775797924029711
TPV,PI,52,0.05267328837420791,0.07441827739356086,1.0,0.08021567661527071
TPV,PI,53,0.010676517305764719,0.008069370126904687,0.03,0.007442056880679703
TPV,PI,54,0.06313486010069028,0.04957199024851434,0.25,0.04717023788805558
TPV,PI,55,0.004153744280229148,0.002876207027802593,0.0,0.002433739712490798
TPV,PI,56,0.003567602449511469,0.002575366091186879,0.0,0.0026237904690660807
TPV,PI,57,0.011577689261393971,0.005545666546313441,0.05,0.004964958897295413
TPV,PI,58,0.00608988654181303,0.0035100259441969684,0.0,0.0032867529866893955
TPV,PI,59,0.002437407582110609,0.001873845403897576,0.0,0.0018459589945080599
TPV,PI,60,0.0063266268830193435,0.002612677570868982,0.0,0.0026198470425281726
TPV,PI,61,0.004568509926648403,0.0024890468136982234,0.02,0.0024601549930631794
TPV,PI,62,0.013028056416660548,0.006495145536464406,0.01,0.006168009589417152
TPV,PI,63,0.030313570209109457,0.010155995646564407,0.11,0.008968407195726164
TPV,PI,64,0.04176405540885753,0.01221100485927309,0.1,0.012032187354425485
TPV,PI,65,0.0016766659395761963,0.0018606986414670245,0.01,0.0019124052554582065
TPV,PI,66,0.05321641164540779,0.04040891836106311,0.04,0.03818605052523023
TPV,PI,67,0.0162508942020213,0.012148080403712812,0.03,0.012152819032108709
TPV,PI,68,0.003827599514333997,0.0045678876298188694,0.0,0.004630075403750139
TPV,PI,69,0.026268883428929257,0.01110993231763132,0.1,0.01007169595803664
TPV,PI,70,0.00635107509284353,0.004535595564520918,0.04,0.00420524837356814
TPV,PI,71,0.03906949684926076,0.019643140206462704,0.15,0.020089158354033493
TPV,PI,72,0.027224308637087233,0.010913926720168093,0.07,0.010081571075167814
TPV,PI,73,0.0338561219964322,0.01535183093030355,0.05,0.016920912122984105
TPV,PI,74,0.011305824870378274,0.00950544283779891,0.03,0.008050853288612755
TPV,PI,75,0.0023379258613931597,0.0016565754181647207,0.0,0.002064959599049818
TPV,PI,76,0.006423954466426949,0.0033728281337971565,0.04,0.003616636595182996
TPV,PI,77,0.016443063891601925,0.009660429891810055,0.08,0.009041558009371698
TPV,PI,78,0.010568995390203782,0.012660778293793555,0.0,0.014630880545961894
TPV,PI,79,0.012564885112242337,0.008922715599401271,0.04,0.008593731454915399
TPV,PI,80,0.006192640836816281,0.006331180911074625,0.0,0.007724653946598578
TPV,PI,81,0.002353733820091293,0.0025375904663815165,0.0,0.002807835483659206
TPV,PI,82,0.027482228299923007,0.0161959659535205,0.07,0.01776292502566261
TPV,PI,83,0.03840451090392889,0.03782682369579561,0.03,0.04284585692931324
TPV,PI,84,0.03273307842842769,0.024389680671156384,0.76,0.03187315211589355
TPV,PI,85,0.027892863842716907,0.015527277680230328,0.05,0.018962528538043838
TPV,PI,86,0.005442416662990581,0.005474292333383346,0.0,0.008153027224550835
TPV,PI,87,0.002010963245120365,0.0016058606923979825,0.0,0.0024472077035084016
TPV,PI,88,0.021826736524089937,0.006598721890477464,0.07,0.008198597879069668
TPV,PI,89,0.03910506744286977,0.019701605953887338,0.09,0.021192796745369266
TPV,PI,90,0.008489320935404976,0.003951740796837839,0.0,0.0050514184471854295
TPV,PI,91,0.019012918280131998,0.017074745882709977,0.03,0.016783564543009617
TPV,PI,92,0.006036402809750143,0.0019111987073119963,0.02,0.0019513106288970969
TPV,PI,93,0.013249270461019478,0.004725596582065918,0.01,0.005060834187064489
TPV,PI,94,0.0011328300240165845,0.0009817099797874108,0.0,0.0010453204907844434
TPV,PI,95,0.006728669789299602,0.005067665336937353,0.02,0.005411395688969499
TPV,PI,96,0.0010261405209348595,0.0012253791088005527,0.0,0.001085547725991686
TPV,PI,97,0.0010269527407126588,0.0006523477972950787,0.0,0.0008092082019733021
TPV,PI,98,0.0008714937848526461,0.0010422041100537171,0.0,0.0009962531245097748
TPV,PI,99,0.0015695475431493832,0.0012693162351934007,0.0,0.001356651463715283
ABC,NRTI,1,0.005025055879523279,0.030809791972569656,0.01,0.015701388624445967
ABC,NRTI,2,0.0002796974808939012,0.007248764094110811,0.0,0.0008329249679038432
ABC,NRTI,3,0.0007697260459099197,0.012302759231242816,0.0,0.005666012775699856
ABC,NRTI,4,0.003953758792322333,0.016466037117788802,0.01,0.007467439856479579
ABC,NRTI,5,0.0005716132032648602,0.01022374001899152,0.0,0.0029055663891187646
ABC,NRTI,6,0.001960499030419669,0.008424840751467854,0.0,0.003090099847762157
ABC,NRTI,7,0.00025535910391226934,0.006916049989667954,0.0,0.0018505073197036682
ABC,NRTI,8,0.0002317379218015958,0.005683966492943,0.0,0.0017083550655856885
ABC,NRTI,9,0.0013929568504863709,0.018442197475524155,0.0,0.01104465464452385
ABC,NRTI,10,0.00018068331285689965,0.0051541512602125295,0.0,0.0014736127056004327
ABC,NRTI,11,0.0034814379258295957,0.012551868529990316,0.01,0.008360845774879168
ABC,NRTI,12,0.0008141661674198985,0.01260823252989212,0.0,0.007715960853337787
ABC,NRTI,13,0.0005464398761705525,0.009089484979922418,0.0,0.006577269158122872
ABC,NRTI,14,0.0011597587071628369,0.017521570457611234,0.0,0.011357964725152563
ABC,NRTI,15,0.0008215347397708683,0.011981641602760646,0.0,0.007912639563310004
ABC,NRTI,16,0.002121032552240649,0.028768895335670095,0.0,0.020064018243654516
ABC,NRTI,17,7.019347687247545e-05,0.004120573653854081,0.0,0.00039531876677603885
ABC,NRTI,18,0.0007637572087605804,0.011586897048837273,0.0,0.007046892966781788
ABC,NRTI,19,0.00041123405464304596,0.005678081270452821,0.0,0.0027691143001699176
ABC,NRTI,20,0.003960374576181493,0.011041288630731288,0.02,0.007913201654318906
ABC,NRTI,21,0.011719780473850961,0.015521364050837292,0.02,0.014079528476654734
ABC,NRTI,22,0.0011185347689388436,0.011505853244598256,0.0,0.009605239262612286
ABC,NRTI,23,0.0023007308236992685,0.0194908963132184,0.0,0.02181448063013509
ABC,NRTI,24,0.0011864573804632528,0.007923798809060826,0.0,0.0076757563292930995
ABC,NRTI,25,0.0018452523701307656,0.01745816331356764,0.0,0.015937546319486753
ABC,NRTI,26,0.0012028570620077517,0.009298722147505031,0.0,0.009545987370967932
ABC,NRTI,27,0.0016480266909638885,0.007933987520445954,0.01,0.006925153213459576
ABC,NRTI,28,0.004101270067776568,0.00772299375043076,0.01,0.0059560058021001575
ABC,NRTI,29,0.0007809615869246045,0.008243802259676159,0.0,0.0049363798785373916
ABC,NRTI,30,0.001487250385907828,0.011840204535110388,0.0,0.011836789246879531
ABC,NRTI,31,0.0018652658205792249,0.005884009552391945,0.0,0.0032998180526496467
ABC,NRTI,32,0.005445725629069784,0.019322892652417066,0.01,0.013285489637616367
ABC,NRTI,33,0.008175789630877261,0.023019105750718152,0.01,0.021624712019646896
ABC,NRTI,34,0.0022815504725440406,0.009561995696567465,0.0,0.00843117552202656
ABC,NRTI,35,0.031827494707831645,0.03946275969632552,0.1,0.033175041025551424
ABC,NRTI,36,0.0020537411475379484,0.0109927239161334,0.0,0.00635284641656786
ABC,NRTI,37,0.0018374517608754103,0.005057375728792977,0.0,0.003017440316238102
ABC,NRTI,38,0.006468730406631948,0.01589030093542533,0.0,0.012504458501447237
ABC,NRTI,39,0.022186255006236024,0.03392426997437724,0.08,0.02805121221012878
ABC,NRTI,40,0.002991803544100549,0.014146546651027166,0.0,0.009313207343618313
ABC,NRTI,41,0.05916183276101947,0.1119206367537845,0.0,0.11799707922158406
ABC,NRTI,42,0.002383632999044494,0.01027790918989922,0.0,0.009420477002927741
ABC,NRTI,43,0.04713709469404421,0.08214825509116054,0.06,0.07054472818746411
ABC,NRTI,44,0.006867686423393024,0.014896347503963625,0.04,0.014009020423361392
ABC,NRTI,45,0.003759976382862078,0.03266422982938821,0.0,0.032747792496470036
ABC,NRTI,46,0.004623012474912685,0.02025510290026432,0.0,0.022210914503634153
ABC,NRTI,47,0.0022042972589770217,0.006486962160415714,0.01,0.006751928286590802
ABC,NRTI,48,0.000885381280004367,0.007652541352435946,0.0,0.008024855277518315
ABC,NRTI,49,0.009332326792264211,0.022496124141762264,0.03,0.02262719712851116
ABC,NRTI,50,0.0005553312541951527,0.004592040990610257,0.0,0.004282789263725254
ABC,NRTI,51,0.002407206511343247,0.026716409804939757,0.0,0.022406539711220565
ABC,NRTI,52,0.0021266940731584326,0.024585533057979773,0.0,0.018362497885362844
ABC,NRTI,53,0.001401119441470655,0.015384339583251859,0.0,0.012314542951080835
ABC,NRTI,54,0.002591435685280885,0.023984687077754644,0.0,0.024376002994523346
ABC,NRTI,55,0.0033730731519608526,0.032555090236419344,0.0,0.028439701121749997
ABC,NRTI,56,0.0015507407221775793,0.01442565587189165,0.0,0.01567813837995224
ABC,NRTI,57,0.00190555921255509,0.011047650991968113,0.0,0.013911195374582517
ABC,NRTI,58,0.0022136786437295087,0.016600008399254875,0.0,0.019515535921787605
ABC,NRTI,59,0.004061516996771388,0.023866057157865727,0.0,0.028299153342983625
ABC,NRTI,60,0.011824996439354436,0.0157199098408455,0.0,0.017265218108342667
ABC,NRTI,61,0.008014955477337935,0.01511866757486132,0.0,0.01779542709274162
ABC,NRTI,62,0.011052989214131231,0.021042518362228292,0.02,0.02190730436767417
ABC,NRTI,63,0.003555438664716348,0.003913163521356182,0.0,0.004515138099127057
ABC,NRTI,64,0.010215210760507035,0.019476960985775803,0.01,0.02102595393174529
ABC,NRTI,65,0.010296866911594406,0.017734298895957182,0.03,0.021656914232100154
ABC,NRTI,66,0.006083151605489548,0.014806160827574785,0.0,0.014815127901380227
ABC,NRTI,67,0.03660063994582743,0.0424890145068639,0.05,0.05017632912035614
ABC,NRTI,68,0.014244731787803175,0.012219670967151614,0.02,0.012819697824521494
ABC,NRTI,69,0.02262594156745763,0.02199291844299296,0.07,0.024065216374594908
ABC,NRTI,70,0.019624575803609334,0.028170951862121,0.0,0.03216889404026673
ABC,NRTI,71,0.007078751919907518,0.020883005186915396,0.0,0.020323803133209105
ABC,NRTI,72,0.011907398178445874,0.05785733437922318,0.0,0.06598103558501266
ABC,NRTI,73,0.005985503254632932,0.019749318458198103,0.0,0.023293515682344484
ABC,NRTI,74,0.05129689803667134,0.03375244106166065,0.04,0.03912020202605732
ABC,NRTI,75,0.05886277817931841,0.08074203071504599,0.05,0.08443990719912545
ABC,NRTI,76,0.007184794778440846,0.03818818962958176,0.0,0.045854213525431724
ABC,NRTI,77,0.013288383889448595,0.06322932465700433,0.0,0.06774896044543276
ABC,NRTI,78,0.0051172239313018505,0.028196691558114252,0.0,0.03231656953417078
ABC,NRTI,79,0.005377471260781022,0.015066772914142348,0.01,0.014844902976854675
ABC,NRTI,80,0.002470868683230947,0.02042024174617836,0.0,0.02130813551573528
ABC,NRTI,81,0.0021984977983811405,0.014939762569265441,0.0,0.018709098365455784
ABC,NRTI,82,0.0017461632384765835,0.013215403941867408,0.0,0.012508514951803489
ABC,NRTI,83,0.014793813874075568,0.021685388486366718,0.04,0.02019570602761976
ABC,NRTI,84,0.00028782335219126767,0.0,0.0,0.0003212654231640541
ABC,NRTI,85,0.0010158995992242126,0.009496040250523948,0.0,0.007708580365143697
ABC,NRTI,86,0.0005671765909846726,0.004567935840314021,0.0,0.003723553478111353
ABC,NRTI,87,0.0014182569270269597,0.012700000623008236,0.0,0.010362162096170042
ABC,NRTI,88,0.0015826588696472754,0.013761830554140033,0.0,0.009770531771034397
ABC,NRTI,89,0.0005685218137114135,0.003886515964695718,0.0,0.002579129222710092
ABC,NRTI,90,0.003185071313046137,0.003004049036790093,0.02,0.0020234630622847543
ABC,NRTI,91,0.0011666361265997693,0.005701019381740479,0.0,0.004373081510356906
ABC,NRTI,92,0.0014547615621086152,0.009095281565823825,0.0,0.006658181548980225
ABC,NRTI,93,0.001199544514893205,0.005663005899477867,0.0,0.004417790538216742
ABC,NRTI,94,0.0006097079079836476,0.002539309402127401,0.0,0.00096640802872813
ABC,NRTI,95,0.0014921300190326291,0.010072619331913302,0.0,0.007010361265809324
ABC,NRTI,96,0.0018608021502222983,0.007779839985742001,0.0,0.004715753953371361
ABC,NRTI,97,0.0027140680213051382,0.01340723536995938,0.0,0.009245269370572823
ABC,NRTI,98,0.06296501549979439,0.08849623863061425,0.08,0.07944449559082062
ABC,NRTI,99,0.0042711189284818825,0.01830291341029806,0.0,0.01304831031101653
ABC,NRTI,100,0.00522676150460029,0.02091145677870372,0.0,0.013250302602527256
ABC,NRTI,101,0.06075175228288572,0.04133177767624147,0.01,0.029823274586731882
ABC,NRTI,102,0.004235202634808957,0.006868967569389497,0.01,0.0031127843288423673
ABC,NRTI,103,0.061627281379769555,0.08517895548371598,0.2,0.08180431148290007
ABC,NRTI,104,0.008448013457818888,0.01838558987918077,0.0,0.014389396076651241
ABC,NRTI,105,0.005675153563861386,0.020334730029280764,0.0,0.01703102792064476
ABC,NRTI,106,0.0724043678137241,0.09213772680057446,0.13,0.09782008472455839
ABC,NRTI,107,0.011646905045054154,0.024781843011442106,0.02,0.028391835588876632
ABC,NRTI,108,0.00939508016082982,0.02248934867180651,0.04,0.025785013888053397
ABC,NRTI,109,0.011624963292561005,0.07897711801924742,0.0,0.07592679306502874
ABC,NRTI,110,0.005720041576714721,0.057028939789161084,0.0,0.06391619204018864
ABC,NRTI,111,0.004440505313650647,0.016476168244844304,0.01,0.018754982899536615
ABC,NRTI,112,0.006227616866744938,0.03545966311183293,0.0,0.04158759460005377
ABC,NRTI,113,0.003936011611658614,0.027789573936315717,0.0,0.03232264046584067
ABC,NRTI,114,0.009249411844066344,0.08403991810861043,0.0,0.10144106956797548
ABC,NRTI,115,0.03604129799146904,0.08049066262959968,0.01,0.09030189974291186
ABC,NRTI,116,0.012442874927655794,0.058912680820794774,0.01,0.06948383208507455
ABC,NRTI,117,0.0034770598498289475,0.024300279604794923,0.0,0.02697664600695222
ABC,NRTI,118,0.022903543747816002,0.033611153974197804,0.06,0.036939307055749764
ABC,NRTI,119,0.0047423794054338945,0.03908606515149586,0.0,0.037061528042175086
ABC,NRTI,120,0.0038165883284818846,0.02979997596150497,0.0,0.029647158870926026
ABC,NRTI,121,0.006405580556456698,0.02865497412334662,0.0,0.024884366588646244
ABC,NRTI,122,0.022724990587303182,0.0438336714162142,0.05,0.03833630969157377
ABC,NRTI,123,0.044723887932486835,0.0580886128306156,0.03,0.04686031867951743
ABC,NRTI,124,0.01058893452063785,0.050789556899107996,0.0,0.05161824449854076
ABC,NRTI,125,0.006505078757472802,0.04199734819121659,0.0,0.04302894089297217
ABC,NRTI,126,0.00445786056065117,0.03309795148554258,0.0,0.029105767020403434
ABC,NRTI,127,0.0019397525842941832,0.01375246236595558,0.0,0.012647430079577178
ABC,NRTI,128,0.005260031251964392,0.043286899547674694,0.0,0.04675497890248101
ABC,NRTI,129,0.008304861911601619,0.060340702365501785,0.0,0.06614167012690561
ABC,NRTI,130,0.0072905540568172,0.05686120159109123,0.0,0.05505089991911671
ABC,NRTI,131,0.0024601924986563974,0.015728485050203744,0.0,0.016661715262121148
ABC,NRTI,132,0.004163950677830144,0.02301757908833679,0.0,0.0186764153528924
ABC,NRTI,133,0.00653348929117783,0.032865484080393796,0.0,0.025610549837346494
ABC,NRTI,134,0.0061453846530639565,0.020116418582038022,0.0,0.01453426914820528
ABC,NRTI,135,0.06728247000733972,0.08482840753858908,0.09,0.07371910910978624
ABC,NRTI,136,0.016941467574069974,0.04935301547753625,0.0,0.035432260898336995
ABC,NRTI,137,0.016145692279096693,0.04887910894001834,0.0,0.03764634677451372
ABC,NRTI,138,0.08067215662173112,0.09120726001245202,0.16,0.06592738949055553
ABC,NRTI,139,0.0051429644208838,0.01450809867674252,0.0,0.009996858825917799
ABC,NRTI,140,0.009940651753131533,0.04060253179923166,0.0,0.026404532523256082
ABC,NRTI,141,0.00833448918776412,0.03463285133126192,0.0,0.029049860031297926
ABC,NRTI,142,0.024711969460040565,0.034601341044035505,0.01,0.029406362227937816
ABC,NRTI,143,0.024499364488583524,0.15483047420391813,0.42,0.17054084912525924
ABC,NRTI,144,0.009745361940440489,0.06973407306242735,0.0,0.06843381841910269
ABC,NRTI,145,0.04197262117348146,0.23893715364160018,0.83,0.24548671907890982
ABC,NRTI,146,0.011093947899062186,0.08444721647188999,0.0,0.09162457282987893
ABC,NRTI,147,0.008381719375320245,0.08494173901504837,0.0,0.09290830306117488
ABC,NRTI,148,0.006939860133570619,0.059227900622645394,0.0,0.07006257485007154
ABC,NRTI,149,0.020054712560377084,0.14769366746535526,0.19,0.16028830816365652
ABC,NRTI,150,0.01960839059727732,0.1753681363654323,0.64,0.19738533616943577
ABC,NRTI,151,0.10808823107276112,0.4263885985407978,0.95,0.47883050425224366
ABC,NRTI,152,0.010976643204630819,0.09451525677694007,0.0,0.11285569565598463
ABC,NRTI,153,0.009511608699976932,0.08345729568507522,0.0,0.09018047669298017
ABC,NRTI,154,0.0032020444596128073,0.026599064835172614,0.0,0.03152438138957184
ABC,NRTI,155,0.004288938085155678,0.032481475932290775,0.0,0.037801736053690284
ABC,NRTI,156,0.007664270465174923,0.06423395206104032,0.0,0.07377528126573643
ABC,NRTI,157,0.048878877419047055,0.19994576568715275,0.82,0.23011137398088288
ABC,NRTI,158,0.02056156749618822,0.06965591794345528,0.02,0.07419830163458987
ABC,NRTI,159,0.0024663840673019876,0.019209590489335824,0.0,0.019498501169520153
ABC,NRTI,160,0.020726071562967262,0.12085136707872152,0.02,0.1332566195732977
ABC,NRTI,161,0.00479628671615501,0.027792753565881866,0.0,0.030399944681668324
ABC,NRTI,162,0.03729676049071713,0.06304969367920421,0.12,0.05774015912295779
ABC,NRTI,163,0.004277758897442255,0.027660728534974623,0.0,0.023548856782814872
ABC,NRTI,164,0.011457630787044764,0.07125250647775828,0.0,0.07350017680958261
ABC,NRTI,165,0.002604734304768499,0.019870034093619326,0.0,0.016552110929576022
ABC,NRTI,166,0.0033536108556290857,0.024580158244934865,0.0,0.017293563241187734
ABC,NRTI,167,0.005995951199802221,0.01491228315513581,0.0,0.010508985955662449
ABC,NRTI,168,0.005583881807033322,0.041028092807391656,0.0,0.03791747820197137
ABC,NRTI,169,0.01750139896357723,0.0529208277456928,0.03,0.04072057079580075
ABC,NRTI,170,0.00345241321301728,0.028337007594527678,0.0,0.01906571046600436
ABC,NRTI,171,0.004778530612893519,0.03124359526700573,0.0,0.025748713137627256
ABC,NRTI,172,0.011187731522077228,0.06004793734231498,0.01,0.057357510242947864
ABC,NRTI,173,0.05713740660168696,0.0939764577767346,0.06,0.08122173611669306
ABC,NRTI,174,0.014269293521283543,0.04150030612188857,0.06,0.034772290949389315
ABC,NRTI,175,0.00685459055181127,0.05123743888398167,0.0,0.04597558396475721
ABC,NRTI,176,0.018086718434642535,0.06535377203661483,0.01,0.054531410610418
ABC,NRTI,177,0.0570366643043235,0.11605146932299248,0.13,0.099506053704844
ABC,NRTI,178,0.08790633977856487,0.2598823304940015,0.61,0.22861393655533235
ABC,NRTI,179,0.029843338928913,0.05889848797814921,0.07,0.04930862850559554
ABC,NRTI,180,0.005634026861880557,0.031045815825054886,0.0,0.0291162180104311
ABC,NRTI,181,0.026016512839269125,0.058452421163674446,0.07,0.05729960414167988
ABC,NRTI,182,0.008568361810321222,0.03646444566489663,0.0,0.04232891997309744
ABC,NRTI,183,0.006956547244990361,0.026245914313185494,0.0,0.02956453911856424
ABC,NRTI,184,0.2073984197806567,0.25943030597409233,0.65,0.2935445057446876
ABC,NRTI,185,0.007095191141488612,0.0356738848274108,0.0,0.03998065960472557
ABC,NRTI,186,0.007231702424833202,0.028339607908856125,0.0,0.030143128179611366
ABC,NRTI,187,0.007449733385437867,0.03571401416149456,0.0,0.037314633543868124
ABC,NRTI,188,0.028843211709099707,0.04231938964338042,0.04,0.04386254662713868
ABC,NRTI,189,0.012276056438931846,0.02393253506132169,0.04,0.02195528654591014
ABC,NRTI,190,0.019777795822592453,0.041082095996825954,0.03,0.03761230338685178
ABC,NRTI,191,0.004858241072797682,0.03290347540692892,0.0,0.03042073873949839
ABC,NRTI,192,0.010712161871560965,0.02715805633168202,0.01,0.022357516885003665
ABC,NRTI,193,0.008419580231857253,0.04807366118417122,0.0,0.038661856652188485
ABC,NRTI,194,0.012181072662569932,0.035278428937599526,0.01,0.026907719159377536
ABC,NRTI,195,0.006406125197390793,0.02161098768643569,0.01,0.013510333981834866
ABC,NRTI,196,0.03832185352774104,0.07121501363348216,0.02,0.04584743076098917
ABC,NRTI,197,0.004243192568610539,0.02108989651314914,0.0,0.012062431868287406
ABC,NRTI,198,0.016497647067008073,0.08727555641904473,0.0,0.07947512193954803
ABC,NRTI,199,0.008494557646117755,0.04566225031274371,0.0,0.027357017702355293
ABC,NRTI,200,0.031190671742660925,0.0502153642300982,0.02,0.03745310443675787
ABC,NRTI,201,0.009865296465577558,0.05621707142272499,0.0,0.04347031360899492
ABC,NRTI,202,0.02583642103942111,0.03676276173791848,0.05,0.029217579810218268
ABC,NRTI,203,0.03201172150555067,0.05976392163312994,0.03,0.04174326988850204
ABC,NRTI,204,0.004348688247919199,0.020865023301157633,0.0,0.012654493517561349
ABC,NRTI,205,0.008682431692141107,0.054130713097401896,0.0,0.04325862875351524
ABC,NRTI,206,0.01062995783664519,0.0500579485099297,0.0,0.03500203135119382
ABC,NRTI,207,0.060758823957294227,0.09340548455016688,0.1,0.0667220082700659
ABC,NRTI,208,0.024628544030420016,0.07479871664196253,0.06,0.06471568170440728
ABC,NRTI,209,0.015881745180086,0.07118105767061934,0.0,0.05988191382281607
ABC,NRTI,210,0.029447494518535677,0.05933098706533201,0.08,0.04411183877399619
ABC,NRTI,211,0.10460516299062875,0.1553880385728553,0.12,0.11995623480076162
ABC,NRTI,212,0.01774002843798371,0.05437426595133729,0.0,0.043720508426568
ABC,NRTI,213,0.01924533070763573,0.055688784819212744,0.0,0.04399521958531041
ABC,NRTI,214,0.22924625920131803,0.28021703420439736,0.6,0.28575736191316975
ABC,NRTI,215,0.02956708788900869,0.03996824082016246,0.07,0.038027262944903446
ABC,NRTI,216,0.009691134408203652,0.02785153349977918,0.0,0.022739718674282695
ABC,NRTI,217,0.01641920621594181,0.044117045586463066,0.0,0.04297862261591648
ABC,NRTI,218,0.025507391774299323,0.06225042929057963,0.07,0.05137810870027426
ABC,NRTI,219,0.27550101138651373,0.4400365834776312,0.95,0.4320400562839518
ABC,NRTI,220,0.023228092644421848,0.07390554932877422,0.0,0.07539935969153891
ABC,NRTI,221,0.058221284963947253,0.11666230270755477,0.06,0.10455514587838993
ABC,NRTI,222,0.008239425667270553,0.03695964120561257,0.0,0.030105694273252503
ABC,NRTI,223,0.024927372275124073,0.06903747176984325,0.02,0.059231351472773114
ABC,NRTI,224,0.010537529912835453,0.06072066029650159,0.0,0.04744507863580566
ABC,NRTI,225,0.05613865684776101,0.17501544534694402,0.03,0.14195166570775877
ABC,NRTI,226,0.016565938762942097,0.09286811379250139,0.0,0.0733132207198276
ABC,NRTI,227,0.0851022311131237,0.1398303800902795,0.1,0.1337479588130422
ABC,NRTI,228,0.023796851383085595,0.05796256182075012,0.06,0.05291024350380246
ABC,NRTI,229,0.009391683104040567,0.03866278944653459,0.0,0.03902486082371765
ABC,NRTI,230,0.020924959777330512,0.09759763907291927,0.0,0.10241956645742255
ABC,NRTI,231,0.008211393290403067,0.045055723076220605,0.0,0.04233132546164882
ABC,NRTI,232,0.006087473673687782,0.03679169468639884,0.0,0.034657070530850626
ABC,NRTI,233,0.003255516993958736,0.02469971120066475,0.0,0.016239717824728207
ABC,NRTI,234,0.006555217471177457,0.046980230085900986,0.0,0.037827692210082135
ABC,NRTI,235,0.005913416174953454,0.045993971922434866,0.0,0.034878785681763086
ABC,NRTI,236,0.012477439176291228,0.06138220859284047,0.0,0.04691380171011446
ABC,NRTI,237,0.004891565679863561,0.03952141759160441,0.0,0.03006391235499943
ABC,NRTI,238,0.005028889362583868,0.050248374117654745,0.0,0.03676711542103361
ABC,NRTI,239,0.0038052973349476816,0.032906454393232705,0.0,0.020634469914320174
ABC,NRTI,240,0.0015599092233242117,0.020194657120155172,0.0,0.010212027135126282
AZT,NRTI,1,0.0011734884530596901,0.0010973717176966601,0.01,0.0007211282561774592
AZT,NRTI,2,7.592000376462238e-05,0.00018840116175852017,0.0,5.692838923364195e-05
AZT,NRTI,3,0.00038947685758103037,0.0004040288831311045,0.0,0.0002470671049813502
AZT,NRTI,4,0.0028997984300349346,0.0010451688793546054,0.0,0.0006805767733381441
AZT,NRTI,5,0.0002292690970307376,0.00029188207918195985,0.0,0.0001331494938506597
AZT,NRTI,6,0.0026622296391042256,0.0009154956441852847,0.0,0.0005847616505365218
AZT,NRTI,7,0.0003307595954902354,0.00047981834832171443,0.0,0.0003089443017892411
AZT,NRTI,8,0.00047575223914464004,0.0005837595216871705,0.0,0.00041674925452647537
AZT,NRTI,9,0.0010348911679830053,0.001095134395873174,0.0,0.0008554391481021798
AZT,NRTI,10,0.00023487669358473795,0.000375633473158814,0.0,0.00024698138486165205
AZT,NRTI,11,0.006872064624949417,0.001695239470427623,0.01,0.001418552313695993
AZT,NRTI,12,0.00018747915266430936,0.0003521625013672747,0.0,0.00028099742291869714
AZT,NRTI,13,0.0003608241187976091,0.0006412070075748488,0.0,0.0006065037070445124
AZT,NRTI,14,0.000928051273112942,0.001394662946695462,0.0,0.001252649333405981
AZT,NRTI,15,0.0005510269294973114,0.0008581984168267809,0.0,0.0007819962988905602
AZT,NRTI,16,0.00038267555967649966,0.0006024877411982743,0.0,0.0005299961887692434
AZT,NRTI,17,0.0003741114537479007,0.0005596254346164641,0.0,0.00038888016304489603
AZT,NRTI,18,0.0007764344021597935,0.0011340974149061367,0.0,0.0010099039295101316
AZT,NRTI,19,0.00036724016199514154,0.0005999204449472018,0.0,0.000525547687370785
AZT,NRTI,20,0.008413602592336247,0.00276154642997426,0.02,0.002391831693685253
AZT,NRTI,21,0.008729299897040618,0.0013285925108357333,0.01,0.0013207474683325613
AZT,NRTI,22,0.003312433301398414,0.004644807631266303,0.0,0.004861907759540549
AZT,NRTI,23,0.0015549831021780846,0.0017237016232684254,0.0,0.002146363015005696
AZT,NRTI,24,0.002035831483408401,0.0017994128513964824,0.0,0.0020695702695197877
AZT,NRTI,25,0.002934120760037331,0.0036785864341072737,0.0,0.0038785496477560287
AZT,NRTI,26,0.0005884283049999795,0.0005796677400212502,0.0,0.0007140540724279256
AZT,NRTI,27,0.012068847949558403,0.0052565002563642335,0.01,0.005202177874573203
AZT,NRTI,28,0.011184435517952807,0.0032049435087537857,0.01,0.002932762596382923
AZT,NRTI,29,0.00021735578889547468,0.0003623496923682978,0.0,0.0003143410949790856
AZT,NRTI,30,0.0016894931112983614,0.0017657639418030158,0.0,0.0020635250088673483
AZT,NRTI,31,0.0008655441639893979,0.0004339605705172289,0.0,0.0003759230298264059
AZT,NRTI,32,0.005126853238853073,0.001273627873742953,0.01,0.001072711520631024
AZT,NRTI,33,0.004656986085537937,0.0016089470945007634,0.01,0.0015995088038751875
AZT,NRTI,34,0.000992437378536124,0.0005240439101180527,0.0,0.0005564654650209638
AZT,NRTI,35,0.025446463306325315,0.003332777365721995,0.03,0.0027921544170426416
AZT,NRTI,36,0.0004034277974460565,0.0002365888174244901,0.0,0.0001661799295769725
AZT,NRTI,37,0.0009860153273075411,0.0003645478338148678,0.0,0.0003194682425358886
AZT,NRTI,38,0.002388968760824355,0.0006666418309032451,0.0,0.0006369348802401368
AZT,NRTI,39,0.01695273724344588,0.0036131854882114566,0.03,0.0030803540629702687
AZT,NRTI,40,0.0009104143855438451,0.0005696144795365399,0.0,0.0004890343134256825
AZT,NRTI,41,0.007234514938754728,0.0017555683334649075,0.0,0.00214403906179353
AZT,NRTI,42,0.0005259185594877635,0.0002584946772913099,0.0,0.0002953818351089604
AZT,NRTI,43,0.019766671276483974,0.004082758333097445,0.04,0.003462462962267477
AZT,NRTI,44,0.00566103334467698,0.001459098376944894,0.01,0.0014880331777015448
AZT,NRTI,45,0.0012582600973655644,0.0013060479940031654,0.0,0.0014982004810724214
AZT,NRTI,46,0.0030280103956829407,0.0019342444610083475,0.0,0.0023559475570445465
AZT,NRTI,47,0.01163162805059983,0.002775918248516973,0.01,0.003020426386001573
AZT,NRTI,48,0.0013648235085202032,0.0012186382684740238,0.0,0.00138883899885987
AZT,NRTI,49,0.008674237183549849,0.00421537569258362,0.03,0.004241112988539372
AZT,NRTI,50,0.0008403554809592606,0.0008059046517882962,0.0,0.0008915444909962025
AZT,NRTI,51,0.0018444421106323717,0.0026976199191994965,0.0,0.002788733996916793
AZT,NRTI,52,0.0010021469503772096,0.0012358623802720104,0.0,0.0011704901117569697
AZT,NRTI,53,0.0005027295258332742,0.0006410167137801181,0.0,0.0006276925767890952
AZT,NRTI,54,0.0035043023660546167,0.004985536819440313,0.0,0.005868805384246498
AZT,NRTI,55,0.0021178493903425987,0.0029206320195226,0.0,0.0029811260289259378
AZT,NRTI,56,0.0012489164248108864,0.0018420595888164826,0.0,0.002225537313149212
AZT,NRTI,57,0.0075535983309964645,0.009071788378059864,0.0,0.011576584146951634
AZT,NRTI,58,0.03529695273493417,0.04905414521694183,1.0,0.06025681202446201
AZT,NRTI,59,0.9048290103860199,0.9703220367431641,1.0,0.9752281616258344
AZT,NRTI,60,0.034161794597748665,0.013161401917459443,0.11,0.01518350978797114
AZT,NRTI,61,0.015049467569333501,0.007106637478573248,0.0,0.008959456217661125
AZT,NRTI,62,0.02194008539765491,0.00840294169378467,0.02,0.009184593586486935
AZT,NRTI,63,0.008078262930648634,0.0037778445641743017,0.0,0.0046245475042140625
AZT,NRTI,64,0.09194710744544864,0.05568372277542949,0.99,0.06153894935827523
AZT,NRTI,65,0.18439271200448273,0.10824108701199293,1.0,0.1248966727409163
AZT,NRTI,66,0.026851436216384174,0.013637538538314403,0.34,0.015434405853513612
AZT,NRTI,67,0.033198824331338986,0.00692978024831973,0.03,0.0081311122370447
AZT,NRTI,68,0.021573407623800448,0.006315774814574979,0.02,0.0073065776171683415
AZT,NRTI,69,0.03277548348109122,0.004907182603201363,0.03,0.005362288230169548
AZT,NRTI,70,0.07928843474772293,0.016502560728695242,0.16,0.018951128951203447
AZT,NRTI,71,0.0038136571281938815,0.002041515226883348,0.0,0.002396372664165045
AZT,NRTI,72,0.029771301849395967,0.02683163946028799,0.91,0.03464125667346217
AZT,NRTI,73,0.011731005414476385,0.008497293888358399,0.0,0.010879777762229322
AZT,NRTI,74,0.0749958758970024,0.021386309494264424,0.14,0.02675969012632686
AZT,NRTI,75,0.030118818802875466,0.0069956365606049075,0.05,0.008409987404225964
AZT,NRTI,76,0.0037029143612016925,0.003186048362986185,0.0,0.004342957382121277
AZT,NRTI,77,0.005085832053227932,0.003857918916037306,0.0,0.004836085437214
AZT,NRTI,78,0.03449282330460846,0.03944987148512155,0.98,0.05177086897632502
AZT,NRTI,79,0.006053273357392755,0.003524471815326251,0.01,0.0038471344551285853
AZT,NRTI,80,0.002169697565950628,0.0029769616056000816,0.0,0.0034372449215590555
AZT,NRTI,81,0.012766360613459255,0.017252735937945546,0.79,0.021909542082530677
AZT,NRTI,82,0.002777454884999315,0.0035819109005387874,0.0,0.0038923917425588077
AZT,NRTI,83,0.011559994925810314,0.0032025128227542153,0.04,0.003553160432880197
AZT,NRTI,84,0.001338908642428578,0.0012177565111778676,0.0,0.0014896576196164765
AZT,NRTI,85,0.000510966135043418,0.0006644985832099337,0.0,0.0006953104338174531
AZT,NRTI,86,0.001051876977471693,0.0012752032783464528,0.0,0.001392521530537367
AZT,NRTI,87,0.0012597324908347218,0.0013177387346513568,0.0,0.0012938499521987891
AZT,NRTI,88,0.0015886063142170315,0.001516335690394044,0.0,0.0014656335081221655
AZT,NRTI,89,0.0015911794714338612,0.001851813059183769,0.0,0.0018906410208467616
AZT,NRTI,90,0.009414455018577428,0.0018103554600384087,0.02,0.0017562919911542532
AZT,NRTI,91,0.0018544332700912492,0.0015431431520846672,0.0,0.0016139237442625019
AZT,NRTI,92,0.0014397158846259116,0.0014806293402216397,0.0,0.0014301965176362473
AZT,NRTI,93,0.0014348632565452134,0.0012174070881155784,0.0,0.0012658851450890226
AZT,NRTI,94,0.000811290267502045,0.000607016496360302,0.0,0.0005546865395022183
AZT,NRTI,95,0.0016030884912470356,0.0016314707085257397,0.0,0.001514868025877051
AZT,NRTI,96,0.001214198422821937,0.0007077840065176133,0.0,0.0006195736513720958
AZT,NRTI,97,0.0018766050993508543,0.0010907980598858559,0.0,0.000996686532340697
AZT,NRTI,98,0.04275108572204772,0.004128107891010586,0.07,0.0035814364575700065
AZT,NRTI,99,0.001711930657766061,0.0008842630215804093,0.0,0.0007692713965152856
AZT,NRTI,100,0.000943541600208846,0.00037349426391301675,0.0,0.00027441829881170776
AZT,NRTI,101,0.026809679466823583,0.0028123119205702095,0.01,0.0024580369830672303
AZT,NRTI,102,0.013863093851978193,0.0021377535122155678,0.01,0.0017772701697603731
AZT,NRTI,103,0.05875543902511708,0.00899464643385727,0.04,0.008675028958939714
AZT,NRTI,104,0.0027238500969542657,0.000803564475645544,0.0,0.0007543205772623264
AZT,NRTI,105,0.0018506927040289156,0.0005329871899448335,0.0,0.0005172613972144214
AZT,NRTI,106,0.025328271461876283,0.0016579223745065974,0.02,0.00195242908613815
AZT,NRTI,107,0.022291996227286292,0.004804834537790157,0.02,0.005057160900246212
AZT,NRTI,108,0.012735169104271336,0.003784732316271402,0.02,0.004518079360345856
AZT,NRTI,109,0.0006955844623189477,0.000611019677016884,0.0,0.0007204413274133361
AZT,NRTI,110,0.0035170444246614353,0.0044342580542434005,0.0,0.005771961482325426
AZT,NRTI,111,0.006076368729445676,0.0016907906818960329,0.01,0.0020761205951876334
AZT,NRTI,112,0.010277018905326259,0.007898225798271596,0.0,0.010182515072196275
AZT,NRTI,113,0.0044683315900329035,0.0037395345297409222,0.0,0.004851104767786627
AZT,NRTI,114,0.01017604179942282,0.01194875470828265,0.11,0.015731679277446998
AZT,NRTI,115,0.03133125260443194,0.019978576665744187,0.01,0.023474096952442066
AZT,NRTI,116,0.010397445974376751,0.0031036435792339036,0.01,0.0041079698054849526
AZT,NRTI,117,0.0015880757933337008,0.0011265200124762488,0.0,0.0014938041784428558
AZT,NRTI,118,0.007296495526825311,0.0012640456651570276,0.0,0.0014891200530956204
AZT,NRTI,119,0.002026654690489522,0.001526160025387071,0.0,0.001690707927102701
AZT,NRTI,120,0.0003178476254652196,0.00024195210993639194,0.0,0.00030269356836805134
AZT,NRTI,121,0.0018116016226122156,0.0008742712149978616,0.0,0.0009115319258776325
AZT,NRTI,122,0.013741065022004477,0.0036633210637955927,0.05,0.003479332646826172
AZT,NRTI,123,0.022933249978668756,0.0036875949711247815,0.03,0.0032013793124393143
AZT,NRTI,124,0.002672183984905132,0.0018040073238080366,0.0,0.002136589427800414
AZT,NRTI,125,0.002212435907058534,0.001534511431818828,0.0,0.001868233257636197
AZT,NRTI,126,0.0013158517657211632,0.0010989321256056428,0.0,0.001110413071606043
AZT,NRTI,127,0.00022489645853966068,0.00020171061445580562,0.0,0.00023319379952709888
AZT,NRTI,128,0.001649897273091483,0.0013266239178483373,0.0,0.0017021524976663913
AZT,NRTI,129,0.0021205483622907194,0.002022052183165215,0.0,0.002556518644687081
AZT,NRTI,130,0.001369922767225944,0.0011993576255918015,0.0,0.0013754293039826002
AZT,NRTI,131,0.0019830520108371275,0.0015690396912395954,0.0,0.0018834028219956275
AZT,NRTI,132,0.00048353525090533367,0.00019204899657779606,0.0,0.0001684064013351529
AZT,NRTI,133,0.003731385123464861,0.002758556748740375,0.0,0.002512451585195056
AZT,NRTI,134,0.001573508845795004,0.0005591480510338442,0.0,0.0005037998484545809
AZT,NRTI,135,0.04022340602110489,0.0059023571750731205,0.07,0.005028291393251695
AZT,NRTI,136,0.0033135177663643845,0.0009940720417944248,0.0,0.0008209235682780816
AZT,NRTI,137,0.00376050311497238,0.0013125275805941784,0.0,0.001223914639633788
AZT,NRTI,138,0.02167936977068166,0.002609919361057109,0.02,0.002196263394713723
AZT,NRTI,139,0.0014441170797363156,0.00043009485518268775,0.0,0.00035796570446069065
AZT,NRTI,140,0.0025141714287383364,0.0008851494535338134,0.0,0.0006979688357592423
AZT,NRTI,141,0.0013135032383615908,0.0005956443650939037,0.0,0.0006047471794026357
AZT,NRTI,142,0.0039056820923724445,0.0008275049641633814,0.01,0.0007924184718500155
AZT,NRTI,143,0.0024863116267079023,0.0018785838902113028,0.0,0.0024627738867789733
AZT,NRTI,144,0.0007975425659788016,0.0006619805505033582,0.0,0.0008044634561903887
AZT,NRTI,145,0.0032001032270181896,0.0004459014107123949,0.01,0.0005048302641688651
AZT,NRTI,146,0.0009519447784441581,0.0005918872049369383,0.0,0.0008201834807813155
AZT,NRTI,147,0.0011928829220050829,0.0011973226291593165,0.0,0.0015360206243339226
AZT,NRTI,148,0.0012998238371801562,0.0012902778867282905,0.0,0.0017443237530643007
AZT,NRTI,149,0.001537905500626948,0.0010427013388834895,0.0,0.0014332617120657461
AZT,NRTI,150,0.012171377439226489,0.013248793426901101,0.61,0.017137916226094896
AZT,NRTI,151,0.048139086455412324,0.00942369270254858,0.05,0.012512025845593211
AZT,NRTI,152,0.0034557364652573596,0.0032839431415777652,0.0,0.004438147942374293
AZT,NRTI,153,0.0011052034760177776,0.0006451558694243431,0.0,0.0008487347491182138
AZT,NRTI,154,0.002811351239506621,0.002854703651391901,0.0,0.003804168251577466
AZT,NRTI,155,0.002003836090771074,0.0015802222085767425,0.0,0.0020619699889444097
AZT,NRTI,156,0.004915449869076838,0.004533700944157317,0.0,0.005887452774289647
AZT,NRTI,157,0.021718570086813997,0.012480647140182554,0.48,0.016636000848989207
AZT,NRTI,158,0.009251050988950738,0.0011433570717053953,0.01,0.001381289854610196
AZT,NRTI,159,7.414924481111029e-05,0.0,0.0,3.4556014251466697e-06
AZT,NRTI,160,0.0017922462234309933,0.000872864808770828,0.0,0.001179952127673651
AZT,NRTI,161,0.002321411334487493,0.0014540353079792112,0.0,0.001826176318348615
AZT,NRTI,162,0.019559861253974305,0.002073682444934093,0.02,0.0018882168021401293
AZT,NRTI,163,0.00038990968145299123,0.00011188794112968026,0.0,9.155540384314611e-05
AZT,NRTI,164,0.0019232737406855449,0.0007841846288647503,0.0,0.000916348959909693
AZT,NRTI,165,0.0009712236962513999,0.0007824503438314423,0.0,0.00077027892333697
AZT,NRTI,166,0.0008331294428717229,0.0004269229125202401,0.0,0.0003620096049518684
AZT,NRTI,167,0.0009531529261403194,0.00010993780297212652,0.0,7.2966694423555e-05
AZT,NRTI,168,0.0008709735213233216,0.0004344530379603384,0.0,0.00047803510557219256
AZT,NRTI,169,0.014043221760075539,0.0013710425589670194,0.01,0.0012376716467525453
AZT,NRTI,170,0.0009439031659076136,0.0005510210572538199,0.0,0.0004358155799196862
AZT,NRTI,171,0.00047594699880846745,0.00019482070983940504,0.0,0.00017255920355254515
AZT,NRTI,172,0.013675049843222951,0.0029575541359372435,0.01,0.0030980716595549827
AZT,NRTI,173,0.02658797281615989,0.0022405139415786835,0.04,0.0020078020629732394
AZT,NRTI,174,0.007864954419510468,0.0017443014906166354,0.01,0.0015318644971147222
AZT,NRTI,175,0.0009014695284167829,0.00047090838001167867,0.0,0.00047308820140491595
AZT,NRTI,176,0.008423223504069028,0.0025617725106712895,0.01,0.002363196444487342
AZT,NRTI,177,0.007796482557387208,0.0012967004659003578,0.01,0.0011436798625101925
AZT,NRTI,178,0.02159934659171995,0.00206299089557433,0.03,0.0020159150753275797
AZT,NRTI,179,0.006205794179186342,0.0009928103438869584,0.0,0.0008759746599556377
AZT,NRTI,180,0.0006322113589067158,0.00020141845434409333,0.0,0.00021110942168438325
AZT,NRTI,181,0.015837008530143068,0.0033483227193937637,0.01,0.003333948655160081
AZT,NRTI,182,0.0041169844766409365,0.0018908008144353516,0.0,0.0025502039483152102
AZT,NRTI,183,0.003435942898468056,0.001535072960832622,0.0,0.002022181488474334
AZT,NRTI,184,0.06154224080761196,0.006251497260527685,0.08,0.008319157741297689
AZT,NRTI,185,0.010839139945746866,0.008267170230392367,0.0,0.010542838538587104
AZT,NRTI,186,0.008186637847247767,0.0035920903756050393,0.0,0.0045765936443787555
AZT,NRTI,187,0.002126727829745505,0.0009247086168034002,0.0,0.0011860465555474954
AZT,NRTI,188,0.016779090478958095,0.001799158493959112,0.03,0.0021340180196805624
AZT,NRTI,189,0.0025543339159776225,0.0003962942820726312,0.0,0.00036403019792676064
AZT,NRTI,190,0.0038388100649171973,0.0008491927880095318,0.0,0.0007828592119905768
AZT,NRTI,191,0.0012699672538838058,0.0006018779887381243,0.0,0.0006486847261962434
AZT,NRTI,192,0.003556789475805999,0.0013150650522584329,0.01,0.0011288366284398891
AZT,NRTI,193,0.000636843784213852,0.0002935451218218077,0.0,0.00026609056625678714
AZT,NRTI,194,0.004408939937820833,0.0011565845391305629,0.01,0.0009928670942063102
AZT,NRTI,195,0.007396888524372116,0.0007926291904004756,0.01,0.0006208967149015761
AZT,NRTI,196,0.008221949201106327,0.0019230696031445405,0.01,0.0013460756329897261
AZT,NRTI,197,0.0010359683205570036,0.0003676467655168381,0.0,0.00024579469565083655
AZT,NRTI,198,0.0006860609079558344,0.0002929470015442348,0.0,0.0003136297464310102
AZT,NRTI,199,0.0006697262931629666,0.0001732439316037926,0.0,7.70625767536413e-05
AZT,NRTI,200,0.014280769557299209,0.0014048914404338575,0.02,0.001012874879516201
AZT,NRTI,201,0.0009015998390168534,0.00030241346546972637,0.0,0.0002524075442642301
AZT,NRTI,202,0.002869587793647952,0.00039565911994941414,0.0,0.00036920687752194293
AZT,NRTI,203,0.006101851840248855,0.0013624718404389568,0.0,0.0009287394523469322
AZT,NRTI,204,0.00048124607209047097,0.00010862482073207502,0.0,3.462499890847827e-05
AZT,NRTI,205,0.00030329293077329566,0.00010626719424180919,0.0,7.51528180343598e-05
AZT,NRTI,206,0.0010944988559822377,0.0003023541239963379,0.0,0.00019923211362350403
AZT,NRTI,207,0.011212555548154342,0.0018040429484608466,0.01,0.0012730968944705773
AZT,NRTI,208,0.003572133020124966,0.0007538323215339915,0.0,0.000681167666436784
AZT,NRTI,209,0.0004953582907955933,0.0001624805177198141,0.0,0.0001458376729651743
AZT,NRTI,210,0.0036505658664464135,0.0008039181023195851,0.0,0.0006310141689196076
AZT,NRTI,211,0.01845033965717448,0.0024067856804322217,0.03,0.0018454187930609296
AZT,NRTI,212,0.0013865738295680786,0.00017941421279829228,0.0,0.00013688576776094526
AZT,NRTI,213,0.0026840355496824484,0.0005308529156172881,0.0,0.0004520321189396682
AZT,NRTI,214,0.010122586058969318,0.0005151055037276819,0.0,0.0005950868504611053
AZT,NRTI,215,0.02059694444993511,0.003078489488689229,0.0,0.0030490076664673486
AZT,NRTI,216,0.0011367915100345273,0.0001149537111450627,0.0,8.936046123307654e-05
AZT,NRTI,217,0.006470052767544985,0.002147044342418667,0.0,0.002536098128277665
AZT,NRTI,218,0.003012424754597305,0.0006583735041203909,0.0,0.0005641647933688817
AZT,NRTI,219,0.03340615551103838,0.006039266606967431,0.03,0.006273194357990893
AZT,NRTI,220,0.0032925668694952035,0.0008941334795963485,0.0,0.0010606407393208455
AZT,NRTI,221,0.005788602679276664,0.0004391569957442698,0.0,0.00043102360881485985
AZT,NRTI,222,0.0017288913403535845,0.0004444731492549181,0.0,0.0004313983856936479
AZT,NRTI,223,0.004708138544719987,0.0011227054590563057,0.0,0.00107522568864354
AZT,NRTI,224,0.00041712182737683177,9.40106478628877e-05,0.0,6.952477756961211e-05
AZT,NRTI,225,0.004002830331119185,0.0004903547618596349,0.0,0.00042577680177179956
AZT,NRTI,226,0.0014781331562699052,0.0005737963438150473,0.0,0.0005032641024105703
AZT,NRTI,227,0.010978236582377576,0.0008746430545579642,0.0,0.0008814119180873983
AZT,NRTI,228,0.027086236653995,0.006865514406526927,0.06,0.006738844339491967
AZT,NRTI,229,0.0012637563459975353,0.0003233970579094603,0.0,0.00039416306682411243
AZT,NRTI,230,0.0025666291579545942,0.0011341939753037877,0.0,0.00142157340338822
AZT,NRTI,231,0.0028937142793438396,0.002067046162264887,0.0,0.0023970730064695536
AZT,NRTI,232,0.0007912864381614781,0.000328084645261697,0.0,0.000369268774287061
AZT,NRTI,233,0.00021933218255753672,6.766748930203903e-05,0.0,1.55922882594071e-05
AZT,NRTI,234,0.00035243535856807287,0.000161181670082442,0.0,0.0001308437783374517
AZT,NRTI,235,0.00047977538842133074,0.00043648423968988936,0.0,0.00039100476812429597
AZT,NRTI,236,0.0009222888340991631,0.0003816490570170572,0.0,0.00030253176934240254
AZT,NRTI,237,0.00020897763614357245,0.0001070494972555025,0.0,5.1743368417753664e-05
AZT,NRTI,238,0.0005570761339731689,0.00041746452276129274,0.0,0.000349424695001361
AZT,NRTI,239,0.0002828017569026997,0.00012925586133860634,0.0,5.688116820665062e-05
AZT,NRTI,240,0.00016933981968577427,0.00019288030962343327,0.0,9.021457201187431e-05
D4T,NRTI,1,8.768927961710915e-05,6.12910621748597e-05,0.0,3.3438820084503724e-05
D4T,NRTI,2,2.3786800017973064e-05,5.2183557058924635e-05,0.0,1.710281120261964e-05
D4T,NRTI,3,1.5575096459272687e-05,2.4315082001749033e-05,0.0,1.2544957147225719e-05
D4T,NRTI,4,0.0007809355990561073,0.00018824111892627116,0.0,0.00012074297381988513
D4T,NRTI,5,2.984429919749232e-05,5.248036767625308e-05,0.0,1.8428766844364237e-05
D4T,NRTI,6,0.0007009797676261087,0.0002038964418284195,0.0,0.00014243069480491174
D4T,NRTI,7,1.005189389513106e-05,4.406619551446056e-05,0.0,2.3227969517834053e-05
D4T,NRTI,8,5.8703301932609974e-05,9.216825722432986e-05,0.0,8.303210233153058e-05
D4T,NRTI,9,0.00015051449995326038,0.00015411798934110267,0.0,0.00013194532495401783
D4T,NRTI,10,0.00011077569483973093,0.00015631008533091518,0.0,0.00013085708626162134
D4T,NRTI,11,0.002571135508162854,0.00021428521483358054,0.0,0.0001901232729163672
D4T,NRTI,12,4.85801293541499e-05,6.455582084072376e-05,0.0,6.231423613051828e-05
D4T,NRTI,13,0.00012390430485652358,0.00016863320537595426,0.0,0.000196192948671485
D4T,NRTI,14,1.1111177614964163e-05,2.098642420264696e-05,0.0,2.2265515668242764e-05
D4T,NRTI,15,1.329365619820777e-05,0.0,0.0,6.054776722029429e-06
D4T,NRTI,16,8.09063509200314e-05,0.00010221600824479537,0.0,0.00010706128449653974
D4T,NRTI,17,4.830683655626444e-05,8.170068664639985e-05,0.0,6.137626534472567e-05
D4T,NRTI,18,7.557507090780291e-05,0.00010657567756425124,0.0,0.00010645230329379942
D4T,NRTI,19,6.787915814186362e-05,7.329831008064503e-05,0.0,7.911232304215006e-05
D4T,NRTI,20,0.0020532586286014978,0.0006327217540911079,0.0,0.0006121763176695498
D4T,NRTI,21,0.0027237174605102155,0.000261616354941907,0.0,0.0002979712869859678
D4T,NRTI,22,0.00021606985046901172,0.00021193463886447716,0.0,0.0002571455260330927
D4T,NRTI,23,0.001991768291427434,0.0023026715411106125,0.0,0.002956333844007157
D4T,NRTI,24,0.0017744259848768706,0.001846696610446088,0.0,0.002237105600089459
D4T,NRTI,25,0.0002623848566167908,0.00022833681989141042,0.0,0.0002768837519881579
D4T,NRTI,26,0.00017128141330317704,0.00012400157634147037,0.0,0.0001805383580979562
D4T,NRTI,27,0.0012891935302411638,0.0004569800548597414,0.0,0.0005185511525141332
D4T,NRTI,28,0.004351126849402362,0.0005047276634923037,0.01,0.000537694515691835
D4T,NRTI,29,7.145210923454215e-05,7.341687620282755e-05,0.0,7.425532859428737e-05
D4T,NRTI,30,0.00013099827786959396,0.00011103225152510276,0.0,0.00016214435211717632
D4T,NRTI,31,0.0009239316643697748,0.0005972167548679863,0.0,0.0006210570198416099
D4T,NRTI,32,0.0023300458698020067,0.00030657589073598504,0.01,0.0002790477739142035
D4T,NRTI,33,0.0028120795130053013,0.0006984030174498911,0.01,0.000754803705168294
D4T,NRTI,34,0.0005264935678860639,0.0003274086249075481,0.0,0.0004118313901404952
D4T,NRTI,35,0.024271786459248688,0.0039855242429621286,0.07,0.0037362095156852158
D4T,NRTI,36,0.00014620278263009821,7.766964488837403e-05,0.0,7.072844033750296e-05
D4T,NRTI,37,0.00041376665222287557,0.00022300346710835584,0.0,0.0002523319949998612
D4T,NRTI,38,0.0006250677871685184,0.00018410437231977994,0.0,0.0002120635543556004
D4T,NRTI,39,0.011872601099694293,0.001981561826705729,0.03,0.0018204651001066225
D4T,NRTI,40,0.0003816400073810655,0.000168938250226347,0.0,0.00016332030685476957
D4T,NRTI,41,0.00979674872571195,0.0028396487957797947,0.0,0.0037226169279266203
D4T,NRTI,42,0.0003911569803449311,0.00024276675620058086,0.0,0.00030192515372382195
D4T,NRTI,43,0.00714050525606126,0.0015530821682477837,0.02,0.0014906183867109527
D4T,NRTI,44,0.0049202861839194156,0.0013325146113675147,0.01,0.0014733149187818387
D4T,NRTI,45,0.0009269606935959019,0.0009287004418001743,0.0,0.001155453705651084
D4T,NRTI,46,0.001115260516298804,0.0007155084692931268,0.0,0.0010428170155044713
D4T,NRTI,47,0.009220304741966175,0.0017248650572582846,0.01,0.002100087587800899
D4T,NRTI,48,0.001369630250692353,0.0014289585498045198,0.0,0.001755719075752538
D4T,NRTI,49,0.0031193807307727185,0.0012730273559463966,0.03,0.0014616656578037824
D4T,NRTI,50,0.0002403861571883681,0.00028368967678034097,0.0,0.00036794812316572745
D4T,NRTI,51,0.0001433924288551225,0.00021696438732760726,0.0,0.00026828115457805607
D4T,NRTI,52,5.837333573538217e-05,8.301479674628353e-05,0.0,9.318892417882207e-05
D4T,NRTI,53,9.691527982568005e-05,0.00011883169268912752,0.0,0.0001451363437142305
D4T,NRTI,54,0.000372884135726963,0.00034434359515216783,0.0,0.00046803809589116013
D4T,NRTI,55,0.00018840139308849756,0.00023587886769746547,0.0,0.0002671440659103362
D4T,NRTI,56,0.0020707401250183465,0.004014044648210984,0.0,0.005245662546669822
D4T,NRTI,57,0.004340725893962371,0.006536176594672725,0.0,0.009055741258463363
D4T,NRTI,58,0.0007168280017504003,0.0007189456377091119,0.0,0.0010273911930349148
D4T,NRTI,59,0.000919812554393502,0.000718477110931417,0.0,0.0010616187258505592
D4T,NRTI,60,0.00743426411476321,0.001979204248345923,0.0,0.0026257975915682558
D4T,NRTI,61,0.007604084426129702,0.005996852162643336,0.0,0.00869310563952367
D4T,NRTI,62,0.003434120264946614,0.0008526898309355602,0.02,0.0011300175208366831
D4T,NRTI,63,0.001636556921494048,0.000908987026050454,0.0,0.0012146146731362426
D4T,NRTI,64,0.003348846859232708,0.000389574398482182,0.01,0.0005379795023571399
D4T,NRTI,65,0.011548206456100161,0.0050877042536740195,0.03,0.006979816977193626
D4T,NRTI,66,0.0005115871423686258,0.00013798494180264242,0.0,0.00019484156728929615
D4T,NRTI,67,0.005110613842043676,0.000986804701278743,0.0,0.0012750008130293267
D4T,NRTI,68,0.0013576160596949194,0.00020495152980629428,0.01,0.00029691824247521663
D4T,NRTI,69,0.002890475480899113,0.00040694522411286013,0.0,0.00048758128830874396
D4T,NRTI,70,0.00524663133717695,0.0014791858534954371,0.0,0.001951690535908199
D4T,NRTI,71,0.0013491765583330561,0.0008730533646303229,0.0,0.0011835531168599275
D4T,NRTI,72,0.7998333046771586,0.910887046828866,1.0,0.9298354731175725
D4T,NRTI,73,0.0074342763843742435,0.006422259655664675,0.0,0.008908713330825305
D4T,NRTI,74,0.07052795353214605,0.027630967266159132,0.16,0.035510669608208846
D4T,NRTI,75,0.03306176178095484,0.00904207042636699,0.05,0.010892104216799169
D4T,NRTI,76,0.0011291400176378374,0.0010140783988754265,0.0,0.0015019795002858072
D4T,NRTI,77,0.002103408904531534,0.0018800911978178192,0.0,0.002677044209169946
D4T,NRTI,78,0.003048105691013916,0.003478436835866887,0.0,0.004853575770077825
D4T,NRTI,79,0.0010242612892068337,0.00037239864356706674,0.01,0.00043821291826006624
D4T,NRTI,80,0.0005408832233524663,0.0005737048024457181,0.0,0.0007842388358698363
D4T,NRTI,81,0.005002330101051484,0.009202710061217659,0.58,0.013267570208028516
D4T,NRTI,82,0.0003743915045970425,0.00041860469624225514,0.0,0.0005277203126199043
D4T,NRTI,83,0.004503764838691495,0.0012494249091105302,0.0,0.0015563590828670227
D4T,NRTI,84,0.0007002068687506835,0.0007342872827211977,0.0,0.0010093543423100823
D4T,NRTI,85,0.00017417749054629894,0.00020531235813905368,0.0,0.00025789608040984434
D4T,NRTI,86,0.0001759391848963787,0.000279046845225821,0.0,0.00034299909186161
D4T,NRTI,87,0.0005471326651058917,0.0007989205839839997,0.0,0.0009216352087557797
D4T,NRTI,88,0.0004688129089345239,0.000688204142752511,0.0,0.0007456970778565819
D4T,NRTI,89,0.0004469298016647372,0.0006467940078073298,0.0,0.0007393971321548574
D4T,NRTI,90,0.0034386269023116258,0.0010814425922217197,0.02,0.001139574513036781
D4T,NRTI,91,0.0006604446630262828,0.0006005426518458989,0.0,0.0007336397866075134
D4T,NRTI,92,0.0003754909595272693,0.00040522885239624884,0.0,0.0004651199067539534
D4T,NRTI,93,0.00039610095970601836,0.00040002586432819954,0.0,0.0004953885262114328
D4T,NRTI,94,0.0004729113903158577,0.0006199204174845363,0.0,0.0006570800756301705
D4T,NRTI,95,0.00025739995704043394,0.00027562443343413177,0.0,0.00029854213508847497
D4T,NRTI,96,0.0008386998032165139,0.0006712628876266535,0.0,0.0006881040732780273
D4T,NRTI,97,0.0011513436937093501,0.0011831761792564066,0.0,0.001184266770907755
D4T,NRTI,98,0.013573305168902152,0.002003256585812778,0.03,0.002008681227490498
D4T,NRTI,99,0.0006504105179374164,0.00035254851671197686,0.0,0.0003654197854795167
D4T,NRTI,100,0.0007884268839370634,0.000451857510888658,0.0,0.0004075679900558479
D4T,NRTI,101,0.018461519797529035,0.002383626484006527,0.01,0.0022880837167853513
D4T,NRTI,102,0.0027440711702411136,0.0004521272332840454,0.01,0.00042002818384608134
D4T,NRTI,103,0.008654618357777508,0.0019944190258866,0.04,0.0020068813353260376
D4T,NRTI,104,0.00141925220592384,0.0004088864316508989,0.0,0.0004473935774946548
D4T,NRTI,105,0.003583427427256538,0.0022944609573460183,0.0,0.002579292898374243
D4T,NRTI,106,0.35708267852198333,0.2907544508948922,1.0,0.3098802335746548
D4T,NRTI,107,0.009194761100952747,0.008303244291164446,0.02,0.010226328448791485
D4T,NRTI,108,0.03803620609425707,0.014080573229002767,0.04,0.017780206037467428
D4T,NRTI,109,0.0015899693894971278,0.001311893034799141,0.0,0.00169943155764851
D4T,NRTI,110,0.00164259371929802,0.00162001347693149,0.0,0.0022538368344440373
D4T,NRTI,111,0.005928143251003349,0.002457579513429664,0.01,0.003248129948816454
D4T,NRTI,112,0.0008963803490223654,0.0005009452802187298,0.0,0.0007696791440642366
D4T,NRTI,113,0.0009838548607694975,0.0007976940806838684,0.0,0.0011846544634303104
D4T,NRTI,114,0.005344275205716258,0.008911787039251067,0.35,0.012866283721350527
D4T,NRTI,115,0.16823483085841873,0.12486012945882977,1.0,0.17026480280828551
D4T,NRTI,116,0.016573522621038138,0.016757986735319717,0.01,0.01989856039691728
D4T,NRTI,117,0.0020210249389492675,0.0019022634829161688,0.0,0.0027031698771528808
D4T,NRTI,118,0.012004397836499266,0.004044174441078212,0.07,0.005444218826836531
D4T,NRTI,119,0.0005509153797356703,0.0004480039889313048,0.0,0.0005637880756750445
D4T,NRTI,120,0.0007813083152359468,0.0007550916653417517,0.0,0.0009930841877643065
D4T,NRTI,121,0.0006982050347778567,0.0003729522896173876,0.0,0.0004245672417465146
D4T,NRTI,122,0.00606212700062315,0.0008592217874138442,0.0,0.0008931504549907625
D4T,NRTI,123,0.008710041106451172,0.0008208150515019952,0.0,0.0007727974002095555
D4T,NRTI,124,0.0006764267868766183,0.00033347805348967087,0.0,0.00046640613697369903
D4T,NRTI,125,0.007404321756257559,0.008980025902274065,0.0,0.011440626230706985
D4T,NRTI,126,0.0002814156079602981,0.0003309876746061491,0.0,0.00038323246068468187
D4T,NRTI,127,0.0012422742867966008,0.0014548576215020147,0.0,0.001805962683044708
D4T,NRTI,128,0.004641015024171793,0.0061733330099377785,0.0,0.008421335222954072
D4T,NRTI,129,0.010262836705514929,0.016201311321929097,0.93,0.021634442130309198
D4T,NRTI,130,0.006427756242992473,0.010341097898199224,0.24,0.012822775932217504
D4T,NRTI,131,0.00292354674784292,0.003556382446549833,0.0,0.004563011435762243
D4T,NRTI,132,0.0006615631921158638,0.00046291235645185225,0.0,0.0005373060681108962
D4T,NRTI,133,0.0004910473341669786,0.000247007031684916,0.0,0.00026566371584857136
D4T,NRTI,134,0.0006473746582560125,0.0002636489615542814,0.0,0.00027585994572857156
D4T,NRTI,135,0.006064330592107581,0.0008102679290368542,0.0,0.000759595594663264
D4T,NRTI,136,0.00031532576868585236,2.1358092552645758e-05,0.0,1.4810531709959704e-05
D4T,NRTI,137,0.0006676504130200555,0.00013918909380663535,0.0,0.000148888074135271
D4T,NRTI,138,0.004915031820880813,0.0005762408452937961,0.0,0.0005296945069496036
D4T,NRTI,139,0.0003252877020463529,0.0001086596886125335,0.0,0.00011457293606020712
D4T,NRTI,140,0.00029316101585209254,8.228101813529065e-05,0.0,6.144686905860497e-05
D4T,NRTI,141,0.0005301826880850058,0.00034637602479051563,0.0,0.0004036656361085176
D4T,NRTI,142,0.004203384438228568,0.0009229188532663101,0.01,0.0009926680940987723
D4T,NRTI,143,0.02038150182168465,0.030392418999690564,1.0,0.0394075533114651
D4T,NRTI,144,0.007801022363564698,0.01117430088983383,0.78,0.014725730970746854
D4T,NRTI,145,0.011041439829314185,0.0019889934636012187,0.01,0.002422564545545221
D4T,NRTI,146,0.003712738812464522,0.004199241259484552,0.0,0.0059489512586792
D4T,NRTI,147,0.0011577241217673874,0.0013771161358454265,0.0,0.0019138514207568433
D4T,NRTI,148,0.002077091419887438,0.0021720049002033194,0.0,0.003266093284264732
D4T,NRTI,149,0.001699386010368471,0.0011521645150060066,0.0,0.0016778745238274354
D4T,NRTI,150,0.0013405787532065005,0.0016826880542794242,0.0,0.0025063426192082593
D4T,NRTI,151,0.09017398789001163,0.09335506675764918,1.0,0.11726817279386006
D4T,NRTI,152,0.0081482169318042,0.015193139623152092,0.91,0.02193005506528072
D4T,NRTI,153,0.001020469343275181,0.0010573204645334044,0.0,0.0015477995146642137
D4T,NRTI,154,0.0009496145320190408,0.0008622307277983054,0.0,0.001299136417921423
D4T,NRTI,155,0.00031281571379849994,0.00023741666580463062,0.0,0.00037722990742224295
D4T,NRTI,156,0.0018727900885642157,0.002243634008191293,0.0,0.003278521713468996
D4T,NRTI,157,0.00199955682252039,0.0010307430482498603,0.0,0.0015660260516354263
D4T,NRTI,158,0.009719168611791246,0.0014553310783958296,0.02,0.0019770583321303066
D4T,NRTI,159,0.0006784380328372209,0.0005475136831591954,0.0,0.0007608934962580866
D4T,NRTI,160,0.0018076355085395335,0.0008495095328544266,0.0,0.0012709925384707876
D4T,NRTI,161,0.001061914833380797,0.0008249145979061723,0.0,0.001214273173977615
D4T,NRTI,162,0.02904109352825799,0.00390750035912788,0.04,0.004016937982607303
D4T,NRTI,163,0.000577023939740684,0.0003280524644105753,0.0,0.0003856504641997608
D4T,NRTI,164,0.0008310212449714527,0.00038475373992696404,0.0,0.0005246789292796216
D4T,NRTI,165,0.0005367648900210043,0.0004242236201025662,0.0,0.0004787323342133012
D4T,NRTI,166,0.0003707548311717801,0.00018231236032988817,0.0,0.00017940700598638288
D4T,NRTI,167,0.0006486262498947326,0.00012180504456409835,0.0,0.00014377991975286113
D4T,NRTI,168,0.00027192518884476156,0.00013094036952679744,0.0,0.00018804122596929586
D4T,NRTI,169,0.014034316361935452,0.0014194160760234809,0.03,0.0014176960154569465
D4T,NRTI,170,0.00013702465077713554,2.6764656572595412e-05,0.0,1.5483761578439707e-05
D4T,NRTI,171,0.0008473215832054848,0.000596918605187966,0.0,0.0006829674280079788
D4T,NRTI,172,0.014096117544322623,0.004719063344527968,0.01,0.005492654618101384
D4T,NRTI,173,0.01258338952409531,0.0011761828677526863,0.04,0.001150323687104755
D4T,NRTI,174,0.0043806645295194355,0.000708371912360235,0.01,0.0006908178085202496
D4T,NRTI,175,0.0005295111252985407,0.0003813601163346902,0.0,0.0004746104932254663
D4T,NRTI,176,0.0025014495931691273,0.00033692779042212353,0.01,0.0003666793021500859
D4T,NRTI,177,0.0029584998928294227,0.00034900968157671743,0.0,0.0003518823908537317
D4T,NRTI,178,0.006423574890072814,0.0004771629294646118,0.02,0.0005412640826040963
D4T,NRTI,179,0.005374728105239228,0.0008181426931696479,0.01,0.0008535163792653156
D4T,NRTI,180,0.0008607855727404967,0.00045968429665663277,0.0,0.0005756195091874242
D4T,NRTI,181,0.017718683196144412,0.005296027816220885,0.07,0.00581421600288999
D4T,NRTI,182,0.003638537800325139,0.0024963229974673596,0.0,0.0034867533689239894
D4T,NRTI,183,0.0030200802664694494,0.001853166082437383,0.0,0.002507150571276331
D4T,NRTI,184,0.01104884047890664,0.0007541636154201114,0.0,0.0011290170720793245
D4T,NRTI,185,0.003191295800388616,0.0022389912685321176,0.0,0.0031591386864308012
D4T,NRTI,186,0.0021454880661440257,0.0010773719810822514,0.0,0.0015329591732060662
D4T,NRTI,187,0.0005491892829104472,0.0002810778938146541,0.0,0.0004114137878545679
D4T,NRTI,188,0.027464681284109248,0.0043395651958417145,0.04,0.005880902237202596
D4T,NRTI,189,0.002767531318932015,0.0008493522477874649,0.0,0.0009667424173150977
D4T,NRTI,190,0.004251249341195944,0.0013431772279000143,0.03,0.0014914178625771441
D4T,NRTI,191,0.00037767439459912566,0.00023302844716454273,0.0,0.0002932693219978249
D4T,NRTI,192,0.0018109822693713794,0.0005702810478578613,0.01,0.0005816126761371267
D4T,NRTI,193,0.0002388782469893158,8.795731446298305e-05,0.0,0.00010644791167092393
D4T,NRTI,194,0.0016991407780915324,0.00044537958259752484,0.01,0.0004164336200646866
D4T,NRTI,195,0.0024272010568734004,0.00016859802157341618,0.0,0.00015519091447197895
D4T,NRTI,196,0.002106743805468341,0.0003741735822177361,0.01,0.000271404620217679
D4T,NRTI,197,0.0002731736262921913,0.00012096819475118536,0.0,9.56242166444415e-05
D4T,NRTI,198,0.0009616505668327591,0.0005847195882597589,0.0,0.0006971793273555511
D4T,NRTI,199,0.00043989515163048057,0.000195882300449739,0.0,0.00015155739143713092
D4T,NRTI,200,0.0061201776421694375,0.0006432053878506849,0.01,0.0005089152307359695
D4T,NRTI,201,0.0003860687718133704,0.00013405350845459906,0.0,0.0001358654645848091
D4T,NRTI,202,0.0011034451944760804,0.00012592795186833428,0.0,0.00014604415825761246
D4T,NRTI,203,0.002324647295147315,0.0006467157492306796,0.0,0.0005162513166622737
D4T,NRTI,204,0.0004790707556912821,0.00017765020945262222,0.0,0.00014863065553682528
D4T,NRTI,205,0.00034462484309187856,0.00014946702181077852,0.0,0.000163172131994445
D4T,NRTI,206,0.0011331305933708791,0.00043208865081396653,0.0,0.00039641197028011715
D4T,NRTI,207,0.011320841447300153,0.0012538765194403823,0.02,0.0010542244579427934
D4T,NRTI,208,0.002595989203382487,0.0008514092654513661,0.0,0.0009056769713288076
D4T,NRTI,209,0.00029936744264432493,9.954199116691597e-05,0.0,0.00013032076380976775
D4T,NRTI,210,0.0015781247247923602,0.0003614805412871647,0.0,0.00032613418128573843
D4T,NRTI,211,0.00872426856486527,0.0011701818925575935,0.01,0.0010469861629011168
D4T,NRTI,212,0.0007283996372234469,0.00024243970296083716,0.0,0.00026950052178821565
D4T,NRTI,213,0.000953181193135606,0.00024181760827559628,0.0,0.0002587822272698142
D4T,NRTI,214,0.009017847316572443,0.0008897551181871677,0.0,0.0011700019648310327
D4T,NRTI,215,0.0024413401745187,0.0006254841607369599,0.0,0.0006982687069514967
D4T,NRTI,216,0.0006634813724031119,0.00021030439082096565,0.0,0.0002395814056980741
D4T,NRTI,217,0.0010741869246339774,0.00026522512800511325,0.0,0.00035716766974118463
D4T,NRTI,218,0.001703165239750888,0.0003827282992642722,0.0,0.0003827941636515832
D4T,NRTI,219,0.006490004962006424,0.0010853449696514872,0.01,0.0012375605037950974
D4T,NRTI,220,0.0013440715093565813,0.00044173751561174865,0.0,0.0005731024120086755
D4T,NRTI,221,0.0017797376111775521,0.0007894236169886426,0.0,0.000905040129055369
D4T,NRTI,222,0.0006539422303285391,0.00032484247654792855,0.0,0.00036396349192163285
D4T,NRTI,223,0.0027028664380713964,0.0007714134652087524,0.01,0.0007899959827923521
D4T,NRTI,224,0.00020979834584068159,9.839478000685631e-05,0.0,0.00011157042107136617
D4T,NRTI,225,0.0009724163770874839,0.0001500775245949626,0.0,0.00016390116383152104
D4T,NRTI,226,0.0002593774440447305,0.00010474116596014937,0.0,0.00011107812629206571
D4T,NRTI,227,0.0019878066053570366,0.0004633019521133974,0.0,0.0005547830283931967
D4T,NRTI,228,0.004039062663446202,0.001487308426439995,0.02,0.0016669601953721632
D4T,NRTI,229,0.00221510919778666,0.0017391581130505073,0.0,0.002232535673046942
D4T,NRTI,230,0.0020788330775030773,0.0011662552798952675,0.0,0.001597223674515777
D4T,NRTI,231,0.0019115239587699762,0.0017725116042856825,0.0,0.00227107174612322
D4T,NRTI,232,0.0017042928701630445,0.001783930426754523,0.0,0.002189949945447429
D4T,NRTI,233,0.00022027162802260136,0.00022227154426218476,0.0,0.00021828832310420268
D4T,NRTI,234,0.00027183682697341283,0.00023034278960039955,0.0,0.00025597782887488616
D4T,NRTI,235,0.00040782227598356257,0.00043699904545064784,0.0,0.00048112010065345733
D4T,NRTI,236,0.00030427929363440853,0.00015216621560284693,0.0,0.00015620579243547184
D4T,NRTI,237,0.0003258122000079311,0.00038999760057777165,0.0,0.00039570659174560706
D4T,NRTI,238,0.00011066648130963585,7.942305637698155e-05,0.0,8.375436408348119e-05
D4T,NRTI,239,0.0001538866380883519,0.000122819697662635,0.0,0.00010747692255903345
D4T,NRTI,240,0.00021266959224249148,0.00024210190080339088,0.0,0.00019297788324217145
DDI,NRTI,1,0.0005161372066768877,0.00037448778970428976,0.01,0.00030283746528313757
DDI,NRTI,2,5.72476790324572e-05,0.00011607436460508324,0.0,8.37110933683113e-05
DDI,NRTI,3,0.0001529752879150692,0.00024749240297751386,0.0,0.0002275930779786741
DDI,NRTI,4,0.0009655981043783868,0.0004217838147087605,0.01,0.00033450132726709305
DDI,NRTI,5,7.889508836882442e-05,0.0001418418474850114,0.0,0.00010703554522898838
DDI,NRTI,6,0.0009773315634470237,0.0005834465617681417,0.0,0.00047472984351785833
DDI,NRTI,7,0.00017528726439877573,0.0003114262916096777,0.0,0.000276145095513693
DDI,NRTI,8,0.00022663409020765357,0.0003804310800296662,0.0,0.00037539440145394634
DDI,NRTI,9,0.00026993518245490124,0.0004241952962911455,0.0,0.0004019212513930698
DDI,NRTI,10,0.00013236040681022132,0.00024281287544908992,0.0,0.00023494314386522742
DDI,NRTI,11,0.007530531393754245,0.0014572246617535712,0.01,0.0014720123730830325
DDI,NRTI,12,0.00023397683318080454,0.0003732295277040976,0.0,0.0003871432623061728
DDI,NRTI,13,0.0008430052823950973,0.0016844619513722136,0.0,0.001957625227793874
DDI,NRTI,14,0.0002786319311417174,0.00043178501888178287,0.0,0.0004684758653469184
DDI,NRTI,15,0.00012051623561887937,0.00018811310247656365,0.0,0.00020869226594906695
DDI,NRTI,16,0.0001611880101177121,0.00026914979119283086,0.0,0.0002814455360479085
DDI,NRTI,17,0.00021016667049252646,0.00034066893578710733,0.0,0.0003215123302027039
DDI,NRTI,18,0.00025496377066701824,0.00040959552918138796,0.0,0.00042623842503961105
DDI,NRTI,19,0.0002744194838214753,0.0004591399335185997,0.0,0.0004913106780798416
DDI,NRTI,20,0.007771903800676228,0.0035622590260027207,0.06,0.003588069801585767
DDI,NRTI,21,0.02610951905749971,0.02873829605174251,1.0,0.030306421731328703
DDI,NRTI,22,0.013205874727718765,0.03811104885186069,1.0,0.04489998843530398
DDI,NRTI,23,0.004344565212886664,0.008657458345696796,0.95,0.01221981347725943
DDI,NRTI,24,0.002911793550956645,0.005696312297077384,0.7,0.007728755985492155
DDI,NRTI,25,0.0018655195629435184,0.0044944786310952625,0.0,0.005819214076274353
DDI,NRTI,26,0.0015573415757899056,0.00274191313306801,0.0,0.003832647499921281
DDI,NRTI,27,0.013009443863647902,0.015159398381365463,0.85,0.01603671197142157
DDI,NRTI,28,0.010264028384244738,0.0018716189850238151,0.01,0.0020722372084862758
DDI,NRTI,29,0.0003030883390829331,0.0005366469762702763,0.0,0.0005778751987594876
DDI,NRTI,30,0.0031045169947537944,0.005258838745066896,0.05,0.007013971317898131
DDI,NRTI,31,0.0005478009102057512,0.0004838112270226702,0.0,0.0005324881590750984
DDI,NRTI,32,0.002519475467072425,0.0007172124597127549,0.01,0.000765673203385447
DDI,NRTI,33,0.0017657915489644438,0.0006169184533973748,0.01,0.0006964304574177572
DDI,NRTI,34,0.0003235655190610487,0.0003019246086296334,0.0,0.00039253701441323464
DDI,NRTI,35,0.009000384415576263,0.0015346535909611702,0.02,0.0015454173215369929
DDI,NRTI,36,0.00019026768187700328,0.00020924445138007286,0.0,0.00021055214186488125
DDI,NRTI,37,0.00024921509025489287,0.0001693275137040473,0.0,0.00019661247879770004
DDI,NRTI,38,0.00041157107864592035,0.00018787195450386206,0.0,0.00021997102717626695
DDI,NRTI,39,0.003090349293461259,0.0005945982879939038,0.02,0.0005909384408827411
DDI,NRTI,40,0.00018729959867414437,0.00015332169835346576,0.0,0.00015972855967600976
DDI,NRTI,41,0.0022981232385973272,0.0005007533286334365,0.0,0.0007012830784968596
DDI,NRTI,42,0.0002961289159838998,0.00023107097947104195,0.0,0.00030520473520702775
DDI,NRTI,43,0.005241547443247328,0.0011314645306629246,0.02,0.001162423065168687
DDI,NRTI,44,0.002467825831774917,0.0006898180006373877,0.01,0.0008518565525112629
DDI,NRTI,45,0.00013722498172683118,0.00013712123188724945,0.0,0.00018793625499911114
DDI,NRTI,46,0.0010035140745003445,0.0007068386946048121,0.0,0.0010677761199368364
DDI,NRTI,47,0.0009894258214580987,0.0002354086701234337,0.01,0.0003273859485374718
DDI,NRTI,48,0.00030076576574629145,0.0004790188741208112,0.0,0.0006348846372429839
DDI,NRTI,49,0.0058386281812272504,0.003443259310297435,0.03,0.004124110639787261
DDI,NRTI,50,0.0003744997974854414,0.0005447044082575303,0.0,0.0007057506097092228
DDI,NRTI,51,0.0003291470757540083,0.0005438592047721613,0.0,0.0006824293855015496
DDI,NRTI,52,0.00010684764758309484,0.00017883889125187125,0.0,0.0002023205307730076
DDI,NRTI,53,9.91680028812425e-05,0.0001935151713223604,0.0,0.00023383851301428044
DDI,NRTI,54,0.00045981592777025074,0.0006368062021283549,0.0,0.00088512845770712
DDI,NRTI,55,0.0003289579925058206,0.0007169392843206879,0.0,0.0008889876726235795
DDI,NRTI,56,9.307117379989904e-05,0.00013457829340040916,0.0,0.00018897826146097623
DDI,NRTI,57,0.00029713682444707954,0.00037607517082506093,0.0,0.0005548085685508819
DDI,NRTI,58,0.00038868676216679887,0.0005013036902346358,0.0,0.0007258352355226957
DDI,NRTI,59,0.002023413513197738,0.0037155863583029714,0.0,0.005782966166486459
DDI,NRTI,60,0.0037616449772394844,0.0009848263550156844,0.0,0.0013371079306892892
DDI,NRTI,61,0.0016678501405840507,0.001098407000536099,0.0,0.0017255279187134017
DDI,NRTI,62,0.010827637729198614,0.004696300013529253,0.02,0.006284542647162967
DDI,NRTI,63,0.004455666551293689,0.0031985539510787932,0.0,0.004561581971138175
DDI,NRTI,64,0.10919492557877675,0.12973526121117174,1.0,0.15736706909431025
DDI,NRTI,65,0.9752585174515843,0.9914452540874481,1.0,0.9927877880388397
DDI,NRTI,66,0.02465068414399866,0.026452646214747803,1.0,0.033838395656120186
DDI,NRTI,67,0.009086891132828895,0.0028942619686131367,0.03,0.003992117625337096
DDI,NRTI,68,0.015447912239833385,0.006563129904243396,0.02,0.008674968703222492
DDI,NRTI,69,0.009356152907457727,0.0023129696898104156,0.03,0.0030294570686262225
DDI,NRTI,70,0.17808823710656724,0.115171407032758,1.0,0.14990653432216572
DDI,NRTI,71,0.004219588458690851,0.0051024438865715635,0.57,0.00711649938322509
DDI,NRTI,72,0.004056268362255651,0.003946493662515422,0.0,0.005903019365139486
DDI,NRTI,73,0.002579955817254813,0.0026844923455792012,0.0,0.004005658327562473
DDI,NRTI,74,0.003032183273476221,0.0005416033880555914,0.0,0.0008005840259580566
DDI,NRTI,75,0.003960211088140113,0.0009056341388168221,0.05,0.0013073893639645392
DDI,NRTI,76,0.0005851948561485188,0.0006211144721055461,0.0,0.0010083696415592405
DDI,NRTI,77,0.0006089546083285313,0.0005346240110702638,0.0,0.0008085890879863871
DDI,NRTI,78,0.001381561304351635,0.0017261856241384522,0.0,0.002683563799379644
DDI,NRTI,79,0.0008728319145643582,0.0005957893107643031,0.01,0.0007439324717620776
DDI,NRTI,80,0.0001469724038702225,0.00020845316455051944,0.0,0.00029352543832860745
DDI,NRTI,81,0.0004488620528445608,0.0006644631655217381,0.0,0.0010210848589191704
DDI,NRTI,82,0.00031465518717141097,0.00046157716011293817,0.0,0.0005900619445900547
DDI,NRTI,83,0.0015374836039086404,0.0004400726473249961,0.03,0.000558356509001412
DDI,NRTI,84,0.0002003650575352367,0.00017850835622994056,0.0,0.0002646349939065341
DDI,NRTI,85,0.00023249943261362206,0.00041300518892967375,0.0,0.0005438181846229064
DDI,NRTI,86,0.00021128574680915336,0.000367193925412721,0.0,0.00046288133660055207
DDI,NRTI,87,0.00014457579025133781,0.00021722114325712028,0.0,0.0002780605895046785
DDI,NRTI,88,0.0001450073716364386,0.00019439036738731375,0.0,0.00022640528505422474
DDI,NRTI,89,0.0001233742076760791,0.00023979439482900487,0.0,0.0002917559920257574
DDI,NRTI,90,0.0005170654445146284,0.00021644313856995724,0.0,0.0002408573251490739
DDI,NRTI,91,0.00013176564977243288,0.00016072327722667978,0.0,0.00020185189984615163
DDI,NRTI,92,9.287175895565269e-05,0.00011482208268716932,0.0,0.00013411563982377876
DDI,NRTI,93,4.936958141058767e-05,4.535315689736308e-05,0.0,5.430112338674267e-05
DDI,NRTI,94,8.914453620327834e-06,8.08829740407191e-06,0.0,2.3856632805969622e-06
DDI,NRTI,95,8.735326651219566e-05,7.582136640166937e-05,0.0,8.488122328128444e-05
DDI,NRTI,96,5.359743443136722e-05,2.856814038750599e-05,0.0,2.405698499998284e-05
DDI,NRTI,97,6.300384487531118e-05,5.130253928427919e-05,0.0,5.204483129445752e-05
DDI,NRTI,98,0.0030272952935706597,0.000387908269590298,0.0,0.00040130118775126816
DDI,NRTI,99,8.907843964777839e-05,5.6231929997920813e-05,0.0,5.376446834553925e-05
DDI,NRTI,100,6.907395755490598e-05,3.2187792647846436e-05,0.0,2.2960104216224697e-05
DDI,NRTI,101,0.003232477080737226,0.0003789977147516765,0.01,0.000411671421296066
DDI,NRTI,102,0.003539371029974063,0.0004696676844559988,0.01,0.0004939557866320303
DDI,NRTI,103,0.0036300059744644388,0.0009617942022669012,0.03,0.0011166599613543523
DDI,NRTI,104,0.0008902342829514964,0.000358247452222713,0.0,0.0004290685451594181
DDI,NRTI,105,0.00019737850112051093,0.00011784742651798297,0.0,0.00013681011728615457
DDI,NRTI,106,0.001488093073124901,0.0001240584632341779,0.0,0.00017065946789860266
DDI,NRTI,107,0.001963828086172725,0.0003963043464136717,0.02,0.0005257156332876997
DDI,NRTI,108,0.0007351535539100951,0.0002849107916608773,0.0,0.0004134839081751948
DDI,NRTI,109,1.618325892110306e-05,1.02005909724312e-05,0.0,1.3307159392631203e-05
DDI,NRTI,110,0.0002134062959567018,0.00023541833515082543,0.0,0.0003620197947773391
DDI,NRTI,111,0.0007863031873102954,0.00013742217989374695,0.0,0.0002117758679445787
DDI,NRTI,112,0.0004784703582072325,0.0004471876834031718,0.0,0.0007327400590769397
DDI,NRTI,113,0.00022642450877810916,0.00018228870508210093,0.0,0.00028885633290926465
DDI,NRTI,114,0.00016710844865770014,0.00013399197071521486,0.0,0.0002105424976524404
DDI,NRTI,115,0.0005024746362346377,0.0001855537935762186,0.0,0.00028395845046376563
DDI,NRTI,116,0.00048112641441981906,9.829114127569482e-05,0.01,0.0001740673278922587
DDI,NRTI,117,0.00012139073741082029,9.996912050610263e-05,0.0,0.0001607377139609369
DDI,NRTI,118,0.0008544712259276821,0.00020530939808850236,0.0,0.0002987509514804142
DDI,NRTI,119,0.00011220581509974181,0.00011887811276210413,0.0,0.00016277083937297164
DDI,NRTI,120,7.581077248630663e-05,5.886588749262956e-05,0.0,8.843431521785067e-05
DDI,NRTI,121,0.0004645124908120124,0.0003945529154407268,0.0,0.0004850496394544421
DDI,NRTI,122,0.0030636865494102494,0.0008761070063428633,0.05,0.0009964360323434255
DDI,NRTI,123,0.005313940263126824,0.0007712496480417031,0.03,0.0007847688352463671
DDI,NRTI,124,0.00018573149082612872,9.577669228292506e-05,0.0,0.0001350180286758013
DDI,NRTI,125,0.00024386117286667286,0.00035701499167771543,0.0,0.0005023858312118723
DDI,NRTI,126,0.00041978751308306526,0.0005225473532846081,0.0,0.0006363760196506334
DDI,NRTI,127,3.1178185513454084e-05,2.1676139576811694e-05,0.0,2.815722315539219e-05
DDI,NRTI,128,3.408272936468393e-05,3.3809982660386595e-05,0.0,5.1896546034242926e-05
DDI,NRTI,129,0.00025302237290588894,0.00022651741386653157,0.0,0.0003395150143039752
DDI,NRTI,130,4.169192408909339e-05,4.0874576737905957e-05,0.0,5.821375117193382e-05
DDI,NRTI,131,0.00012051737317733568,9.850871119851946e-05,0.0,0.00014238482986069252
DDI,NRTI,132,3.8246969389774676e-05,2.431354287296017e-05,0.0,2.4765276256447965e-05
DDI,NRTI,133,0.0003496524365186815,0.00028692824704194207,0.0,0.0003264856638909084
DDI,NRTI,134,0.00034096429282726604,0.00016690919936081626,0.0,0.0001846613371843393
DDI,NRTI,135,0.002846151551582352,0.000620900709882335,0.0,0.0006649492948920445
DDI,NRTI,136,0.00015406426521280992,5.711389602765848e-05,0.0,5.162381264431484e-05
DDI,NRTI,137,0.00018124196959774962,8.057950873990193e-05,0.0,8.498721514412898e-05
DDI,NRTI,138,0.0018811865083057456,0.00020653087787195546,0.0,0.00020027018206197444
DDI,NRTI,139,0.00011647619128183351,3.763850763107257e-05,0.0,3.488913280154553e-05
DDI,NRTI,140,0.00021795200173983177,0.00011055079316065531,0.0,9.684953470349786e-05
DDI,NRTI,141,0.00022730454695647496,0.00013411511664799037,0.0,0.00016139711486222227
DDI,NRTI,142,0.0025992059283248634,0.0004945168486619878,0.01,0.0005530168287541893
DDI,NRTI,143,0.0011179041343257268,0.0015837314540112857,0.0,0.0023426680766501303
DDI,NRTI,144,0.00011470728515462269,7.597167045560127e-05,0.0,0.00011277311998370731
DDI,NRTI,145,0.0032613327618878428,0.00042249784915838974,0.01,0.0006100804862993883
DDI,NRTI,146,0.0001299792736699601,9.994179973091377e-05,0.0,0.0001639794304178955
DDI,NRTI,147,0.00010755933130212724,0.00013399112776369293,0.0,0.00021224981944673103
DDI,NRTI,148,0.00028904522961738623,0.00032662353141859056,0.0,0.000536640517122784
DDI,NRTI,149,3.602420573287191e-05,1.7703604560210805e-05,0.0,3.221409460805694e-05
DDI,NRTI,150,0.0002988728921582151,0.00032315330799974616,0.0,0.0005063878611183616
DDI,NRTI,151,0.010561916633769215,0.0017245716026445734,0.05,0.002852350595779153
DDI,NRTI,152,0.00021024170365308237,0.000221516187511952,0.0,0.0003598619930428747
DDI,NRTI,153,9.313829697191523e-05,6.650283597537055e-05,0.0,0.00010523954444783697
DDI,NRTI,154,0.0010111850432713255,0.0010101034837134647,0.0,0.0016304539444257796
DDI,NRTI,155,5.217875457105947e-05,3.8543961279629004e-05,0.0,6.360803809241158e-05
DDI,NRTI,156,0.0001657209266636528,0.00012172777938303625,0.0,0.00019666166783384852
DDI,NRTI,157,0.00038150858330027404,0.000166636755188847,0.0,0.00027077946832529333
DDI,NRTI,158,0.0009402882292852154,0.00016594281969901204,0.0,0.00023103674044687092
DDI,NRTI,159,1.9782115949880107e-05,3.425213104009117e-06,0.0,5.440382899869779e-06
DDI,NRTI,160,0.00010342518170432413,3.192183427586315e-05,0.0,5.33135295101486e-05
DDI,NRTI,161,0.00018495064345756872,0.00015842427445932116,0.0,0.0002462932977016889
DDI,NRTI,162,0.0024436474470132907,0.0002819276567038287,0.0,0.00031392666043625404
DDI,NRTI,163,2.8355115215354942e-05,9.098797919477875e-06,0.0,4.10947318039426e-06
DDI,NRTI,164,3.507794239887119e-05,3.1751950223224414e-06,0.0,2.5232806122782508e-06
DDI,NRTI,165,7.089342955822531e-05,6.307158515710398e-05,0.0,6.696970738134258e-05
DDI,NRTI,166,0.00014992693208853324,0.00010992775446993619,0.0,0.00010651360385588965
DDI,NRTI,167,9.078081894784873e-05,1.2402694565594174e-05,0.0,6.836181397549159e-06
DDI,NRTI,168,3.510154372442287e-05,2.4047416137591425e-05,0.0,3.138065641653522e-05
DDI,NRTI,169,0.0019747923090860553,0.00022380015697308407,0.01,0.0002416016157555235
DDI,NRTI,170,9.965748171339328e-05,6.53627520068767e-05,0.0,5.811174267852901e-05
DDI,NRTI,171,0.00010918337046575744,6.145897612213957e-05,0.0,7.112897306204571e-05
DDI,NRTI,172,0.001686871706032207,0.0004207637108220297,0.01,0.0005118169141912284
DDI,NRTI,173,0.002766362307622501,0.00021111904501594836,0.0,0.00022590974406759174
DDI,NRTI,174,0.001726305815456044,0.00033197428988387403,0.0,0.0003581690073210756
DDI,NRTI,175,0.0001286567683899875,8.259136503966147e-05,0.0,0.00011056684738601566
DDI,NRTI,176,0.0017953183403892582,0.00024870392010143403,0.01,0.0002966259487933527
DDI,NRTI,177,0.0012447475613714687,0.0002426384777390922,0.0,0.0002651879479337458
DDI,NRTI,178,0.005367885120647315,0.0007134835741317147,0.02,0.0008518837780068119
DDI,NRTI,179,0.0020986705489713132,0.0002979570747584148,0.01,0.00032633151972647455
DDI,NRTI,180,3.586748915068938e-05,1.1972783413511934e-05,0.0,1.1666596033085798e-05
DDI,NRTI,181,0.0005002569596445028,0.00017441542361325445,0.0,0.00019391296642292177
DDI,NRTI,182,0.0005467707769048502,0.0004052013045475178,0.0,0.0006466836066151009
DDI,NRTI,183,7.493634433672014e-05,1.5919940336175385e-05,0.0,2.5848946777137986e-05
DDI,NRTI,184,0.0016084868283815013,0.00017480178556070314,0.0,0.00028105908296579234
DDI,NRTI,185,0.00048569670826964284,0.00037047516538223134,0.0,0.0005798658289144134
DDI,NRTI,186,0.0005106714157682291,0.0002655464801227936,0.0,0.00042123022819228026
DDI,NRTI,187,4.204412442746275e-05,9.002552523895702e-06,0.0,1.4926516010707188e-05
DDI,NRTI,188,0.0005184222738036226,3.866299589613931e-05,0.0,5.523473188805194e-05
DDI,NRTI,189,0.0005052867538165629,9.185703237790221e-05,0.0,0.00010811898698004634
DDI,NRTI,190,0.0007593058972406652,0.00022335872530902635,0.0,0.00025427329145364953
DDI,NRTI,191,0.00024990683527676083,0.00019887143061168898,0.0,0.00026095024850749293
DDI,NRTI,192,0.000947210768028981,0.00031743518648454485,0.01,0.0003287155118400383
DDI,NRTI,193,0.00025225842695135724,0.00021244138003567058,0.0,0.00025822490417818473
DDI,NRTI,194,0.00048269860466234606,0.0002370585051994567,0.0,0.0002354036013977801
DDI,NRTI,195,0.0016990499252233348,0.00021900279867622885,0.01,0.00021718822988078788
DDI,NRTI,196,0.001024456198210828,0.00023040764182269413,0.01,0.00017700876591551128
DDI,NRTI,197,0.0002457747230698715,0.00013893847841245588,0.0,0.00011979204964519101
DDI,NRTI,198,0.00015403409959162672,8.672450393987674e-05,0.0,0.00011090358578620115
DDI,NRTI,199,8.0003043982515e-05,4.668870451496332e-05,0.0,3.0040868897186525e-05
DDI,NRTI,200,0.0025282590067956788,0.00043917080405435626,0.01,0.0003838916509311749
DDI,NRTI,201,0.000400556144732036,0.0002420385634104605,0.0,0.0002595016612057253
DDI,NRTI,202,0.0007981212506263091,0.0002022957373947065,0.0,0.0002340902061227057
DDI,NRTI,203,0.0011797988497781375,0.00039553459618105083,0.0,0.0003094943622952748
DDI,NRTI,204,0.0001211800133125962,6.567131481006073e-05,0.0,5.426165791078455e-05
DDI,NRTI,205,3.7971239552803124e-05,1.5891066734070592e-05,0.0,1.0945767696538073e-05
DDI,NRTI,206,0.0001625769127372223,8.89554567356754e-05,0.0,7.773094224501365e-05
DDI,NRTI,207,0.0029917514396640855,0.00043624153969631154,0.01,0.0003878677859929308
DDI,NRTI,208,0.0006008929587312651,0.00015380131860865732,0.0,0.00016951661269680535
DDI,NRTI,209,5.786360618841968e-05,1.7312619664267005e-05,0.0,1.5204194543529668e-05
DDI,NRTI,210,0.0005867243804368627,0.00012179095175270049,0.0,0.00010827370961384086
DDI,NRTI,211,0.0036953475202631124,0.0006392713388913762,0.0,0.000595826461748463
DDI,NRTI,212,0.00019777598429527644,7.380270684507196e-05,0.0,7.642676534411425e-05
DDI,NRTI,213,0.00012622432343221135,3.531347862804068e-05,0.0,3.294965891866001e-05
DDI,NRTI,214,0.002414924729205268,0.00027150944018558223,0.0,0.00038323144205117994
DDI,NRTI,215,0.0021679068467256,0.0005560086756031524,0.0,0.00065061836414671
DDI,NRTI,216,0.00016740860424874882,6.310135451485621e-05,0.0,7.084210990534104e-05
DDI,NRTI,217,0.0010441029163757777,0.000450190370065684,0.0,0.0006151407371138914
DDI,NRTI,218,0.0007324813518903284,0.00027396714233418606,0.0,0.00029530576291089564
DDI,NRTI,219,0.009309930941253697,0.0021497864744378604,0.06,0.0027203300970034556
DDI,NRTI,220,0.00216546483366983,0.0010651524570494076,0.0,0.0014528583050295147
DDI,NRTI,221,0.0007678082943687059,0.00013626410740243954,0.0,0.0001640865477914898
DDI,NRTI,222,0.00022410565549080275,0.000155397289126995,0.0,0.00017672095765762264
DDI,NRTI,223,0.0015056953980661092,0.000717292814351822,0.02,0.0007839649247267704
DDI,NRTI,224,0.00022123338489336676,0.0001596260626001822,0.0,0.00017465944931465614
DDI,NRTI,225,0.00079845459526382,0.00015089951049503724,0.0,0.00016008253698249957
DDI,NRTI,226,0.0001611865574341209,9.828301402194484e-05,0.0,0.00010498957629250278
DDI,NRTI,227,0.0016094221124546948,0.00020196486084842036,0.0,0.0002506454171774422
DDI,NRTI,228,0.0029425612416389413,0.0010879540497080599,0.04,0.0013374809773685058
DDI,NRTI,229,0.00021964153645058105,9.965051463041163e-05,0.0,0.0001434068023922378
DDI,NRTI,230,9.870203900561592e-05,2.6286784225248995e-05,0.0,4.3739514294443386e-05
DDI,NRTI,231,0.00025131537221795953,0.00022340805850035395,0.0,0.0003263765855968877
DDI,NRTI,232,7.901638074031325e-05,4.60578895922481e-05,0.0,6.139274097329255e-05
DDI,NRTI,233,4.087067177295012e-05,3.2204586382249545e-05,0.0,2.5855657828689052e-05
DDI,NRTI,234,4.5589028773065365e-05,2.978133607825839e-05,0.0,2.9231265147760124e-05
DDI,NRTI,235,0.00012950970514168602,9.464495702104613e-05,0.0,9.858782844963391e-05
DDI,NRTI,236,0.00013537564320358796,0.00010891806340623589,0.0,0.00011744463750821794
DDI,NRTI,237,3.7394000086123926e-05,4.513838573529938e-05,0.0,4.126847594385533e-05
DDI,NRTI,238,0.00042539383658095174,0.00045821078379958634,0.0,0.0005019035180140204
DDI,NRTI,239,8.926841642676209e-05,7.710702488111565e-05,0.0,6.752344982392e-05
DDI,NRTI,240,0.00011320975370153974,0.0001465379693581781,0.0,0.0001264738215900798
3TC,NRTI,1,0.0007347420984478958,0.00432348448841367,0.01,0.002771520076946749
3TC,NRTI,2,0.0005514234412294173,0.006058272788650356,0.0,0.0038481080474808815
3TC,NRTI,3,0.00040539239433201146,0.0038327084702905268,0.0,0.0027703816359283175
3TC,NRTI,4,0.0023626402087757016,0.006276254486583639,0.01,0.004198732567633245
3TC,NRTI,5,0.0005711541949676757,0.005654842110816389,0.0,0.003653929412917436
3TC,NRTI,6,0.002029717919376708,0.005636300654296065,0.0,0.00402697059416756
3TC,NRTI,7,0.00039310575117269765,0.004219997358159162,0.0,0.0030624354021130057
3TC,NRTI,8,0.00023532227864961897,0.003075124343886273,0.0,0.002248733596405597
3TC,NRTI,9,0.0005121739668720693,0.004349200263095554,0.0,0.0032940194236653637
3TC,NRTI,10,0.00022081098451053548,0.002550182873092126,0.0,0.0018326543527094905
3TC,NRTI,11,0.0032279792079680193,0.007162751071009552,0.01,0.006408568683401276
3TC,NRTI,12,0.0005387825729849283,0.0046711233181122224,0.0,0.003949511906173407
3TC,NRTI,13,0.00100597354103229,0.00876174728560727,0.0,0.008818511498914846
3TC,NRTI,14,0.0011741461967903887,0.010069237496063579,0.0,0.00896181150664641
3TC,NRTI,15,0.0032033326556847896,0.02474379557883367,0.68,0.02276469376711241
3TC,NRTI,16,0.0007265966601335094,0.005878360832866747,0.0,0.005131589069914118
3TC,NRTI,17,0.00036371272391988896,0.004255985428171698,0.0,0.0032090717819744656
3TC,NRTI,18,0.000495374868678482,0.00411530933517497,0.0,0.0034201044595528617
3TC,NRTI,19,0.0003874610834827763,0.003002282038651174,0.0,0.0025933455530933957
3TC,NRTI,20,0.0032391456492950966,0.0067618224857142195,0.03,0.006210467292330871
3TC,NRTI,21,0.011392562780874868,0.010085148164216661,0.02,0.009281715011610441
3TC,NRTI,22,0.0007498512190613838,0.005582706570567098,0.0,0.005832532929490268
3TC,NRTI,23,0.0011409057944911183,0.006849924573907628,0.0,0.00838355426432701
3TC,NRTI,24,0.0007377324280787434,0.003695991729327943,0.0,0.004147827350287848
3TC,NRTI,25,0.000553299072853406,0.0036689184479473625,0.0,0.0038674650775569
3TC,NRTI,26,0.0011750238928289036,0.006551884580403566,0.0,0.0075804290642530105
3TC,NRTI,27,0.004055997620962443,0.008682603220513556,0.01,0.0090210952513029
3TC,NRTI,28,0.013088327458754066,0.022027790856664068,0.01,0.021294973383467957
3TC,NRTI,29,0.0014935113118554,0.00892993996734731,0.0,0.008132775660632445
3TC,NRTI,30,0.0018369324775994755,0.01040232250088593,0.0,0.011988149958079201
3TC,NRTI,31,0.0026025651513191406,0.00987092893657973,0.0,0.009280213825110498
3TC,NRTI,32,0.008112561037341948,0.014496004313114099,0.01,0.012619544376152227
3TC,NRTI,33,0.006653682630130788,0.01341684529732447,0.01,0.014074284501735469
3TC,NRTI,34,0.001651130675600143,0.006008127602690365,0.0,0.006534120281118194
3TC,NRTI,35,0.04203695831551158,0.04006376597099006,0.13,0.03542070426654598
3TC,NRTI,36,0.001807315948062751,0.008216511067003012,0.0,0.0069884742173070115
3TC,NRTI,37,0.0012827401477989043,0.004543457306426717,0.0,0.004295129396439341
3TC,NRTI,38,0.002576181867116247,0.0054812331261928195,0.0,0.005319454791560234
3TC,NRTI,39,0.02304161255255167,0.02339322331274161,0.09,0.02131741125842296
3TC,NRTI,40,0.002060238545454922,0.007976160040707328,0.0,0.007126083467396679
3TC,NRTI,41,0.00696577703114599,0.0067430440240423195,0.04,0.00817344368994598
3TC,NRTI,42,0.0013994826822090545,0.005013015016593272,0.0,0.005678834880609461
3TC,NRTI,43,0.03171238821960287,0.03824412939255126,0.64,0.0338502055784617
3TC,NRTI,44,0.01170353903376963,0.015018211989081464,0.06,0.015896691763005483
3TC,NRTI,45,0.002189031688030809,0.012917009473312646,0.0,0.015081060152809769
3TC,NRTI,46,0.0007724851125567511,0.002512138586680521,0.0,0.0030955940885224187
3TC,NRTI,47,0.0018938024277667864,0.0038355828271596695,0.01,0.004334305818427375
3TC,NRTI,48,0.0008664090642014344,0.005244140029681148,0.0,0.006063741288810718
3TC,NRTI,49,0.0025435055632624425,0.0056715070488280615,0.03,0.006083185312536255
3TC,NRTI,50,0.0005405135913679259,0.0037549259867228103,0.0,0.0042143927051896705
3TC,NRTI,51,0.0013570110504588229,0.009748511097568554,0.0,0.010002896399811693
3TC,NRTI,52,0.0010553896563214949,0.008006928338436409,0.0,0.007679405490271439
3TC,NRTI,53,0.0012393216886630398,0.008258979634556454,0.0,0.00854905847110794
3TC,NRTI,54,0.0011994898380362428,0.0075730755034601315,0.0,0.008911302193356889
3TC,NRTI,55,0.0003050358512518869,0.002739635278703645,0.0,0.002712964859473716
3TC,NRTI,56,0.0006052564294259355,0.0043767555654630995,0.0,0.005249270771420609
3TC,NRTI,57,0.00172811772179557,0.0076924331218469885,0.0,0.010054090290949091
3TC,NRTI,58,0.0006690013765182812,0.004043443281552754,0.0,0.005235206863426964
3TC,NRTI,59,0.0005716804530493391,0.002875668238775688,0.0,0.0038821474234159597
3TC,NRTI,60,0.005861875759001123,0.006287220199010335,0.04,0.007705931537889701
3TC,NRTI,61,0.001646708305197535,0.0032756622529996095,0.0,0.004363047969486364
3TC,NRTI,62,0.006071478302146716,0.005139980701933382,0.02,0.006238856358999731
3TC,NRTI,63,0.0038343938451725987,0.009009578039404005,0.0,0.010924520306511627
3TC,NRTI,64,0.012118841106275795,0.0152030151366489,0.01,0.016269674592251804
3TC,NRTI,65,0.0968350053881295,0.15482456448022275,0.99,0.18383027307843647
3TC,NRTI,66,0.0271486306830775,0.06555004726164043,0.82,0.07330714736422245
3TC,NRTI,67,0.8703800570964814,0.9194891867041588,1.0,0.940334655202065
3TC,NRTI,68,0.019140303429448977,0.025927619696594774,0.43,0.029216231830342228
3TC,NRTI,69,0.012245561959571206,0.01240386650140863,0.14,0.015250359180114463
3TC,NRTI,70,0.01380473879573401,0.0201948579546297,0.67,0.025347676467511782
3TC,NRTI,71,0.0011209204877377487,0.00328237910522148,0.0,0.003719795089217616
3TC,NRTI,72,0.0022265014886215795,0.007657285395835061,0.0,0.00993096713694463
3TC,NRTI,73,0.0008268776600016281,0.0024362909451883753,0.0,0.003202778108979865
3TC,NRTI,74,0.014857038998889039,0.009560931183514185,0.08,0.01244384390493757
3TC,NRTI,75,0.0071317233806621515,0.005523591284436406,0.05,0.007399295666844287
3TC,NRTI,76,0.0006511900445548235,0.002491728777094977,0.0,0.003384692940754428
3TC,NRTI,77,0.0007180051640898455,0.0024977153709915003,0.0,0.0033147184336855696
3TC,NRTI,78,0.0028889478990458883,0.012725395575980656,0.08,0.01659812570271026
3TC,NRTI,79,0.0018831855825555976,0.004606652627553558,0.01,0.005348712608684228
3TC,NRTI,80,0.00032843423438862375,0.0023521651112969268,0.0,0.0027340813372294737
3TC,NRTI,81,0.00109645416305284,0.006184011357254349,0.0,0.00839885654135456
3TC,NRTI,82,0.001010753195732832,0.0054886246766545806,0.0,0.006002690148456493
3TC,NRTI,83,0.009877142743607691,0.009883402115956414,0.04,0.010794291873488602
3TC,NRTI,84,0.00025967073161154987,0.0014801787507167318,0.0,0.0017499025317314078
3TC,NRTI,85,0.0006147986996256805,0.0042043519507569726,0.0,0.004467770395031654
3TC,NRTI,86,0.00041792845127019973,0.002826088289293693,0.0,0.0029304393581264065
3TC,NRTI,87,0.00042106208060431526,0.0029178012130432764,0.0,0.002917549142621632
3TC,NRTI,88,0.0006500701116965501,0.004099937978753587,0.0,0.0038660409035975386
3TC,NRTI,89,0.0004502948416120489,0.0028661559271859005,0.0,0.002871512355987923
3TC,NRTI,90,0.0013647253116869252,0.0031802288107428468,0.02,0.003189671447482293
3TC,NRTI,91,0.0005063879894987622,0.0025048673620040062,0.0,0.0025315392697614447
3TC,NRTI,92,0.0010836522543104365,0.005444004327873699,0.0,0.005197721156871502
3TC,NRTI,93,0.0013056720703025348,0.006246268741087988,0.0,0.006305317856275876
3TC,NRTI,94,0.0005864836338423629,0.0033218800189206378,0.0,0.0030616090142379444
3TC,NRTI,95,0.0006171817317954264,0.003190093378070742,0.0,0.0029314766742286435
3TC,NRTI,96,0.0013612027253839187,0.005125646166852675,0.0,0.004449485441420643
3TC,NRTI,97,0.0009661409379987162,0.003947327939094976,0.0,0.0034502887504724855
3TC,NRTI,98,0.04776081177187734,0.031012285672477446,0.08,0.026895708277759747
3TC,NRTI,99,0.002260783909914608,0.0078113521635532375,0.0,0.0070736637506533875
3TC,NRTI,100,0.0015316649570559094,0.004616307786491234,0.0,0.003590742466815077
3TC,NRTI,101,0.030333064643455147,0.01773456250928575,0.08,0.016039241914185435
3TC,NRTI,102,0.01548977568250848,0.021909304306609555,0.01,0.02018298166562035
3TC,NRTI,103,0.015905592076378525,0.017135388041788248,0.17,0.018269472466809305
3TC,NRTI,104,0.003097124346422788,0.00608896679157624,0.0,0.006034169515095111
3TC,NRTI,105,0.0007810579213219171,0.001822968862761627,0.0,0.0017725515599739743
3TC,NRTI,106,0.012627620000907882,0.006329475749953417,0.12,0.007200413524379169
3TC,NRTI,107,0.004495380180296707,0.005010110174771399,0.02,0.005783848337410838
3TC,NRTI,108,0.001423180166648308,0.002533318326677545,0.01,0.003248712660807532
3TC,NRTI,109,0.0004936252031075128,0.0021985060856241035,0.0,0.0024538619880851275
3TC,NRTI,110,0.0008913552130979951,0.005468334514589514,0.0,0.007042523616713099
3TC,NRTI,111,0.0005738011492121587,0.0005516989901661873,0.01,0.0007643983201695906
3TC,NRTI,112,0.0012168059585019363,0.004281783676269697,0.0,0.005860146417903549
3TC,NRTI,113,0.0006729922995873494,0.002565776337432908,0.0,0.0033751965264044383
3TC,NRTI,114,0.0002525442127716815,0.0015241906943992945,0.0,0.0020521365377870675
3TC,NRTI,115,0.000656997790938476,0.0009000509600082296,0.01,0.001263020351845231
3TC,NRTI,116,0.005599491770315126,0.002677056975844607,0.01,0.003522440928197231
3TC,NRTI,117,0.0005344530753063736,0.0020011479941604193,0.0,0.0026289636011167967
3TC,NRTI,118,0.0012883601445537352,0.0010518761024286504,0.0,0.0013256101833980535
3TC,NRTI,119,0.0003034199442117824,0.001490812837073463,0.0,0.001670611986690237
3TC,NRTI,120,0.0002977866214405367,0.0014288910686445888,0.0,0.001678240653673259
3TC,NRTI,121,0.0005998615045064071,0.0017578893491008785,0.0,0.0017228346061249154
3TC,NRTI,122,0.015056830863613868,0.013077527841960545,0.05,0.012864812011945786
3TC,NRTI,123,0.02569628550656489,0.02735050113114994,0.12,0.02670190887190738
3TC,NRTI,124,0.0007709103521483484,0.0022318578137492297,0.0,0.002619225895215985
3TC,NRTI,125,0.001413122872072563,0.005653067518724128,0.0,0.006559145060101484
3TC,NRTI,126,0.0009387053021782776,0.004365147300268291,0.0,0.0043098044392163425
3TC,NRTI,127,0.0006331758053056547,0.003003155423066346,0.0,0.003323713713700852
3TC,NRTI,128,0.00022454200449828932,0.0011333323644794292,0.0,0.0013984510945138934
3TC,NRTI,129,0.0010802926735050278,0.00494956958325929,0.0,0.006236750826914595
3TC,NRTI,130,0.0003426854099143384,0.0017183928829763318,0.0,0.0018518733964518349
3TC,NRTI,131,0.0008067864758049836,0.0032360281718138138,0.0,0.003821075316012208
3TC,NRTI,132,0.0005333530403913755,0.002074419490672881,0.0,0.0019663136085133572
3TC,NRTI,133,0.0008409595122793689,0.0027954085791134274,0.0,0.0025873734682495555
3TC,NRTI,134,0.002220613860990852,0.005394912165938876,0.0,0.004984641790930377
3TC,NRTI,135,0.014268114686128684,0.011872299037931952,0.09,0.010962350639104716
3TC,NRTI,136,0.009356905778986402,0.018702984428964554,0.0,0.015937214239283105
3TC,NRTI,137,0.0061285229388158766,0.011925292631494812,0.0,0.010966366947090682
3TC,NRTI,138,0.033531606833857946,0.026197485677257645,0.16,0.02324748852610781
3TC,NRTI,139,0.0021958106644888176,0.004966834225051571,0.0,0.004493387828843851
3TC,NRTI,140,0.0021447343082036242,0.0054446634487248955,0.0,0.004226226006947781
3TC,NRTI,141,0.0012847472094290424,0.003511573452706216,0.0,0.003500774703677249
3TC,NRTI,142,0.00915269422581332,0.0053853015787899495,0.01,0.0048429769633445445
3TC,NRTI,143,0.0016218307506278506,0.006272602207027376,0.0,0.007696459071108778
3TC,NRTI,144,0.00037833565487744637,0.001575605762336636,0.0,0.001763374442207706
3TC,NRTI,145,0.005582669883660856,0.008557146165840095,0.01,0.010853352394313629
3TC,NRTI,146,0.00026272185936704773,0.0008760560060545686,0.0,0.0011925197832939954
3TC,NRTI,147,0.0012798744994506706,0.006428567641414702,0.0,0.008187642520269114
3TC,NRTI,148,0.00021952719433784295,0.0009735432768502505,0.0,0.0013382553667654635
3TC,NRTI,149,0.0002214387866820289,0.000651218934362987,0.0,0.0008657810115540461
3TC,NRTI,150,0.0005730336504620936,0.0020590594029636124,0.0,0.002793342222375408
3TC,NRTI,151,0.014723285228628811,0.008004374117153929,0.05,0.010479384551937851
3TC,NRTI,152,0.001191117012349423,0.005138460728048812,0.0,0.00707075793521103
3TC,NRTI,153,0.0006284528118885646,0.002519309138588142,0.0,0.0032047320533028596
3TC,NRTI,154,0.0012487135129595117,0.005188566722208634,0.0,0.006981069433157161
3TC,NRTI,155,0.0012826649027556413,0.004057366130145965,0.0,0.0053224228407417
3TC,NRTI,156,0.00045353956321378066,0.001820558530598646,0.0,0.0023773642054588083
3TC,NRTI,157,0.0007437021375517361,0.0015619844952743734,0.0,0.0021144281351450724
3TC,NRTI,158,0.011267637524560996,0.007126333380147116,0.02,0.008647327933345496
3TC,NRTI,159,0.0003601494042061404,0.0015281095837417524,0.0,0.0018575208386303382
3TC,NRTI,160,0.00045032753360374044,0.001456862399209058,0.0,0.001942908825802295
3TC,NRTI,161,0.0015450747024260635,0.004768979377695359,0.0,0.00601350083327076
3TC,NRTI,162,0.02884191154658765,0.023800969677395187,0.09,0.02246031235988898
3TC,NRTI,163,0.0006146817876651766,0.0021150075049808947,0.0,0.0021085648892188963
3TC,NRTI,164,0.0009837465741293272,0.0030021787743316963,0.0,0.003595717033348306
3TC,NRTI,165,0.0012867308229215267,0.00552656787855085,0.0,0.0054900850120940484
3TC,NRTI,166,0.0014336914386512945,0.005870878591376822,0.0,0.005113329923421553
3TC,NRTI,167,0.0024892750829894794,0.004027716772543499,0.0,0.0038172719576165127
3TC,NRTI,168,0.000639449590789809,0.002745716143253958,0.0,0.0028808069370682924
3TC,NRTI,169,0.01738012777594122,0.015619350178167225,0.03,0.015075745141581633
3TC,NRTI,170,0.0016854593623793334,0.007463644629169721,0.0,0.006193230753730568
3TC,NRTI,171,0.0009597796647540235,0.003910174686898245,0.0,0.003703998740193363
3TC,NRTI,172,0.004069578644885041,0.007735934439115227,0.01,0.008436042857690744
3TC,NRTI,173,0.03900752402583749,0.03780066737119341,0.06,0.03534132225259241
3TC,NRTI,174,0.011211632722479407,0.01837904436979443,0.06,0.017667762985731566
3TC,NRTI,175,0.00199864765170787,0.008760887411481235,0.0,0.009122038774169575
3TC,NRTI,176,0.007487134935436188,0.013144872187112924,0.01,0.01339423628159739
3TC,NRTI,177,0.02885986977547873,0.03649920221068896,0.13,0.03410592505162193
3TC,NRTI,178,0.03607843330231844,0.041905478063272314,0.05,0.04336617885208233
3TC,NRTI,179,0.010148791315914422,0.013491743589111139,0.03,0.013115552743324868
3TC,NRTI,180,0.000887056252995535,0.0029370594015927054,0.0,0.0030896828838610684
3TC,NRTI,181,0.004837368298067304,0.006690552553191082,0.04,0.007198087801129353
3TC,NRTI,182,0.0008974725381631288,0.0023710332092741738,0.0,0.0030791437804187733
3TC,NRTI,183,0.0010569206699437928,0.0024607676010782596,0.0,0.003020024444346292
3TC,NRTI,184,0.006377309384770342,0.0030025101004866883,0.08,0.004078023371027664
3TC,NRTI,185,0.001123714517125336,0.003506669301423244,0.0,0.0046309617127547106
3TC,NRTI,186,0.0013751319365837844,0.002959710049253772,0.0,0.003738451898537914
3TC,NRTI,187,0.0006479131874129962,0.0017061597920837812,0.0,0.0021122100539909677
3TC,NRTI,188,0.01173875187543672,0.006011418277921621,0.03,0.006984886056943937
3TC,NRTI,189,0.003033642220325419,0.004942935156141175,0.04,0.0052586031570218674
3TC,NRTI,190,0.007016679691660101,0.010887279231392313,0.03,0.011246155571894938
3TC,NRTI,191,0.0021215402708185138,0.008063742450030987,0.0,0.008448567989191058
3TC,NRTI,192,0.0028698775648808806,0.004963649949204409,0.01,0.004455239761831463
3TC,NRTI,193,0.0017856976852635854,0.006781699666462373,0.0,0.006802803319346572
3TC,NRTI,194,0.004146660773003532,0.008187964351382106,0.01,0.007599462180604906
3TC,NRTI,195,0.013446169258095324,0.02293797783786431,0.01,0.020188107719061595
3TC,NRTI,196,0.031264230212836995,0.04068846162757836,0.42,0.03173536657800288
3TC,NRTI,197,0.0022545714276930085,0.008261316556599922,0.0,0.006220455474507364
3TC,NRTI,198,0.0021625941007368966,0.006205734426621348,0.0,0.006529459220802749
3TC,NRTI,199,0.004369238766084891,0.015138229360454716,0.0,0.011530719648532797
3TC,NRTI,200,0.0249358263699105,0.027678296552039683,0.08,0.023036014095018386
3TC,NRTI,201,0.0028293788099836093,0.009653817035723478,0.0,0.008622075323867917
3TC,NRTI,202,0.017161558450825395,0.018364895862760022,0.05,0.018467501797848406
3TC,NRTI,203,0.013255418062399257,0.01702817863842938,0.03,0.012885408388082513
3TC,NRTI,204,0.0018022764473425922,0.005827773408673238,0.0,0.00454587335140726
3TC,NRTI,205,0.0012913117135758513,0.004781452329771127,0.0,0.004605949371110156
3TC,NRTI,206,0.0028171814623783576,0.008636915603710804,0.0,0.007313209922283409
3TC,NRTI,207,0.02497759291472903,0.02617718290857738,0.11,0.021350973960768998
3TC,NRTI,208,0.004569109490112169,0.0065550726595392916,0.0,0.00645317243996145
3TC,NRTI,209,0.0013350923606412835,0.003087545012822375,0.0,0.0031309140482710983
3TC,NRTI,210,0.00871970702217368,0.010927563306468073,0.04,0.009199687088064125
3TC,NRTI,211,0.04309652540745446,0.03968485004850663,0.13,0.033128872910598635
3TC,NRTI,212,0.002427602584102715,0.004265751252387417,0.0,0.004047308525439851
3TC,NRTI,213,0.004950445068752743,0.009050408095645253,0.0,0.008552444486931685
3TC,NRTI,214,0.01196939137618756,0.005045731623831671,0.0,0.006153337892321277
3TC,NRTI,215,0.007110266538074938,0.00648189437459223,0.03,0.006484745628670157
3TC,NRTI,216,0.00225560697963374,0.0044204573739261835,0.0,0.004373269623128441
3TC,NRTI,217,0.00431765994100715,0.007827481664717197,0.0,0.008970624684841815
3TC,NRTI,218,0.004737267048258218,0.007664022075769026,0.04,0.0072103680315715206
3TC,NRTI,219,0.05347306417650543,0.053367440595757216,0.87,0.05762597439574111
3TC,NRTI,220,0.006351314030034701,0.012426508675562218,0.0,0.014421398968239425
3TC,NRTI,221,0.021684576601328446,0.016470186111400834,0.04,0.01622056040643732
3TC,NRTI,222,0.002695503322756849,0.0070008368929848075,0.0,0.0065982387139823274
3TC,NRTI,223,0.008576760308860685,0.011800284463970457,0.02,0.011917903942969146
3TC,NRTI,224,0.003444518166797934,0.00995102950837463,0.0,0.009258664049201362
3TC,NRTI,225,0.018267745514021952,0.019172804853296838,0.03,0.016684584775086508
3TC,NRTI,226,0.0020795206709590276,0.006370903970382642,0.0,0.005791987077206446
3TC,NRTI,227,0.01427678406240375,0.009238380708702608,0.1,0.009256623206394126
3TC,NRTI,228,0.007222531943298236,0.009646923912514467,0.06,0.010524884516185109
3TC,NRTI,229,0.002518070538098982,0.005427579980459995,0.0,0.006558862567321822
3TC,NRTI,230,0.0008124445432531502,0.0015553834015736357,0.0,0.0019425060245396172
3TC,NRTI,231,0.002867282341394457,0.008601081140513998,0.0,0.00970070010754457
3TC,NRTI,232,0.0009977599378544256,0.0031511699757538736,0.0,0.0034554050429732768
3TC,NRTI,233,0.001271867843606742,0.005495731834380422,0.0,0.004799856545599827
3TC,NRTI,234,0.0009527230472485826,0.0035588878057023978,0.0,0.00346328558495151
3TC,NRTI,235,0.0018433292827103288,0.00776613146852469,0.0,0.00719761426561773
3TC,NRTI,236,0.0020770216569508193,0.006239525185956154,0.0,0.005714483102899724
3TC,NRTI,237,0.002510003227835114,0.011520152374287137,0.0,0.010019704982169048
3TC,NRTI,238,0.0014957934504673176,0.00824342596984934,0.0,0.007321931580386043
3TC,NRTI,239,0.0013304645537937177,0.006237048166804015,0.0,0.00480149571499459
3TC,NRTI,240,0.0007250200397174921,0.005060912417829968,0.0,0.0035915061526821256
TDF,NRTI,1,0.00033627309572466403,0.0003218716641094943,0.01,0.0003652137011163853
TDF,NRTI,2,7.980402048815449e-05,0.00014167521410854533,0.0,0.00018686076575947906
TDF,NRTI,3,6.347600704657452e-05,0.00010801390155393164,0.0,0.00016422556428264418
TDF,NRTI,4,0.00038517469390626503,0.0006341310598509154,0.01,0.000821856351456441
TDF,NRTI,5,0.00011196133113116957,0.0001954836475124466,0.0,0.000269931675246192
TDF,NRTI,6,0.0008648987504238904,0.0004284136817295803,0.02,0.0005899727414059498
TDF,NRTI,7,0.00011436722470079985,0.00017316971818218008,0.0,0.00027020823545498404
TDF,NRTI,8,5.560384955742848e-05,8.511666810591123e-05,0.0,0.00013381532582828573
TDF,NRTI,9,3.808498411103756e-05,5.089857516395568e-05,0.0,8.618319867100553e-05
TDF,NRTI,10,4.846318887985035e-05,7.491667977774341e-05,0.0,0.00012074846208565421
TDF,NRTI,11,0.0012451937560877013,0.00024005938553273154,0.01,0.00033725476397987014
TDF,NRTI,12,4.594726999130216e-05,6.769020465981157e-05,0.0,0.00011863916765416066
TDF,NRTI,13,5.802302317761132e-05,0.0001013956715905806,0.0,0.00019760298413004185
TDF,NRTI,14,4.586316403901947e-05,7.710591110480891e-05,0.0,0.00014270590158726375
TDF,NRTI,15,0.0001907245018901449,0.0003540657970006578,0.0,0.0006401916768274149
TDF,NRTI,16,5.869525885600524e-05,8.376226551263244e-05,0.0,0.00014995701299456185
TDF,NRTI,17,0.00012850198501382693,0.00023030444142932538,0.0,0.00035987157334567513
TDF,NRTI,18,3.910150410774804e-05,5.943869932707457e-05,0.0,0.00010602896140291512
TDF,NRTI,19,6.62832774855815e-05,9.675941708337633e-05,0.0,0.000163707069857872
TDF,NRTI,20,0.00027451988530174275,0.00011158922655340575,0.0,0.0001969377542072339
TDF,NRTI,21,0.0008401635603559044,0.00018983332982315914,0.02,0.0003815975530919122
TDF,NRTI,22,7.094220469298306e-05,0.00010314447301425389,0.0,0.0002181015523180155
TDF,NRTI,23,4.562072255794192e-05,5.886822253160062e-05,0.0,0.0001373300716235734
TDF,NRTI,24,3.280673782683152e-05,3.351457944972935e-05,0.0,7.82102958229949e-05
TDF,NRTI,25,7.248968264775613e-05,0.00010487518746231217,0.0,0.00022039804774149006
TDF,NRTI,26,9.419118960977357e-05,0.00010797295608426794,0.0,0.0002507497884101652
TDF,NRTI,27,0.0028750943486011236,0.0010689890735375229,0.59,0.002112079613134274
TDF,NRTI,28,0.0027811300756548007,0.00043843031002325003,0.01,0.000804897837751153
TDF,NRTI,29,0.0002380905089648877,0.00034600017439515794,0.0,0.000632627803355078
TDF,NRTI,30,3.8927890841478074e-05,3.9518672556368985e-05,0.0,8.738609198709751e-05
TDF,NRTI,31,0.0001095990340490971,7.625541568813788e-05,0.0,0.00014749858487219262
TDF,NRTI,32,0.0028982205349211655,0.0010326786743098638,0.01,0.0014245268841368488
TDF,NRTI,33,0.00020116800255891575,0.0001622499048426107,0.01,0.00030309055720814784
TDF,NRTI,34,6.61720066068483e-05,4.298691835174395e-05,0.0,8.813976617159205e-05
TDF,NRTI,35,0.0027922681993186415,0.00038692698962222494,0.09,0.0006258468352825368
TDF,NRTI,36,0.00028350558952297436,0.00030134590899251636,0.0,0.0004979633349684881
TDF,NRTI,37,5.6494363129786506e-05,3.706567068093136e-05,0.0,6.896726066594826e-05
TDF,NRTI,38,8.720521557052052e-05,4.322708624385996e-05,0.0,8.078556417789279e-05
TDF,NRTI,39,0.002724642747789403,0.00044540572598634754,0.07,0.0007691469360377532
TDF,NRTI,40,0.00021685869426164573,0.00018663975308299996,0.0,0.0003303359945955919
TDF,NRTI,41,0.00042241456201281836,0.00010386436426415457,0.0,0.00023825385903669067
TDF,NRTI,42,0.00011768512841172197,8.41951909751515e-05,0.0,0.00018922956401935942
TDF,NRTI,43,0.0015406207435205489,0.0003497225023056671,0.05,0.0005458800222884181
TDF,NRTI,44,0.0014364128834154144,0.000250936115062359,0.06,0.0005041564911811713
TDF,NRTI,45,0.0001197305382356717,0.00012430813072569435,0.0,0.00027961973538993747
TDF,NRTI,46,1.783994427341895e-05,9.580146511325437e-06,0.0,2.3330837031659688e-05
TDF,NRTI,47,0.0002883937501496803,8.806031250060187e-05,0.01,0.00017679935134747311
TDF,NRTI,48,4.077652225305428e-05,5.102336092932092e-05,0.0,0.00011767230194955998
TDF,NRTI,49,0.00014497228053869548,7.727729649104732e-05,0.02,0.00016567658000171472
TDF,NRTI,50,2.4393178193804488e-05,2.9541771559706832e-05,0.0,6.187797625034653e-05
TDF,NRTI,51,7.377347549663682e-05,0.00011938688505324534,0.0,0.00023410434821667745
TDF,NRTI,52,3.916136096222544e-05,5.5681189842289313e-05,0.0,0.00010265411225875295
TDF,NRTI,53,0.000160576353828219,0.00027860783742653436,0.0,0.0005619764754758834
TDF,NRTI,54,1.6049954248273934e-05,1.899257202694571e-05,0.0,4.563534808406659e-05
TDF,NRTI,55,3.9230118500199754e-05,5.804293145047268e-05,0.0,0.00011341057201049191
TDF,NRTI,56,1.3734699169845044e-05,1.8236155920021702e-05,0.0,4.262354838154876e-05
TDF,NRTI,57,1.3367425254386944e-05,1.0681266608116858e-05,0.0,2.721878951438822e-05
TDF,NRTI,58,3.429942246043538e-05,3.4217696402265574e-05,0.0,8.434003564984155e-05
TDF,NRTI,59,1.9495674459903968e-05,2.066400825242454e-05,0.0,5.501648734131985e-05
TDF,NRTI,60,0.00011014022684776137,3.0299166537588464e-05,0.0,7.066347963663421e-05
TDF,NRTI,61,3.690572260893532e-05,1.8689616490519255e-05,0.0,4.5504226893743035e-05
TDF,NRTI,62,0.000485537325741916,0.00010620697134072543,0.02,0.0002497871214496984
TDF,NRTI,63,0.00022413639614114798,0.00013660337805049494,0.0,0.0003210176218947327
TDF,NRTI,64,0.0009613127596458071,0.00018197760854491208,0.01,0.0003949071491687321
TDF,NRTI,65,0.001294589942172024,0.0002324898420010868,0.03,0.0006128016020400602
TDF,NRTI,66,0.0004048458719626069,0.00022755672860512278,0.0,0.0005324911608115863
TDF,NRTI,67,0.013633404519641772,0.005922826563473791,1.0,0.013083078653343133
TDF,NRTI,68,0.009994288592715748,0.006535666066338308,0.97,0.011185728866851534
TDF,NRTI,69,0.9999999159574509,1.0,1.0,0.9999999999335155
TDF,NRTI,70,0.0042092444916488605,0.002313973569398513,0.96,0.005310305408382256
TDF,NRTI,71,0.00017959591934413766,0.00013353454487514683,0.0,0.0002990293734924789
TDF,NRTI,72,2.2765163862459303e-05,1.7270096468564588e-05,0.0,4.2856866582082796e-05
TDF,NRTI,73,3.353000705601517e-05,2.3268846739483706e-05,0.0,6.240253580945666e-05
TDF,NRTI,74,0.00024784666138998545,5.185272069638813e-05,0.0,0.00011893727642478497
TDF,NRTI,75,0.0005047086693718938,0.00010012507214469225,0.05,0.0002638855206573887
TDF,NRTI,76,4.21930320192132e-05,3.608806260217534e-05,0.0,9.712765857697123e-05
TDF,NRTI,77,1.3947240115044224e-05,1.1268029854818451e-05,0.0,2.8454518453774946e-05
TDF,NRTI,78,2.7694795605839317e-05,2.7338223189872225e-05,0.0,6.77224142807075e-05
TDF,NRTI,79,9.932954308396803e-05,0.00011775977483921451,0.01,0.00026584991093736755
TDF,NRTI,80,1.5911450584553678e-05,1.9562270454116513e-05,0.0,4.789518183338527e-05
TDF,NRTI,81,1.2248365255800308e-05,1.4445039651036496e-05,0.0,3.8445495142262825e-05
TDF,NRTI,82,2.0733154732965887e-05,2.6016571318905335e-05,0.0,5.4135385139561935e-05
TDF,NRTI,83,0.0003914213624511831,7.444376494277094e-05,0.02,0.0001650238584146234
TDF,NRTI,84,0.00013640480290632695,0.00014444978869505577,0.0,0.0003264454072858634
TDF,NRTI,85,9.472361809002905e-05,0.00017276586284424412,0.0,0.0003560625761066269
TDF,NRTI,86,9.8507423654155e-05,0.00015331285456340993,0.0,0.00032730862174871144
TDF,NRTI,87,3.586226500033263e-05,4.326729245804017e-05,0.0,8.299654589721976e-05
TDF,NRTI,88,2.9991246353802126e-05,4.683588609623257e-05,0.0,8.92261452129188e-05
TDF,NRTI,89,7.592314941348377e-05,0.00011176186595548642,0.0,0.00022662481623087746
TDF,NRTI,90,0.00017674491678235427,0.00012104169841222756,0.03,0.00022695457444385232
TDF,NRTI,91,6.246254871257406e-05,7.121387284314551e-05,0.0,0.00014779732014962284
TDF,NRTI,92,2.4243117724154218e-05,2.808733357142046e-05,0.0,5.345466760745715e-05
TDF,NRTI,93,4.643215916757981e-05,5.1966195560453346e-05,0.0,0.0001057697383315268
TDF,NRTI,94,2.5803666209185393e-05,3.0269370613495992e-05,0.0,5.4590364105141203e-05
TDF,NRTI,95,5.220609975253865e-05,6.38111452008161e-05,0.0,0.00012394194978314143
TDF,NRTI,96,0.00012354206280406287,0.0001125345760556229,0.0,0.00019561866846227883
TDF,NRTI,97,7.986375584323469e-05,6.802228255764931e-05,0.0,0.00012559920774978358
TDF,NRTI,98,0.004061666543107094,0.0006492291211543488,0.08,0.001075606214436943
TDF,NRTI,99,0.0002239833598059704,0.00018463342566974462,0.0,0.00032384411020705355
TDF,NRTI,100,0.00017568621806276496,0.00012361577988485807,0.0,0.00020538546804829968
TDF,NRTI,101,0.005933577942860211,0.001322818760490918,0.09,0.002171743559347372
TDF,NRTI,102,0.0023188902450510794,0.000364527669025847,0.01,0.0005556097583563292
TDF,NRTI,103,0.001049211071294849,0.00037746245970993186,0.03,0.0007433587564268033
TDF,NRTI,104,0.00019284996276837773,7.965885340126987e-05,0.0,0.00015809841690469378
TDF,NRTI,105,5.5763439094107524e-05,3.209010757018404e-05,0.0,6.774926298194578e-05
TDF,NRTI,106,0.0003492512350246102,3.3234293600798994e-05,0.0,7.71985351430287e-05
TDF,NRTI,107,0.0012958959946217873,0.00020497507672189385,0.02,0.0004348829214675142
TDF,NRTI,108,6.943235359244682e-05,3.7388372909390455e-05,0.0,9.45970602352971e-05
TDF,NRTI,109,9.76325034656611e-06,6.875272540582955e-06,0.0,1.521821110470781e-05
TDF,NRTI,110,2.9038883611747223e-05,3.754124350962229e-05,0.0,9.050472496167862e-05
TDF,NRTI,111,7.209565138481366e-05,1.133727461876788e-05,0.0,2.8893554939486243e-05
TDF,NRTI,112,2.652619056561889e-05,1.6690923778241996e-05,0.0,4.2608862710399486e-05
TDF,NRTI,113,6.296494228990923e-05,5.0452910063540915e-05,0.0,0.00012453475310155254
TDF,NRTI,114,4.789324688942997e-06,5.268605284527439e-06,0.0,1.4927232272839786e-05
TDF,NRTI,115,3.119789076691859e-05,1.1299674222868816e-05,0.0,2.2819797813290658e-05
TDF,NRTI,116,8.218733303834825e-05,8.836217858743112e-06,0.01,2.3068081046402638e-05
TDF,NRTI,117,7.664572380008394e-06,6.022094084983109e-06,0.0,1.5305232307581087e-05
TDF,NRTI,118,6.56235631618074e-05,1.5188227171165637e-05,0.0,3.397010185379626e-05
TDF,NRTI,119,1.045745852707114e-05,1.0038773009455326e-05,0.0,2.0870440829114526e-05
TDF,NRTI,120,3.2733630369818912e-06,3.831067711530523e-06,0.0,7.966389033365294e-06
TDF,NRTI,121,6.888169722742532e-05,4.3326243130650254e-05,0.0,9.094556621285967e-05
TDF,NRTI,122,0.0007811741412479023,0.0001807409864341025,0.04,0.00037805200110381575
TDF,NRTI,123,0.005536397937248694,0.0009641313932661433,0.2,0.001616903940282677
TDF,NRTI,124,3.1880735082836506e-05,1.7480655046711035e-05,0.0,4.059275962259043e-05
TDF,NRTI,125,1.2010358270231336e-05,1.168124570085638e-05,0.0,2.6672616523306313e-05
TDF,NRTI,126,4.134075185334041e-05,4.0965677890199003e-05,0.0,8.351844145636953e-05
TDF,NRTI,127,2.5567428859289977e-05,2.6583220715110657e-05,0.0,5.69207863949212e-05
TDF,NRTI,128,1.2803169957180671e-05,1.2038057443533034e-05,0.0,2.9149993067291392e-05
TDF,NRTI,129,3.7700410797469886e-06,3.796901077635084e-06,0.0,9.171242067771892e-06
TDF,NRTI,130,1.4472612458007461e-05,1.5364023165602704e-05,0.0,3.42156425095786e-05
TDF,NRTI,131,6.159027611147395e-05,5.601873786872602e-05,0.0,0.00012910137702906553
TDF,NRTI,132,3.3193445843835435e-05,2.202999100973102e-05,0.0,4.588574977089292e-05
TDF,NRTI,133,6.711607050078782e-05,4.8925014243650364e-05,0.0,8.620119313053722e-05
TDF,NRTI,134,0.00023204598739539505,0.0001462346825064742,0.0,0.0002747583108273752
TDF,NRTI,135,0.004650664302298537,0.0014838499298275565,0.23,0.002530606683593181
TDF,NRTI,136,0.00028945424580342663,0.00013931121455243556,0.0,0.0002402925087904937
TDF,NRTI,137,0.00015751802102840885,7.62367117931717e-05,0.0,0.00013505672733930816
TDF,NRTI,138,0.009579848056346237,0.0017643263580976055,0.76,0.0027455712164019246
TDF,NRTI,139,0.0012961037678542197,0.0009812172311649192,0.79,0.001704295550647309
TDF,NRTI,140,0.00018672501280434517,0.00011992062984063523,0.0,0.0001973216155466527
TDF,NRTI,141,7.320630380036163e-05,4.4408652356651147e-05,0.0,9.37405525983685e-05
TDF,NRTI,142,0.0012322544640619526,0.00023263855003278878,0.01,0.00044501834292576286
TDF,NRTI,143,7.890435282433828e-06,6.420553598900369e-06,0.0,1.501241270194784e-05
TDF,NRTI,144,1.6156749014726303e-05,1.49007781351429e-05,0.0,3.550756501572022e-05
TDF,NRTI,145,0.00020353098288381944,2.4927523681981257e-05,0.01,5.711007036126076e-05
TDF,NRTI,146,2.9105131905993174e-06,2.8429529095319594e-06,0.0,7.908023949505905e-06
TDF,NRTI,147,2.3528285584575315e-05,2.1187780962463876e-05,0.0,5.72006729100518e-05
TDF,NRTI,148,7.99459672066405e-06,6.934683908639272e-06,0.0,2.0313702699284726e-05
TDF,NRTI,149,2.7306545348437793e-07,0.0,0.0,0.0
TDF,NRTI,150,5.2453741558622365e-06,4.963307140997131e-06,0.0,1.3054797505934435e-05
TDF,NRTI,151,0.00018673703347701575,2.051284092658534e-05,0.0,5.8605798614540653e-05
TDF,NRTI,152,3.047808533949592e-05,2.981575470585085e-05,0.0,7.780848331145407e-05
TDF,NRTI,153,8.638855052254257e-06,6.697523155025919e-06,0.0,1.7246255670442863e-05
TDF,NRTI,154,1.2129685865147622e-05,9.741345652400923e-06,0.0,2.714422916369067e-05
TDF,NRTI,155,2.6685054625090742e-05,1.9298990710012732e-05,0.0,4.8046489417131815e-05
TDF,NRTI,156,6.5087604707514404e-06,6.436983054527445e-06,0.0,1.623248647678609e-05
TDF,NRTI,157,1.3312117602026774e-05,6.541716662695762e-06,0.0,1.9087211868461765e-05
TDF,NRTI,158,0.00018337260979052418,3.227753159308122e-05,0.0,6.939478505984139e-05
TDF,NRTI,159,1.5002877929646275e-05,1.1254745820679091e-05,0.0,2.634327578021032e-05
TDF,NRTI,160,7.699829449308027e-06,4.714215390322352e-06,0.0,1.2227113072668726e-05
TDF,NRTI,161,2.4893116191719854e-05,1.5394882962027622e-05,0.0,4.146760259274008e-05
TDF,NRTI,162,0.0012134015315666603,0.00015705693826930655,0.05,0.0003016702582817465
TDF,NRTI,163,3.4426556235302994e-05,2.5049448972822574e-05,0.0,4.9708951028650036e-05
TDF,NRTI,164,3.2471859188945015e-05,2.4412484331151065e-05,0.0,5.8057002731267256e-05
TDF,NRTI,165,0.00010375589672321439,9.027114174386952e-05,0.0,0.00017777254474838955
TDF,NRTI,166,4.97699119284789e-05,3.494503533147508e-05,0.0,5.7005342188490434e-05
TDF,NRTI,167,0.00011245337633226882,4.410856970935129e-05,0.0,8.805314062589978e-05
TDF,NRTI,168,5.0586719405600887e-05,4.923848707221623e-05,0.0,0.00010836695803636049
TDF,NRTI,169,0.0016981494853143886,0.00020010558315334493,0.02,0.00032610186790143223
TDF,NRTI,170,0.00018358113610702275,0.00014274672774263307,0.0,0.0002230486016042818
TDF,NRTI,171,5.732151083748249e-05,3.4574369055917484e-05,0.0,6.49082619710174e-05
TDF,NRTI,172,0.0004905036482455216,0.00010901995058702596,0.01,0.0002189158148396231
TDF,NRTI,173,0.003961390350389138,0.0004995741808852472,0.06,0.0008342148780063098
TDF,NRTI,174,0.001160841400942445,0.00018185572400398087,0.03,0.0003213893710281628
TDF,NRTI,175,7.240185095497509e-05,4.5378046370387895e-05,0.0,9.36107367978721e-05
TDF,NRTI,176,0.0008127532594335207,0.00010481853803867125,0.01,0.0001745455550613199
TDF,NRTI,177,0.010668004268809454,0.0034552886604797095,0.92,0.0060269514242425985
TDF,NRTI,178,0.004836469755555299,0.0006148240852235176,0.05,0.0011149499180341032
TDF,NRTI,179,0.0008874079512406752,0.00015534834687969123,0.01,0.00027482264752276596
TDF,NRTI,180,3.757302357371373e-05,2.519999606647616e-05,0.0,5.2549151263218315e-05
TDF,NRTI,181,0.0004624330309320612,0.00011390526656214206,0.01,0.00021107519727948959
TDF,NRTI,182,2.6410315355178683e-05,1.4871348892029346e-05,0.0,3.939317586148347e-05
TDF,NRTI,183,1.5594145852446674e-05,7.01992164067633e-06,0.0,1.8134610057295638e-05
TDF,NRTI,184,0.00020349322411220783,2.367201240531358e-05,0.0,6.521964965303205e-05
TDF,NRTI,185,0.00013629291785036913,8.362510261576972e-05,0.0,0.00021123246722602631
TDF,NRTI,186,0.00012319439191287528,6.400830955499259e-05,0.0,0.0001573519699204376
TDF,NRTI,187,4.530552283313227e-05,2.7304261870995105e-05,0.0,6.549682759015889e-05
TDF,NRTI,188,0.00036773591018572914,4.6663531325066284e-05,0.0,0.00011104806907105287
TDF,NRTI,189,0.00022577753959467372,7.481112629193376e-05,0.0,0.00015576327496722884
TDF,NRTI,190,0.00018276548347103015,5.515808460131666e-05,0.0,0.00010795888435669737
TDF,NRTI,191,4.828559116162978e-05,3.5964548865194955e-05,0.0,7.724334796688331e-05
TDF,NRTI,192,0.000922093761510041,0.0009518980437132995,0.38,0.0016771633245124212
TDF,NRTI,193,0.0001753954041942052,0.0001473539907237864,0.0,0.00028245028942352617
TDF,NRTI,194,0.0009971221541127306,0.0009679847914958373,0.59,0.0017646745029271653
TDF,NRTI,195,0.002873033276246133,0.0005235219260430313,0.01,0.0007696531261829058
TDF,NRTI,196,0.004038960326161032,0.001159653150170925,0.12,0.0014885578674825246
TDF,NRTI,197,0.00034649799728867945,0.00023788346094079317,0.0,0.0003647353124062476
TDF,NRTI,198,4.752893394197599e-05,2.495832711474577e-05,0.0,5.167319611359862e-05
TDF,NRTI,199,0.00012298567306970654,9.200147935189306e-05,0.0,0.00013912440530556238
TDF,NRTI,200,0.006554163091459486,0.0009638165669457521,0.02,0.001297905878787958
TDF,NRTI,201,5.472239438631732e-05,3.220322072138515e-05,0.0,5.7059516731342506e-05
TDF,NRTI,202,0.00036703706863590926,8.596631719228753e-05,0.0,0.00016032443819571866
TDF,NRTI,203,0.0015139468798315648,0.00039191709645820084,0.02,0.0005554549678132659
TDF,NRTI,204,0.00020401251059411153,0.00013629427246996783,0.0,0.00023044197568363185
TDF,NRTI,205,3.6647562669713804e-05,2.592588240531768e-05,0.0,4.7518766312684574e-05
TDF,NRTI,206,6.971806047658901e-05,3.946323272884911e-05,0.0,6.40920453430717e-05
TDF,NRTI,207,0.003819159493759798,0.0005064556086654192,0.09,0.0006938880076665785
TDF,NRTI,208,0.00023560502903364978,6.352748888275527e-05,0.0,0.00011905297852776944
TDF,NRTI,209,5.7921388229260626e-05,3.117422657396673e-05,0.0,6.284711646925354e-05
TDF,NRTI,210,0.00037052570882224246,8.045973806474648e-05,0.0,0.000136965276735803
TDF,NRTI,211,0.002769559427988497,0.0005920057983530569,0.05,0.0008062478772553681
TDF,NRTI,212,5.288103660404886e-05,1.9369246547285002e-05,0.0,3.5388186494525166e-05
TDF,NRTI,213,0.0002198102807142277,7.679799680772704e-05,0.0,0.00014519637316844392
TDF,NRTI,214,0.00018318724412097253,1.744165650507057e-05,0.0,3.9006836020901255e-05
TDF,NRTI,215,0.0008083446308228304,0.00020386408672493417,0.0,0.00039970899353878675
TDF,NRTI,216,0.0001559727908579589,6.245163258427056e-05,0.0,0.00012734858917302493
TDF,NRTI,217,7.587303295622405e-05,3.031520584045211e-05,0.0,7.429858993388257e-05
TDF,NRTI,218,0.00047961092812329295,0.00023158477661127107,0.07,0.0004524951219720606
TDF,NRTI,219,0.0006540384060758697,0.00021996775195475492,0.05,0.00041883765998967535
TDF,NRTI,220,7.777541561608814e-05,3.431281656048668e-05,0.0,7.731891715118415e-05
TDF,NRTI,221,0.00027093802483932447,5.21827649390616e-05,0.0,0.00010170752104276329
TDF,NRTI,222,7.015335666437749e-05,4.682751458858547e-05,0.0,9.289062896087615e-05
TDF,NRTI,223,0.00039478547167846043,0.00011248362544847623,0.02,0.00022065758758698587
TDF,NRTI,224,0.00021829314244314446,0.00015872760905040196,0.0,0.0003139932546576201
TDF,NRTI,225,0.0006387366579178888,9.55116262412048e-05,0.03,0.00018432557602872927
TDF,NRTI,226,6.808304412516009e-05,3.916144665708998e-05,0.0,6.977820675612254e-05
TDF,NRTI,227,0.00029883472152732795,4.2431663075603865e-05,0.0,8.336344422385511e-05
TDF,NRTI,228,0.00028332033465289897,9.772373772193532e-05,0.01,0.00021345142249177217
TDF,NRTI,229,9.137099875147214e-06,3.074340799003039e-06,0.0,7.263818828548064e-06
TDF,NRTI,230,1.2651100076936927e-05,4.978641364914438e-06,0.0,1.1721667487338302e-05
TDF,NRTI,231,4.527716772486201e-05,3.0810744997324944e-05,0.0,7.189388972731371e-05
TDF,NRTI,232,1.4268236994610107e-05,8.025945015788239e-06,0.0,1.751038020859338e-05
TDF,NRTI,233,9.94235010648481e-05,8.996066791951307e-05,0.0,0.00016341513665386084
TDF,NRTI,234,3.78711397445386e-05,2.671877777629561e-05,0.0,4.996687892961049e-05
TDF,NRTI,235,5.5800736769242574e-05,4.847118831094121e-05,0.0,9.362694240847057e-05
TDF,NRTI,236,0.0001014452759886808,6.477785828792548e-05,0.0,0.00011286226677298682
TDF,NRTI,237,0.0003420798624574672,0.0003691010337206535,0.0,0.0006314164080771921
TDF,NRTI,238,4.3729425341325624e-05,4.681836327108613e-05,0.0,8.166448510289809e-05
TDF,NRTI,239,0.0002611967827851913,0.0002863847382104723,0.0,0.00047455951674963277
TDF,NRTI,240,0.0002469695264881011,0.00035211846698075534,0.0,0.0005465788032823728
EFV,NNRTI,1,0.0009389588649969482,0.006502046762325336,0.0,0.0027412997311302657
EFV,NNRTI,2,0.0014272716342748027,0.014102613205905072,0.0,0.007586597650487198
EFV,NNRTI,3,0.0008808203054468323,0.007729865935398266,0.0,0.004454098081643417
EFV,NNRTI,4,0.011563124185886408,0.019554821470810568,0.03,0.012389144940734662
EFV,NNRTI,5,0.0016436502870055846,0.01357783059036592,0.0,0.007362027496723571
EFV,NNRTI,6,0.010170097854588675,0.015497190641472116,0.06,0.011236772791885556
EFV,NNRTI,7,0.0005821762621053495,0.00703858909313567,0.0,0.003705205569554631
EFV,NNRTI,8,0.0010745513640540594,0.010287251058762194,0.0,0.006971061628927693
EFV,NNRTI,9,0.0010972129352194316,0.008430954884679522,0.0,0.005493011504918438
EFV,NNRTI,10,0.001338067681172106,0.012752333979005926,0.0,0.009148554310894114
EFV,NNRTI,11,0.0075956125417349085,0.012418045417653047,0.01,0.008701984176884673
EFV,NNRTI,12,0.00046253143401372656,0.005586688574476284,0.0,0.004101951491112391
EFV,NNRTI,13,0.0008965332258230774,0.009043963276490104,0.0,0.008044241873852088
EFV,NNRTI,14,0.001034089481772753,0.009171131576731568,0.0,0.007460932746735391
EFV,NNRTI,15,0.0010746283796834177,0.008346312297217082,0.0,0.006546417407245739
EFV,NNRTI,16,0.0005073616242907519,0.004046524753284757,0.0,0.002816743802752344
EFV,NNRTI,17,0.0006060532489459547,0.00670834653719794,0.0,0.0037404894486545775
EFV,NNRTI,18,0.0005921141520502715,0.0062590952150640075,0.0,0.004916340175844653
EFV,NNRTI,19,0.0012384944554833055,0.006451528379693627,0.0,0.004908033897794836
EFV,NNRTI,20,0.02610953957600941,0.020730729364877333,0.1,0.01603356408960877
EFV,NNRTI,21,0.002510142972532776,0.011815490187145769,0.0,0.011061204458514239
EFV,NNRTI,22,0.016668127727989486,0.024409119872143493,0.02,0.024726849116846684
EFV,NNRTI,23,0.003608788467172417,0.019422291025111917,0.0,0.02228464481680448
EFV,NNRTI,24,0.0029700976183085004,0.014356648370740004,0.0,0.01622185431576648
EFV,NNRTI,25,0.0022160882544267225,0.013829726706608198,0.0,0.01497423345889668
EFV,NNRTI,26,0.0006916874435410137,0.004361937061112257,0.0,0.005380128047143103
EFV,NNRTI,27,0.001942391444099485,0.01250153599976329,0.0,0.012210321053482055
EFV,NNRTI,28,0.017386320168225212,0.0260861906548962,0.02,0.02190617324819657
EFV,NNRTI,29,0.0016296306941148942,0.011217002866324037,0.0,0.009263146888107551
EFV,NNRTI,30,0.0009347266025361023,0.0059563866839744154,0.0,0.007111184615323824
EFV,NNRTI,31,0.023527945205860306,0.053877616141107865,0.01,0.0491517097519426
EFV,NNRTI,32,0.00822057488021528,0.014337766512908275,0.01,0.010888061443667376
EFV,NNRTI,33,0.002812389806713327,0.012951540081412532,0.0,0.012407250130965998
EFV,NNRTI,34,0.005259174787061056,0.014552027568861377,0.0,0.015531617582440382
EFV,NNRTI,35,0.10492870914575178,0.1045464897848433,0.33,0.0872785206607746
EFV,NNRTI,36,0.0022643066317323247,0.007456782680819742,0.0,0.0052811625734298755
EFV,NNRTI,37,0.006994032535149017,0.023524240361875854,0.0,0.021507644318403563
EFV,NNRTI,38,0.007382002699014265,0.013108480832306669,0.0,0.012525673250048039
EFV,NNRTI,39,0.05131757010778529,0.047530436270899375,0.08,0.04328592799787345
EFV,NNRTI,40,0.013087269859024673,0.020033517238043714,0.01,0.015356650884853846
EFV,NNRTI,41,0.014823288999323267,0.01719830355956219,0.02,0.02019350215749773
EFV,NNRTI,42,0.004207066706294426,0.015296286068623885,0.0,0.017220900019112573
EFV,NNRTI,43,0.023833642909448827,0.030470778222515947,0.05,0.026293470889040316
EFV,NNRTI,44,0.03211049432204163,0.04246111465676222,0.04,0.04429086178933815
EFV,NNRTI,45,0.002036072074879485,0.013184678754478228,0.0,0.014417247172540962
EFV,NNRTI,46,0.011770307015831349,0.01437843956737197,0.01,0.018879086496798526
EFV,NNRTI,47,0.005407405054138508,0.028114396145101635,0.0,0.028840598807941986
EFV,NNRTI,48,0.01230631113088748,0.026960873623611405,0.01,0.028956496709362668
EFV,NNRTI,49,0.015625291217365885,0.03356266087794211,0.04,0.03393646266485198
EFV,NNRTI,50,0.004086811856686836,0.030831340195145458,0.0,0.03211014695641321
EFV,NNRTI,51,0.0006597960707949823,0.007098933906963794,0.0,0.006983890014441936
EFV,NNRTI,52,0.0014248273359771702,0.012997652818448842,0.0,0.011503561119136417
EFV,NNRTI,53,0.01047659585787187,0.021787739995634183,0.01,0.021946578903810653
EFV,NNRTI,54,0.0023315426323824795,0.018260355293168686,0.0,0.02111883710859388
EFV,NNRTI,55,0.0012875534609338502,0.012977798079955392,0.0,0.013131864923865628
EFV,NNRTI,56,0.0030828440752520693,0.023072477462119424,0.0,0.02544531633148417
EFV,NNRTI,57,0.0027611124124086927,0.015349004863819573,0.0,0.0196631244800706
EFV,NNRTI,58,0.0027734728630457537,0.018808871216897387,0.0,0.023699711676149843
EFV,NNRTI,59,0.0031942883877491115,0.017962204145151192,0.0,0.022696913133098153
EFV,NNRTI,60,0.03320249226759188,0.05047372423985507,0.1,0.0594823348062303
EFV,NNRTI,61,0.005475085078796837,0.02244313955801772,0.0,0.028277292086358763
EFV,NNRTI,62,0.0009383003534640011,0.006830237788672093,0.0,0.008265394868147919
EFV,NNRTI,63,0.009206821552361362,0.04379794103675522,0.43,0.049544797905682975
EFV,NNRTI,64,0.02667683627551014,0.033748277083795984,0.04,0.036743065922042885
EFV,NNRTI,65,0.010786212269304088,0.014522792190909968,0.01,0.016422425290420865
EFV,NNRTI,66,0.004409632826136658,0.007125613157113548,0.0,0.008260183925912256
EFV,NNRTI,67,0.03224963043030584,0.03264731572533492,0.14,0.038421017280550133
EFV,NNRTI,68,0.02465675893574371,0.0228398035292048,0.05,0.02716781617330354
EFV,NNRTI,69,0.03245254217617912,0.027414860527933342,0.08,0.03054570391874538
EFV,NNRTI,70,0.027649385958939093,0.027328470842403477,0.09,0.031966089825987004
EFV,NNRTI,71,0.005583520942309406,0.018273443096259143,0.0,0.02087230114100236
EFV,NNRTI,72,0.007787026437581517,0.04016855127178132,0.51,0.05011980278625341
EFV,NNRTI,73,0.006901878852222581,0.02716448038467206,0.0,0.03378296743139961
EFV,NNRTI,74,0.2163769506663084,0.5048919705674052,0.99,0.5876217908713047
EFV,NNRTI,75,0.03662792733230162,0.04842585102072917,0.05,0.057525877218533916
EFV,NNRTI,76,0.002919799160445109,0.017004605770634954,0.0,0.022702535569526564
EFV,NNRTI,77,0.00483489271660801,0.020849874896521216,0.0,0.026600959553263966
EFV,NNRTI,78,0.0035077211193856785,0.019960706318961456,0.0,0.026362954056950084
EFV,NNRTI,79,0.001671615193336038,0.009888907399581513,0.0,0.010077697660663198
EFV,NNRTI,80,0.012891763455991167,0.02919400792714441,0.01,0.033179602323488606
EFV,NNRTI,81,0.004174960350792389,0.023393503564293497,0.0,0.030590180451767
EFV,NNRTI,82,0.013199698756070575,0.026837447890429758,0.01,0.028127991052029056
EFV,NNRTI,83,0.03285332458995981,0.042521376838558354,0.11,0.04438783146371053
EFV,NNRTI,84,0.0043466116132913155,0.020799451424682047,0.0,0.024663277156231143
EFV,NNRTI,85,0.0022689011770125945,0.017527627878298518,0.0,0.01726944725397859
EFV,NNRTI,86,0.002242249501287006,0.016418632934510242,0.0,0.016784313972730024
EFV,NNRTI,87,0.004988254610798322,0.0335450644599041,0.0,0.0312651015069306
EFV,NNRTI,88,0.005640664455931983,0.025406874976470137,0.01,0.02289544745305297
EFV,NNRTI,89,0.0028567888475663494,0.01810161384230014,0.0,0.016779487627665676
EFV,NNRTI,90,0.022624441251391545,0.048979459740803574,0.06,0.04815660485253837
EFV,NNRTI,91,0.004117914665112039,0.020203843240160495,0.0,0.019937725185782348
EFV,NNRTI,92,0.0011340556116010703,0.006131607290590182,0.0,0.005430371751985219
EFV,NNRTI,93,0.002549989073886536,0.012577735138474964,0.0,0.012443760185519008
EFV,NNRTI,94,0.006423944432026474,0.03234745118825231,0.0,0.02982064067802133
EFV,NNRTI,95,0.0015943990267260233,0.008217957064189249,0.0,0.007183811786785423
EFV,NNRTI,96,0.004538290955679258,0.016443112771084997,0.0,0.013493261780789169
EFV,NNRTI,97,0.00404904444127169,0.014904219656600617,0.0,0.012706996443242946
EFV,NNRTI,98,0.03146846599094715,0.03367123990436085,0.07,0.027485377162815516
EFV,NNRTI,99,0.003913360650476534,0.009298443578882144,0.0,0.007130442807389297
EFV,NNRTI,100,0.032372966138573246,0.03574212069332134,0.07,0.026139568661395603
EFV,NNRTI,101,0.1039827736618463,0.08667480623640586,0.18,0.0803338739337885
EFV,NNRTI,102,0.04322787354059983,0.05464269902819069,0.09,0.04604578301149439
EFV,NNRTI,103,0.16432413783855737,0.17226670548319817,0.31,0.1700993455325055
EFV,NNRTI,104,0.006616046031558654,0.007912600386625855,0.0,0.006692576797494482
EFV,NNRTI,105,0.007815727368579247,0.018876997779880184,0.0,0.017098692759105097
EFV,NNRTI,106,0.043383908556716054,0.052447115885443055,0.06,0.05667478070294614
EFV,NNRTI,107,0.004262164801257313,0.016240620359021705,0.0,0.017611064390494743
EFV,NNRTI,108,0.05098444052797277,0.14864832228282465,0.88,0.17293346427448994
EFV,NNRTI,109,0.0026485128842614358,0.013434473647503182,0.0,0.015622797859178987
EFV,NNRTI,110,0.0021346890766290017,0.01715914683736628,0.0,0.021838542010559972
EFV,NNRTI,111,0.005184746101149358,0.02068450157006737,0.0,0.025582885688782208
EFV,NNRTI,112,0.0033889111203461654,0.012569036188942846,0.0,0.01754270720261996
EFV,NNRTI,113,0.0027688191958441166,0.014075895643036346,0.0,0.018725745693837177
EFV,NNRTI,114,0.003355080356923281,0.022439810967771336,0.0,0.029815843827310756
EFV,NNRTI,115,0.02764788439584663,0.04631437275500502,0.22,0.05640477155942256
EFV,NNRTI,116,0.006025847403216176,0.02991887692711316,0.0,0.038930676499583206
EFV,NNRTI,117,0.005710968854255043,0.029515898786485195,0.0,0.036695403333175836
EFV,NNRTI,118,0.04315123847598443,0.06348891934379935,0.3,0.07609263931909183
EFV,NNRTI,119,0.002598847090121126,0.014934566189476755,0.0,0.01546331728011636
EFV,NNRTI,120,0.003005988596814859,0.0179095223225886,0.0,0.019664416682071393
EFV,NNRTI,121,0.04961635330924764,0.09788698336458765,0.65,0.0965567256897171
EFV,NNRTI,122,0.0330086262270197,0.05644618958758656,0.04,0.053337663293921415
EFV,NNRTI,123,0.05812997133747558,0.058804296848247756,0.13,0.05471756671492058
EFV,NNRTI,124,0.00441488099473645,0.016554571424785537,0.0,0.019083685842755424
EFV,NNRTI,125,0.005847897551211645,0.02818215263192542,0.0,0.03096383522221367
EFV,NNRTI,126,0.0016247193100389268,0.009066968605184229,0.0,0.008510378384861832
EFV,NNRTI,127,0.005534408204257488,0.029978764976840468,0.0,0.03149698820106737
EFV,NNRTI,128,0.0022817464511535944,0.01379397700628033,0.0,0.0172163759288411
EFV,NNRTI,129,0.005633821630763123,0.031566726565361025,0.0,0.03847629513131829
EFV,NNRTI,130,0.003931131902136258,0.021589067013119346,0.0,0.024951927789436144
EFV,NNRTI,131,0.002578554805040767,0.011997983211185783,0.0,0.013926591006959204
EFV,NNRTI,132,0.006658551697910298,0.02698738031554967,0.0,0.02593510122224497
EFV,NNRTI,133,0.0033766543769161218,0.01210494323488092,0.0,0.010633380180088428
EFV,NNRTI,134,0.005878014346089913,0.014879353110736702,0.0,0.012645300252082043
EFV,NNRTI,135,0.10625874195509823,0.1026428387517808,0.26,0.09118191824713376
EFV,NNRTI,136,0.00747573583117628,0.014883979836013169,0.0,0.011295173784214413
EFV,NNRTI,137,0.00560016107174306,0.010524262414983242,0.0,0.008739933537600426
EFV,NNRTI,138,0.06398579923312354,0.03844116927779396,0.13,0.03132153986517192
EFV,NNRTI,139,0.002774126741701366,0.005277885801988304,0.0,0.003757706934765595
EFV,NNRTI,140,0.0023109594102936628,0.005633259776586783,0.0,0.003292006962866695
EFV,NNRTI,141,0.0035004671654314734,0.01152621767250821,0.0,0.011445620524042355
EFV,NNRTI,142,0.05414891096443171,0.0941367444745265,0.42,0.08834614988402194
EFV,NNRTI,143,0.00413412756715843,0.022258589577977547,0.0,0.027377006389351224
EFV,NNRTI,144,0.0033681868817075156,0.01630995834537316,0.0,0.018655908453562287
EFV,NNRTI,145,0.005730760565056698,0.02725186615658458,0.0,0.030835247950488705
EFV,NNRTI,146,0.003724446765045286,0.020512197454227134,0.0,0.025475742968309657
EFV,NNRTI,147,0.003310268901186646,0.022633931410964578,0.0,0.028421066902010978
EFV,NNRTI,148,0.005847966197616188,0.036129391794092955,0.26,0.047168531401044066
EFV,NNRTI,149,0.0017248630112226238,0.008761983550793957,0.0,0.012427462496303679
EFV,NNRTI,150,0.0015588200180354761,0.010483929922775132,0.0,0.01471236191988917
EFV,NNRTI,151,0.004447845441754908,0.009199902977561578,0.01,0.014196118576673047
EFV,NNRTI,152,0.00249740841856692,0.016517365306208377,0.0,0.02189167527727844
EFV,NNRTI,153,0.0017539811013921281,0.009919356963946484,0.0,0.01325507149071901
EFV,NNRTI,154,0.0024056402481437544,0.013628113881568425,0.0,0.01903077767419513
EFV,NNRTI,155,0.0016067617983208037,0.007910503827297362,0.0,0.010428862825300445
EFV,NNRTI,156,0.002487390911192051,0.013906768445740453,0.0,0.018177135072781538
EFV,NNRTI,157,0.0063562485436705176,0.017060629653278737,0.0,0.023111529336463432
EFV,NNRTI,158,0.013872347150099813,0.025971260801306927,0.01,0.029971131533071484
EFV,NNRTI,159,0.006614312471501762,0.03174047204433009,0.0,0.03552656748426659
EFV,NNRTI,160,0.0061114282481139525,0.023593975683907045,0.0,0.029647456262888765
EFV,NNRTI,161,0.0070461457170313225,0.024172405228600837,0.0,0.02796163050704613
EFV,NNRTI,162,0.09009368652361445,0.09586810123466422,0.22,0.09334880152090543
EFV,NNRTI,163,0.005193286160865682,0.01870548666338436,0.0,0.017436458509410217
EFV,NNRTI,164,0.005711002445023042,0.01840667333191959,0.0,0.02181475560734287
EFV,NNRTI,165,0.013524946815959994,0.023900254751206374,0.01,0.02281400834439344
EFV,NNRTI,166,0.015850254914530525,0.02687803996333969,0.03,0.0250244420593352
EFV,NNRTI,167,0.010430322855172562,0.019191443161398637,0.0,0.01732327673671389
EFV,NNRTI,168,0.001932654846150399,0.007857106503215618,0.0,0.008990706531328658
EFV,NNRTI,169,0.009362909058249897,0.020126687826559644,0.03,0.01659408950935509
EFV,NNRTI,170,0.00216111334037123,0.008993889360717731,0.0,0.0061823837740617275
EFV,NNRTI,171,0.016404943348898086,0.032176547365961594,0.01,0.029978976032077692
EFV,NNRTI,172,0.006434330751981179,0.01079483837384032,0.01,0.010961353616158768
EFV,NNRTI,173,0.0460612155889612,0.046041220660627005,0.08,0.040806938495988376
EFV,NNRTI,174,0.032156543600576695,0.04397240871068789,0.05,0.040211528480497034
EFV,NNRTI,175,0.0035486558644333855,0.010574566129798768,0.0,0.010703670790503893
EFV,NNRTI,176,0.0027077042828750563,0.006696748589311028,0.0,0.005762643673632351
EFV,NNRTI,177,0.03798672352655558,0.03994898175704293,0.02,0.03818194928977518
EFV,NNRTI,178,0.03879546935670078,0.04266974650119664,0.12,0.040952629901020304
EFV,NNRTI,179,0.04142155743043986,0.03848391200313927,0.15,0.035664804691472256
EFV,NNRTI,180,0.007981896410201443,0.020397727618110366,0.0,0.021769028857551512
EFV,NNRTI,181,0.04033824608690338,0.05100328548520338,0.13,0.05132062087640483
EFV,NNRTI,182,0.004167097591052879,0.008479153020889498,0.0,0.011434878858679252
EFV,NNRTI,183,0.009321492337767268,0.021270753319258803,0.0,0.02636821823419167
EFV,NNRTI,184,0.06332575922133402,0.056534630868700336,0.13,0.06530567317953849
EFV,NNRTI,185,0.003745757758442778,0.010849698725214693,0.0,0.01497462811147643
EFV,NNRTI,186,0.0037210615588992367,0.007130738939013099,0.0,0.009657551580634227
EFV,NNRTI,187,0.0014468760949057468,0.0015400766470338566,0.0,0.0030041090767710817
EFV,NNRTI,188,0.010847642663484293,0.007443354160757139,0.05,0.009401962083433205
EFV,NNRTI,189,0.0033129219128204567,0.00558346273341158,0.02,0.005435826213196884
EFV,NNRTI,190,0.013023877946325228,0.005354029076612505,0.06,0.006136331572114402
EFV,NNRTI,191,0.0018102826345602807,0.0037831790246855234,0.0,0.004405807496730826
EFV,NNRTI,192,0.012585427844896913,0.015344007433450315,0.01,0.014250985396285623
EFV,NNRTI,193,0.0007659101945228031,0.0004970324234545842,0.0,0.000305423434857386
EFV,NNRTI,194,0.003174949085441767,0.006129946988876327,0.0,0.004970636594885388
EFV,NNRTI,195,0.008278177057218273,0.016119015398726334,0.03,0.011880638002722372
EFV,NNRTI,196,0.023028852576971987,0.024263405671954386,0.01,0.01442680646845125
EFV,NNRTI,197,0.004906718909478513,0.011257026818348094,0.0,0.006992477086504631
EFV,NNRTI,198,0.010302416662598261,0.016084122313186525,0.01,0.015742935140360518
EFV,NNRTI,199,0.0035585007637564557,0.009532903243380133,0.0,0.005599582556606789
EFV,NNRTI,200,0.046492440808797254,0.05335656794748502,0.1,0.039180124461767774
EFV,NNRTI,201,0.0027557572074510973,0.005340515565330861,0.0,0.003929885235565105
EFV,NNRTI,202,0.024017020053288433,0.04388847381924279,0.08,0.04186987896704839
EFV,NNRTI,203,0.0223096012386668,0.029772023489204002,0.05,0.02092122967790054
EFV,NNRTI,204,0.018079764735339267,0.0191050829001324,0.02,0.017117218687378
EFV,NNRTI,205,0.0020898533882427726,0.0069401177123654635,0.0,0.006216945142703684
EFV,NNRTI,206,0.004695447421545396,0.013776208847702946,0.0,0.010328101304871655
EFV,NNRTI,207,0.040366789710969894,0.041589337943587455,0.11,0.03250935786371296
EFV,NNRTI,208,0.015368488932726904,0.024498301137355155,0.02,0.023829420475849256
EFV,NNRTI,209,0.002227243204397382,0.0050579298923548776,0.0,0.004850422811339982
EFV,NNRTI,210,0.026556090319500073,0.03237545414260239,0.09,0.029329307585048384
EFV,NNRTI,211,0.04123290659685153,0.03780934057664126,0.05,0.02930725523857709
EFV,NNRTI,212,0.008228478273231303,0.013556414589402266,0.0,0.012073118395999312
EFV,NNRTI,213,0.006186154917522799,0.010130008071137127,0.0,0.00853296085566912
EFV,NNRTI,214,0.058208405437471814,0.023701049028895794,0.09,0.025771395836498328
EFV,NNRTI,215,0.0717574145150138,0.07327232214505784,0.21,0.07222761017104307
EFV,NNRTI,216,0.0038887136688572355,0.007155590726615629,0.0,0.006666186347941908
EFV,NNRTI,217,0.011159740286238957,0.020034274141362402,0.0,0.023951494784850112
EFV,NNRTI,218,0.007685974551131949,0.014426222097245044,0.01,0.012736417191531582
EFV,NNRTI,219,0.0668313036658219,0.07267959264776437,0.15,0.0773916488426356
EFV,NNRTI,220,0.004862820116395597,0.009006277061416768,0.0,0.010253156816240352
EFV,NNRTI,221,0.008884506345784757,0.01741035950049991,0.04,0.017677749344108328
EFV,NNRTI,222,0.005664413159975084,0.019386390265426597,0.0,0.01863214389798547
EFV,NNRTI,223,0.0013623401007862412,0.0046439418249065055,0.0,0.004149825842028254
EFV,NNRTI,224,0.012724725430598483,0.02210259752959246,0.01,0.020600561440501687
EFV,NNRTI,225,0.0016569811599038075,0.008609952701808652,0.0,0.006859208199790431
EFV,NNRTI,226,0.0030024668115947862,0.01657027788023697,0.0,0.014311474370297915
EFV,NNRTI,227,0.012525743255464477,0.021662862489465626,0.01,0.021541047315056808
EFV,NNRTI,228,0.017416687552795337,0.026246750214631902,0.07,0.026462090860431896
EFV,NNRTI,229,0.00256353115219099,0.008136626609339146,0.0,0.009560592296896646
EFV,NNRTI,230,0.01713246440376679,0.02150229563267203,0.04,0.02895671256917722
EFV,NNRTI,231,0.0017129332826880273,0.00693205833187676,0.0,0.008161614778361461
EFV,NNRTI,232,0.002492204586706066,0.011943487580865622,0.0,0.012077655073438942
EFV,NNRTI,233,0.0017468234145781025,0.012047282750136218,0.0,0.009807497930696171
EFV,NNRTI,234,0.0001910936604872404,0.002263458755078318,0.0,0.0018697695013047597
EFV,NNRTI,235,0.0027569043172479724,0.015900318316416816,0.0,0.013982091162534904
EFV,NNRTI,236,0.0024808899596246194,0.00782427120167995,0.0,0.006041687096964785
EFV,NNRTI,237,0.009400548696576153,0.01632940438736114,0.02,0.013640541870913972
EFV,NNRTI,238,0.00055323895589936,0.004538646350411,0.0,0.0034550152505156174
EFV,NNRTI,239,0.0007012126746894865,0.005159572752381792,0.0,0.0029017607147056273
EFV,NNRTI,240,0.0010315765462928538,0.00700235492826323,0.01,0.0037297314762578552
ETR,NNRTI,1,0.002635594744424452,0.018002208255347797,0.0,0.010402771643967025
ETR,NNRTI,2,0.00223805212721345,0.022905758266570046,0.0,0.013827535746156479
ETR,NNRTI,3,0.001659094185451977,0.014744428061239887,0.0,0.009962902215597905
ETR,NNRTI,4,0.029358436376423925,0.04940151811111718,0.03,0.03533720694969071
ETR,NNRTI,5,0.002030318281977088,0.01929652817430906,0.0,0.011757949629300199
ETR,NNRTI,6,0.026200133542952243,0.04984302461554762,0.07,0.037365014206631006
ETR,NNRTI,7,0.002025299278466264,0.02030616172531154,0.0,0.013118825559739943
ETR,NNRTI,8,0.0021330385616602143,0.0218300344387535,0.0,0.016206292645884177
ETR,NNRTI,9,0.0039528045382758135,0.03289072536746971,0.0,0.02507570555016413
ETR,NNRTI,10,0.004734502715145936,0.04768858768860809,0.0,0.03790861003344337
ETR,NNRTI,11,0.009557613199431216,0.027614814703119918,0.01,0.022534371671892667
ETR,NNRTI,12,0.008207238979666727,0.07136049638967962,0.0,0.06110184024202609
ETR,NNRTI,13,0.0014069109352931263,0.015270291516499128,0.0,0.01446669654402208
ETR,NNRTI,14,0.0012383325093105668,0.013032212606631219,0.0,0.010357056047910476
ETR,NNRTI,15,0.0014486568200481997,0.012428570289048367,0.0,0.010443364064006384
ETR,NNRTI,16,0.0017621533269266366,0.014573975800594781,0.0,0.011989237830621195
ETR,NNRTI,17,0.000816487342090113,0.008722254060558043,0.0,0.004503283370403254
ETR,NNRTI,18,0.002884686524193967,0.02559063347929623,0.0,0.022048519473938634
ETR,NNRTI,19,0.0038071520230005262,0.025685184067115188,0.0,0.021886671906388367
ETR,NNRTI,20,0.03282680159820302,0.04539177498780191,0.0,0.03843628121541976
ETR,NNRTI,21,0.003389631900790846,0.02157756572647486,0.0,0.021434601247272266
ETR,NNRTI,22,0.012569264495941751,0.024869457387831063,0.02,0.024697529066412142
ETR,NNRTI,23,0.008458309359120904,0.05751735722995363,0.0,0.06940965889274407
ETR,NNRTI,24,0.007747097999381367,0.05045261555234901,0.0,0.06067000025152027
ETR,NNRTI,25,0.004961663322974346,0.03750886905472726,0.0,0.041856984836872994
ETR,NNRTI,26,0.014262772752845194,0.09725839188322424,0.0,0.11542935799947154
ETR,NNRTI,27,0.0011872481150021486,0.008929619225091301,0.0,0.008837435853590852
ETR,NNRTI,28,0.018234580923035537,0.024394982689991594,0.02,0.02360332328906458
ETR,NNRTI,29,0.0020631299752130873,0.01674016343022231,0.0,0.013745156116468791
ETR,NNRTI,30,0.0029816121098701844,0.021643574085901493,0.0,0.024248407464142353
ETR,NNRTI,31,0.015998776921842362,0.03567619069770444,0.01,0.03470339137548188
ETR,NNRTI,32,0.007092726898481488,0.01747762250044616,0.01,0.013839764802487138
ETR,NNRTI,33,0.0035959513123088984,0.021602548039518298,0.0,0.021381990155839047
ETR,NNRTI,34,0.058029189922381194,0.22731625106185674,0.34,0.24265219805885704
ETR,NNRTI,35,0.12381217292160727,0.15067257157177663,0.19,0.13761391791043226
ETR,NNRTI,36,0.004717630610830383,0.02154336100735236,0.0,0.016573659353241628
ETR,NNRTI,37,0.009101953345816583,0.0393872839526739,0.0,0.03664084787316682
ETR,NNRTI,38,0.03453360546962358,0.09891006416641175,0.0,0.09729249231365296
ETR,NNRTI,39,0.05750415954789787,0.05897736731276382,0.08,0.05447948511500894
ETR,NNRTI,40,0.015407985699421261,0.036020016749971545,0.01,0.03144607115189417
ETR,NNRTI,41,0.05173645974544343,0.08854649796383456,0.19,0.10234604387256764
ETR,NNRTI,42,0.007838990568125155,0.03620413555414416,0.0,0.040573998372110516
ETR,NNRTI,43,0.016866671359239263,0.02592983549286146,0.03,0.021697175863133765
ETR,NNRTI,44,0.01567635276922374,0.029082334965933113,0.04,0.030484745853255068
ETR,NNRTI,45,0.0004961212790567515,0.0036938967506284824,0.0,0.004453701154921164
ETR,NNRTI,46,0.007186750110849971,0.009422178861132124,0.01,0.012757707899790739
ETR,NNRTI,47,0.004840128885407466,0.031168929450795985,0.0,0.03333745974138744
ETR,NNRTI,48,0.005434886655857554,0.005497861504554748,0.01,0.00840241473999725
ETR,NNRTI,49,0.007239419182587881,0.01728606648335699,0.0,0.01666691865361841
ETR,NNRTI,50,0.0036504022583540062,0.03447158499853686,0.0,0.03806152495734213
ETR,NNRTI,51,0.0008714781174057862,0.00981406004721066,0.0,0.010004533186737915
ETR,NNRTI,52,0.0016949147961713607,0.018031315471744164,0.0,0.016669917103942535
ETR,NNRTI,53,0.012020514051546343,0.030897042948636225,0.01,0.030551050779874522
ETR,NNRTI,54,0.005009660369105404,0.04683879700023681,0.0,0.055471474703075556
ETR,NNRTI,55,0.0032253083206887825,0.031178730163373983,0.0,0.03285176721522007
ETR,NNRTI,56,0.0039076014539750755,0.03653636211995035,0.0,0.042003564793649584
ETR,NNRTI,57,0.014454303980746772,0.08106523682363331,0.0,0.10522815338482237
ETR,NNRTI,58,0.005696925212978385,0.047439136847388,0.0,0.06018892771787845
ETR,NNRTI,59,0.010946444770961534,0.07297340502496809,0.0,0.09518933986239807
ETR,NNRTI,60,0.16414605943718924,0.3324671057611704,0.61,0.37675624269392927
ETR,NNRTI,61,0.014270688018295914,0.07441124300006777,0.0,0.09573178083346842
ETR,NNRTI,62,0.0049372317112283785,0.039436438273405656,0.0,0.0467827428226353
ETR,NNRTI,63,0.005257366835576249,0.030101961783366278,0.0,0.03671383848178687
ETR,NNRTI,64,0.016156958011197275,0.023210737050685566,0.04,0.028130414178326863
ETR,NNRTI,65,0.012736368215992116,0.024676721523865127,0.01,0.03250655720022459
ETR,NNRTI,66,0.003511915555500309,0.0072511088039027526,0.0,0.008862155489463688
ETR,NNRTI,67,0.014346681566530605,0.01506529212987516,0.0,0.018403958325941445
ETR,NNRTI,68,0.017048116667210705,0.014789983248338103,0.01,0.018524924862542008
ETR,NNRTI,69,0.033435601083911026,0.029474034584709444,0.05,0.0341426752444976
ETR,NNRTI,70,0.021320536406565224,0.020942908810684457,0.04,0.02517755489191215
ETR,NNRTI,71,0.008525077876984142,0.03130729743919801,0.0,0.03709417994252118
ETR,NNRTI,72,0.003345416644733632,0.02050140865612775,0.0,0.02775692852564915
ETR,NNRTI,73,0.009309656822588296,0.048655315741198135,0.0,0.06323941289643835
ETR,NNRTI,74,0.07000023019267246,0.14503439468564466,0.06,0.1818182402990299
ETR,NNRTI,75,0.08289978740620427,0.21590388987679035,0.24,0.2659631704345765
ETR,NNRTI,76,0.0035287361886003053,0.025434058906394056,0.0,0.03663266203077355
ETR,NNRTI,77,0.017087021381012164,0.10882865784456953,0.0,0.13653725743717407
ETR,NNRTI,78,0.0022391948256699832,0.016452338412054814,0.0,0.02282008016441552
ETR,NNRTI,79,0.0035015400989504997,0.025920134966727345,0.0,0.02772905831457527
ETR,NNRTI,80,0.030321290424908512,0.1739383796043694,0.02,0.20094226152391836
ETR,NNRTI,81,0.00795723959687166,0.06304712910903618,0.0,0.08287143840052537
ETR,NNRTI,82,0.012681935449654702,0.028408935759798623,0.01,0.029742872117697206
ETR,NNRTI,83,0.08215928392892238,0.14057157992850988,0.13,0.16180065279489447
ETR,NNRTI,84,0.01460184983588988,0.08770136474166065,0.0,0.10557934120927082
ETR,NNRTI,85,0.0015677504861014314,0.013933875925431494,0.0,0.014589912858952057
ETR,NNRTI,86,0.0035127189405466195,0.029441624780301937,0.0,0.031772855784849334
ETR,NNRTI,87,0.006016360048233764,0.051351312887854876,0.0,0.05208849955397839
ETR,NNRTI,88,0.013234020103700459,0.03650908440526109,0.01,0.034857785569419694
ETR,NNRTI,89,0.0035054742531792724,0.027513226227019915,0.0,0.028147679606233607
ETR,NNRTI,90,0.017658640244189883,0.04378729312389623,0.06,0.0440968147731057
ETR,NNRTI,91,0.003847046181181213,0.025327662044437604,0.0,0.02726077878278848
ETR,NNRTI,92,0.006711510510649532,0.04711849153158255,0.0,0.04495168657054355
ETR,NNRTI,93,0.0053800639628025235,0.032236043016891924,0.0,0.03288827484017656
ETR,NNRTI,94,0.014364306655770633,0.08633925970410929,0.0,0.08344114758760751
ETR,NNRTI,95,0.005316363342426484,0.03513701160205528,0.0,0.03255059846838711
ETR,NNRTI,96,0.012562396322609857,0.058977330452762544,0.0,0.0527429144338781
ETR,NNRTI,97,0.017408337652741464,0.07296611096011475,0.0,0.06533183775597537
ETR,NNRTI,98,0.031277852662969965,0.03807535295985872,0.03,0.03249939097730044
ETR,NNRTI,99,0.005402579267247347,0.017678669468150474,0.0,0.014300382635516242
ETR,NNRTI,100,0.07300818155606975,0.10333494647871704,0.07,0.08930413726425217
ETR,NNRTI,101,0.06598268604648183,0.056380250946967865,0.08,0.05037351007112052
ETR,NNRTI,102,0.01572647828506888,0.01814088591840118,0.01,0.014507278577873144
ETR,NNRTI,103,0.07259252958581783,0.08257013073074632,0.06,0.08102208807763174
ETR,NNRTI,104,0.005212214260682231,0.0073837093397742136,0.0,0.006181735257873221
ETR,NNRTI,105,0.004626858999836258,0.01277454149996629,0.0,0.012275574407182254
ETR,NNRTI,106,0.05024267650209367,0.06781512402929366,0.06,0.07597998733486604
ETR,NNRTI,107,0.0031566922370984685,0.014450127769086975,0.0,0.016354140707633535
ETR,NNRTI,108,0.02953830435173586,0.07427222271449864,0.02,0.08620980041671895
ETR,NNRTI,109,0.046468704999424515,0.26331352634355426,0.63,0.3017306857279506
ETR,NNRTI,110,0.001164393312683387,0.011324218394292984,0.0,0.015063001202000994
ETR,NNRTI,111,0.01282615846954286,0.08447782589588314,0.0,0.10216556480999855
ETR,NNRTI,112,0.002050398835344822,0.010077485820511356,0.0,0.014750258844900528
ETR,NNRTI,113,0.0016816570012451848,0.010822628321475349,0.0,0.014551546535658575
ETR,NNRTI,114,0.00386562240018975,0.03397861664183438,0.0,0.045155745559407136
ETR,NNRTI,115,0.10000080495374278,0.2744177591614425,0.9,0.3590494983902732
ETR,NNRTI,116,0.008407049407833257,0.056044014823855834,0.0,0.07476925746613557
ETR,NNRTI,117,0.0072133717421093025,0.051668983872514215,0.0,0.06648923962246364
ETR,NNRTI,118,0.04584572352992836,0.08768315936089494,0.1,0.10583473839371843
ETR,NNRTI,119,0.008653422179631888,0.0651922348816879,0.0,0.07187576147128177
ETR,NNRTI,120,0.05467342616291717,0.3599883594736457,0.96,0.4045565559995795
ETR,NNRTI,121,0.026697256556944923,0.04113254202005919,0.03,0.04335645028813657
ETR,NNRTI,122,0.020907195597319513,0.028242447873053605,0.04,0.02913362313523476
ETR,NNRTI,123,0.03427043281059014,0.038505526629742236,0.06,0.03718941361306141
ETR,NNRTI,124,0.00543310163426213,0.025699781202711165,0.0,0.03130037686149435
ETR,NNRTI,125,0.0025409592354117194,0.015609743320965208,0.0,0.018240271259099213
ETR,NNRTI,126,0.0015719256869124365,0.009225737862288952,0.0,0.008846672860792801
ETR,NNRTI,127,0.004206626249506371,0.028685168324736877,0.0,0.03123963463010955
ETR,NNRTI,128,0.011522678153705784,0.08566945589380338,0.0,0.10575268616464545
ETR,NNRTI,129,0.002513514775200747,0.018079098110902123,0.0,0.023340004548238126
ETR,NNRTI,130,0.006735132159665227,0.04763213228085078,0.0,0.05507922016248096
ETR,NNRTI,131,0.0038203070320014377,0.023122160951606928,0.0,0.027165945334048324
ETR,NNRTI,132,0.007388050246809144,0.038942259280011056,0.0,0.039306111218738
ETR,NNRTI,133,0.005130149951583007,0.023855444426299072,0.0,0.021877621853552832
ETR,NNRTI,134,0.00328882112618885,0.010137755415926222,0.0,0.008376987273011486
ETR,NNRTI,135,0.06144310208823299,0.06691538191749714,0.07,0.06214496795561292
ETR,NNRTI,136,0.004142770662620024,0.009947587139322422,0.0,0.007236557177428117
ETR,NNRTI,137,0.003975937994764536,0.009945072293339763,0.0,0.00804372307772913
ETR,NNRTI,138,0.04785558944757213,0.04260145953972824,0.01,0.03444059523953245
ETR,NNRTI,139,0.0019656562464160743,0.004277851843507961,0.0,0.002885269606411334
ETR,NNRTI,140,0.002137077719216904,0.008211500451579923,0.0,0.004979801601387181
ETR,NNRTI,141,0.0030477540655556366,0.014108664069499354,0.0,0.013399320874838035
ETR,NNRTI,142,0.030000435217953054,0.04376112098805606,0.05,0.04406471936246615
ETR,NNRTI,143,0.0020611254677351098,0.014027147331798915,0.0,0.017935355458678037
ETR,NNRTI,144,0.003548928043455817,0.023536076967138796,0.0,0.027879083859108957
ETR,NNRTI,145,0.0012295017089127213,0.008620958029059694,0.0,0.011141697989878876
ETR,NNRTI,146,0.00389721435654792,0.028798469405737704,0.0,0.03868924955183205
ETR,NNRTI,147,0.002194778353150468,0.019454728047712706,0.0,0.025081327603217483
ETR,NNRTI,148,0.0012103750777896494,0.009170311309862882,0.0,0.0133675529579077
ETR,NNRTI,149,0.03146468046819791,0.23395178002305328,0.68,0.2972606852940582
ETR,NNRTI,150,0.009961621450202074,0.08221455549821258,0.0,0.11210661175486311
ETR,NNRTI,151,0.019261290788126644,0.09046338878571987,0.01,0.11814152191493234
ETR,NNRTI,152,0.0006468724940532411,0.006013635985582368,0.0,0.008872242418033758
ETR,NNRTI,153,0.00433566583582433,0.03266045750118792,0.0,0.04475225571907311
ETR,NNRTI,154,0.0011814081506963702,0.008826303291716613,0.0,0.012716317806146736
ETR,NNRTI,155,0.002517293619675911,0.014649383270007093,0.0,0.01937206478938681
ETR,NNRTI,156,0.003255545921565499,0.02419124691397883,0.0,0.03304602358171305
ETR,NNRTI,157,0.012149360001203605,0.048950065748067574,0.0,0.06635929698801667
ETR,NNRTI,158,0.012367164216702803,0.021964001524320338,0.01,0.02548729201294362
ETR,NNRTI,159,0.012610560128232464,0.07212504367111251,0.0,0.08472841856080601
ETR,NNRTI,160,0.011829026368795894,0.06467255210736766,0.0,0.08610680231010352
ETR,NNRTI,161,0.004824138289113762,0.022172032527741976,0.0,0.027984298172026613
ETR,NNRTI,162,0.12248640007572248,0.15083094612928108,0.22,0.14479652690393213
ETR,NNRTI,163,0.019473065197234973,0.09438451976981015,0.0,0.09367924299527416
ETR,NNRTI,164,0.06963489443063736,0.2934483906906098,0.89,0.35020263025575216
ETR,NNRTI,165,0.006383712974202354,0.024129416770883837,0.01,0.02392600314654783
ETR,NNRTI,166,0.02208028064444079,0.04024028511659708,0.03,0.03515516909269098
ETR,NNRTI,167,0.011860638304497115,0.04256580963148735,0.0,0.0405907365699906
ETR,NNRTI,168,0.04742120936047286,0.28478894334286453,0.74,0.30955585139271685
ETR,NNRTI,169,0.00693716418762051,0.02315578982466832,0.03,0.019311624545042563
ETR,NNRTI,170,0.005051980756106787,0.02894209865189623,0.0,0.02235590069561894
ETR,NNRTI,171,0.01864219851384405,0.05139310060418211,0.01,0.04990790363739879
ETR,NNRTI,172,0.017097168340114877,0.04633845903212205,0.01,0.049774451541644824
ETR,NNRTI,173,0.04480311470273591,0.04177641211717855,0.07,0.03407996474188225
ETR,NNRTI,174,0.022105912850020105,0.026843237822613445,0.05,0.02602471506766854
ETR,NNRTI,175,0.006027775366092101,0.024725039493641816,0.0,0.02456290427786397
ETR,NNRTI,176,0.008127099292178173,0.028155687589314766,0.0,0.026153328641567143
ETR,NNRTI,177,0.025954599402029998,0.03156405056884978,0.02,0.03014962620823033
ETR,NNRTI,178,0.05667954874807037,0.0764790749619715,0.08,0.07493479743346156
ETR,NNRTI,179,0.13079038571799173,0.15643548517953604,0.17,0.15053966166235258
ETR,NNRTI,180,0.027948581110686065,0.10454177015228197,0.0,0.11287020432965615
ETR,NNRTI,181,0.13059187213657425,0.2183508322108537,0.2,0.22547062385480074
ETR,NNRTI,182,0.01453790802101139,0.050886985993711276,0.0,0.06645820695278927
ETR,NNRTI,183,0.010477989586361218,0.03345587064162828,0.0,0.04186975321293761
ETR,NNRTI,184,0.11731261468492449,0.136884501487948,0.08,0.16773793892262517
ETR,NNRTI,185,0.004528402309078956,0.02098263186519034,0.0,0.028230516577263245
ETR,NNRTI,186,0.004489465700899018,0.013367987814708613,0.0,0.017847407129043067
ETR,NNRTI,187,0.01120434607117204,0.04333316010073759,0.0,0.055800265214041085
ETR,NNRTI,188,0.04328879796259571,0.055953812301740985,0.06,0.06329629364981983
ETR,NNRTI,189,0.021387597218563315,0.04497338938352186,0.02,0.043374057595766784
ETR,NNRTI,190,0.05377457238995703,0.05834422932821326,0.04,0.05794119751834567
ETR,NNRTI,191,0.005103555676760152,0.020720807568286547,0.0,0.022341928297936558
ETR,NNRTI,192,0.01530660754753626,0.026857566626858898,0.01,0.025475361550098673
ETR,NNRTI,193,0.004229081627563573,0.015422121545998379,0.0,0.015121658495132789
ETR,NNRTI,194,0.0029143376455976976,0.007590989428281319,0.0,0.005584740916074902
ETR,NNRTI,195,0.020727536456251982,0.03552718763065059,0.03,0.028297033645690098
ETR,NNRTI,196,0.018751177870872198,0.026668793803255538,0.01,0.016800626162003344
ETR,NNRTI,197,0.0030107411045173648,0.007939796421851497,0.0,0.004315969448877918
ETR,NNRTI,198,0.018621984608471392,0.06003704519593157,0.01,0.06210256731344497
ETR,NNRTI,199,0.004516498383891303,0.017058125270414167,0.0,0.011405953154308542
ETR,NNRTI,200,0.044595723794482185,0.05525166946579702,0.04,0.04246801693002441
ETR,NNRTI,201,0.006282554394565523,0.020945983006386087,0.0,0.018768028078837998
ETR,NNRTI,202,0.03313311073026853,0.06917337098275311,0.08,0.07095690771901395
ETR,NNRTI,203,0.034972992101829734,0.05283115241676569,0.05,0.04193985473434154
ETR,NNRTI,204,0.026027220357354962,0.041472370406845586,0.02,0.034074135002977124
ETR,NNRTI,205,0.03878603923600167,0.18540261920075862,0.0,0.17852779041656006
ETR,NNRTI,206,0.01093847707757959,0.05138013694202528,0.0,0.04174750926255153
ETR,NNRTI,207,0.04892234484868822,0.06422353736066726,0.05,0.04970498947109363
ETR,NNRTI,208,0.021381134909461252,0.059969698844943194,0.02,0.057418362557906465
ETR,NNRTI,209,0.04121864073851612,0.19668530413415283,0.05,0.19299102344225197
ETR,NNRTI,210,0.05648985833046027,0.09221776008722372,0.07,0.08011106605532267
ETR,NNRTI,211,0.04771325378853362,0.0532788181543583,0.05,0.0420460137052547
ETR,NNRTI,212,0.01562469289812725,0.04536215172265656,0.0,0.04280509016923936
ETR,NNRTI,213,0.007284759328977089,0.022704554051160813,0.0,0.020626842729767638
ETR,NNRTI,214,0.08689122654672246,0.10460848104557954,0.13,0.11706473674761408
ETR,NNRTI,215,0.05424093042354798,0.06614577462722082,0.09,0.06406919745849422
ETR,NNRTI,216,0.010134686025994597,0.03612437732517719,0.0,0.03522257197400138
ETR,NNRTI,217,0.008247661147615873,0.022319702229578978,0.0,0.02631168013370284
ETR,NNRTI,218,0.009924857380829053,0.021233695468399674,0.02,0.018882976743665646
ETR,NNRTI,219,0.04656893189734546,0.05903152936720289,0.1,0.060821351723125305
ETR,NNRTI,220,0.007661070721514989,0.023640935810399243,0.0,0.02745032567606085
ETR,NNRTI,221,0.013262636523140827,0.03149414758314378,0.04,0.032909473043125505
ETR,NNRTI,222,0.0035108628813759423,0.016545295271789655,0.0,0.016228447681260208
ETR,NNRTI,223,0.0025525639077386584,0.013396868676645681,0.0,0.01308449493841503
ETR,NNRTI,224,0.011214358355027798,0.016690317473839967,0.01,0.015913155013381402
ETR,NNRTI,225,0.0011761395585199353,0.006491111429204466,0.0,0.004953463161516925
ETR,NNRTI,226,0.0017415464975056238,0.011350261567567941,0.0,0.00972456233441556
ETR,NNRTI,227,0.014977803119109012,0.04226546510355547,0.01,0.04139276392157029
ETR,NNRTI,228,0.0246123635112599,0.047333982185227795,0.06,0.047780195188816606
ETR,NNRTI,229,0.006304961603746051,0.03301174442982301,0.0,0.0388973342474838
ETR,NNRTI,230,0.03401289558139979,0.0627515921666054,0.04,0.07348205055100411
ETR,NNRTI,231,0.0019058702734400868,0.010321644757059403,0.0,0.012093258486905909
ETR,NNRTI,232,0.002396411634472315,0.015868903116206638,0.0,0.017022226499274665
ETR,NNRTI,233,0.0012412501614380744,0.01109067880694056,0.0,0.008577402458621987
ETR,NNRTI,234,0.004160181028710213,0.03718192712287419,0.0,0.03483600072100097
ETR,NNRTI,235,0.0009761725122007192,0.006430028082977515,0.0,0.005344214499542675
ETR,NNRTI,236,0.0025423506525112318,0.010633580821449868,0.0,0.008706801090556908
ETR,NNRTI,237,0.005457359196298057,0.008633109215152217,0.02,0.006548896503908583
ETR,NNRTI,238,0.0007864631407392153,0.00647169143485371,0.0,0.004665033339405657
ETR,NNRTI,239,0.0021813652671698945,0.01900721501209773,0.0,0.013984201260700818
ETR,NNRTI,240,0.007692192191698268,0.02102730736864032,0.01,0.012023052977181072
NVP,NNRTI,1,0.0010373555753176334,0.008261975968780462,0.0,0.0054093589410700625
NVP,NNRTI,2,0.0009577798118334613,0.01032952565161395,0.0,0.006808885126144058
NVP,NNRTI,3,0.001075338424598158,0.009917949606606271,0.0,0.007788614952770523
NVP,NNRTI,4,0.019976865398602967,0.032658329508267345,0.03,0.02903282727726471
NVP,NNRTI,5,0.0010816134907690865,0.010254552610276732,0.0,0.007160378819881752
NVP,NNRTI,6,0.009032821983109897,0.013950703540758695,0.05,0.011409435903889266
NVP,NNRTI,7,0.0008956891300294956,0.009282758284243756,0.0,0.0073201806189869415
NVP,NNRTI,8,0.0005766869152830623,0.007098455971135991,0.0,0.0058394448830869534
NVP,NNRTI,9,0.0011739735513765482,0.009827170495700557,0.0,0.008368419855825737
NVP,NNRTI,10,0.0009714458391681546,0.010294741262914613,0.0,0.009000392971712208
NVP,NNRTI,11,0.0005704046937194107,0.004175850890896981,0.01,0.003689805876110024
NVP,NNRTI,12,0.001095612484787125,0.011624372894584668,0.0,0.011098729270565068
NVP,NNRTI,13,0.0005782053889561211,0.007930331813404336,0.0,0.00822177234454606
NVP,NNRTI,14,0.0001493313193486756,0.003909438921473338,0.0,0.003684820342182982
NVP,NNRTI,15,0.000831081693759188,0.008085659266798757,0.0,0.007894361674157385
NVP,NNRTI,16,0.001378897914692061,0.0103112872276688,0.0,0.009421461984939773
NVP,NNRTI,17,0.00030148069367896824,0.0042058835538045965,0.0,0.0030640258766323858
NVP,NNRTI,18,0.0004968055107747205,0.006713104992522858,0.0,0.006533356050793939
NVP,NNRTI,19,0.0009474878622495453,0.00700578572388622,0.0,0.006874319817854981
NVP,NNRTI,20,0.013489627916751488,0.014838051826227456,0.02,0.013592998838257904
NVP,NNRTI,21,0.0016413073933290434,0.011195743536518421,0.0,0.012151420488661363
NVP,NNRTI,22,0.0008461737388795143,0.004487305737857241,0.02,0.00525153853558955
NVP,NNRTI,23,0.001759333705813333,0.012156897543463855,0.0,0.01593069646524135
NVP,NNRTI,24,0.0012652801837430162,0.007722453523165314,0.0,0.009792996489645262
NVP,NNRTI,25,0.0008614305713672366,0.008107596251938957,0.0,0.009716193714113606
NVP,NNRTI,26,0.002059234957305307,0.014692583706346341,0.0,0.018583042538226832
NVP,NNRTI,27,0.0006408576973535674,0.0057571839620504765,0.0,0.006503041821423333
NVP,NNRTI,28,0.012342961125333111,0.010742937908689782,0.01,0.010798999434390803
NVP,NNRTI,29,0.0005366117841595041,0.00514532914472511,0.0,0.004730844703906162
NVP,NNRTI,30,0.0008266586323225056,0.006329977394780144,0.0,0.008108807502781862
NVP,NNRTI,31,0.013391993880359223,0.022762804749654607,0.01,0.02310776340717605
NVP,NNRTI,32,0.001905171353773767,0.004264401103973796,0.01,0.003612247809564607
NVP,NNRTI,33,0.002799541646600119,0.016384123672614805,0.0,0.018145162768590375
NVP,NNRTI,34,0.007240457761654397,0.027676939876400866,0.0,0.0321119642194621
NVP,NNRTI,35,0.08048288022429916,0.07624023008276709,0.19,0.0707211178716752
NVP,NNRTI,36,0.0009791523653257172,0.0043031042745860755,0.0,0.003631045702768442
NVP,NNRTI,37,0.002581198938714806,0.011324056215817108,0.0,0.012039464138205109
NVP,NNRTI,38,0.0067087709640327375,0.016017618688056245,0.0,0.017097873733363203
NVP,NNRTI,39,0.03256380247374182,0.028292129308829315,0.06,0.027741483003883037
NVP,NNRTI,40,0.0011714645351457876,0.004917892731464235,0.01,0.0045070331972486034
NVP,NNRTI,41,0.007818031885180972,0.012083007197070401,0.0,0.016312248720658767
NVP,NNRTI,42,0.0019153090415420593,0.007879691527195974,0.0,0.010027595911397034
NVP,NNRTI,43,0.007277063226146083,0.007131063491744954,0.03,0.006447119775781776
NVP,NNRTI,44,0.0051945147176684255,0.007415228066274721,0.03,0.008971277454197797
NVP,NNRTI,45,0.00011812366541448682,0.0027446387617965228,0.0,0.0037486036411182463
NVP,NNRTI,46,0.005001378512570227,0.01052483799518086,0.01,0.014601615923846763
NVP,NNRTI,47,0.002957877625376568,0.020120492764981464,0.0,0.023499306232250352
NVP,NNRTI,48,0.0018714362213756886,0.00513480453802913,0.01,0.006907970238033223
NVP,NNRTI,49,0.0015716278715990483,0.004769214228763303,0.02,0.005733842026325511
NVP,NNRTI,50,0.0024751165501220385,0.022276493381359615,0.0,0.02620311624603963
NVP,NNRTI,51,0.00016699308376246335,0.004418320116383256,0.0,0.004963383339251045
NVP,NNRTI,52,0.0004267750881626853,0.006753446424991125,0.0,0.0071002098223648825
NVP,NNRTI,53,0.004670020219400613,0.014852051672205562,0.01,0.016238877892122628
NVP,NNRTI,54,0.001554597770991677,0.015449096863158047,0.0,0.019333578925728553
NVP,NNRTI,55,0.0005121370009692328,0.007605194428761024,0.0,0.00875621914722391
NVP,NNRTI,56,0.0009501631601415284,0.010210151889477857,0.0,0.013000745278334013
NVP,NNRTI,57,0.0035711368916963694,0.02425895066582598,0.0,0.03293016497565697
NVP,NNRTI,58,0.00245745110543794,0.02128324078512378,0.0,0.02879257496775622
NVP,NNRTI,59,0.0020488176560320426,0.014605157283658627,0.0,0.020758036766834805
NVP,NNRTI,60,0.03440276227949653,0.056126491489703764,0.12,0.07306191658511592
NVP,NNRTI,61,0.004379573708793032,0.022501168311573564,0.0,0.03172708876862885
NVP,NNRTI,62,0.00175630723577342,0.014335280884115491,0.0,0.01802668532698041
NVP,NNRTI,63,0.005283988383453107,0.031069932362879627,0.0,0.03992883460580561
NVP,NNRTI,64,0.003241221424982541,0.004403691227207673,0.04,0.006217639898460102
NVP,NNRTI,65,0.0024805747700156642,0.006385615145991324,0.01,0.009486661986588206
NVP,NNRTI,66,0.0013155344865390362,0.003334874071624654,0.0,0.004706272606402023
NVP,NNRTI,67,0.03363739155785879,0.041628194627119225,0.15,0.053357543359551673
NVP,NNRTI,68,0.009309042924869573,0.008551357310061576,0.0,0.011502636975853759
NVP,NNRTI,69,0.030766655003244523,0.03237044024164788,0.08,0.03772563853326086
NVP,NNRTI,70,0.014730920145266281,0.01310094162254245,0.02,0.018022055463919388
NVP,NNRTI,71,0.002512198231124785,0.010511428315076045,0.0,0.013177173200748854
NVP,NNRTI,72,0.0023876347744226224,0.015159800427791198,0.0,0.02140799101835512
NVP,NNRTI,73,0.00538868319694302,0.027005250536021777,0.0,0.037768139435890004
NVP,NNRTI,74,0.1130084335396532,0.29867984099313616,0.99,0.3879351355084968
NVP,NNRTI,75,0.04537705226335675,0.0813084569084458,0.05,0.09934331754295499
NVP,NNRTI,76,0.0009457164472587465,0.008435960994975176,0.0,0.012826948928905896
NVP,NNRTI,77,0.0031619178313121664,0.019170877924771047,0.0,0.02601483978386706
NVP,NNRTI,78,0.001033442404041125,0.008555665849125944,0.0,0.013160691023844961
NVP,NNRTI,79,0.0005661925224467268,0.004794726684704074,0.0,0.005709746515020232
NVP,NNRTI,80,0.004031725071217807,0.019782906944747082,0.01,0.026057521695393215
NVP,NNRTI,81,0.002442703946508118,0.018506775848800318,0.0,0.026751326610426722
NVP,NNRTI,82,0.005482295382826123,0.011829442438611296,0.01,0.014341437788212265
NVP,NNRTI,83,0.02679405732706073,0.02984965308307437,0.06,0.034755102634222504
NVP,NNRTI,84,0.00927265212216298,0.046689171043690296,0.0,0.05855768712017453
NVP,NNRTI,85,0.0012716087818989764,0.011634970692684874,0.0,0.013876861721899746
NVP,NNRTI,86,0.0012621233465142723,0.011989728355256375,0.0,0.01421190686662762
NVP,NNRTI,87,0.0026816827031143475,0.02136802017746959,0.0,0.02311765433922795
NVP,NNRTI,88,0.012365651133550273,0.030692366604926066,0.01,0.03130926031209658
NVP,NNRTI,89,0.0009701473133645778,0.00989675448727212,0.0,0.010707315076886532
NVP,NNRTI,90,0.030755809945039802,0.056546971008065154,0.06,0.059641472531838415
NVP,NNRTI,91,0.0030702998895867496,0.02143422324268613,0.0,0.02453790581290386
NVP,NNRTI,92,0.0018432832534745103,0.014273866679868661,0.0,0.015465247627423432
NVP,NNRTI,93,0.0013791332917935505,0.010094154474936659,0.0,0.011609615387509143
NVP,NNRTI,94,0.005020814491872443,0.03535022690834012,0.0,0.037056425146270805
NVP,NNRTI,95,0.0010315540623014386,0.009102079647855135,0.0,0.009595423710577741
NVP,NNRTI,96,0.0028077074368775354,0.015594747306604404,0.0,0.01496492109615421
NVP,NNRTI,97,0.003033344021678204,0.016234387765871362,0.0,0.01561408409327587
NVP,NNRTI,98,0.03804439564497443,0.04278266180481296,0.07,0.03761867901171611
NVP,NNRTI,99,0.0029926428339240372,0.012289420056331437,0.0,0.011191070825192717
NVP,NNRTI,100,0.030330496243550442,0.061155263856053355,0.07,0.0560139674478889
NVP,NNRTI,101,0.1206453901831992,0.1261902730196016,0.17,0.12268677905065609
NVP,NNRTI,102,0.02729133850967628,0.038307744428748264,0.08,0.03582981698002396
NVP,NNRTI,103,0.4605721914838068,0.583592874025926,1.0,0.5903387533925761
NVP,NNRTI,104,0.013842282216210151,0.03348245674918871,0.0,0.03406068632244439
NVP,NNRTI,105,0.017999598197638987,0.06860891587682999,0.05,0.07201382789798956
NVP,NNRTI,106,0.13114163949270732,0.30335344769526273,0.94,0.33511838362129837
NVP,NNRTI,107,0.009199393008748303,0.049804110747063535,0.0,0.06034654687811167
NVP,NNRTI,108,0.047247341454494746,0.1850046525709331,0.9,0.23374834933405172
NVP,NNRTI,109,0.011417684054176789,0.07758858468034305,0.4,0.09544333153663219
NVP,NNRTI,110,0.0004978576270696067,0.007686827266006731,0.0,0.011334151952822225
NVP,NNRTI,111,0.0023526664538439947,0.013602735333843157,0.0,0.018772926574737118
NVP,NNRTI,112,0.001910430908174021,0.011295227188966236,0.0,0.016949728055108443
NVP,NNRTI,113,0.002142113902591518,0.014728282556461636,0.0,0.021011131965488622
NVP,NNRTI,114,0.00324698141484987,0.02766304469318129,0.0,0.03990351158797135
NVP,NNRTI,115,0.023091778025991515,0.04651389871491119,0.01,0.06563498328616565
NVP,NNRTI,116,0.005536272884928622,0.03176446691795718,0.0,0.04576180758195329
NVP,NNRTI,117,0.004320499186724192,0.029328691365080886,0.0,0.04071473877932302
NVP,NNRTI,118,0.01848645878759271,0.032234557500341904,0.1,0.042958864058196794
NVP,NNRTI,119,0.0007904189170858444,0.006999061574460939,0.0,0.008500127939964772
NVP,NNRTI,120,0.0026382643040415133,0.01903134578431491,0.0,0.02373212499897392
NVP,NNRTI,121,0.012514912981059752,0.01838577445509145,0.03,0.022105324797347958
NVP,NNRTI,122,0.013306720734855162,0.013032709590406739,0.04,0.014852877878364736
NVP,NNRTI,123,0.035356915212687454,0.03403745964271366,0.06,0.03248658881712978
NVP,NNRTI,124,0.0022969060019386233,0.009940560409304453,0.0,0.012749071233140731
NVP,NNRTI,125,0.0016817662323410333,0.00976504679696518,0.0,0.01241894508882581
NVP,NNRTI,126,0.00030738345306474457,0.002847646046666341,0.0,0.0031507314326698786
NVP,NNRTI,127,0.001175656041577895,0.00624408679534099,0.0,0.007605900283755892
NVP,NNRTI,128,0.0022350098886454364,0.016166534333024174,0.0,0.02170965946741711
NVP,NNRTI,129,0.00426490049365384,0.026280214893631637,0.0,0.036296049790327765
NVP,NNRTI,130,0.0025877172651598813,0.0162259593984345,0.0,0.020892721384404914
NVP,NNRTI,131,0.001345307451483677,0.008469722844893113,0.0,0.011254187537987912
NVP,NNRTI,132,0.003294834260159405,0.016491119462880306,0.0,0.017711054295851847
NVP,NNRTI,133,0.0008623939860081009,0.0041987199939467245,0.0,0.0041566560649554775
NVP,NNRTI,134,0.004064180397981545,0.013503162594279274,0.0,0.013625232038616047
NVP,NNRTI,135,0.03199604441098927,0.032679666391195496,0.07,0.030702174606446024
NVP,NNRTI,136,0.004218339913386444,0.011125894234573934,0.0,0.009975605172930673
NVP,NNRTI,137,0.004365240520019143,0.011307795988832367,0.0,0.010854717962484604
NVP,NNRTI,138,0.05422782643683604,0.04249386517549283,0.11,0.038290204811886296
NVP,NNRTI,139,0.0038172130360180747,0.009618240855343175,0.0,0.00933816222684238
NVP,NNRTI,140,0.001398990669176783,0.005150279969893745,0.0,0.004171099641319124
NVP,NNRTI,141,0.0014617951640047977,0.0063146346860594345,0.0,0.0070285455933656515
NVP,NNRTI,142,0.02692940657818326,0.03145540594603517,0.04,0.033117691254079186
NVP,NNRTI,143,0.0005133063117500569,0.004473265631386312,0.0,0.006755796291563616
NVP,NNRTI,144,0.0006585978469274778,0.005307190778767108,0.0,0.006911077057212329
NVP,NNRTI,145,0.0011567696762904234,0.009322225857467857,0.0,0.012430460147846862
NVP,NNRTI,146,0.0010881361135943735,0.007568484074436128,0.0,0.011170114683150136
NVP,NNRTI,147,0.0021806908862345153,0.019702542190789245,0.0,0.02712353397704026
NVP,NNRTI,148,0.0020676512234422263,0.01601441791106481,0.0,0.02379713655113296
NVP,NNRTI,149,0.003268699351028772,0.0227423954004189,0.0,0.03288174572089584
NVP,NNRTI,150,0.0014552281415672042,0.013666212051175535,0.0,0.021030133232750433
NVP,NNRTI,151,0.0030675846313349096,0.007862105768945185,0.01,0.012373593441708068
NVP,NNRTI,152,0.0010010966636582453,0.010656340892601292,0.0,0.01617618773361391
NVP,NNRTI,153,0.0020875940952100793,0.012544079846411477,0.0,0.017605763020154427
NVP,NNRTI,154,0.0006027958245886111,0.005885739828299847,0.0,0.009446111346753125
NVP,NNRTI,155,0.00045451150446069734,0.003911624710526667,0.0,0.005910999339039563
NVP,NNRTI,156,0.0014019830738834572,0.010584276432055048,0.0,0.015128467097229205
NVP,NNRTI,157,0.00286014763667481,0.008869590172253083,0.0,0.013605993847098392
NVP,NNRTI,158,0.006249504080042243,0.01969308852974791,0.01,0.026111130947769925
NVP,NNRTI,159,0.001456034584207373,0.008786166021600365,0.0,0.011730297089628678
NVP,NNRTI,160,0.0015525973384683312,0.008393782156636007,0.0,0.012340006576103728
NVP,NNRTI,161,0.0011325050024242956,0.0054336710098868935,0.0,0.00798948554225251
NVP,NNRTI,162,0.06275247236146242,0.055122997768339704,0.12,0.05568244131472191
NVP,NNRTI,163,0.003933919575574691,0.01811878113716375,0.0,0.019772907482208325
NVP,NNRTI,164,0.004244587920984486,0.018706867441651412,0.0,0.024685832014554585
NVP,NNRTI,165,0.0041743874450367,0.009082674136807327,0.01,0.00933552910028518
NVP,NNRTI,166,0.008432046721691223,0.012207861352799228,0.02,0.011142915370622546
NVP,NNRTI,167,0.0027201049377072197,0.006421054139646003,0.0,0.006795605166759094
NVP,NNRTI,168,0.0026917556745320328,0.015401531376119238,0.0,0.019354471097216372
NVP,NNRTI,169,0.0032123905492244375,0.007864845520234667,0.03,0.007648707905578521
NVP,NNRTI,170,0.0009053349970963609,0.004715068138684728,0.0,0.003781638500146813
NVP,NNRTI,171,0.012186628373638087,0.019895128669013502,0.01,0.020156621113687052
NVP,NNRTI,172,0.004507410596779664,0.010724818894232158,0.01,0.012454672742595823
NVP,NNRTI,173,0.030675081008864707,0.02656759164590767,0.05,0.025560411024434695
NVP,NNRTI,174,0.01240212510395395,0.013765609607212355,0.02,0.01397033222887488
NVP,NNRTI,175,0.003213839327218011,0.012424956596223637,0.0,0.01381327043648842
NVP,NNRTI,176,0.0010819099624495721,0.0037377596059377538,0.0,0.0038543578545221107
NVP,NNRTI,177,0.014346678505680756,0.01720976078970125,0.02,0.017552586487685585
NVP,NNRTI,178,0.03372690675401827,0.039739054901874626,0.15,0.04388312339218963
NVP,NNRTI,179,0.028351473502989392,0.03190586184093263,0.16,0.03240212490285664
NVP,NNRTI,180,0.008946467557398136,0.030026874647592194,0.0,0.03515582365462514
NVP,NNRTI,181,0.16553090439992957,0.24860784792341292,0.78,0.2685671781094597
NVP,NNRTI,182,0.00803261224529706,0.023553585528279655,0.0,0.033476435020382944
NVP,NNRTI,183,0.009951253549661487,0.028776106667355635,0.0,0.03977498585533151
NVP,NNRTI,184,0.1277311450277921,0.1321942715649493,0.59,0.17029922130449723
NVP,NNRTI,185,0.002398097247714759,0.011778851464041508,0.0,0.017348886739271464
NVP,NNRTI,186,0.007296781509212451,0.026582150086178445,0.0,0.03649878028867584
NVP,NNRTI,187,0.016630521565675734,0.05523805776960217,0.19,0.07338640291874958
NVP,NNRTI,188,0.15710097266128287,0.2959390096925199,0.96,0.35731866386705285
NVP,NNRTI,189,0.018134400235430802,0.057139562343945724,0.02,0.06272829677453093
NVP,NNRTI,190,0.07330501528165768,0.0933078968420159,0.11,0.10094681211076165
NVP,NNRTI,191,0.00612449931068113,0.027210940272780135,0.0,0.032058195744003266
NVP,NNRTI,192,0.01233507320022909,0.027825042068434412,0.01,0.02658246903396427
NVP,NNRTI,193,0.003631173407920869,0.015030937034462113,0.0,0.0165025223513581
NVP,NNRTI,194,0.0026558656769338994,0.008502072464325465,0.0,0.008050119725597866
NVP,NNRTI,195,0.01592721974793676,0.021856689182313857,0.03,0.018456017034200484
NVP,NNRTI,196,0.011342064795608167,0.012312183412141166,0.01,0.008501412130687917
NVP,NNRTI,197,0.0013831750390818343,0.0034853813931476907,0.0,0.0023020219227399305
NVP,NNRTI,198,0.0035519850267883156,0.01025417784039746,0.01,0.011672364144861813
NVP,NNRTI,199,0.0016557949594425735,0.006084264994060504,0.0,0.004499855264561289
NVP,NNRTI,200,0.02594940121001855,0.027075373610423413,0.03,0.02081387864849346
NVP,NNRTI,201,0.0019203900324282585,0.006090345216798596,0.0,0.005740099300536209
NVP,NNRTI,202,0.011578680137245102,0.017481639654142782,0.02,0.019385439121003493
NVP,NNRTI,203,0.012973002263606759,0.01505463297748065,0.03,0.011546615991893293
NVP,NNRTI,204,0.005397914132790902,0.008355502277627238,0.02,0.007289188151935535
NVP,NNRTI,205,0.0038636074880923845,0.01880388188670622,0.0,0.02014659017244601
NVP,NNRTI,206,0.0019158283506840235,0.008337010006798665,0.0,0.00732265715849415
NVP,NNRTI,207,0.011418928979292104,0.012088334031650447,0.02,0.009910048980535473
NVP,NNRTI,208,0.006251478341946495,0.012693192409933544,0.02,0.013225817854297408
NVP,NNRTI,209,0.0046290733044588705,0.018172246253525374,0.0,0.019954830093698517
NVP,NNRTI,210,0.017479619595724215,0.018997820127551676,0.02,0.016893796273094105
NVP,NNRTI,211,0.007107770758302649,0.00670483675734431,0.02,0.005469234026110192
NVP,NNRTI,212,0.0023682416942028793,0.004975574133277405,0.0,0.005093902406087394
NVP,NNRTI,213,0.001189809948709808,0.001837627847787644,0.0,0.0017604229384198475
NVP,NNRTI,214,0.02790325909956664,0.014971689349222288,0.06,0.018628646873404067
NVP,NNRTI,215,0.0028552345786647493,0.001437674873159267,0.0,0.0017022032075675487
NVP,NNRTI,216,0.0016863107079188922,0.004855038678651908,0.0,0.005266707605011792
NVP,NNRTI,217,0.002463432516924513,0.004124858034556382,0.0,0.005686077862436932
NVP,NNRTI,218,0.0013533240218202992,0.0028561644820092624,0.0,0.0027808967102258162
NVP,NNRTI,219,0.021403299611738476,0.021254708238120656,0.04,0.02387712523675558
NVP,NNRTI,220,0.0016412287366620148,0.004749607018748065,0.0,0.006404488139076186
NVP,NNRTI,221,0.0030242867729612043,0.008386063816724345,0.02,0.009159093912073958
NVP,NNRTI,222,0.0012773337754515524,0.006320924929605098,0.0,0.006809415546347763
NVP,NNRTI,223,0.0011641412107019277,0.006570748618250946,0.0,0.006957377105095645
NVP,NNRTI,224,0.013310923791432288,0.02999831989320228,0.01,0.029838921904596402
NVP,NNRTI,225,0.001570278029430483,0.011105611728853547,0.0,0.01067829070083318
NVP,NNRTI,226,0.0011488046529848361,0.009211639325949364,0.0,0.009102656394949617
NVP,NNRTI,227,0.005647368654281309,0.012544164490682306,0.01,0.014219068103212124
NVP,NNRTI,228,0.002797328109081718,0.005606911037684768,0.0,0.00637362924300948
NVP,NNRTI,229,0.002087246149640123,0.011256814344087616,0.0,0.015157889789771967
NVP,NNRTI,230,0.015756477132308645,0.02766488667926751,0.04,0.03694901013661279
NVP,NNRTI,231,0.0011589921326594776,0.007981037626595935,0.0,0.009919891103479517
NVP,NNRTI,232,0.0012026583349143039,0.008516998447594232,0.0,0.01023888638544517
NVP,NNRTI,233,0.00040235399692392095,0.0050395501289312965,0.0,0.004554082222452579
NVP,NNRTI,234,0.0029278740892186763,0.02562926379207056,0.0,0.026771380135319118
NVP,NNRTI,235,0.001685879410142661,0.012614666686567943,0.0,0.01308286081017102
NVP,NNRTI,236,0.0033533253405767026,0.01600225948233856,0.0,0.015580448420097908
NVP,NNRTI,237,0.02351725596090546,0.04151697109220549,0.02,0.04112017752882314
NVP,NNRTI,238,0.0003904169268753321,0.004597505766214454,0.0,0.00449288501221694
NVP,NNRTI,239,0.0008092827131804369,0.007307761761476286,0.0,0.006153083688771909
NVP,NNRTI,240,0.001493538922695734,0.00648990627763851,0.01,0.0046970314665602045
RPV,NNRTI,1,0.0008705628389179765,0.0014400323270820081,0.0,0.0007317075581943729
RPV,NNRTI,2,0.0005888298614263476,0.0016759813614771702,0.0,0.000864408310960272
RPV,NNRTI,3,0.0005790203832293628,0.0012962395258364267,0.0,0.0007764829412072233
RPV,NNRTI,4,0.010618953036846505,0.0050439626157458405,0.03,0.003253018966019126
RPV,NNRTI,5,0.0005114446502375358,0.0011175301307230255,0.0,0.0005172048804467617
RPV,NNRTI,6,0.007138140381684934,0.0042277656312217,0.0,0.002854685946736743
RPV,NNRTI,7,0.0008706894488568651,0.002131399075151421,0.0,0.0012871724917092775
RPV,NNRTI,8,0.001794677435027552,0.004755912169348449,0.0,0.003497060545924953
RPV,NNRTI,9,0.000840258507305407,0.0016700714046601207,0.0,0.0011223699056231596
RPV,NNRTI,10,0.0023249585385201497,0.005984559137141332,0.0,0.004407882192690077
RPV,NNRTI,11,0.007337641306185106,0.006478505260311067,0.01,0.004778806869599604
RPV,NNRTI,12,0.0006821145384310512,0.0016757969508762471,0.0,0.0012516706195849934
RPV,NNRTI,13,0.0006485304513989831,0.001718204271455761,0.0,0.0016260880811878981
RPV,NNRTI,14,2.661747500042111e-05,8.966093325398106e-05,0.0,1.58092845442757e-05
RPV,NNRTI,15,0.0003044749805849278,0.00063878342974931,0.0,0.0005102651431357662
RPV,NNRTI,16,0.0008578410757399979,0.0016900343299494124,0.0,0.001369334679388754
RPV,NNRTI,17,0.0006630681023307261,0.0017559600714594126,0.0,0.001045443801515198
RPV,NNRTI,18,0.0010194935433537465,0.0023029501631390303,0.0,0.0017906313525001486
RPV,NNRTI,19,0.0015012624329392564,0.0025992382125696167,0.0,0.002088635847280551
RPV,NNRTI,20,0.022799829411160318,0.007013315169606358,0.0,0.005550748224763793
RPV,NNRTI,21,0.005093654056981905,0.008482756356243045,0.0,0.007847295844915876
RPV,NNRTI,22,0.01189241336331179,0.0049647327256388965,0.02,0.005140761611372346
RPV,NNRTI,23,0.003936591868987307,0.006795885786414146,0.0,0.007770845330238422
RPV,NNRTI,24,0.0028145710928947666,0.004786023994674906,0.0,0.005247250243339485
RPV,NNRTI,25,0.0010650167494168272,0.0020077561179641635,0.0,0.002119738603371472
RPV,NNRTI,26,0.0021682488236547215,0.00373913653427735,0.0,0.004081743875641869
RPV,NNRTI,27,0.0013610644768414205,0.002573373388731852,0.0,0.002592860804705198
RPV,NNRTI,28,0.00913506906490511,0.001793505880414159,0.0,0.0015568836433740637
RPV,NNRTI,29,0.00046370501579986014,0.0006333260775136295,0.0,0.0005050289190473197
RPV,NNRTI,30,0.0014528562004124978,0.002556003172066994,0.0,0.002793509725387547
RPV,NNRTI,31,0.013243585739692207,0.013286247913492843,0.01,0.010617240685542649
RPV,NNRTI,32,0.00330291370046325,0.002999708981369622,0.0,0.0022406792871474896
RPV,NNRTI,33,0.0026617140366579405,0.004225018712459132,0.0,0.0040068676335889095
RPV,NNRTI,34,0.0023756621323991565,0.0024355496355565266,0.0,0.002572564646424336
RPV,NNRTI,35,0.07814026714826468,0.02362722609657794,0.1,0.0187812589534762
RPV,NNRTI,36,0.0010727728612982901,0.0009374182505416683,0.0,0.0006269006731753272
RPV,NNRTI,37,0.0031860501354094594,0.003440431691124104,0.0,0.0030182991285020726
RPV,NNRTI,38,0.010004083007515874,0.007672160948859527,0.0,0.006851190468950218
RPV,NNRTI,39,0.043583582294959344,0.012107005682191812,0.06,0.009497724094332282
RPV,NNRTI,40,0.005774008859007153,0.003934379758138675,0.01,0.002981589026269376
RPV,NNRTI,41,0.013177524012280627,0.006482700344640761,0.0,0.007057184513539348
RPV,NNRTI,42,0.0018924832897027955,0.002147262911312282,0.0,0.0022292524782652956
RPV,NNRTI,43,0.012942767762651783,0.01230131897609681,0.03,0.010265373785431646
RPV,NNRTI,44,0.006124456796933373,0.005308350890263682,0.02,0.005010790707825457
RPV,NNRTI,45,0.0016154639377054991,0.0033291627204744146,0.0,0.0035615577750959244
RPV,NNRTI,46,0.012370362908695825,0.009968938418896869,0.01,0.010373744768091109
RPV,NNRTI,47,0.0033095548367418817,0.005876387358875945,0.0,0.006035052391417186
RPV,NNRTI,48,0.012139789119974011,0.012042768951505422,0.01,0.011929136882183049
RPV,NNRTI,49,0.002910852413584735,0.0017860815158564946,0.0,0.0016895314053501668
RPV,NNRTI,50,0.0014680689303349936,0.0036263171280734243,0.0,0.0037170619582007312
RPV,NNRTI,51,0.0008432508818805218,0.002245590400416404,0.0,0.0022610429596310166
RPV,NNRTI,52,8.67350949044976e-05,0.00027551462648261804,0.0,0.00026366133299191464
RPV,NNRTI,53,0.002430139979849173,0.0022289682800328593,0.01,0.0019024305318287133
RPV,NNRTI,54,0.0008840333889747853,0.001910073615727015,0.0,0.002229643156925448
RPV,NNRTI,55,0.0005664809947666072,0.0014974897407228128,0.0,0.001525346813033653
RPV,NNRTI,56,0.0024300151865463706,0.005784254195168615,0.0,0.006198957629600225
RPV,NNRTI,57,0.005071117709740065,0.009490799941122532,0.0,0.01118277556564327
RPV,NNRTI,58,0.002480723617481999,0.005543544280808419,0.0,0.006570453768683407
RPV,NNRTI,59,0.003201997353316983,0.0058638559991959485,0.0,0.00717888677898867
RPV,NNRTI,60,0.15944609097670764,0.10560220243409275,0.98,0.1112265754425078
RPV,NNRTI,61,0.008765856188256293,0.012337907720357179,0.0,0.014654751100354808
RPV,NNRTI,62,0.005490966771903913,0.011419929373078048,0.0,0.01247219413603477
RPV,NNRTI,63,0.0066355254728114235,0.010518149936106056,0.0,0.011872186941772975
RPV,NNRTI,64,0.013704737915977603,0.008550085281312932,0.04,0.009369624826061036
RPV,NNRTI,65,0.009040464275021804,0.005906941223074682,0.01,0.00686365235070225
RPV,NNRTI,66,0.001919564200361492,0.0009507095845765434,0.0,0.0012023335478050187
RPV,NNRTI,67,0.013525653085525845,0.0052903799450723455,0.0,0.005822334746451318
RPV,NNRTI,68,0.008415105131280142,0.001123357996921186,0.0,0.001410382223895138
RPV,NNRTI,69,0.01786500113630609,0.0036511127583071356,0.02,0.003687557449220874
RPV,NNRTI,70,0.022933263002196325,0.009476083209738135,0.03,0.010086823098851908
RPV,NNRTI,71,0.003196974312522798,0.003133664944325574,0.0,0.003460111042411632
RPV,NNRTI,72,0.005854050269408617,0.009253324538003654,0.0,0.011172837139257562
RPV,NNRTI,73,0.004382909561536507,0.005638434924185276,0.0,0.006935951691325145
RPV,NNRTI,74,0.051697318382503,0.03392630097456276,0.06,0.03805604748781846
RPV,NNRTI,75,0.07396141986944713,0.07127367815934121,0.58,0.0759026517729149
RPV,NNRTI,76,0.0016029728796274868,0.0029159900144441054,0.0,0.003914188889567501
RPV,NNRTI,77,0.013656191819463856,0.02103865773882717,0.0,0.02447000649325619
RPV,NNRTI,78,0.006337441818322987,0.010887797239702195,0.0,0.013562644047001965
RPV,NNRTI,79,0.0011795375114525086,0.0018773495958885177,0.0,0.0019053527509403
RPV,NNRTI,80,0.007860686913700192,0.009820867749513127,0.01,0.010329795039574423
RPV,NNRTI,81,0.0016772521629172842,0.0034423074236838145,0.0,0.004373420796006967
RPV,NNRTI,82,0.008206095369914693,0.00443521054694429,0.01,0.00443968818421288
RPV,NNRTI,83,0.010979804732705815,0.004126050571212545,0.0,0.0043062498270189
RPV,NNRTI,84,0.005821678764186799,0.00941921564983204,0.0,0.010437252050157459
RPV,NNRTI,85,0.0014713933305756655,0.0028453712130431085,0.0,0.002995249542293018
RPV,NNRTI,86,0.0008087772208455135,0.0014458485541399568,0.0,0.0015842886551107893
RPV,NNRTI,87,0.0025152868960867636,0.005797670449828729,0.0,0.005540197792305461
RPV,NNRTI,88,0.012882893421920016,0.015439251227071508,0.01,0.012808941543965786
RPV,NNRTI,89,0.0008417147871659836,0.0016925394351710566,0.0,0.001684046914920403
RPV,NNRTI,90,0.03027254376269411,0.027849934846162796,0.06,0.025034829063538763
RPV,NNRTI,91,0.004620426250912715,0.008376374386716633,0.0,0.00824980856021842
RPV,NNRTI,92,0.0025860743501107206,0.004427886970806867,0.0,0.003908319153440774
RPV,NNRTI,93,0.0038229896896518766,0.006858746480429545,0.0,0.006428700576961019
RPV,NNRTI,94,0.004669453317328589,0.008928032412659376,0.0,0.007895461748165022
RPV,NNRTI,95,0.002036599046259653,0.003506620299885981,0.0,0.003024587843206058
RPV,NNRTI,96,0.00465390739729628,0.0060445576382335275,0.0,0.0049040518907207155
RPV,NNRTI,97,0.0041383638686966154,0.005191631773486733,0.0,0.004324440033848159
RPV,NNRTI,98,0.03597020399727626,0.014559655279153958,0.07,0.011489034501837268
RPV,NNRTI,99,0.00603510484972503,0.005602985518053174,0.0,0.004453053077028393
RPV,NNRTI,100,0.054475478505628415,0.011368060767417774,0.06,0.008378011851026731
RPV,NNRTI,101,0.09216613499302184,0.035599071581382306,0.09,0.0278079427801619
RPV,NNRTI,102,0.01686349482362857,0.007274767196504399,0.01,0.005449602348969994
RPV,NNRTI,103,0.09333016185904854,0.020980376354418694,0.12,0.01831601834847578
RPV,NNRTI,104,0.005858027690846939,0.0022269886278081684,0.0,0.0019171324280756233
RPV,NNRTI,105,0.0055503829848021265,0.003930922886356711,0.0,0.003651024581536322
RPV,NNRTI,106,0.13067972998134791,0.12715305121615528,0.89,0.12613300010527245
RPV,NNRTI,107,0.004698759945313213,0.006244811621727422,0.0,0.006461735451549339
RPV,NNRTI,108,0.03870026591932401,0.046025539515540004,0.03,0.049171555649420814
RPV,NNRTI,109,0.0030362717334355693,0.004756375984288752,0.0,0.0050790383950094905
RPV,NNRTI,110,0.0020221124129602684,0.005315693106967956,0.0,0.006269661019113013
RPV,NNRTI,111,0.008521971658337861,0.014439996448345482,0.0,0.015638314199231337
RPV,NNRTI,112,0.005730274405796081,0.008965078522451222,0.0,0.010990139635388599
RPV,NNRTI,113,0.0017702876021940027,0.0030060123419389127,0.0,0.003779114682771323
RPV,NNRTI,114,0.004041973366984166,0.009265496868174523,0.0,0.011067610959162272
RPV,NNRTI,115,0.00358958356322546,0.003447993538575247,0.01,0.004872259879378809
RPV,NNRTI,116,0.001588982942921575,0.002504742553574033,0.0,0.0033342067566950596
RPV,NNRTI,117,0.0035979876373312437,0.006704074019799009,0.0,0.007837296752258893
RPV,NNRTI,118,0.09601942334324122,0.05554665870033205,0.84,0.05947693536104528
RPV,NNRTI,119,0.0014067154039366868,0.0024836815195158125,0.0,0.002662502952398242
RPV,NNRTI,120,0.0016345694312622071,0.003186379756079987,0.0,0.003625990405468368
RPV,NNRTI,121,0.015076219176407904,0.0137241881119553,0.03,0.013251274276800912
RPV,NNRTI,122,0.005850406597307938,0.001844919192967609,0.0,0.0015913964688342413
RPV,NNRTI,123,0.028095124856190524,0.007842008800362238,0.04,0.006272034353059477
RPV,NNRTI,124,0.0023857341581606305,0.002467449564137496,0.0,0.0028871284925781173
RPV,NNRTI,125,0.0024565600483037998,0.0032993119151797146,0.0,0.003621624896713306
RPV,NNRTI,126,0.0003232252669818081,0.00014285863030636393,0.0,0.00018220442535392075
RPV,NNRTI,127,0.0015832843564567156,0.002787269071559422,0.0,0.0028748923689239643
RPV,NNRTI,128,0.003024500414321665,0.005628482619067654,0.0,0.006571750069817953
RPV,NNRTI,129,0.01690755374263972,0.030981935784220694,0.07,0.03551349418595921
RPV,NNRTI,130,0.00583111163956346,0.011345286164432764,0.0,0.012140181184637135
RPV,NNRTI,131,0.009319428115850315,0.015806429958902298,0.0,0.017026395551390974
RPV,NNRTI,132,0.004465046751865884,0.006136276447214186,0.0,0.005789570683290749
RPV,NNRTI,133,0.0013448085426898614,0.0012081548475543968,0.0,0.001071805942325977
RPV,NNRTI,134,0.001679075053834822,0.0012425631799851545,0.0,0.0010563410969720278
RPV,NNRTI,135,0.041496047254913716,0.013286980713892262,0.03,0.01040921148693581
RPV,NNRTI,136,0.002364019268352422,0.0014952160962275229,0.0,0.0010643215828894511
RPV,NNRTI,137,0.0032296540897368687,0.002141611549304798,0.0,0.0017953407807354102
RPV,NNRTI,138,0.03942305148899322,0.011449030782678164,0.05,0.00870187823846345
RPV,NNRTI,139,0.0027252053097618044,0.0026681716402526946,0.0,0.0021452816390141382
RPV,NNRTI,140,0.001884027931591845,0.0020482801535399633,0.0,0.0013783316939425972
RPV,NNRTI,141,0.004272926096309675,0.006046200061682612,0.0,0.005492933476704487
RPV,NNRTI,142,0.05788520060275914,0.07117957814596593,0.05,0.06746791854938862
RPV,NNRTI,143,0.01789300171774812,0.03604731038212776,0.43,0.04161604977697975
RPV,NNRTI,144,0.006839829691743944,0.012281497144140303,0.0,0.012784883824500288
RPV,NNRTI,145,0.0725633780285716,0.12004719644784928,0.99,0.12950715248472996
RPV,NNRTI,146,0.009742159848974552,0.019187738616019488,0.0,0.022458978791540934
RPV,NNRTI,147,0.05146785145858303,0.11806990828365088,0.99,0.13215041019811316
RPV,NNRTI,148,0.49612111469730735,0.9392439770698547,1.0,0.9588706302140467
RPV,NNRTI,149,0.010852354355738498,0.02160965645685792,0.0,0.02538967030620906
RPV,NNRTI,150,0.00608575890189968,0.014385738158598543,0.0,0.01768899838095235
RPV,NNRTI,151,0.017990186639362946,0.028997847004793586,0.01,0.033748748218649795
RPV,NNRTI,152,0.004829396390850889,0.01174004215747118,0.0,0.01432789666522527
RPV,NNRTI,153,0.009685659734532236,0.018717744098976256,0.0,0.022785657984897623
RPV,NNRTI,154,0.012866561630507931,0.027524393550120294,0.0,0.0335339806445958
RPV,NNRTI,155,0.016044302175869232,0.02965270054526627,0.01,0.034208370807541987
RPV,NNRTI,156,0.0051352768085780555,0.010824551016557962,0.0,0.012991411480167777
RPV,NNRTI,157,0.03597655692021363,0.03506567195057869,0.4,0.04127059372959556
RPV,NNRTI,158,0.028781689273309895,0.03967785980552435,0.01,0.04309893087431197
RPV,NNRTI,159,0.006965481398510747,0.01189901217352599,0.0,0.013471943724696738
RPV,NNRTI,160,0.0074234301003161815,0.010603033299557864,0.0,0.012940278202179707
RPV,NNRTI,161,0.0181020821176935,0.024910865323618053,0.0,0.0287059065964398
RPV,NNRTI,162,0.14112453610199738,0.09290472665801644,0.24,0.07511123780614168
RPV,NNRTI,163,0.0038478436745208455,0.005284624197520316,0.0,0.004946914594835381
RPV,NNRTI,164,0.0030279630525183164,0.0033790793665684758,0.0,0.00394763964878932
RPV,NNRTI,165,0.004502251671838166,0.006156706357724033,0.01,0.00547766863789778
RPV,NNRTI,166,0.016467689512865036,0.007088471626630053,0.03,0.005343171878825036
RPV,NNRTI,167,0.004318011214636499,0.0038713625475065784,0.0,0.00346888042133489
RPV,NNRTI,168,0.001048488487722352,0.0011490315213450232,0.0,0.0012704196467107384
RPV,NNRTI,169,0.001653504803070973,0.0021219423474394716,0.02,0.0016907656419483097
RPV,NNRTI,170,0.0005665032917249845,0.0005015130060201045,0.0,0.0002549421579556589
RPV,NNRTI,171,0.011837058781929954,0.003775304068403784,0.01,0.0033653593273524035
RPV,NNRTI,172,0.012527331147211954,0.006000611266354099,0.01,0.005670578708937919
RPV,NNRTI,173,0.04868600008154317,0.014250933815492316,0.07,0.01113426667867236
RPV,NNRTI,174,0.015831001060687414,0.007732496243552305,0.02,0.006349037051891597
RPV,NNRTI,175,0.00343620692670811,0.0036085516336606814,0.0,0.0034324623070378308
RPV,NNRTI,176,0.0008033154132863273,0.00023899825962871545,0.0,0.0002065841568736767
RPV,NNRTI,177,0.009267558188730618,0.003478403389744926,0.02,0.0030230102722988168
RPV,NNRTI,178,0.025991333976999157,0.008246634454699232,0.01,0.007622501250397384
RPV,NNRTI,179,0.14177294091845397,0.049067851039581,0.17,0.03986429708722581
RPV,NNRTI,180,0.004521123760641785,0.003969439374050126,0.0,0.0040716495291468514
RPV,NNRTI,181,0.04679145544127095,0.03692215325543657,0.03,0.03266188589138244
RPV,NNRTI,182,0.005332438406912843,0.004603020480135456,0.0,0.005647747203660115
RPV,NNRTI,183,0.007950422598223667,0.007387285762233659,0.0,0.008611128813771417
RPV,NNRTI,184,0.16432311670389027,0.06272884506732225,0.31,0.07160600723432464
RPV,NNRTI,185,0.003205630212178221,0.003530133156455122,0.0,0.00448866726473483
RPV,NNRTI,186,0.004378695603227243,0.003954435772029683,0.0,0.00478473771146278
RPV,NNRTI,187,0.00514070234290557,0.005085079650161788,0.0,0.006072502674358397
RPV,NNRTI,188,0.036005136254825626,0.015271081443643197,0.06,0.015653051880051387
RPV,NNRTI,189,0.012288668769324431,0.010507079081144184,0.02,0.00949850355864188
RPV,NNRTI,190,0.059893261565594005,0.02468347447225824,0.1,0.022332898126864377
RPV,NNRTI,191,0.001551927997643361,0.0010866358358180151,0.0,0.0012003440144231967
RPV,NNRTI,192,0.012934614409386995,0.007067866213619709,0.01,0.005930255302238433
RPV,NNRTI,193,0.0013213053483923432,0.0009346952335909009,0.0,0.0008630924376173701
RPV,NNRTI,194,0.0013990101195304305,0.0006599622432258912,0.0,0.0005032241005977565
RPV,NNRTI,195,0.009206616758019663,0.0024823243368882687,0.0,0.0017366523535673453
RPV,NNRTI,196,0.011590585871017538,0.004787402409128845,0.01,0.0029538249509701224
RPV,NNRTI,197,0.0027685109377489424,0.001882973769097589,0.0,0.001195642522118713
RPV,NNRTI,198,0.01590753630240215,0.011376888055820019,0.01,0.009926454389829828
RPV,NNRTI,199,0.0028844620833115187,0.002627036698977463,0.0,0.0018195613947391664
RPV,NNRTI,200,0.028727828642586245,0.00808752313721925,0.0,0.005363135340786179
RPV,NNRTI,201,0.0032888549084600528,0.002578047546558082,0.0,0.0021605465853656264
RPV,NNRTI,202,0.014218611747855903,0.007961185271851719,0.07,0.007482162179434247
RPV,NNRTI,203,0.012822650714369957,0.013516573339293245,0.05,0.009113424296537996
RPV,NNRTI,204,0.022488892267574556,0.014528283806866967,0.02,0.010339521338263758
RPV,NNRTI,205,0.002404649649106432,0.0030920751992380246,0.0,0.0027149220180064243
RPV,NNRTI,206,0.0035688139642297756,0.004151210222626105,0.0,0.0032572760425363723
RPV,NNRTI,207,0.033471559261524814,0.016999058301444166,0.02,0.011497368952816368
RPV,NNRTI,208,0.011383832850842737,0.011762870597885921,0.02,0.010129458756887462
RPV,NNRTI,209,0.0028206514711200726,0.00312648419116158,0.0,0.0028865088527122336
RPV,NNRTI,210,0.019421995232405606,0.00897475023259176,0.02,0.007069517817956982
RPV,NNRTI,211,0.018034399261814542,0.00876757656922564,0.05,0.006456214668886613
RPV,NNRTI,212,0.003911890827148454,0.0027164836111478506,0.0,0.002367164650701031
RPV,NNRTI,213,0.004432687432126841,0.0034099124319618567,0.0,0.002827035386596118
RPV,NNRTI,214,0.037111658618669024,0.008194000624353066,0.0,0.008855304808374929
RPV,NNRTI,215,0.03718781270203181,0.017525590539444236,0.05,0.01541795054311123
RPV,NNRTI,216,0.0038924550295632797,0.0036539216904202475,0.0,0.0033301571828729943
RPV,NNRTI,217,0.004219266857544426,0.0027185571892187,0.0,0.003108303021205899
RPV,NNRTI,218,0.0030923022516799394,0.0028975408113910816,0.0,0.0023388643041382124
RPV,NNRTI,219,0.015318990811138064,0.007694103185494896,0.02,0.007193369070591269
RPV,NNRTI,220,0.0011891145699337359,0.0003915069233335089,0.0,0.0005567648093670731
RPV,NNRTI,221,0.006696745940571418,0.006276052716420963,0.04,0.0058932872512729275
RPV,NNRTI,222,0.0014250860134052345,0.0015726898040156812,0.0,0.0014584211199282176
RPV,NNRTI,223,0.0013802918947476428,0.0017444962728768588,0.0,0.0016496442006441487
RPV,NNRTI,224,0.011910377905733184,0.008610220532282255,0.01,0.007239317897527289
RPV,NNRTI,225,0.0015586079799686558,0.0025304855522699653,0.0,0.0020786886967978035
RPV,NNRTI,226,0.0012320903151703533,0.001532569993287325,0.0,0.0013312985492630646
RPV,NNRTI,227,0.015175558321352582,0.01816117133013904,0.01,0.017559935695075725
RPV,NNRTI,228,0.011259208396513714,0.007832235340029001,0.04,0.00699792688124615
RPV,NNRTI,229,0.005901889697415754,0.008264903016388415,0.0,0.008943792791845862
RPV,NNRTI,230,0.03493223302997649,0.019121392420493065,0.04,0.021622039719695996
RPV,NNRTI,231,0.003949199897324434,0.006802923504728824,0.0,0.007276787710040955
RPV,NNRTI,232,0.003400681825442007,0.006223012300906703,0.0,0.006309075621363193
RPV,NNRTI,233,0.0012139261930133216,0.0027649410633603113,0.0,0.0021943577397461277
RPV,NNRTI,234,0.0021155205341347027,0.0050009328708983955,0.0,0.004489724423011952
RPV,NNRTI,235,0.0012422991528001149,0.0023495495226234196,0.0,0.002114883504363216
RPV,NNRTI,236,0.0009952850702757132,0.0008377729952917434,0.0,0.0006887527245650596
RPV,NNRTI,237,0.004588009546314425,0.0021808905409125144,0.01,0.0017060902651856932
RPV,NNRTI,238,0.0004748969248876733,0.0009984387634904123,0.0,0.0007925072291979835
RPV,NNRTI,239,0.0009901684353826568,0.0018701825264724904,0.0,0.0013012406467691718
RPV,NNRTI,240,0.009293154699553269,0.004255812729243189,0.01,0.0027543121443217287
