drug,drug_class,position,amino_acid,residue_shap_score
ATV,PI,1,P,4.6418916178361924e-05
ATV,PI,2,Q,4.70906454730784e-05
ATV,PI,3,I,5.233921311548414e-05
ATV,PI,4,T,5.084288040973232e-05
ATV,PI,5,L,3.7618769091812085e-05
ATV,PI,6,W,0.00020347548296749572
ATV,PI,7,Q,0.00010599032253668175
ATV,PI,8,R,0.0019549060095178676
ATV,PI,9,P,0.00037085144924271763
ATV,PI,10,L,0.0010377384765502492
ATV,PI,11,V,0.00017980654017886298
ATV,PI,12,T,8.515181025927202e-05
ATV,PI,13,I,8.169241988719703e-06
ATV,PI,14,K,4.527898116147608e-05
ATV,PI,15,I,9.969371432049677e-06
ATV,PI,16,G,9.335247722600239e-05
ATV,PI,17,G,0.000190338632305819
ATV,PI,18,Q,7.54588729503629e-05
ATV,PI,19,L,3.218693490402049e-05
ATV,PI,20,K,0.00013500417408321885
ATV,PI,21,E,0.00022455586727925442
ATV,PI,22,A,0.00021164757936713259
ATV,PI,23,L,0.003148330094644021
ATV,PI,24,L,0.0002849455713261078
ATV,PI,25,D,0.026737311145033176
ATV,PI,26,T,0.0008205213264740909
ATV,PI,27,G,2.6659890062467963e-05
ATV,PI,28,A,0.0011159593994388233
ATV,PI,29,D,0.023752459896379818
ATV,PI,30,D,0.006213319067137777
ATV,PI,31,T,2.344812725916176
ATV,PI,32,V,0.004683856480047662
ATV,PI,33,L,0.000361724392542382
ATV,PI,34,E,4.32356332821363e-05
ATV,PI,35,E,0.0006318052892015503
ATV,PI,36,M,0.00044249170985458884
ATV,PI,37,S,0.0001091472938614801
ATV,PI,38,L,3.2421268675523487e-05
ATV,PI,39,P,2.304037088880165e-05
ATV,PI,40,G,5.194029076926781e-05
ATV,PI,41,R,6.956080694663925e-05
ATV,PI,42,W,4.88602061455805e-05
ATV,PI,43,K,5.2366027189846315e-05
ATV,PI,44,P,3.11348060779324e-05
ATV,PI,45,K,9.259616305497542e-05
ATV,PI,46,M,8.163067881803596e-05
ATV,PI,47,I,0.0004228671259912432
ATV,PI,48,G,0.0003461026809941917
ATV,PI,49,G,0.00016920128985231653
ATV,PI,50,I,0.008229223446510815
ATV,PI,51,G,0.0006929047441116721
ATV,PI,52,G,0.0012214673917165658
ATV,PI,53,F,0.000216593098686663
ATV,PI,54,I,3.0898363379693456e-05
ATV,PI,55,K,0.00014294448174977732
ATV,PI,56,V,0.0004328959694751315
ATV,PI,57,R,0.0002091615705601439
ATV,PI,58,Q,6.0977566253433014e-05
ATV,PI,59,Y,0.00011421073265913022
ATV,PI,60,D,8.287548381572229e-05
ATV,PI,61,Q,7.022136789667465e-05
ATV,PI,62,I,2.771710545165587e-05
ATV,PI,63,L,7.86889388672428e-06
ATV,PI,64,I,9.750669510172603e-05
ATV,PI,65,E,9.078364315236404e-05
ATV,PI,66,I,0.0002122430796623509
ATV,PI,67,C,7.288986451121923e-05
ATV,PI,68,G,0.00021990558587629865
ATV,PI,69,H,8.145163229315805e-05
ATV,PI,70,K,5.395248423304194e-06
ATV,PI,71,A,1.78092572081209e-05
ATV,PI,72,I,3.684652112221539e-05
ATV,PI,73,G,3.931260686512734e-05
ATV,PI,74,T,2.6837460178016414e-05
ATV,PI,75,V,2.3417896909999925e-06
ATV,PI,76,L,2.5754606694522428e-05
ATV,PI,77,V,2.0782067160623304e-05
ATV,PI,78,G,9.565308918323855e-05
ATV,PI,79,P,6.306044136909537e-05
ATV,PI,80,T,0.00014108609057530237
ATV,PI,81,P,8.582834078254382e-05
ATV,PI,82,V,0.00029200179577227605
ATV,PI,83,N,2.978241409536634e-05
ATV,PI,84,I,0.0004911439982305268
ATV,PI,85,I,2.8073359019069076e-05
ATV,PI,86,G,0.00018743792266876644
ATV,PI,87,R,0.0022877280129983244
ATV,PI,88,N,0.005873255612022091
ATV,PI,89,L,0.00024048709704883086
ATV,PI,90,L,0.00013501756624971367
ATV,PI,91,T,4.603701907932057e-05
ATV,PI,92,Q,7.143249671060001e-05
ATV,PI,93,I,3.7609227941352103e-06
ATV,PI,94,G,2.6245128151989116e-05
ATV,PI,95,C,8.549466575341026e-05
ATV,PI,96,T,1.5483874091477452e-05
ATV,PI,97,L,1.926998831141179e-05
ATV,PI,98,N,6.653126548155467e-05
ATV,PI,99,F,0.0001011181786881789
DRV,PI,1,P,1.3305309354164407e-06
DRV,PI,2,Q,6.044364853654531e-06
DRV,PI,3,I,2.4144963314103716e-05
DRV,PI,4,T,9.741084288992663e-06
DRV,PI,5,L,3.056584523043771e-05
DRV,PI,6,W,6.720434927563003e-06
DRV,PI,7,Q,8.370657956566318e-06
DRV,PI,8,R,4.1991328155554405e-05
DRV,PI,9,P,7.58723342794444e-05
DRV,PI,10,L,5.964733322538017e-05
DRV,PI,11,V,0.0007578816131272051
DRV,PI,12,T,4.649339686511843e-06
DRV,PI,13,I,0.00045056478291683675
DRV,PI,14,K,1.6899904448296383e-06
DRV,PI,15,I,0.001343008368725604
DRV,PI,16,G,3.8071231393198204e-05
DRV,PI,17,G,3.3027114493003566e-05
DRV,PI,18,Q,4.286549335519788e-05
DRV,PI,19,L,1.1555311961872674e-05
DRV,PI,20,K,0.00013686230698512015
DRV,PI,21,E,6.073002832067821e-06
DRV,PI,22,A,8.626161690800831e-05
DRV,PI,23,L,0.0003477041186577029
DRV,PI,24,L,0.0005961505675477665
DRV,PI,25,D,0.0002363900370449908
DRV,PI,26,T,0.0008514842356627833
DRV,PI,27,G,0.00010566575954082845
DRV,PI,28,A,0.002842304233609171
DRV,PI,29,D,0.0008472577132653304
DRV,PI,30,D,1.974127743029356e-06
DRV,PI,31,T,3.921288360110759e-05
DRV,PI,32,V,0.005854691463186992
DRV,PI,33,L,0.00043050055843045726
DRV,PI,34,E,4.1515193940723105e-05
DRV,PI,35,E,3.093297534802675e-06
DRV,PI,36,M,0.0001606874570099801
DRV,PI,37,S,3.318801558859937e-06
DRV,PI,38,L,2.037747524222252e-05
DRV,PI,39,P,1.8941794110412594e-06
DRV,PI,40,G,3.374493589832355e-05
DRV,PI,41,R,5.073887765632052e-06
DRV,PI,42,W,5.05261409606808e-05
DRV,PI,43,K,1.4440430987874191e-05
DRV,PI,44,P,3.752334752635209e-05
DRV,PI,45,K,0.00013245159728929396
DRV,PI,46,M,0.0004892968633499778
DRV,PI,47,I,0.002419991403143088
DRV,PI,48,G,0.0009235923069895072
DRV,PI,49,G,0.044754452986034476
DRV,PI,50,I,0.8791359958955753
DRV,PI,51,G,0.004835737972817627
DRV,PI,52,G,0.002342539785055023
DRV,PI,53,F,0.00011142651398084312
DRV,PI,54,I,0.0011529275092487146
DRV,PI,55,K,3.103382451864862e-05
DRV,PI,56,V,0.0006173127175998158
DRV,PI,57,R,2.869281751344037e-05
DRV,PI,58,Q,0.00010152099008616715
DRV,PI,59,Y,4.238061501549009e-05
DRV,PI,60,D,5.358234217440508e-06
DRV,PI,61,Q,5.461605579050516e-06
DRV,PI,62,I,0.00021872135484336512
DRV,PI,63,L,3.514325741100486e-05
DRV,PI,64,I,0.0009541956375911395
DRV,PI,65,E,4.545221561120761e-05
DRV,PI,66,I,0.0003080069935366779
DRV,PI,67,C,3.4217095815505366e-05
DRV,PI,68,G,7.851747080973653e-05
DRV,PI,69,H,4.0540655681142087e-05
DRV,PI,70,K,5.200299706380963e-06
DRV,PI,71,A,0.00036781413441965347
DRV,PI,72,I,5.583546242910133e-05
DRV,PI,73,G,0.0001307264315723723
DRV,PI,74,T,3.762195559480077e-05
DRV,PI,75,V,3.726267454785834e-05
DRV,PI,76,L,4.957364504941259e-05
DRV,PI,77,V,4.969050786347111e-05
DRV,PI,78,G,0.0006443190837179947
DRV,PI,79,P,3.505948397626312e-05
DRV,PI,80,T,0.0007534073485698709
DRV,PI,81,P,4.708702166666757e-05
DRV,PI,82,V,0.00016985108502257695
DRV,PI,83,N,8.789056766787992e-05
DRV,PI,84,I,0.05173153233854906
DRV,PI,85,I,0.004963334630618263
DRV,PI,86,G,0.00022007025253317064
DRV,PI,87,R,0.00022265159801401483
DRV,PI,88,N,3.592520379470862e-05
DRV,PI,89,L,0.00014579944149494082
DRV,PI,90,L,0.0006846998635917453
DRV,PI,91,T,0.00012455905917066378
DRV,PI,92,Q,2.2725631626281673e-05
DRV,PI,93,I,6.535482576596244e-05
DRV,PI,94,G,1.44656513421314e-05
DRV,PI,95,C,8.641109215439362e-07
DRV,PI,96,T,4.7714220197065765e-05
DRV,PI,97,L,0.00035466337033720726
DRV,PI,98,N,3.560039753541078e-05
DRV,PI,99,F,0.0001519896071583358
FPV,PI,1,P,1.40646320438539e-05
FPV,PI,2,Q,1.0399237497806066e-05
FPV,PI,3,I,1.9271714326136877e-06
FPV,PI,4,T,9.79360063179652e-06
FPV,PI,5,L,1.3006698133802705e-05
FPV,PI,6,W,3.3371384931413116e-05
FPV,PI,7,Q,2.877284952609834e-05
FPV,PI,8,R,1.444050040764342e-05
FPV,PI,9,P,4.4061602114699805e-05
FPV,PI,10,L,7.829554504709263e-05
FPV,PI,11,V,0.0013229683490160215
FPV,PI,12,T,2.7126177215585052e-05
FPV,PI,13,I,0.002435310688492932
FPV,PI,14,K,2.6804138302164784e-05
FPV,PI,15,I,0.0011655494257581012
FPV,PI,16,G,0.0012635646045030984
FPV,PI,17,G,1.5584355858184125e-05
FPV,PI,18,Q,6.836710556376834e-05
FPV,PI,19,L,2.2497857469004795e-05
FPV,PI,20,K,4.892252342439459e-05
FPV,PI,21,E,9.411489501760303e-06
FPV,PI,22,A,4.994481612043467e-05
FPV,PI,23,L,7.510630231514003e-05
FPV,PI,24,L,0.0006185321176379905
FPV,PI,25,D,0.009293787103654406
FPV,PI,26,T,0.012810818946670448
FPV,PI,27,G,1.6040498821127625e-05
FPV,PI,28,A,5.84927769871704e-06
FPV,PI,29,D,6.772877001226917e-06
FPV,PI,30,D,0.00017083601111180687
FPV,PI,31,T,0.0029488692024780532
FPV,PI,32,V,0.0004729781469329524
FPV,PI,33,L,0.00017883069218231154
FPV,PI,34,E,6.7855033717113215e-06
FPV,PI,35,E,4.178929723324868e-06
FPV,PI,36,M,8.89364069584678e-06
FPV,PI,37,S,1.4670435336181324e-05
FPV,PI,38,L,3.923168306594471e-05
FPV,PI,39,P,1.1853434070338743e-05
FPV,PI,40,G,4.824730981810759e-06
FPV,PI,41,R,1.8354786598688257e-06
FPV,PI,42,W,2.72190422328807e-06
FPV,PI,43,K,4.514798137285571e-06
FPV,PI,44,P,4.5869086426909506e-07
FPV,PI,45,K,1.418442272708494e-05
FPV,PI,46,M,2.2965180682830126e-06
FPV,PI,47,I,0.00013206505251216023
FPV,PI,48,G,3.206613528528429e-07
FPV,PI,49,G,8.83696128797703e-06
FPV,PI,50,I,7.825687555557494e-07
FPV,PI,51,G,5.86836478684892e-06
FPV,PI,52,G,1.8948905073544382e-06
FPV,PI,53,F,5.73283964454929e-06
FPV,PI,54,I,0.0005234839579070845
FPV,PI,55,K,2.484294081216182e-06
FPV,PI,56,V,1.2308329262199829e-06
FPV,PI,57,R,2.7122829922511364e-06
FPV,PI,58,Q,1.9499627150706832e-05
FPV,PI,59,Y,2.336561729805179e-05
FPV,PI,60,D,7.425764288224751e-06
FPV,PI,61,Q,6.94910811150591e-05
FPV,PI,62,I,0.0031799823305852493
FPV,PI,63,L,0.00015473358949125022
FPV,PI,64,I,0.0005583879554676835
FPV,PI,65,E,4.163741964906503e-06
FPV,PI,66,I,0.00020965876300671309
FPV,PI,67,C,0.01130478810941217
FPV,PI,68,G,5.440283254885835e-05
FPV,PI,69,H,5.869692553600195e-05
FPV,PI,70,K,3.3147956923813314e-05
FPV,PI,71,A,0.016960187004406414
FPV,PI,72,I,0.00024491563321267073
FPV,PI,73,G,0.002057212670445471
FPV,PI,74,T,4.291846596024784e-05
FPV,PI,75,V,0.000909973409705245
FPV,PI,76,L,0.0004994741924836533
FPV,PI,77,V,0.0006299834613633746
FPV,PI,78,G,0.004323896570309207
FPV,PI,79,P,6.877520513265438e-06
FPV,PI,80,T,3.0391073249447504e-05
FPV,PI,81,P,2.637484907554876e-06
FPV,PI,82,V,0.002119227511900648
FPV,PI,83,N,0.0015438703931356058
FPV,PI,84,I,0.8192594934634998
FPV,PI,85,I,0.014564073992739235
FPV,PI,86,G,0.00019920431478724404
FPV,PI,87,R,1.5223800843748553e-05
FPV,PI,88,N,0.00024190951125571293
FPV,PI,89,L,0.015926288252016637
FPV,PI,90,L,0.020614608682966336
FPV,PI,91,T,0.0004222690316830266
FPV,PI,92,Q,3.518895738630061e-05
FPV,PI,93,I,0.002592815473126974
FPV,PI,94,G,2.3638070960321206e-05
FPV,PI,95,C,0.0010698849365449673
FPV,PI,96,T,0.0004053901507312748
FPV,PI,97,L,1.3784640722518073
FPV,PI,98,N,9.624428419748482e-05
FPV,PI,99,F,0.010021425331923175
IDV,PI,1,P,1.800822717950168e-05
IDV,PI,2,Q,5.4623137165279916e-05
IDV,PI,3,I,2.4336344285118034e-06
IDV,PI,4,T,1.7939504547339014e-05
IDV,PI,5,L,1.5074177749871303e-05
IDV,PI,6,W,4.162420867249905e-06
IDV,PI,7,Q,1.1093751073690795e-07
IDV,PI,8,R,0.0002598044839010673
IDV,PI,9,P,5.740447382400214e-05
IDV,PI,10,L,0.00010392003441208353
IDV,PI,11,V,1.1121270262675748e-05
IDV,PI,12,T,1.1933599049239307e-05
IDV,PI,13,I,2.366594568116354e-05
IDV,PI,14,K,8.38548650893931e-06
IDV,PI,15,I,9.729532443692666e-05
IDV,PI,16,G,3.640045038633432e-05
IDV,PI,17,G,2.35781889446223e-05
IDV,PI,18,Q,0.00030825989959942253
IDV,PI,19,L,5.911726229671296e-06
IDV,PI,20,K,4.132216050618263e-05
IDV,PI,21,E,9.051111477865642e-06
IDV,PI,22,A,0.0006831365060825314
IDV,PI,23,L,6.458520463074824e-06
IDV,PI,24,L,0.00010455493520012791
IDV,PI,25,D,0.8036918903476863
IDV,PI,26,T,8.156551680658296e-05
IDV,PI,27,G,4.257426183704701e-05
IDV,PI,28,A,0.0007752860378743024
IDV,PI,29,D,0.1173706172290991
IDV,PI,30,D,0.0038486362685629942
IDV,PI,31,T,0.00023682923664777682
IDV,PI,32,V,9.954042221860064e-05
IDV,PI,33,L,3.9201511190457495e-06
IDV,PI,34,E,1.837383673992456e-05
IDV,PI,35,E,4.579612253002174e-05
IDV,PI,36,M,0.0003572778659123273
IDV,PI,37,S,1.1978150728691121e-05
IDV,PI,38,L,5.104599683034285e-06
IDV,PI,39,P,1.8749449671185937e-06
IDV,PI,40,G,6.878233658410324e-06
IDV,PI,41,R,2.2777769353384764e-05
IDV,PI,42,W,2.82109682064786e-05
IDV,PI,43,K,2.4080448726991254e-05
IDV,PI,44,P,2.7210753261569926e-06
IDV,PI,45,K,1.6236145950702396e-05
IDV,PI,46,M,0.003124039559932691
IDV,PI,47,I,0.001245911551860862
IDV,PI,48,G,0.00010660920716756438
IDV,PI,49,G,0.03889106673049946
IDV,PI,50,I,5.478537151355218e-05
IDV,PI,51,G,0.0004217028971787004
IDV,PI,52,G,0.00023121113696319073
IDV,PI,53,F,2.5468342980374845e-05
IDV,PI,54,I,0.0006443636638700412
IDV,PI,55,K,1.8098031200723054e-05
IDV,PI,56,V,0.00013845496622249604
IDV,PI,57,R,5.571640877292714e-05
IDV,PI,58,Q,0.000157663299332928
IDV,PI,59,Y,4.6607015861333e-05
IDV,PI,60,D,0.00031093274382319036
IDV,PI,61,Q,6.455883280135953e-05
IDV,PI,62,I,0.00017505602636311887
IDV,PI,63,L,0.0003558714109990107
IDV,PI,64,I,0.0007362558088568885
IDV,PI,65,E,0.0002795284338203701
IDV,PI,66,I,0.0005825558668438454
IDV,PI,67,C,7.820112894963236e-05
IDV,PI,68,G,8.673837556444869e-05
IDV,PI,69,H,0.0011417692678407322
IDV,PI,70,K,0.00040114555650656907
IDV,PI,71,A,0.8879774991744596
IDV,PI,72,I,8.293846015081221e-05
IDV,PI,73,G,0.0005253767400317394
IDV,PI,74,T,4.259847141134765e-05
IDV,PI,75,V,0.0005410968099185588
IDV,PI,76,L,2.9240321378630666e-05
IDV,PI,77,V,7.496498905418484e-08
IDV,PI,78,G,0.00013340042529609082
IDV,PI,79,P,0.0001591938018225714
IDV,PI,80,T,0.00031742563055490216
IDV,PI,81,P,8.345430918440791e-06
IDV,PI,82,V,0.0005636190021139059
IDV,PI,83,N,0.00014165198567404988
IDV,PI,84,I,0.000160679979394045
IDV,PI,85,I,6.0954599788431994e-05
IDV,PI,86,G,8.776725425330995e-05
IDV,PI,87,R,0.002513966568145404
IDV,PI,88,N,0.000506082613455413
IDV,PI,89,L,2.9094658405225764e-07
IDV,PI,90,L,8.100180956835104e-05
IDV,PI,91,T,1.109821789239568e-05
IDV,PI,92,Q,7.099581422024747e-06
IDV,PI,93,I,3.0050039914220385e-05
IDV,PI,94,G,3.2006313803365825e-05
IDV,PI,95,C,0.0004909003758413977
IDV,PI,96,T,4.615784991419503e-05
IDV,PI,97,L,1.2193143217904296e-05
IDV,PI,98,N,1.0878915287210022e-05
IDV,PI,99,F,8.033887675938104e-05
LPV,PI,1,P,1.0204487756371048e-05
LPV,PI,2,Q,0.00010249443527406614
LPV,PI,3,I,1.6273540894231475e-05
LPV,PI,4,T,2.2067169045721954e-05
LPV,PI,5,L,7.452524933686585e-05
LPV,PI,6,W,0.00015281021854963536
LPV,PI,7,Q,0.00012521463111851727
LPV,PI,8,R,0.00040237375881618353
LPV,PI,9,P,0.00011261095999803798
LPV,PI,10,L,0.0006509860908189883
LPV,PI,11,V,6.566562673418772e-05
LPV,PI,12,T,6.422846337231423e-05
LPV,PI,13,I,6.838719017032397e-05
LPV,PI,14,K,0.0003470722490242988
LPV,PI,15,I,0.0008354480427003736
LPV,PI,16,G,0.00017237061760137364
LPV,PI,17,G,0.001958033340875976
LPV,PI,18,Q,0.00038100247603635744
LPV,PI,19,L,0.00011920597916546477
LPV,PI,20,K,0.0002664976837114819
LPV,PI,21,E,0.00021858314936778204
LPV,PI,22,A,0.003361101544880767
LPV,PI,23,L,0.002070253088807464
LPV,PI,24,L,8.73344582443551e-06
LPV,PI,25,D,0.0005720082947931479
LPV,PI,26,T,0.004005337475906791
LPV,PI,27,G,0.0008208496795068758
LPV,PI,28,A,2.246045776685266
LPV,PI,29,D,0.00024000862375604917
LPV,PI,30,D,0.001241590230750724
LPV,PI,31,T,0.0012885275542764366
LPV,PI,32,V,0.0012619162140848584
LPV,PI,33,L,0.0014512064054205943
LPV,PI,34,E,0.0006684307290306652
LPV,PI,35,E,0.00011756631708053664
LPV,PI,36,M,0.00027210867727827043
LPV,PI,37,S,0.00042988541152719537
LPV,PI,38,L,0.00012536557273200603
LPV,PI,39,P,7.47382900137545e-05
LPV,PI,40,G,0.00028228959766680376
LPV,PI,41,R,0.00030840120881108895
LPV,PI,42,W,0.0003742457463147008
LPV,PI,43,K,7.013192132544155e-05
LPV,PI,44,P,0.00026963067825959625
LPV,PI,45,K,0.00011222610634308593
LPV,PI,46,M,0.0027211393086759845
LPV,PI,47,I,0.00041351666525929026
LPV,PI,48,G,0.0014045682192652684
LPV,PI,49,G,0.0004425032658621814
LPV,PI,50,I,0.000298573389036655
LPV,PI,51,G,0.002073018088172691
LPV,PI,52,G,0.0016858702998136423
LPV,PI,53,F,4.885481849772284e-05
LPV,PI,54,I,0.00016695718376006017
LPV,PI,55,K,0.0001538473272925359
LPV,PI,56,V,0.00020448790743018532
LPV,PI,57,R,4.93560671874099e-05
LPV,PI,58,Q,0.00027094744629243986
LPV,PI,59,Y,0.00015721066866914064
LPV,PI,60,D,0.00040736639965989035
LPV,PI,61,Q,0.0001661819260189455
LPV,PI,62,I,1.4376674234233205e-05
LPV,PI,63,L,0.0011351007348584935
LPV,PI,64,I,0.00021358397074799665
LPV,PI,65,E,0.000362324841394773
LPV,PI,66,I,0.0006899605220525499
LPV,PI,67,C,0.00016913610477622913
LPV,PI,68,G,0.0004452888288002577
LPV,PI,69,H,0.0018253286373390936
LPV,PI,70,K,6.609688049594067e-05
LPV,PI,71,A,0.0921524319944578
LPV,PI,72,I,0.000366593682512018
LPV,PI,73,G,0.0003376183041481245
LPV,PI,74,T,4.089100104365021e-05
LPV,PI,75,V,0.0001885933400756523
LPV,PI,76,L,0.00026003962700843383
LPV,PI,77,V,2.3169244123637085e-05
LPV,PI,78,G,6.827890121664218e-05
LPV,PI,79,P,7.876026646561811e-05
LPV,PI,80,T,9.022065612012599e-05
LPV,PI,81,P,8.70817336459617e-06
LPV,PI,82,V,0.0013496955243746903
LPV,PI,83,N,7.046240736853912e-05
LPV,PI,84,I,5.1378576582286556e-05
LPV,PI,85,I,5.202791350169223e-05
LPV,PI,86,G,0.010186420556361028
LPV,PI,87,R,0.0006881624173132206
LPV,PI,88,N,0.00010569584181500908
LPV,PI,89,L,0.00019727653535329745
LPV,PI,90,L,0.0003441960551020368
LPV,PI,91,T,3.453493743756854e-05
LPV,PI,92,Q,8.922037119866744e-05
LPV,PI,93,I,8.876429443207282e-05
LPV,PI,94,G,0.00029836184026014274
LPV,PI,95,C,0.00029818381362607644
LPV,PI,96,T,5.34288242258338e-05
LPV,PI,97,L,0.00010551472243827643
LPV,PI,98,N,1.7841837402268466e-05
LPV,PI,99,F,4.079984061738889e-05
NFV,PI,1,P,3.109122802373359e-06
NFV,PI,2,Q,2.0161245644661983e-06
NFV,PI,3,I,6.898178386966449e-07
NFV,PI,4,T,1.6534328489779034e-06
NFV,PI,5,L,2.007504540258914e-06
NFV,PI,6,W,1.694577277866212e-05
NFV,PI,7,Q,4.5568780053264635e-06
NFV,PI,8,R,1.5104557387827833e-05
NFV,PI,9,P,2.924360082575077e-05
NFV,PI,10,L,9.788745774397427e-06
NFV,PI,11,V,4.637426674499805e-05
NFV,PI,12,T,2.1448404636374877e-06
NFV,PI,13,I,0.00010687008360911481
NFV,PI,14,K,1.7643912097022547e-05
NFV,PI,15,I,0.0003951692923898086
NFV,PI,16,G,1.7242966103451577e-05
NFV,PI,17,G,2.3077766897696906e-06
NFV,PI,18,Q,1.8944518534725185e-05
NFV,PI,19,L,3.2237636871949345e-06
NFV,PI,20,K,9.950075389446731e-06
NFV,PI,21,E,1.9001655317615324e-05
NFV,PI,22,A,4.001879555603642e-05
NFV,PI,23,L,4.776440345284588e-07
NFV,PI,24,L,5.765574854588735e-07
NFV,PI,25,D,2.364002629802916e-05
NFV,PI,26,T,2.0680946476932464e-06
NFV,PI,27,G,8.837397103485485e-05
NFV,PI,28,A,6.532409396078205e-06
NFV,PI,29,D,0.0001394162692208511
NFV,PI,30,D,0.0001591820392283555
NFV,PI,31,T,0.0002456262468429395
NFV,PI,32,V,8.023296151853252e-06
NFV,PI,33,L,8.35306329547035e-06
NFV,PI,34,E,2.702515451544347e-05
NFV,PI,35,E,1.1827327452678654e-05
NFV,PI,36,M,3.4449695619460342e-06
NFV,PI,37,S,5.025437550724687e-06
NFV,PI,38,L,1.7225444683486178e-06
NFV,PI,39,P,2.3551479175953432e-06
NFV,PI,40,G,1.4535146415885661e-06
NFV,PI,41,R,3.393376524079801e-06
NFV,PI,42,W,9.912324419653982e-07
NFV,PI,43,K,8.012419185373812e-07
NFV,PI,44,P,5.56499025542774e-06
NFV,PI,45,K,2.99842064232875e-06
NFV,PI,46,M,1.181258608200057e-06
NFV,PI,47,I,4.209285598267245e-06
NFV,PI,48,G,4.837084462585341e-06
NFV,PI,49,G,3.091908547504591e-05
NFV,PI,50,I,1.4216767024709413e-06
NFV,PI,51,G,3.915368594993972e-06
NFV,PI,52,G,1.3487276223533867e-05
NFV,PI,53,F,3.669391854489428e-06
NFV,PI,54,I,0.003659339152512796
NFV,PI,55,K,3.284965795228826e-06
NFV,PI,56,V,1.871994691513856e-05
NFV,PI,57,R,3.795678018064833e-06
NFV,PI,58,Q,1.5513227011926434e-06
NFV,PI,59,Y,1.1980139496184682e-06
NFV,PI,60,D,1.2462643206820813e-06
NFV,PI,61,Q,9.919385127613258e-07
NFV,PI,62,I,0.0003020030818364143
NFV,PI,63,L,1.5836711259823962e-06
NFV,PI,64,I,3.3015726933344596e-05
NFV,PI,65,E,6.038954491781648e-07
NFV,PI,66,I,1.0921981592255531e-05
NFV,PI,67,C,0.0005432935961624598
NFV,PI,68,G,1.0819758029772322e-05
NFV,PI,69,H,7.874468574869275e-05
NFV,PI,70,K,1.7873538144438028e-05
NFV,PI,71,A,0.0023758509041293375
NFV,PI,72,I,8.750659213153553e-06
NFV,PI,73,G,0.00014109537044233538
NFV,PI,74,T,3.269930742405943e-05
NFV,PI,75,V,4.244749113009288e-05
NFV,PI,76,L,2.3299614251950717e-05
NFV,PI,77,V,1.610639803718189e-06
NFV,PI,78,G,2.480805477366217e-06
NFV,PI,79,P,1.579314747860269e-05
NFV,PI,80,T,2.3353113340613602e-05
NFV,PI,81,P,1.1537714130394547e-05
NFV,PI,82,V,0.00013580900761950155
NFV,PI,83,N,2.070496049800678
NFV,PI,84,I,0.006067478515232891
NFV,PI,85,I,0.0008247361920849862
NFV,PI,86,G,2.010022044589961e-06
NFV,PI,87,R,0.00010769570751125004
NFV,PI,88,N,0.5693682913809794
NFV,PI,89,L,0.0029193986840690073
NFV,PI,90,L,3.899283673220764e-06
NFV,PI,91,T,1.6632170133969575e-05
NFV,PI,92,Q,7.523038805936864e-05
NFV,PI,93,I,2.1267332585033662e-05
NFV,PI,94,G,9.47967386279825e-06
NFV,PI,95,C,1.3634712496214836e-05
NFV,PI,96,T,3.711547915742173e-06
NFV,PI,97,L,2.5530608072796344e-06
NFV,PI,98,N,2.3840943384202105e-05
NFV,PI,99,F,2.2910690565576775e-06
SQV,PI,1,P,0.0005084493455965182
SQV,PI,2,Q,0.0001222529830195051
SQV,PI,3,I,0.00026980704731106766
SQV,PI,4,T,0.00029743410803654473
SQV,PI,5,L,0.0007147943030063326
SQV,PI,6,W,0.00038818666968265747
SQV,PI,7,Q,0.0003579299466490852
SQV,PI,8,R,0.0041984810332947875
SQV,PI,9,P,0.002737609082349243
SQV,PI,10,L,0.00021866943394328195
SQV,PI,11,V,0.0009782518646390876
SQV,PI,12,T,6.75869492868457e-05
SQV,PI,13,I,0.0007448127640774169
SQV,PI,14,K,6.46882412628184e-05
SQV,PI,15,I,0.00035716039931673395
SQV,PI,16,G,1.5765004736857613e-05
SQV,PI,17,G,2.6474157111766035e-05
SQV,PI,18,Q,0.0002167875038460341
SQV,PI,19,L,1.1110420157413705e-05
SQV,PI,20,K,0.002884362999061047
SQV,PI,21,E,0.0003580542433335047
SQV,PI,22,A,1.9829459021642147e-05
SQV,PI,23,L,0.0002825067182951688
SQV,PI,24,L,0.001089339428923499
SQV,PI,25,D,0.00029534363231392696
SQV,PI,26,T,0.0007729375896489249
SQV,PI,27,G,0.00016525850681646558
SQV,PI,28,A,0.0005125610733272674
SQV,PI,29,D,0.0007814518566288967
SQV,PI,30,D,0.0001676002510169188
SQV,PI,31,T,0.00011282318054170798
SQV,PI,32,V,0.0004710855751554013
SQV,PI,33,L,0.0003784911326061785
SQV,PI,34,E,9.438369836382267e-05
SQV,PI,35,E,0.00010919155766078908
SQV,PI,36,M,0.00011580568118309309
SQV,PI,37,S,0.0001522568539039395
SQV,PI,38,L,0.0002671872773396869
SQV,PI,39,P,9.515873520533662e-05
SQV,PI,40,G,0.00011500061958786207
SQV,PI,41,R,0.00025027302040016595
SQV,PI,42,W,8.201284304495379e-05
SQV,PI,43,K,0.00014202961859311426
SQV,PI,44,P,0.00013090849909312024
SQV,PI,45,K,0.0003067922155100692
SQV,PI,46,M,0.00015012025596044417
SQV,PI,47,I,8.152724181814772e-05
SQV,PI,48,G,0.00010560594756313159
SQV,PI,49,G,5.293100620733851e-05
SQV,PI,50,I,6.481500410476978e-05
SQV,PI,51,G,4.3671030186900054e-05
SQV,PI,52,G,6.560351580905663e-05
SQV,PI,53,F,7.452680340548078e-05
SQV,PI,54,I,6.299391120630267e-05
SQV,PI,55,K,0.0004278024437930451
SQV,PI,56,V,0.00020685226703103464
SQV,PI,57,R,0.0005836526737686669
SQV,PI,58,Q,0.0005633974694321178
SQV,PI,59,Y,0.00010405956053435904
SQV,PI,60,D,0.0002628299790927507
SQV,PI,61,Q,9.030253981752513e-05
SQV,PI,62,I,4.1039481476564996e-05
SQV,PI,63,L,0.00014337482270800192
SQV,PI,64,I,0.00047201848533613174
SQV,PI,65,E,6.357125229473917e-05
SQV,PI,66,I,0.003189971092754758
SQV,PI,67,C,5.230435943391551e-05
SQV,PI,68,G,0.00020694490708990138
SQV,PI,69,H,0.0004404302741962477
SQV,PI,70,K,6.0616052525381414e-05
SQV,PI,71,A,0.0004881736573952716
SQV,PI,72,I,0.0003216555733133535
SQV,PI,73,G,0.06852686932996564
SQV,PI,74,T,0.0007381043515732066
SQV,PI,75,V,0.002132234418184074
SQV,PI,76,L,6.210651582304636e-05
SQV,PI,77,V,0.00010571152679694823
SQV,PI,78,G,0.00014449613455998474
SQV,PI,79,P,3.056395198656949e-05
SQV,PI,80,T,4.585093057260115e-05
SQV,PI,81,P,1.5088468519454797e-05
SQV,PI,82,V,7.034796614778978e-05
SQV,PI,83,N,5.987884885480172e-05
SQV,PI,84,I,2.1151764756127153e-05
SQV,PI,85,I,7.163353736531132e-05
SQV,PI,86,G,0.0002649798015219223
SQV,PI,87,R,0.004143092830429107
SQV,PI,88,N,0.00043286359075143835
SQV,PI,89,L,0.0002948883275159628
SQV,PI,90,L,0.00048495588709073075
SQV,PI,91,T,0.00047062370153201497
SQV,PI,92,Q,0.00023805194263589894
SQV,PI,93,I,0.00030295743758203866
SQV,PI,94,G,0.00025917763312517016
SQV,PI,95,C,0.0009133681430779221
SQV,PI,96,T,0.00039251422056307773
SQV,PI,97,L,0.8809919934504556
SQV,PI,98,N,0.0008320917545561359
SQV,PI,99,F,0.6236917507572748
TPV,PI,1,P,8.03196905224015e-06
TPV,PI,2,Q,3.0053861147596393e-05
TPV,PI,3,I,4.507730927977637e-05
TPV,PI,4,T,3.543456557841791e-05
TPV,PI,5,L,3.0121768072506928e-05
TPV,PI,6,W,5.091931920948191e-05
TPV,PI,7,Q,2.568715657080428e-06
TPV,PI,8,R,0.00013776716133916264
TPV,PI,9,P,4.586648182796373e-05
TPV,PI,10,L,0.0003183033991125964
TPV,PI,11,V,8.53887283178352e-05
TPV,PI,12,T,2.9087927378079248e-05
TPV,PI,13,I,7.527853571631665e-05
TPV,PI,14,K,3.273474112260861e-05
TPV,PI,15,I,2.466622610443975e-05
TPV,PI,16,G,2.3452510114830336e-05
TPV,PI,17,G,0.0010499728458246247
TPV,PI,18,Q,5.1030410507376475e-05
TPV,PI,19,L,0.00011087260370025635
TPV,PI,20,K,5.3739973598853456e-05
TPV,PI,21,E,0.00028547495911475086
TPV,PI,22,A,0.000332288292535769
TPV,PI,23,L,5.2110407731204594e-05
TPV,PI,24,L,7.737198360505091e-05
TPV,PI,25,D,0.0001025171227390064
TPV,PI,26,T,0.01659532291644103
TPV,PI,27,G,0.6675422547065247
TPV,PI,28,A,0.0021746985388764917
TPV,PI,29,D,0.010390293442067934
TPV,PI,30,D,0.00026178935817239713
TPV,PI,31,T,0.00036188456527119344
TPV,PI,32,V,1.858357075732798e-05
TPV,PI,33,L,0.00018224527261203108
TPV,PI,34,E,0.00020806430562505388
TPV,PI,35,E,0.00037889301124209595
TPV,PI,36,M,9.535094795453114e-05
TPV,PI,37,S,2.2020797848307735e-05
TPV,PI,38,L,5.921603461073237e-05
TPV,PI,39,P,8.342396110315079e-05
TPV,PI,40,G,5.49201575722077e-05
TPV,PI,41,R,8.078759065266389e-05
TPV,PI,42,W,8.922773395755876e-05
TPV,PI,43,K,8.845772715711082e-05
TPV,PI,44,P,0.00022260389384690845
TPV,PI,45,K,0.0001733186071143499
TPV,PI,46,M,9.152397632889331e-05
TPV,PI,47,I,0.0002249131403872681
TPV,PI,48,G,0.0005325157443349866
TPV,PI,49,G,0.0007495096253450153
TPV,PI,50,I,1.2586102756938483e-05
TPV,PI,51,G,0.00019612046477914666
TPV,PI,52,G,0.0005423403500253286
TPV,PI,53,F,5.021030338410054e-05
TPV,PI,54,I,0.0001729321522484688
TPV,PI,55,K,5.592549588779501e-05
TPV,PI,56,V,0.0001914375924725816
TPV,PI,57,R,0.00010187350331908562
TPV,PI,58,Q,8.067927875984255e-05
TPV,PI,59,Y,1.6247997639517541e-06
TPV,PI,60,D,1.1311493975773611e-05
TPV,PI,61,Q,3.171150705271873e-05
TPV,PI,62,I,0.00011732302311402548
TPV,PI,63,L,2.727729579863136e-05
TPV,PI,64,I,0.00012895319175028672
TPV,PI,65,E,2.8995799768560845e-05
TPV,PI,66,I,9.693807313938467e-05
TPV,PI,67,C,8.707163173995464e-05
TPV,PI,68,G,0.00110219010637691
TPV,PI,69,H,2.9269547823704433e-05
TPV,PI,70,K,6.91484161987665e-05
TPV,PI,71,A,7.85982593316526e-05
TPV,PI,72,I,7.054729220555375e-05
TPV,PI,73,G,0.00018416886310901838
TPV,PI,74,T,4.817294331812081e-05
TPV,PI,75,V,0.000192216954543421
TPV,PI,76,L,7.684619654195363e-05
TPV,PI,77,V,1.2765805729980396e-05
TPV,PI,78,G,0.00020933861170129738
TPV,PI,79,P,2.6575256054186106e-05
TPV,PI,80,T,4.4908471220790996e-05
TPV,PI,81,P,5.564973953948257e-05
TPV,PI,82,V,1.2077622561418081e-06
TPV,PI,83,N,5.3647987032122894e-05
TPV,PI,84,I,0.00017918352385585778
TPV,PI,85,I,9.71462972446605e-07
TPV,PI,86,G,0.007567833295850807
TPV,PI,87,R,8.114357154949498e-05
TPV,PI,88,N,5.913871301788675e-05
TPV,PI,89,L,6.090939372956302e-05
TPV,PI,90,L,0.0005488712732534162
TPV,PI,91,T,4.4579180441944225e-05
TPV,PI,92,Q,4.5490356200623955e-05
TPV,PI,93,I,0.0002905631976848508
TPV,PI,94,G,0.0004635306032762431
TPV,PI,95,C,1.0303896927897779e-05
TPV,PI,96,T,5.0530842675178714e-06
TPV,PI,97,L,3.653385730825993e-05
TPV,PI,98,N,1.5560102254655217e-05
TPV,PI,99,F,5.740201250860828e-05
ABC,NRTI,1,P,1.3019880430296348e-06
ABC,NRTI,2,I,6.375735753368508e-07
ABC,NRTI,3,S,4.158780195487846e-07
ABC,NRTI,4,P,6.551885057280351e-07
ABC,NRTI,5,I,9.324849150626577e-07
ABC,NRTI,6,E,5.384177753566957e-07
ABC,NRTI,7,T,5.431357077295363e-07
ABC,NRTI,8,V,5.036130099198428e-07
ABC,NRTI,9,P,6.615956153669926e-07
ABC,NRTI,10,V,9.958529226611522e-07
ABC,NRTI,11,K,2.9569283529671584e-07
ABC,NRTI,12,L,3.9455361970168426e-07
ABC,NRTI,13,K,1.7937804111275207e-07
ABC,NRTI,14,P,5.52666938488094e-07
ABC,NRTI,15,G,2.086424700292754e-07
ABC,NRTI,16,M,1.0912282044628794e-06
ABC,NRTI,17,D,7.62837037666777e-07
ABC,NRTI,18,G,6.868247060421835e-07
ABC,NRTI,19,P,8.418790537476947e-07
ABC,NRTI,20,K,6.927135381823645e-07
ABC,NRTI,21,V,1.080908243969571e-06
ABC,NRTI,22,K,1.2921330467182463e-07
ABC,NRTI,23,Q,1.248473933202439e-06
ABC,NRTI,24,W,4.967774015107591e-07
ABC,NRTI,25,P,5.869521709761022e-07
ABC,NRTI,26,L,6.134490337013541e-07
ABC,NRTI,27,T,3.214018994514677e-07
ABC,NRTI,28,E,4.2842733214106893e-07
ABC,NRTI,29,E,6.858923469547818e-07
ABC,NRTI,30,K,4.7249907911572463e-07
ABC,NRTI,31,I,9.947618042806484e-07
ABC,NRTI,32,K,1.101893109782546e-06
ABC,NRTI,33,A,4.985582806840029e-07
ABC,NRTI,34,L,3.34085423476071e-07
ABC,NRTI,35,V,8.650781329812488e-07
ABC,NRTI,36,E,6.065411856814725e-07
ABC,NRTI,37,I,2.722606197211517e-07
ABC,NRTI,38,C,2.0294372035904217e-08
ABC,NRTI,39,T,5.657174906025484e-07
ABC,NRTI,40,E,1.293935355291689e-07
ABC,NRTI,41,M,1.7951694172229628e-05
ABC,NRTI,42,E,5.773836599552878e-07
ABC,NRTI,43,K,4.7026723949839326e-07
ABC,NRTI,44,E,8.797390174058298e-07
ABC,NRTI,45,G,5.696224127352326e-07
ABC,NRTI,46,K,1.0963115887289387e-06
ABC,NRTI,47,I,1.9249781002422446e-06
ABC,NRTI,48,S,4.443314795969783e-07
ABC,NRTI,49,K,5.867683654208661e-07
ABC,NRTI,50,I,1.052552707997605e-06
ABC,NRTI,51,G,1.8778906030742875e-07
ABC,NRTI,52,P,3.8282508219846664e-07
ABC,NRTI,53,E,1.5484112189997276e-07
ABC,NRTI,54,N,2.1662621920828153e-07
ABC,NRTI,55,P,2.119446354926958e-07
ABC,NRTI,56,Y,1.1514163833233094e-06
ABC,NRTI,57,N,1.1708280055980217e-06
ABC,NRTI,58,T,6.559358358973974e-07
ABC,NRTI,59,P,6.92374928286034e-07
ABC,NRTI,60,V,7.234248657692841e-07
ABC,NRTI,61,F,2.8367629270389372e-06
ABC,NRTI,62,A,5.87865784347058e-07
ABC,NRTI,63,I,1.0084342300234817e-06
ABC,NRTI,64,K,2.052373457833837e-07
ABC,NRTI,65,K,3.231470993484581e-07
ABC,NRTI,66,K,1.3650062267887183e-07
ABC,NRTI,67,D,1.3581098918313388e-07
ABC,NRTI,68,S,9.55075080904241e-07
ABC,NRTI,69,T,1.8647476020463044e-05
ABC,NRTI,70,K,4.6122842944955826e-07
ABC,NRTI,71,W,7.681458209280536e-07
ABC,NRTI,72,R,1.2534272058455596e-06
ABC,NRTI,73,K,6.890771964311586e-07
ABC,NRTI,74,L,6.27829487236457e-06
ABC,NRTI,75,V,1.8599394666904525e-06
ABC,NRTI,76,D,2.1474640367570253e-06
ABC,NRTI,77,F,3.3557070340228557e-06
ABC,NRTI,78,R,3.2060122411224504e-07
ABC,NRTI,79,E,5.407860471466407e-07
ABC,NRTI,80,L,6.345850830621204e-07
ABC,NRTI,81,N,2.622357124656009e-07
ABC,NRTI,82,K,2.653901490425251e-07
ABC,NRTI,83,R,8.26648826281982e-07
ABC,NRTI,84,T,2.4761344293962053e-06
ABC,NRTI,85,Q,5.776929796322332e-07
ABC,NRTI,86,D,3.0531670932908126e-07
ABC,NRTI,87,F,5.495697051073793e-07
ABC,NRTI,88,W,2.5733380645781043e-07
ABC,NRTI,89,E,3.6169595688600706e-07
ABC,NRTI,90,V,6.793550225029368e-07
ABC,NRTI,91,Q,4.0506200313700945e-07
ABC,NRTI,92,L,2.4908636501899266e-07
ABC,NRTI,93,G,3.029937269238639e-07
ABC,NRTI,94,I,6.741377539207753e-07
ABC,NRTI,95,P,2.8593395524911495e-07
ABC,NRTI,96,H,3.9919807933570933e-07
ABC,NRTI,97,P,3.1097965193256014e-07
ABC,NRTI,98,A,4.1925518065629007e-07
ABC,NRTI,99,G,2.2738060623515394e-07
ABC,NRTI,100,L,7.238861727235437e-07
ABC,NRTI,101,K,5.811769058569197e-07
ABC,NRTI,102,K,4.0681867926218016e-07
ABC,NRTI,103,K,1.864168774288559e-06
ABC,NRTI,104,K,9.571434086008947e-07
ABC,NRTI,105,S,1.1268913418281496e-06
ABC,NRTI,106,V,4.550131801095536e-06
ABC,NRTI,107,T,5.365298220467267e-07
ABC,NRTI,108,V,1.0903339494961112e-06
ABC,NRTI,109,L,1.2703833824574664e-06
ABC,NRTI,110,D,1.0686135123153388e-06
ABC,NRTI,111,V,5.076762533979881e-06
ABC,NRTI,112,G,1.744650912321068e-07
ABC,NRTI,113,D,2.094247061926054e-07
ABC,NRTI,114,A,1.1819815609802806e-06
ABC,NRTI,115,Y,7.871196534873868e-06
ABC,NRTI,116,F,1.3256973345552764e-06
ABC,NRTI,117,S,1.3979926185958431e-06
ABC,NRTI,118,V,9.051036325130919e-07
ABC,NRTI,119,P,3.4055495983768335e-07
ABC,NRTI,120,L,1.195655346265386e-06
ABC,NRTI,121,D,3.1394084918916747e-07
ABC,NRTI,122,E,4.1271818279764386e-07
ABC,NRTI,123,D,3.3347394804027515e-07
ABC,NRTI,124,F,1.4238809052087717e-06
ABC,NRTI,125,R,5.453104581222199e-07
ABC,NRTI,126,K,3.096083118106621e-07
ABC,NRTI,127,Y,7.162985992082168e-07
ABC,NRTI,128,T,1.0156573003663234e-05
ABC,NRTI,129,A,1.0317112018297942e-06
ABC,NRTI,130,F,2.457115016078448e-06
ABC,NRTI,131,T,6.805944157666284e-07
ABC,NRTI,132,I,2.4312753425238412e-06
ABC,NRTI,133,P,9.56753259912836e-07
ABC,NRTI,134,S,5.351007422323599e-07
ABC,NRTI,135,I,1.885892944227464e-06
ABC,NRTI,136,N,8.322567733795588e-07
ABC,NRTI,137,N,1.2269168346369795e-06
ABC,NRTI,138,E,9.02495809944278e-07
ABC,NRTI,139,T,8.76564478265944e-07
ABC,NRTI,140,P,8.132549131950693e-07
ABC,NRTI,141,G,7.642713485366805e-07
ABC,NRTI,142,I,1.6027758030771845e-06
ABC,NRTI,143,R,1.1456633658752521e-06
ABC,NRTI,144,Y,2.6159515211693602e-06
ABC,NRTI,145,Q,6.79164261873691e-07
ABC,NRTI,146,Y,5.308227526372623e-06
ABC,NRTI,147,N,9.898587924618175e-07
ABC,NRTI,148,V,6.966253442995723e-07
ABC,NRTI,149,L,1.1001740944306994e-06
ABC,NRTI,150,P,8.688208041110654e-07
ABC,NRTI,151,Q,1.1391077806633727e-05
ABC,NRTI,152,G,2.0601316356005557e-06
ABC,NRTI,153,W,5.775419759981999e-07
ABC,NRTI,154,K,3.621268204682911e-07
ABC,NRTI,155,G,8.166760057091341e-07
ABC,NRTI,156,S,1.6270724940992687e-06
ABC,NRTI,157,P,3.570548624586102e-06
ABC,NRTI,158,A,4.774210328873744e-07
ABC,NRTI,159,I,2.5441650651659087e-06
ABC,NRTI,160,F,9.825088178289225e-06
ABC,NRTI,161,Q,6.46512312211964e-07
ABC,NRTI,162,S,1.0877766806445718e-06
ABC,NRTI,163,S,8.756155275027431e-07
ABC,NRTI,164,M,1.9029149701743585e-06
ABC,NRTI,165,T,4.199985277913459e-07
ABC,NRTI,166,K,5.923161663476943e-07
ABC,NRTI,167,I,1.409107137936749e-06
ABC,NRTI,168,L,6.238914704934046e-07
ABC,NRTI,169,E,3.1494672583488944e-07
ABC,NRTI,170,P,9.483406094377326e-07
ABC,NRTI,171,F,1.0291580938365697e-06
ABC,NRTI,172,R,4.275375359590609e-07
ABC,NRTI,173,K,1.0147802463153969e-06
ABC,NRTI,174,Q,8.486758736639623e-07
ABC,NRTI,175,N,2.3304178364287465e-06
ABC,NRTI,176,P,1.6817847034528846e-06
ABC,NRTI,177,D,5.624137652427641e-07
ABC,NRTI,178,I,7.496372217564546e-07
ABC,NRTI,179,V,2.7067515184274338e-06
ABC,NRTI,180,I,8.050378446252156e-06
ABC,NRTI,181,Y,8.229018200685278e-06
ABC,NRTI,182,Q,0.00012434604712011673
ABC,NRTI,183,Y,0.020357349509664675
ABC,NRTI,184,M,0.20319550578681947
ABC,NRTI,185,D,8.074675766971783e-05
ABC,NRTI,186,D,0.0002545829701217023
ABC,NRTI,187,L,3.430466448324752e-05
ABC,NRTI,188,Y,1.6600322466936885e-05
ABC,NRTI,189,V,1.0259968605792637e-05
ABC,NRTI,190,G,1.1850894943826004e-06
ABC,NRTI,191,S,6.761788757901099e-07
ABC,NRTI,192,D,4.278513091605522e-07
ABC,NRTI,193,L,1.1202207958385362e-06
ABC,NRTI,194,E,2.270940660554939e-07
ABC,NRTI,195,I,4.7486385814191986e-07
ABC,NRTI,196,G,8.290980331909366e-07
ABC,NRTI,197,Q,3.866724215114336e-07
ABC,NRTI,198,H,2.297066003910169e-07
ABC,NRTI,199,R,3.0248619721226024e-07
ABC,NRTI,200,T,5.702798682829037e-07
ABC,NRTI,201,K,5.314176698633042e-07
ABC,NRTI,202,I,8.22445682454545e-07
ABC,NRTI,203,E,4.066589512339111e-07
ABC,NRTI,204,E,7.951070850020975e-07
ABC,NRTI,205,L,6.720770351415874e-07
ABC,NRTI,206,R,6.441816631068662e-07
ABC,NRTI,207,Q,1.0715368229688606e-06
ABC,NRTI,208,H,1.8497575092329046e-06
ABC,NRTI,209,L,1.076644424648746e-06
ABC,NRTI,210,L,7.390200698882387e-07
ABC,NRTI,211,R,6.633098075626747e-07
ABC,NRTI,212,W,1.0326709307604095e-06
ABC,NRTI,213,G,2.427704536010074e-07
ABC,NRTI,214,F,8.206637155866607e-07
ABC,NRTI,215,T,4.721457591453906e-07
ABC,NRTI,216,T,8.194384921686549e-07
ABC,NRTI,217,P,1.0588599518429639e-07
ABC,NRTI,218,D,1.3051064765645041e-07
ABC,NRTI,219,K,4.849464504817606e-07
ABC,NRTI,220,K,2.837795902980046e-07
ABC,NRTI,221,H,6.057320398768535e-07
ABC,NRTI,222,Q,6.963995142552735e-07
ABC,NRTI,223,K,7.472209510020446e-07
ABC,NRTI,224,E,3.4724469306206285e-07
ABC,NRTI,225,P,3.7953641470873394e-07
ABC,NRTI,226,P,6.411576678587624e-07
ABC,NRTI,227,F,1.9356941671600995e-06
ABC,NRTI,228,L,3.7643338165622694e-07
ABC,NRTI,229,W,5.933368726392951e-07
ABC,NRTI,230,M,7.184020794509134e-06
ABC,NRTI,231,G,6.954937954808e-07
ABC,NRTI,232,Y,9.477343010718768e-07
ABC,NRTI,233,E,5.483876700830385e-07
ABC,NRTI,234,L,1.3903118351661333e-06
ABC,NRTI,235,H,5.21997965699197e-07
ABC,NRTI,236,P,6.231064691312254e-07
ABC,NRTI,237,D,3.404715631950943e-07
ABC,NRTI,238,K,3.014252236548562e-07
ABC,NRTI,239,W,5.195213390102632e-07
ABC,NRTI,240,T,1.6669874351453438e-06
AZT,NRTI,1,P,3.654659970427079e-08
AZT,NRTI,2,I,8.371856130597929e-08
AZT,NRTI,3,S,1.0116259404027095e-07
AZT,NRTI,4,P,1.0023320291674475e-07
AZT,NRTI,5,I,9.978920500456357e-08
AZT,NRTI,6,E,1.0365454352902997e-07
AZT,NRTI,7,T,5.0781921371487795e-08
AZT,NRTI,8,V,1.916968597021416e-07
AZT,NRTI,9,P,9.045584846849602e-08
AZT,NRTI,10,V,1.5713255277018516e-06
AZT,NRTI,11,K,3.885231274239122e-08
AZT,NRTI,12,L,6.486579174820973e-07
AZT,NRTI,13,K,1.1063463907439557e-08
AZT,NRTI,14,P,3.1877893846454535e-08
AZT,NRTI,15,G,5.597278227173165e-08
AZT,NRTI,16,M,9.10512614172418e-08
AZT,NRTI,17,D,8.152328695320822e-08
AZT,NRTI,18,G,3.83130926563779e-08
AZT,NRTI,19,P,7.085728648874214e-08
AZT,NRTI,20,K,1.8937782696758278e-07
AZT,NRTI,21,V,4.259429468060986e-07
AZT,NRTI,22,K,1.0602697451521048e-07
AZT,NRTI,23,Q,5.360597916163937e-07
AZT,NRTI,24,W,9.795941307623675e-06
AZT,NRTI,25,P,2.1012183561804193e-08
AZT,NRTI,26,L,8.810131685592226e-09
AZT,NRTI,27,T,5.590079548135303e-08
AZT,NRTI,28,E,3.8792540043770965e-08
AZT,NRTI,29,E,2.4567708463186754e-08
AZT,NRTI,30,K,9.397980133533443e-08
AZT,NRTI,31,I,1.0862649690052576e-07
AZT,NRTI,32,K,4.2448219222550334e-08
AZT,NRTI,33,A,2.5867178528082185e-07
AZT,NRTI,34,L,2.000176693364319e-08
AZT,NRTI,35,V,7.046336785249508e-07
AZT,NRTI,36,E,2.4186009672197507e-08
AZT,NRTI,37,I,1.665913388001719e-07
AZT,NRTI,38,C,3.2969104085053235e-07
AZT,NRTI,39,T,1.0567921405323836e-06
AZT,NRTI,40,E,8.677762291739953e-07
AZT,NRTI,41,M,9.309511064171839e-06
AZT,NRTI,42,E,8.504437127693274e-08
AZT,NRTI,43,K,3.776782470408636e-07
AZT,NRTI,44,E,7.314717358813931e-07
AZT,NRTI,45,G,8.191436715885785e-07
AZT,NRTI,46,K,1.206662990449072e-06
AZT,NRTI,47,I,4.332392392816863e-06
AZT,NRTI,48,S,2.6901008282557827e-07
AZT,NRTI,49,K,1.7486218985775696e-07
AZT,NRTI,50,I,1.2499141825524403e-07
AZT,NRTI,51,G,6.037028738610227e-08
AZT,NRTI,52,P,5.176706799072558e-08
AZT,NRTI,53,E,2.0009112323668753e-08
AZT,NRTI,54,N,5.459557459280829e-07
AZT,NRTI,55,P,6.98887849610346e-08
AZT,NRTI,56,Y,1.5265406604467107e-05
AZT,NRTI,57,N,2.288609657931536e-06
AZT,NRTI,58,T,2.3050356440577554e-07
AZT,NRTI,59,P,1.2781072043610046e-06
AZT,NRTI,60,V,0.00047764417320829753
AZT,NRTI,61,F,0.00042653102963785273
AZT,NRTI,62,A,7.004654244355118e-06
AZT,NRTI,63,I,3.149927919194693e-06
AZT,NRTI,64,K,4.070847836826626e-07
AZT,NRTI,65,K,7.523279673246944e-07
AZT,NRTI,66,K,3.2373780828268466e-08
AZT,NRTI,67,D,1.2658172866153983e-07
AZT,NRTI,68,S,1.1788093363211486e-07
AZT,NRTI,69,T,3.206477216276685e-06
AZT,NRTI,70,K,1.5214756504531672e-09
AZT,NRTI,71,W,9.176984020916103e-08
AZT,NRTI,72,R,8.203314278440869e-05
AZT,NRTI,73,K,2.7661160081636117e-05
AZT,NRTI,74,L,0.0017793780033275321
AZT,NRTI,75,V,0.0028695289524761636
AZT,NRTI,76,D,1.933394008485813e-05
AZT,NRTI,77,F,0.0005135073257690558
AZT,NRTI,78,R,1.1369239934384547e-06
AZT,NRTI,79,E,1.185001983961124e-07
AZT,NRTI,80,L,1.3887272784544283e-05
AZT,NRTI,81,N,4.2881652526101205e-05
AZT,NRTI,82,K,4.3942558256747435e-07
AZT,NRTI,83,R,2.706103853614444e-07
AZT,NRTI,84,T,1.9038816796718873e-06
AZT,NRTI,85,Q,5.1699753473825e-08
AZT,NRTI,86,D,1.3993821590801557e-07
AZT,NRTI,87,F,4.192536889732905e-07
AZT,NRTI,88,W,2.255603605946581e-07
AZT,NRTI,89,E,2.2280213423146896e-08
AZT,NRTI,90,V,6.026968662653224e-07
AZT,NRTI,91,Q,6.4072415438125285e-09
AZT,NRTI,92,L,2.4371971615989744e-08
AZT,NRTI,93,G,1.1326218391608518e-07
AZT,NRTI,94,I,1.8165462535898658e-07
AZT,NRTI,95,P,9.029526631936164e-08
AZT,NRTI,96,H,4.0439075646317924e-07
AZT,NRTI,97,P,1.8105901041186386e-07
AZT,NRTI,98,A,1.3145078979876759e-07
AZT,NRTI,99,G,2.8065783185826576e-07
AZT,NRTI,100,L,5.214117524274863e-07
AZT,NRTI,101,K,3.7331257720254784e-08
AZT,NRTI,102,K,5.431240348813839e-08
AZT,NRTI,103,K,1.8887111942973098e-06
AZT,NRTI,104,K,1.7506333060692753e-07
AZT,NRTI,105,S,3.4544673562537112e-06
AZT,NRTI,106,V,6.853205086055844e-05
AZT,NRTI,107,T,1.0521987454500018e-06
AZT,NRTI,108,V,0.00019148968194497115
AZT,NRTI,109,L,2.100034297314859e-05
AZT,NRTI,110,D,1.5806896569834034e-05
AZT,NRTI,111,V,0.0005481636734140619
AZT,NRTI,112,G,1.842814182253182e-06
AZT,NRTI,113,D,5.697184409155172e-06
AZT,NRTI,114,A,0.015356975696319233
AZT,NRTI,115,Y,0.04070461985016657
AZT,NRTI,116,F,0.0005494822716901393
AZT,NRTI,117,S,6.660087022567173e-05
AZT,NRTI,118,V,0.0012119089131649439
AZT,NRTI,119,P,9.354569385499217e-07
AZT,NRTI,120,L,1.0381070825056953e-06
AZT,NRTI,121,D,1.6061058229497578e-07
AZT,NRTI,122,E,4.6235035456115335e-08
AZT,NRTI,123,D,3.969481177511707e-08
AZT,NRTI,124,F,3.030100446351298e-07
AZT,NRTI,125,R,1.02092677883772e-07
AZT,NRTI,126,K,4.254289320894275e-08
AZT,NRTI,127,Y,2.2886396565556166e-06
AZT,NRTI,128,T,1.2308994689316365e-05
AZT,NRTI,129,A,8.572721210784287e-07
AZT,NRTI,130,F,4.944312008800836e-06
AZT,NRTI,131,T,5.026692161367839e-07
AZT,NRTI,132,I,3.646268664831606e-08
AZT,NRTI,133,P,2.633282896841449e-08
AZT,NRTI,134,S,1.7113061514311856e-07
AZT,NRTI,135,I,1.5439729481800969e-06
AZT,NRTI,136,N,3.534441699548065e-08
AZT,NRTI,137,N,1.2613120163132832e-08
AZT,NRTI,138,E,3.2596198327972314e-07
AZT,NRTI,139,T,4.80614592239364e-08
AZT,NRTI,140,P,3.3591460753673294e-08
AZT,NRTI,141,G,1.5658269874030916e-07
AZT,NRTI,142,I,2.165766720010228e-05
AZT,NRTI,143,R,3.1574556984352244e-07
AZT,NRTI,144,Y,0.00013945285899593827
AZT,NRTI,145,Q,3.2357291546499024e-07
AZT,NRTI,146,Y,2.827180790095274e-05
AZT,NRTI,147,N,2.3082716240539243e-08
AZT,NRTI,148,V,1.129691843484664e-05
AZT,NRTI,149,L,6.103700192051379e-05
AZT,NRTI,150,P,6.229462248846872e-06
AZT,NRTI,151,Q,3.9305727557979924e-05
AZT,NRTI,152,G,0.00010291984563376854
AZT,NRTI,153,W,1.4123801373400461e-06
AZT,NRTI,154,K,2.1187856507716414e-07
AZT,NRTI,155,G,5.029134265008292e-07
AZT,NRTI,156,S,9.63049215902521e-05
AZT,NRTI,157,P,2.9918891862709502e-06
AZT,NRTI,158,A,9.225479444437342e-07
AZT,NRTI,159,I,4.506781683405871e-06
AZT,NRTI,160,F,4.987561238718964e-05
AZT,NRTI,161,Q,8.923274645141275e-07
AZT,NRTI,162,S,1.2919984392739351e-06
AZT,NRTI,163,S,6.712241350817365e-07
AZT,NRTI,164,M,9.527116398109627e-06
AZT,NRTI,165,T,2.168114347477277e-07
AZT,NRTI,166,K,8.271771576491945e-08
AZT,NRTI,167,I,5.911657205441707e-07
AZT,NRTI,168,L,3.5201768786166285e-06
AZT,NRTI,169,E,1.4698312917536703e-07
AZT,NRTI,170,P,1.3923593583364791e-07
AZT,NRTI,171,F,1.1536808273370118e-06
AZT,NRTI,172,R,2.661316521277748e-07
AZT,NRTI,173,K,5.6839308572787776e-08
AZT,NRTI,174,Q,8.345672342665194e-08
AZT,NRTI,175,N,1.7519892594248085e-07
AZT,NRTI,176,P,8.616519433830932e-08
AZT,NRTI,177,D,1.5147765488861032e-07
AZT,NRTI,178,I,3.303740014826074e-07
AZT,NRTI,179,V,3.853976763240563e-06
AZT,NRTI,180,I,3.4368163165339943e-06
AZT,NRTI,181,Y,8.626579485346003e-05
AZT,NRTI,182,Q,0.00012797337472414592
AZT,NRTI,183,Y,0.009370982070973316
AZT,NRTI,184,M,0.003287234842175141
AZT,NRTI,185,D,7.839494706895338e-06
AZT,NRTI,186,D,1.1997925227708635e-05
AZT,NRTI,187,L,4.136238543031728e-05
AZT,NRTI,188,Y,0.000337686953023602
AZT,NRTI,189,V,3.569247176411492e-05
AZT,NRTI,190,G,2.6185448652495944e-06
AZT,NRTI,191,S,2.3197598084367088e-07
AZT,NRTI,192,D,5.662044244466359e-08
AZT,NRTI,193,L,2.1730700310798732e-07
AZT,NRTI,194,E,3.5301071756971025e-07
AZT,NRTI,195,I,3.387134758865599e-08
AZT,NRTI,196,G,9.708600241486865e-08
AZT,NRTI,197,Q,1.2661634780323694e-07
AZT,NRTI,198,H,2.682994403350708e-06
AZT,NRTI,199,R,1.7246986816356684e-08
AZT,NRTI,200,T,1.8396451399997042e-06
AZT,NRTI,201,K,1.7387601795757482e-07
AZT,NRTI,202,I,2.316779816975469e-06
AZT,NRTI,203,E,2.171470987110551e-07
AZT,NRTI,204,E,4.348986269052532e-07
AZT,NRTI,205,L,3.79454187294829e-07
AZT,NRTI,206,R,4.357783496928456e-07
AZT,NRTI,207,Q,4.449522677276772e-07
AZT,NRTI,208,H,1.2160455825814111e-05
AZT,NRTI,209,L,3.836916446498877e-06
AZT,NRTI,210,L,3.1528231291572395e-07
AZT,NRTI,211,R,7.156665698417079e-09
AZT,NRTI,212,W,3.031123686208595e-07
AZT,NRTI,213,G,2.3719694579626063e-06
AZT,NRTI,214,F,1.1193321395319129e-05
AZT,NRTI,215,T,1.4844315346326717e-05
AZT,NRTI,216,T,8.04251743151754e-07
AZT,NRTI,217,P,9.125508210839217e-08
AZT,NRTI,218,D,1.3955537404256672e-08
AZT,NRTI,219,K,6.280249111242174e-08
AZT,NRTI,220,K,1.0561871554985902e-07
AZT,NRTI,221,H,4.093579202122739e-08
AZT,NRTI,222,Q,3.6306674792887654e-07
AZT,NRTI,223,K,3.335563428211666e-08
AZT,NRTI,224,E,6.841456089877683e-08
AZT,NRTI,225,P,2.3428985053632197e-10
AZT,NRTI,226,P,3.261226975122413e-07
AZT,NRTI,227,F,5.944860244389767e-14
AZT,NRTI,228,L,8.97986397397578e-09
AZT,NRTI,229,W,7.45927073609033e-06
AZT,NRTI,230,M,2.481910059794276e-06
AZT,NRTI,231,G,2.4607934912538626e-06
AZT,NRTI,232,Y,5.187182247055893e-06
AZT,NRTI,233,E,7.391057587906869e-08
AZT,NRTI,234,L,8.776110971021539e-07
AZT,NRTI,235,H,7.274242845250167e-08
AZT,NRTI,236,P,3.8251400017330305e-08
AZT,NRTI,237,D,1.0855144300369234e-07
AZT,NRTI,238,K,3.0292848503829156e-08
AZT,NRTI,239,W,2.7555223788204927e-08
AZT,NRTI,240,T,3.870122242823843e-08
D4T,NRTI,1,P,1.58457675457799e-09
D4T,NRTI,2,I,2.053018277341063e-09
D4T,NRTI,3,S,4.020613683029968e-09
D4T,NRTI,4,P,3.763680921491524e-09
D4T,NRTI,5,I,3.522934156489716e-09
D4T,NRTI,6,E,5.103588686267482e-09
D4T,NRTI,7,T,3.2529461431012666e-09
D4T,NRTI,8,V,2.9581194504541428e-09
D4T,NRTI,9,P,1.5566491379801303e-09
D4T,NRTI,10,V,1.2762741591796872e-08
D4T,NRTI,11,K,1.3720398009231996e-09
D4T,NRTI,12,L,7.3876472455752246e-09
D4T,NRTI,13,K,4.2835327288830533e-10
D4T,NRTI,14,P,1.0934980929518184e-09
D4T,NRTI,15,G,9.80011196256289e-10
D4T,NRTI,16,M,7.879645649695755e-09
D4T,NRTI,17,D,1.744066183024928e-09
D4T,NRTI,18,G,9.140489709281354e-10
D4T,NRTI,19,P,1.195818789300736e-09
D4T,NRTI,20,K,4.6266520314685167e-10
D4T,NRTI,21,V,8.481302879420789e-10
D4T,NRTI,22,K,1.7535123665673592e-09
D4T,NRTI,23,Q,2.768516075168171e-09
D4T,NRTI,24,W,2.827085179937049e-07
D4T,NRTI,25,P,1.1665278904798398e-09
D4T,NRTI,26,L,4.645284369969576e-09
D4T,NRTI,27,T,1.1620756572304989e-09
D4T,NRTI,28,E,8.523693178524037e-10
D4T,NRTI,29,E,4.3264348893863076e-10
D4T,NRTI,30,K,2.4002299431964186e-08
D4T,NRTI,31,I,2.1121157842973726e-09
D4T,NRTI,32,K,1.5338290700934628e-08
D4T,NRTI,33,A,1.1549585196951834e-08
D4T,NRTI,34,L,5.846494614738488e-09
D4T,NRTI,35,V,4.634163491266834e-09
D4T,NRTI,36,E,1.2581483637589184e-09
D4T,NRTI,37,I,8.160108632606828e-09
D4T,NRTI,38,C,6.3048261717987155e-09
D4T,NRTI,39,T,2.9439262634624693e-09
D4T,NRTI,40,E,1.1432725232845578e-09
D4T,NRTI,41,M,1.9746004396615473e-08
D4T,NRTI,42,E,1.0700037573396125e-08
D4T,NRTI,43,K,7.584511676279351e-09
D4T,NRTI,44,E,1.2239999424687527e-08
D4T,NRTI,45,G,1.9673831705120558e-08
D4T,NRTI,46,K,5.177743532119647e-07
D4T,NRTI,47,I,8.784129731071223e-08
D4T,NRTI,48,S,5.9921229687872515e-09
D4T,NRTI,49,K,1.6258316236295088e-09
D4T,NRTI,50,I,5.192102552457157e-09
D4T,NRTI,51,G,2.6868713877880016e-09
D4T,NRTI,52,P,9.805581164656997e-10
D4T,NRTI,53,E,1.5418641406794552e-09
D4T,NRTI,54,N,6.429849960168955e-10
D4T,NRTI,55,P,1.5682054447390233e-09
D4T,NRTI,56,Y,2.4478694554400156e-07
D4T,NRTI,57,N,4.247456311065289e-09
D4T,NRTI,58,T,2.5279482428090768e-08
D4T,NRTI,59,P,3.4434734911357537e-09
D4T,NRTI,60,V,4.9429524855983273e-08
D4T,NRTI,61,F,6.993283583728651e-07
D4T,NRTI,62,A,2.9088224574953157e-08
D4T,NRTI,63,I,6.9462131546030044e-09
D4T,NRTI,64,K,3.949112530096408e-09
D4T,NRTI,65,K,4.279700582424388e-08
D4T,NRTI,66,K,1.576620562594942e-09
D4T,NRTI,67,D,1.494346943981329e-08
D4T,NRTI,68,S,1.083547374218347e-09
D4T,NRTI,69,T,1.8476021027507829e-09
D4T,NRTI,70,K,1.0156241456739766e-09
D4T,NRTI,71,W,1.354588529932123e-08
D4T,NRTI,72,R,3.643157846812158e-07
D4T,NRTI,73,K,9.415041682112784e-08
D4T,NRTI,74,L,1.2642595796574646e-06
D4T,NRTI,75,V,8.873766160451547e-08
D4T,NRTI,76,D,1.5844516037467753e-06
D4T,NRTI,77,F,0.0002562893867360341
D4T,NRTI,78,R,4.189387317071503e-08
D4T,NRTI,79,E,5.274013099760421e-09
D4T,NRTI,80,L,4.4703045659711516e-08
D4T,NRTI,81,N,9.831827430900533e-08
D4T,NRTI,82,K,1.9915955846381943e-08
D4T,NRTI,83,R,1.0243311022098245e-08
D4T,NRTI,84,T,1.5938290281933897e-08
D4T,NRTI,85,Q,8.102739919279055e-10
D4T,NRTI,86,D,5.801257781231358e-10
D4T,NRTI,87,F,4.15381492628257e-08
D4T,NRTI,88,W,3.9843108161528604e-08
D4T,NRTI,89,E,3.791115845741993e-09
D4T,NRTI,90,V,6.275300910838972e-09
D4T,NRTI,91,Q,2.8926610554338584e-09
D4T,NRTI,92,L,1.8916206524917545e-09
D4T,NRTI,93,G,2.8521983848891965e-09
D4T,NRTI,94,I,5.9783838406303645e-09
D4T,NRTI,95,P,1.0152074720585253e-09
D4T,NRTI,96,H,6.005740193676684e-09
D4T,NRTI,97,P,2.9685515129482826e-09
D4T,NRTI,98,A,2.5741020762893106e-09
D4T,NRTI,99,G,4.371866965212592e-09
D4T,NRTI,100,L,2.007880089925641e-08
D4T,NRTI,101,K,9.237495678450315e-09
D4T,NRTI,102,K,6.352734472548873e-09
D4T,NRTI,103,K,8.437883024520175e-08
D4T,NRTI,104,K,1.0435811761130683e-08
D4T,NRTI,105,S,5.516695060784239e-08
D4T,NRTI,106,V,5.8405437921991905e-08
D4T,NRTI,107,T,6.391573463114674e-09
D4T,NRTI,108,V,1.4614935043168514e-08
D4T,NRTI,109,L,3.883276500418435e-07
D4T,NRTI,110,D,1.2438615945970613e-06
D4T,NRTI,111,V,1.288567736068099e-05
D4T,NRTI,112,G,6.906323863803705e-08
D4T,NRTI,113,D,1.3991176508019352e-08
D4T,NRTI,114,A,2.5687016035770327e-05
D4T,NRTI,115,Y,0.0001145588156687942
D4T,NRTI,116,F,3.792064424239449e-05
D4T,NRTI,117,S,2.2067083334845265e-08
D4T,NRTI,118,V,3.4840758571267627e-07
D4T,NRTI,119,P,1.921965074472216e-08
D4T,NRTI,120,L,6.262955640720172e-08
D4T,NRTI,121,D,1.986248014147895e-08
D4T,NRTI,122,E,5.451288880591741e-09
D4T,NRTI,123,D,2.2580201880816485e-09
D4T,NRTI,124,F,7.953692244602721e-08
D4T,NRTI,125,R,1.4030508009758561e-08
D4T,NRTI,126,K,6.989347920588069e-09
D4T,NRTI,127,Y,1.2745291521081968e-07
D4T,NRTI,128,T,2.8147412034345783e-06
D4T,NRTI,129,A,2.543266397646227e-08
D4T,NRTI,130,F,4.6541097874595375e-06
D4T,NRTI,131,T,9.003508166980519e-08
D4T,NRTI,132,I,1.604875569347318e-08
D4T,NRTI,133,P,3.5112715855717435e-09
D4T,NRTI,134,S,1.0957358391578966e-08
D4T,NRTI,135,I,3.3859807536325494e-08
D4T,NRTI,136,N,3.6262746855157523e-09
D4T,NRTI,137,N,1.1959412412291995e-09
D4T,NRTI,138,E,2.646272437127363e-09
D4T,NRTI,139,T,9.761238723414261e-09
D4T,NRTI,140,P,4.1896848876057534e-09
D4T,NRTI,141,G,4.4969345433578095e-09
D4T,NRTI,142,I,1.7645854881739452e-08
D4T,NRTI,143,R,2.6510181443458884e-08
D4T,NRTI,144,Y,2.6440702331431025e-06
D4T,NRTI,145,Q,3.8102042480312415e-08
D4T,NRTI,146,Y,1.0413240000743805e-05
D4T,NRTI,147,N,1.0004638429782262e-08
D4T,NRTI,148,V,3.2463563024739223e-07
D4T,NRTI,149,L,2.777387698397231e-06
D4T,NRTI,150,P,3.5906116343275355e-07
D4T,NRTI,151,Q,2.939784048517865e-05
D4T,NRTI,152,G,5.195839016657799e-06
D4T,NRTI,153,W,0.011141375262997433
D4T,NRTI,154,K,2.967154755351094e-06
D4T,NRTI,155,G,7.797070594700488e-07
D4T,NRTI,156,S,0.0010213989968227068
D4T,NRTI,157,P,2.5580610433769127e-05
D4T,NRTI,158,A,1.7367326412610799e-07
D4T,NRTI,159,I,1.6027827355466893e-05
D4T,NRTI,160,F,0.002254378821686008
D4T,NRTI,161,Q,7.402558585475171e-06
D4T,NRTI,162,S,7.121552192448887e-08
D4T,NRTI,163,S,1.2646955676529183e-07
D4T,NRTI,164,M,1.1306511301747097e-06
D4T,NRTI,165,T,4.4012472662061245e-09
D4T,NRTI,166,K,3.038790617758711e-08
D4T,NRTI,167,I,6.325363550455152e-08
D4T,NRTI,168,L,1.852582433375621e-07
D4T,NRTI,169,E,1.508136151864501e-08
D4T,NRTI,170,P,1.6772312996839872e-08
D4T,NRTI,171,F,4.03792937566111e-07
D4T,NRTI,172,R,3.236116128840206e-08
D4T,NRTI,173,K,3.868433368687556e-08
D4T,NRTI,174,Q,8.061758778954478e-09
D4T,NRTI,175,N,3.120458020242857e-08
D4T,NRTI,176,P,6.780257645356232e-09
D4T,NRTI,177,D,6.817768588073469e-09
D4T,NRTI,178,I,3.298930130423778e-08
D4T,NRTI,179,V,1.3618654083193664e-08
D4T,NRTI,180,I,4.564045676229865e-08
D4T,NRTI,181,Y,3.854173059626081e-08
D4T,NRTI,182,Q,2.385881009704594e-07
D4T,NRTI,183,Y,1.4721687443498051e-05
D4T,NRTI,184,M,1.910817882783091e-06
D4T,NRTI,185,D,3.626977133457983e-07
D4T,NRTI,186,D,4.257364602231157e-08
D4T,NRTI,187,L,1.4103440641537988e-07
D4T,NRTI,188,Y,1.516889907968417e-07
D4T,NRTI,189,V,1.2043733536517618e-08
D4T,NRTI,190,G,3.962166156948362e-08
D4T,NRTI,191,S,1.244863834001562e-08
D4T,NRTI,192,D,9.185962085988285e-10
D4T,NRTI,193,L,8.7013342351921e-09
D4T,NRTI,194,E,4.728319691038657e-09
D4T,NRTI,195,I,4.058813907429087e-09
D4T,NRTI,196,G,1.3226640948569911e-08
D4T,NRTI,197,Q,1.6284780871412507e-08
D4T,NRTI,198,H,2.629153479294794e-07
D4T,NRTI,199,R,5.2919630718147e-09
D4T,NRTI,200,T,1.1780851519162101e-08
D4T,NRTI,201,K,3.9507436969868445e-08
D4T,NRTI,202,I,1.7974147134099593e-08
D4T,NRTI,203,E,8.400322706178522e-09
D4T,NRTI,204,E,1.0510220120446328e-08
D4T,NRTI,205,L,7.277646931420074e-08
D4T,NRTI,206,R,2.479999620818756e-09
D4T,NRTI,207,Q,1.768704922478122e-08
D4T,NRTI,208,H,1.2915486199971042e-07
D4T,NRTI,209,L,4.237282720141937e-07
D4T,NRTI,210,L,1.3410157195899307e-07
D4T,NRTI,211,R,6.116931596954996e-10
D4T,NRTI,212,W,7.59352212039486e-08
D4T,NRTI,213,G,7.531460146472304e-08
D4T,NRTI,214,F,4.544664280181705e-05
D4T,NRTI,215,T,7.838118238997006e-07
D4T,NRTI,216,T,1.9626893177815367e-08
D4T,NRTI,217,P,3.4295661968379654e-09
D4T,NRTI,218,D,2.5844953223215024e-09
D4T,NRTI,219,K,6.058150719423315e-09
D4T,NRTI,220,K,3.563891348942397e-08
D4T,NRTI,221,H,2.9939344269749454e-09
D4T,NRTI,222,Q,5.518379255124977e-10
D4T,NRTI,223,K,1.0727693262640753e-08
D4T,NRTI,224,E,1.943014182295891e-09
D4T,NRTI,225,P,6.900608434840824e-10
D4T,NRTI,226,P,1.5923877946849822e-09
D4T,NRTI,227,F,1.4758574217840216e-07
D4T,NRTI,228,L,1.3247237767249203e-09
D4T,NRTI,229,W,2.6823584366286933e-07
D4T,NRTI,230,M,7.860755422965806e-07
D4T,NRTI,231,G,5.3303065947149575e-09
D4T,NRTI,232,Y,1.812905758107656e-07
D4T,NRTI,233,E,4.378189316546339e-09
D4T,NRTI,234,L,2.147642378750283e-08
D4T,NRTI,235,H,2.0826872493517513e-09
D4T,NRTI,236,P,4.962230770420254e-09
D4T,NRTI,237,D,2.5735853118249213e-09
D4T,NRTI,238,K,8.863902179241915e-09
D4T,NRTI,239,W,6.670453212304537e-09
D4T,NRTI,240,T,3.753582270317903e-09
DDI,NRTI,1,P,3.677157886785721e-08
DDI,NRTI,2,I,1.758790926190204e-08
DDI,NRTI,3,S,4.6019573605368906e-08
DDI,NRTI,4,P,3.0715096447753995e-08
DDI,NRTI,5,I,3.340815100110703e-08
DDI,NRTI,6,E,2.4648464362931885e-08
DDI,NRTI,7,T,2.550224055941687e-08
DDI,NRTI,8,V,4.730947112092321e-08
DDI,NRTI,9,P,3.6279332536831724e-08
DDI,NRTI,10,V,3.537341511694855e-08
DDI,NRTI,11,K,2.3654109262567432e-07
DDI,NRTI,12,L,4.6860477595587733e-07
DDI,NRTI,13,K,2.6941850746697975e-06
DDI,NRTI,14,P,1.5210841965302873e-08
DDI,NRTI,15,G,2.1214531717505878e-09
DDI,NRTI,16,M,2.2240585673084803e-08
DDI,NRTI,17,D,1.487784750124231e-07
DDI,NRTI,18,G,3.036151369271464e-08
DDI,NRTI,19,P,3.9975802614104265e-07
DDI,NRTI,20,K,7.390214932606577e-06
DDI,NRTI,21,V,6.678096699779322e-07
DDI,NRTI,22,K,6.213089097004517e-07
DDI,NRTI,23,Q,1.2268955110310258e-07
DDI,NRTI,24,W,2.723124219353333e-06
DDI,NRTI,25,P,2.072643303450088e-07
DDI,NRTI,26,L,1.401782084287123e-06
DDI,NRTI,27,T,1.2792755529822027e-07
DDI,NRTI,28,E,5.241173418610657e-09
DDI,NRTI,29,E,1.2696493421735446e-08
DDI,NRTI,30,K,9.250682319944845e-08
DDI,NRTI,31,I,3.2665963507162806e-07
DDI,NRTI,32,K,2.5927554403339683e-07
DDI,NRTI,33,A,5.368694873951976e-10
DDI,NRTI,34,L,8.53308715234334e-09
DDI,NRTI,35,V,4.888157500326654e-08
DDI,NRTI,36,E,2.3611856030384483e-09
DDI,NRTI,37,I,7.779689961752776e-09
DDI,NRTI,38,C,2.33747483471074e-08
DDI,NRTI,39,T,5.4554796945515e-09
DDI,NRTI,40,E,1.6828226637721411e-09
DDI,NRTI,41,M,1.3839200244336275e-09
DDI,NRTI,42,E,1.1270486643827173e-07
DDI,NRTI,43,K,6.908365996931443e-07
DDI,NRTI,44,E,6.513494820157722e-08
DDI,NRTI,45,G,4.066336829635756e-08
DDI,NRTI,46,K,0.003081333994480038
DDI,NRTI,47,I,2.624491102174913e-06
DDI,NRTI,48,S,1.891683924495743e-08
DDI,NRTI,49,K,3.226119774411319e-07
DDI,NRTI,50,I,1.935800595350481e-08
DDI,NRTI,51,G,2.702912682626433e-09
DDI,NRTI,52,P,3.896730545412659e-09
DDI,NRTI,53,E,9.794759802676697e-10
DDI,NRTI,54,N,2.7084330964936146e-09
DDI,NRTI,55,P,1.9618172168141136e-09
DDI,NRTI,56,Y,4.789478899617865e-07
DDI,NRTI,57,N,3.112404744569932e-09
DDI,NRTI,58,T,1.1147260471665166e-07
DDI,NRTI,59,P,1.0217450798799969e-09
DDI,NRTI,60,V,1.8644495841829463e-07
DDI,NRTI,61,F,3.3214451116724725e-07
DDI,NRTI,62,A,2.5063758943349895e-08
DDI,NRTI,63,I,1.2611587558868688e-07
DDI,NRTI,64,K,1.4964360191131055e-06
DDI,NRTI,65,K,2.596406367274181e-06
DDI,NRTI,66,K,1.3800594357462763e-07
DDI,NRTI,67,D,9.125929757066956e-09
DDI,NRTI,68,S,1.2994804725561683e-08
DDI,NRTI,69,T,8.017715910187324e-07
DDI,NRTI,70,K,2.8952122573642877e-07
DDI,NRTI,71,W,0.00012918695559442197
DDI,NRTI,72,R,4.120393412330531e-06
DDI,NRTI,73,K,0.00011757047820989989
DDI,NRTI,74,L,1.8511602528811366e-06
DDI,NRTI,75,V,3.631485723513228e-07
DDI,NRTI,76,D,6.540157391214907e-10
DDI,NRTI,77,F,4.908990254212558e-06
DDI,NRTI,78,R,2.0458505071198442e-07
DDI,NRTI,79,E,1.0507044637396156e-08
DDI,NRTI,80,L,1.509273409722605e-08
DDI,NRTI,81,N,4.086677885051723e-09
DDI,NRTI,82,K,5.595983825876611e-08
DDI,NRTI,83,R,2.4776137139438816e-07
DDI,NRTI,84,T,4.374834766108576e-08
DDI,NRTI,85,Q,5.3072229153645985e-09
DDI,NRTI,86,D,4.8019367915352245e-09
DDI,NRTI,87,F,1.4224144235214958e-08
DDI,NRTI,88,W,1.527919849433351e-08
DDI,NRTI,89,E,9.32715722405297e-09
DDI,NRTI,90,V,4.57874211438663e-08
DDI,NRTI,91,Q,2.1501328086837515e-09
DDI,NRTI,92,L,3.853898196256913e-09
DDI,NRTI,93,G,1.7557897655221696e-09
DDI,NRTI,94,I,4.8676593416739746e-08
DDI,NRTI,95,P,1.2325000777163639e-08
DDI,NRTI,96,H,9.68362207317608e-09
DDI,NRTI,97,P,2.48089345922358e-08
DDI,NRTI,98,A,1.5293309669778772e-08
DDI,NRTI,99,G,6.089539370969008e-09
DDI,NRTI,100,L,8.571208099301043e-08
DDI,NRTI,101,K,3.824988702364347e-07
DDI,NRTI,102,K,4.0553709685202157e-07
DDI,NRTI,103,K,1.2879403391328643e-07
DDI,NRTI,104,K,4.1823011923142525e-07
DDI,NRTI,105,S,7.125088862928531e-07
DDI,NRTI,106,V,7.533655869109915e-07
DDI,NRTI,107,T,5.334332115770095e-08
DDI,NRTI,108,V,3.1600965054288166e-07
DDI,NRTI,109,L,1.0705248413582486e-07
DDI,NRTI,110,D,8.536655863102567e-09
DDI,NRTI,111,V,1.9602442745114404e-07
DDI,NRTI,112,G,1.6139114021613154e-07
DDI,NRTI,113,D,6.315118996113644e-08
DDI,NRTI,114,A,2.19631561121797e-09
DDI,NRTI,115,Y,3.6902440764061256e-08
DDI,NRTI,116,F,1.573808117137261e-08
DDI,NRTI,117,S,1.8420737084740328e-08
DDI,NRTI,118,V,7.571273928494852e-08
DDI,NRTI,119,P,6.510378191042631e-09
DDI,NRTI,120,L,1.0598125166686873e-06
DDI,NRTI,121,D,1.4572983908469397e-08
DDI,NRTI,122,E,8.52796698276146e-09
DDI,NRTI,123,D,1.6546349766836566e-08
DDI,NRTI,124,F,1.975164117519013e-08
DDI,NRTI,125,R,3.278560570098307e-09
DDI,NRTI,126,K,2.595620504275778e-07
DDI,NRTI,127,Y,1.1012693232069613e-07
DDI,NRTI,128,T,1.483089179689116e-08
DDI,NRTI,129,A,3.64662654852588e-08
DDI,NRTI,130,F,2.208362199049567e-07
DDI,NRTI,131,T,1.1632941689289702e-07
DDI,NRTI,132,I,2.399963152020024e-07
DDI,NRTI,133,P,7.250010919425754e-09
DDI,NRTI,134,S,5.042142664918988e-09
DDI,NRTI,135,I,2.0937404601271178e-07
DDI,NRTI,136,N,8.679276418160211e-09
DDI,NRTI,137,N,8.376028505137178e-09
DDI,NRTI,138,E,6.78508243846815e-07
DDI,NRTI,139,T,7.735011877463022e-08
DDI,NRTI,140,P,7.571166642476015e-09
DDI,NRTI,141,G,7.317248290720615e-09
DDI,NRTI,142,I,2.3271463175167e-06
DDI,NRTI,143,R,3.8676241702585063e-07
DDI,NRTI,144,Y,3.64427616788456e-07
DDI,NRTI,145,Q,2.872320415147345e-07
DDI,NRTI,146,Y,1.729023565341689e-07
DDI,NRTI,147,N,8.996464608205453e-06
DDI,NRTI,148,V,3.6578805443510783e-07
DDI,NRTI,149,L,6.0741361695363805e-06
DDI,NRTI,150,P,1.1719410719738259e-08
DDI,NRTI,151,Q,3.197867544520695e-05
DDI,NRTI,152,G,2.663185573330059e-09
DDI,NRTI,153,W,1.6856631335927418e-05
DDI,NRTI,154,K,0.011735442955203967
DDI,NRTI,155,G,2.9142981830599542e-05
DDI,NRTI,156,S,6.320074677620556e-06
DDI,NRTI,157,P,1.108684966016407e-07
DDI,NRTI,158,A,1.2568000907872484e-06
DDI,NRTI,159,I,2.8369941306773423e-07
DDI,NRTI,160,F,4.2376347596655775e-07
DDI,NRTI,161,Q,1.1061076151238332e-07
DDI,NRTI,162,S,2.459195609604579e-08
DDI,NRTI,163,S,9.235675106750069e-08
DDI,NRTI,164,M,1.355945156246353e-07
DDI,NRTI,165,T,4.577881505679679e-08
DDI,NRTI,166,K,4.1542394502230255e-07
DDI,NRTI,167,I,3.0492090318639926e-08
DDI,NRTI,168,L,2.602260404448256e-07
DDI,NRTI,169,E,3.3518343326379316e-09
DDI,NRTI,170,P,2.821084379280007e-09
DDI,NRTI,171,F,2.3979713682894636e-07
DDI,NRTI,172,R,4.138715604735011e-07
DDI,NRTI,173,K,1.4361994686321014e-06
DDI,NRTI,174,Q,4.101533811155818e-08
DDI,NRTI,175,N,4.383362801424353e-08
DDI,NRTI,176,P,4.063439037879763e-08
DDI,NRTI,177,D,7.96095076089441e-09
DDI,NRTI,178,I,5.644185084639794e-09
DDI,NRTI,179,V,8.256851941247694e-08
DDI,NRTI,180,I,4.432311012603007e-07
DDI,NRTI,181,Y,1.8653410560240717e-08
DDI,NRTI,182,Q,1.2951612556068143e-07
DDI,NRTI,183,Y,1.938206583000949e-06
DDI,NRTI,184,M,7.966222591007042e-07
DDI,NRTI,185,D,8.124886913917064e-10
DDI,NRTI,186,D,2.045139807729893e-09
DDI,NRTI,187,L,1.431872969562167e-06
DDI,NRTI,188,Y,5.0717435328503655e-09
DDI,NRTI,189,V,3.9128820050493475e-09
DDI,NRTI,190,G,3.905875078554548e-08
DDI,NRTI,191,S,2.2108234614601396e-08
DDI,NRTI,192,D,1.3580820087258296e-07
DDI,NRTI,193,L,2.0393591872209416e-08
DDI,NRTI,194,E,5.48953028689452e-10
DDI,NRTI,195,I,6.7074419023357326e-09
DDI,NRTI,196,G,4.127446232905858e-09
DDI,NRTI,197,Q,1.981694387844416e-08
DDI,NRTI,198,H,5.9320065583196215e-09
DDI,NRTI,199,R,1.0334514529425822e-08
DDI,NRTI,200,T,8.852302986296171e-09
DDI,NRTI,201,K,3.183139253492082e-08
DDI,NRTI,202,I,5.6167802157515054e-08
DDI,NRTI,203,E,2.835694667683953e-08
DDI,NRTI,204,E,2.1720844230695953e-09
DDI,NRTI,205,L,5.0116671787878213e-08
DDI,NRTI,206,R,3.522984505064747e-07
DDI,NRTI,207,Q,1.902705274074737e-07
DDI,NRTI,208,H,8.317206219033864e-08
DDI,NRTI,209,L,1.5595604422888828e-08
DDI,NRTI,210,L,3.857665385749686e-08
DDI,NRTI,211,R,6.094960909383463e-07
DDI,NRTI,212,W,2.941040512187934e-08
DDI,NRTI,213,G,2.621564118419145e-08
DDI,NRTI,214,F,6.2671978421433115e-06
DDI,NRTI,215,T,6.2888292797388455e-06
DDI,NRTI,216,T,5.877028895396679e-08
DDI,NRTI,217,P,4.646368751740359e-07
DDI,NRTI,218,D,7.163969021575668e-09
DDI,NRTI,219,K,8.897491634344847e-08
DDI,NRTI,220,K,6.695345633484368e-08
DDI,NRTI,221,H,1.424660819544298e-08
DDI,NRTI,222,Q,6.276729257197781e-10
DDI,NRTI,223,K,1.903829913340386e-08
DDI,NRTI,224,E,5.678051343939485e-09
DDI,NRTI,225,P,1.214836911857497e-08
DDI,NRTI,226,P,1.6353197991733707e-08
DDI,NRTI,227,F,2.056533212953455e-06
DDI,NRTI,228,L,3.649549874810444e-07
DDI,NRTI,229,W,7.724108722640086e-07
DDI,NRTI,230,M,6.502813004911158e-07
DDI,NRTI,231,G,9.173628300366005e-09
DDI,NRTI,232,Y,6.574077772366616e-07
DDI,NRTI,233,E,1.0327956462792252e-08
DDI,NRTI,234,L,3.9854143845307845e-07
DDI,NRTI,235,H,1.0642533229742614e-08
DDI,NRTI,236,P,2.1844685853308234e-08
DDI,NRTI,237,D,2.0700323121985533e-08
DDI,NRTI,238,K,1.5355190964008028e-07
DDI,NRTI,239,W,8.117842487297075e-07
DDI,NRTI,240,T,4.942020772124754e-08
3TC,NRTI,1,P,6.835621311017543e-05
3TC,NRTI,2,I,1.3962439696364176e-06
3TC,NRTI,3,S,7.117536327596212e-06
3TC,NRTI,4,P,4.539502994572536e-06
3TC,NRTI,5,I,3.7189387757871823e-06
3TC,NRTI,6,E,9.77356489075311e-06
3TC,NRTI,7,T,2.6270810835610457e-06
3TC,NRTI,8,V,1.1637511745902108e-05
3TC,NRTI,9,P,1.2319439179791418e-05
3TC,NRTI,10,V,1.7339832164882039e-06
3TC,NRTI,11,K,2.2018986774285904e-05
3TC,NRTI,12,L,5.082547702184211e-07
3TC,NRTI,13,K,1.4970748998521266e-05
3TC,NRTI,14,P,5.092661099572198e-05
3TC,NRTI,15,G,1.2551093131983878e-05
3TC,NRTI,16,M,7.805567553211689e-06
3TC,NRTI,17,D,9.672026613325006e-06
3TC,NRTI,18,G,7.496734104003235e-06
3TC,NRTI,19,P,7.551999875291897e-06
3TC,NRTI,20,K,4.247551156885909e-06
3TC,NRTI,21,V,8.905930839169424e-07
3TC,NRTI,22,K,4.905168626827272e-06
3TC,NRTI,23,Q,2.0630758123254163e-07
3TC,NRTI,24,W,7.696800620216663e-07
3TC,NRTI,25,P,3.4178549185987456e-06
3TC,NRTI,26,L,1.1308088888325193e-06
3TC,NRTI,27,T,2.1117192053265343e-06
3TC,NRTI,28,E,3.672573491108792e-05
3TC,NRTI,29,E,2.329935352407508e-05
3TC,NRTI,30,K,2.223130738209302e-06
3TC,NRTI,31,I,1.3542487177241525e-06
3TC,NRTI,32,K,1.8876284864383892e-05
3TC,NRTI,33,A,3.8979631821623545e-06
3TC,NRTI,34,L,3.482296128139561e-07
3TC,NRTI,35,V,6.390042911016818e-06
3TC,NRTI,36,E,4.513556195062313e-05
3TC,NRTI,37,I,5.8255792400767275e-06
3TC,NRTI,38,C,1.3647087902281672e-05
3TC,NRTI,39,T,1.031856405756682e-05
3TC,NRTI,40,E,8.238443766452246e-05
3TC,NRTI,41,M,0.011531768200799297
3TC,NRTI,42,E,3.1595897593204766e-06
3TC,NRTI,43,K,1.3164343831295258e-05
3TC,NRTI,44,E,9.581196787031484e-05
3TC,NRTI,45,G,1.626124545997688e-08
3TC,NRTI,46,K,3.5942941974020718e-06
3TC,NRTI,47,I,2.734697971417088e-06
3TC,NRTI,48,S,1.5948466083323082e-06
3TC,NRTI,49,K,3.4701421331021995e-06
3TC,NRTI,50,I,7.12475016214508e-07
3TC,NRTI,51,G,1.6443235659053545e-05
3TC,NRTI,52,P,2.9654786324361016e-05
3TC,NRTI,53,E,4.875966320930658e-06
3TC,NRTI,54,N,2.503445551468356e-06
3TC,NRTI,55,P,1.1289908234404203e-05
3TC,NRTI,56,Y,5.54829277367069e-07
3TC,NRTI,57,N,3.605755499805809e-08
3TC,NRTI,58,T,2.2002544860623328e-07
3TC,NRTI,59,P,1.751760791659506e-06
3TC,NRTI,60,V,1.3378160496297332e-06
3TC,NRTI,61,F,1.748364017652478e-05
3TC,NRTI,62,A,2.51249398982849e-07
3TC,NRTI,63,I,1.268646561484881e-05
3TC,NRTI,64,K,0.00013055411091524838
3TC,NRTI,65,K,8.99043650242646e-06
3TC,NRTI,66,K,0.00017969845260256014
3TC,NRTI,67,D,0.0003778498174811997
3TC,NRTI,68,S,0.0006739251854783783
3TC,NRTI,69,T,7.051516819802808e-05
3TC,NRTI,70,K,1.5125677379839564e-05
3TC,NRTI,71,W,5.076917944694682e-06
3TC,NRTI,72,R,1.5332217185873117e-06
3TC,NRTI,73,K,3.9547973804732955e-07
3TC,NRTI,74,L,7.069976870051642e-06
3TC,NRTI,75,V,1.1300846570362159e-06
3TC,NRTI,76,D,4.672656492712498e-07
3TC,NRTI,77,F,6.080319139983623e-08
3TC,NRTI,78,R,3.2345445345846887e-07
3TC,NRTI,79,E,3.7529069800674683e-06
3TC,NRTI,80,L,5.768790119401774e-07
3TC,NRTI,81,N,7.329925374585465e-10
3TC,NRTI,82,K,1.9451439019663762e-06
3TC,NRTI,83,R,2.0658265842920795e-06
3TC,NRTI,84,T,2.6048776146265506e-07
3TC,NRTI,85,Q,7.942539693250174e-06
3TC,NRTI,86,D,1.2888705583668425e-06
3TC,NRTI,87,F,1.1623243682631e-06
3TC,NRTI,88,W,2.2099242004675208e-07
3TC,NRTI,89,E,4.218818883578204e-06
3TC,NRTI,90,V,1.6186425972749337e-07
3TC,NRTI,91,Q,3.749382605573077e-07
3TC,NRTI,92,L,1.8204402604427508e-06
3TC,NRTI,93,G,5.052874135785865e-07
3TC,NRTI,94,I,2.2946880823814362e-07
3TC,NRTI,95,P,6.513012355457724e-07
3TC,NRTI,96,H,1.6833389975557154e-06
3TC,NRTI,97,P,1.9336523201114704e-06
3TC,NRTI,98,A,1.8334078410000018e-06
3TC,NRTI,99,G,5.006702625404063e-06
3TC,NRTI,100,L,2.0232278698241263e-07
3TC,NRTI,101,K,2.36197863730277e-05
3TC,NRTI,102,K,1.1275069569625125e-05
3TC,NRTI,103,K,5.280751214076833e-05
3TC,NRTI,104,K,2.858920583903579e-06
3TC,NRTI,105,S,1.3430689298882345e-06
3TC,NRTI,106,V,4.991846152475994e-07
3TC,NRTI,107,T,1.591401183220702e-06
3TC,NRTI,108,V,3.470867677589606e-07
3TC,NRTI,109,L,1.6333729818202998e-06
3TC,NRTI,110,D,2.668802608531446e-07
3TC,NRTI,111,V,1.2868989310504164e-06
3TC,NRTI,112,G,5.563159549284931e-07
3TC,NRTI,113,D,1.6968937417197822e-05
3TC,NRTI,114,A,1.812736518858685e-07
3TC,NRTI,115,Y,3.00817753872785e-05
3TC,NRTI,116,F,4.1928666237960407e-07
3TC,NRTI,117,S,4.074311129140171e-07
3TC,NRTI,118,V,6.257034965159474e-06
3TC,NRTI,119,P,2.049040371827478e-06
3TC,NRTI,120,L,4.199908322413855e-07
3TC,NRTI,121,D,2.1065691949891498e-05
3TC,NRTI,122,E,4.219991406928772e-05
3TC,NRTI,123,D,0.0011902915535819585
3TC,NRTI,124,F,7.78434738439963e-06
3TC,NRTI,125,R,5.548214482507068e-07
3TC,NRTI,126,K,1.1829331958582499e-05
3TC,NRTI,127,Y,3.259209120698695e-06
3TC,NRTI,128,T,2.952380379108282e-07
3TC,NRTI,129,A,4.3880885301958607e-07
3TC,NRTI,130,F,3.69074228129944e-07
3TC,NRTI,131,T,4.645612056327406e-07
3TC,NRTI,132,I,5.732019014837487e-07
3TC,NRTI,133,P,5.344805375686347e-06
3TC,NRTI,134,S,1.2938704355769748e-05
3TC,NRTI,135,I,8.713664226109165e-05
3TC,NRTI,136,N,5.9234467429658215e-05
3TC,NRTI,137,N,3.8665416986333304e-05
3TC,NRTI,138,E,6.349895088386058e-05
3TC,NRTI,139,T,8.124717672434192e-06
3TC,NRTI,140,P,8.896825451811266e-06
3TC,NRTI,141,G,3.482703665250556e-06
3TC,NRTI,142,I,8.72675572249174e-06
3TC,NRTI,143,R,2.404796745490335e-07
3TC,NRTI,144,Y,4.016869020417475e-06
3TC,NRTI,145,Q,3.121646993294977e-06
3TC,NRTI,146,Y,2.2296277335960565e-07
3TC,NRTI,147,N,9.204354485148197e-07
3TC,NRTI,148,V,1.7322031694579735e-07
3TC,NRTI,149,L,1.0804585105790463e-07
3TC,NRTI,150,P,1.909304817915092e-07
3TC,NRTI,151,Q,5.160925337145926e-07
3TC,NRTI,152,G,1.1869075435380382e-09
3TC,NRTI,153,W,1.9512606141906794e-07
3TC,NRTI,154,K,6.181362300304228e-07
3TC,NRTI,155,G,1.280214838461957e-06
3TC,NRTI,156,S,3.310579901078561e-07
3TC,NRTI,157,P,9.44559956141681e-07
3TC,NRTI,158,A,5.603785289108318e-07
3TC,NRTI,159,I,7.824957142076239e-07
3TC,NRTI,160,F,9.328870496095134e-08
3TC,NRTI,161,Q,3.2622092531860714e-07
3TC,NRTI,162,S,2.2267632871769803e-06
3TC,NRTI,163,S,3.049322259532047e-06
3TC,NRTI,164,M,7.637380519373216e-07
3TC,NRTI,165,T,1.8765029728015553e-06
3TC,NRTI,166,K,2.9297709191887204e-07
3TC,NRTI,167,I,3.018552193292609e-06
3TC,NRTI,168,L,7.58534706931569e-07
3TC,NRTI,169,E,1.380180042944238e-05
3TC,NRTI,170,P,8.655082252244049e-06
3TC,NRTI,171,F,2.545499752665378e-06
3TC,NRTI,172,R,1.6708054805768042e-06
3TC,NRTI,173,K,2.1327004227117126e-06
3TC,NRTI,174,Q,9.085889504133481e-07
3TC,NRTI,175,N,1.6698584090883283e-06
3TC,NRTI,176,P,2.9342281575492338e-05
3TC,NRTI,177,D,0.00021865667164520483
3TC,NRTI,178,I,2.264131255779145e-05
3TC,NRTI,179,V,1.7891289028477796e-05
3TC,NRTI,180,I,7.451067055988543e-07
3TC,NRTI,181,Y,2.196248609945891e-05
3TC,NRTI,182,Q,4.2042463050633615e-06
3TC,NRTI,183,Y,6.0205362499382185e-06
3TC,NRTI,184,M,0.022761598384369894
3TC,NRTI,185,D,3.541674347317425e-06
3TC,NRTI,186,D,7.475368806555751e-05
3TC,NRTI,187,L,1.3365341757034997e-07
3TC,NRTI,188,Y,1.5115134836834266e-05
3TC,NRTI,189,V,9.030384686880248e-07
3TC,NRTI,190,G,4.2542165507352195e-06
3TC,NRTI,191,S,1.6259766602256962e-06
3TC,NRTI,192,D,2.225605561809944e-05
3TC,NRTI,193,L,3.690906105750864e-06
3TC,NRTI,194,E,3.7665067560193204e-05
3TC,NRTI,195,I,8.880650435467464e-06
3TC,NRTI,196,G,0.0005357567942030852
3TC,NRTI,197,Q,2.095487148395254e-05
3TC,NRTI,198,H,4.94554613031629e-07
3TC,NRTI,199,R,1.1002684382545771e-05
3TC,NRTI,200,T,3.557526738341069e-05
3TC,NRTI,201,K,5.949159312560939e-06
3TC,NRTI,202,I,4.913207243015655e-06
3TC,NRTI,203,E,1.8517476847114045e-07
3TC,NRTI,204,E,7.820901366441384e-06
3TC,NRTI,205,L,1.2998883583241392e-07
3TC,NRTI,206,R,1.2068293928373659e-05
3TC,NRTI,207,Q,5.8558168182283744e-05
3TC,NRTI,208,H,2.5705577649528473e-05
3TC,NRTI,209,L,1.8602464741119854e-07
3TC,NRTI,210,L,4.356155378384402e-05
3TC,NRTI,211,R,8.38752193111843e-05
3TC,NRTI,212,W,7.252688888488858e-07
3TC,NRTI,213,G,1.0702647935872594e-05
3TC,NRTI,214,F,2.317981752485644e-05
3TC,NRTI,215,T,0.0010105227967512405
3TC,NRTI,216,T,2.012454804222114e-05
3TC,NRTI,217,P,3.069636228701132e-06
3TC,NRTI,218,D,6.03234689967226e-05
3TC,NRTI,219,K,4.2123168866721573e-05
3TC,NRTI,220,K,8.312897876068235e-06
3TC,NRTI,221,H,2.9107440249036626e-05
3TC,NRTI,222,Q,3.468195797777143e-06
3TC,NRTI,223,K,7.979012297261826e-06
3TC,NRTI,224,E,5.0672345391029917e-05
3TC,NRTI,225,P,1.1833669424970833e-05
3TC,NRTI,226,P,1.3079909703646596e-05
3TC,NRTI,227,F,2.448680895884974e-06
3TC,NRTI,228,L,9.309637882112181e-07
3TC,NRTI,229,W,2.1978276350746985e-06
3TC,NRTI,230,M,1.1531104288440936e-07
3TC,NRTI,231,G,1.14320427849205e-06
3TC,NRTI,232,Y,1.2881100441174183e-06
3TC,NRTI,233,E,2.5869713593007607e-05
3TC,NRTI,234,L,1.6303358364644558e-06
3TC,NRTI,235,H,1.4286508838930704e-05
3TC,NRTI,236,P,1.5635650196533924e-05
3TC,NRTI,237,D,1.0667564847305029e-05
3TC,NRTI,238,K,1.1237537665864534e-05
3TC,NRTI,239,W,1.491241459500022e-05
3TC,NRTI,240,T,5.6581476689795316e-06
TDF,NRTI,1,P,1.4185288333946978e-08
TDF,NRTI,2,I,2.6082506304017634e-10
TDF,NRTI,3,S,9.910858447523034e-11
TDF,NRTI,4,P,1.5566780035012384e-09
TDF,NRTI,5,I,8.438734332582893e-11
TDF,NRTI,6,E,2.4123030695007927e-11
TDF,NRTI,7,T,1.3093780819594628e-10
TDF,NRTI,8,V,2.3918852327972383e-10
TDF,NRTI,9,P,6.134814656392049e-09
TDF,NRTI,10,V,1.189081342547924e-09
TDF,NRTI,11,K,6.269652771724079e-10
TDF,NRTI,12,L,1.2819168224685623e-09
TDF,NRTI,13,K,4.829722583774042e-10
TDF,NRTI,14,P,1.0634905300004166e-08
TDF,NRTI,15,G,1.6791679375218617e-11
TDF,NRTI,16,M,1.7741046193877158e-10
TDF,NRTI,17,D,3.310498831171566e-10
TDF,NRTI,18,G,3.6165298252856437e-09
TDF,NRTI,19,P,8.485247560891634e-09
TDF,NRTI,20,K,1.383986138489176e-09
TDF,NRTI,21,V,1.918289933522015e-11
TDF,NRTI,22,K,5.793306708702443e-10
TDF,NRTI,23,Q,1.4410597297704212e-09
TDF,NRTI,24,W,6.065720596629505e-10
TDF,NRTI,25,P,1.3030904601597122e-08
TDF,NRTI,26,L,2.166741007921855e-10
TDF,NRTI,27,T,1.1664030743385412e-08
TDF,NRTI,28,E,2.5031753630330575e-09
TDF,NRTI,29,E,2.3935121616550002e-11
TDF,NRTI,30,K,1.6774950320433889e-10
TDF,NRTI,31,I,4.152801190194868e-10
TDF,NRTI,32,K,2.1962891089892085e-10
TDF,NRTI,33,A,1.5235594741129996e-11
TDF,NRTI,34,L,1.0312459911879351e-10
TDF,NRTI,35,V,1.3782850746073422e-09
TDF,NRTI,36,E,1.4704716492855459e-10
TDF,NRTI,37,I,1.3365168852093023e-09
TDF,NRTI,38,C,1.5081007331618004e-09
TDF,NRTI,39,T,6.568127505475085e-10
TDF,NRTI,40,E,1.401410511604497e-10
TDF,NRTI,41,M,3.6854238552515318e-09
TDF,NRTI,42,E,1.7088621626509808e-09
TDF,NRTI,43,K,3.585587746474016e-10
TDF,NRTI,44,E,1.1480870320571855e-10
TDF,NRTI,45,G,2.4050170651733947e-10
TDF,NRTI,46,K,4.722111874385919e-10
TDF,NRTI,47,I,6.87350955398402e-10
TDF,NRTI,48,S,3.0513463820385185e-10
TDF,NRTI,49,K,1.832118488342561e-09
TDF,NRTI,50,I,5.572044850478963e-10
TDF,NRTI,51,G,1.6352693219245692e-10
TDF,NRTI,52,P,2.83386131982378e-09
TDF,NRTI,53,E,1.3529987626277728e-10
TDF,NRTI,54,N,6.5034239106519884e-09
TDF,NRTI,55,P,1.25173307292894e-07
TDF,NRTI,56,Y,1.8047281664159771e-09
TDF,NRTI,57,N,2.5189578774527738e-08
TDF,NRTI,58,T,1.690041506777114e-08
TDF,NRTI,59,P,3.122405509935947e-05
TDF,NRTI,60,V,1.019936356906955e-09
TDF,NRTI,61,F,8.608381863113016e-10
TDF,NRTI,62,A,6.801347423198515e-08
TDF,NRTI,63,I,4.6467684245131575e-09
TDF,NRTI,64,K,9.572511692090598e-08
TDF,NRTI,65,K,5.57010845224314e-09
TDF,NRTI,66,K,7.195691232426913e-08
TDF,NRTI,67,D,1.9656257079368026e-07
TDF,NRTI,68,S,4.442003489204647e-09
TDF,NRTI,69,T,3.756304583547577e-08
TDF,NRTI,70,K,3.6156537276979676e-11
TDF,NRTI,71,W,5.102003320875273e-09
TDF,NRTI,72,R,1.3182969213818006e-07
TDF,NRTI,73,K,1.6252231023329513e-07
TDF,NRTI,74,L,1.9558073572387415e-07
TDF,NRTI,75,V,3.1381083501993538e-09
TDF,NRTI,76,D,5.26014759518941e-09
TDF,NRTI,77,F,3.754855217876149e-08
TDF,NRTI,78,R,4.130654389205406e-09
TDF,NRTI,79,E,7.051018435647904e-12
TDF,NRTI,80,L,3.524421047970059e-09
TDF,NRTI,81,N,1.3227811737559958e-08
TDF,NRTI,82,K,1.254855661485891e-10
TDF,NRTI,83,R,2.625115772239752e-10
TDF,NRTI,84,T,3.139551802776679e-10
TDF,NRTI,85,Q,3.9563022719755086e-10
TDF,NRTI,86,D,5.229925220595727e-10
TDF,NRTI,87,F,1.5001293197722072e-09
TDF,NRTI,88,W,1.8257693177290386e-09
TDF,NRTI,89,E,3.658355870901564e-09
TDF,NRTI,90,V,1.0708864788473921e-09
TDF,NRTI,91,Q,5.209009297287505e-09
TDF,NRTI,92,L,1.709751324478411e-08
TDF,NRTI,93,G,7.166265039117015e-09
TDF,NRTI,94,I,8.115931602988224e-10
TDF,NRTI,95,P,6.171060362734461e-08
TDF,NRTI,96,H,7.970671669528262e-10
TDF,NRTI,97,P,5.584857010049722e-09
TDF,NRTI,98,A,4.81277769035048e-10
TDF,NRTI,99,G,3.399260759376335e-11
TDF,NRTI,100,L,3.1463786388161856e-09
TDF,NRTI,101,K,3.0989866415353334e-09
TDF,NRTI,102,K,8.547983723866815e-10
TDF,NRTI,103,K,5.788115004585114e-09
TDF,NRTI,104,K,8.358744725885033e-10
TDF,NRTI,105,S,3.1141952419203004e-09
TDF,NRTI,106,V,6.040855847844936e-10
TDF,NRTI,107,T,2.215349236445437e-08
TDF,NRTI,108,V,1.6892203101215413e-08
TDF,NRTI,109,L,6.5707634056341484e-09
TDF,NRTI,110,D,8.358481326847006e-10
TDF,NRTI,111,V,5.648413841874783e-10
TDF,NRTI,112,G,1.3755474327493758e-10
TDF,NRTI,113,D,6.75571144427045e-10
TDF,NRTI,114,A,5.658458530831249e-09
TDF,NRTI,115,Y,2.594132755150488e-09
TDF,NRTI,116,F,5.592222956554541e-11
TDF,NRTI,117,S,4.6187916928484455e-10
TDF,NRTI,118,V,1.4598514983386559e-08
TDF,NRTI,119,P,5.946536161082143e-07
TDF,NRTI,120,L,2.374361060650657e-09
TDF,NRTI,121,D,3.253546412233397e-09
TDF,NRTI,122,E,6.14744865109297e-10
TDF,NRTI,123,D,2.3143570521869933e-09
TDF,NRTI,124,F,8.764222872182291e-09
TDF,NRTI,125,R,2.837530038370426e-09
TDF,NRTI,126,K,2.575499277154541e-10
TDF,NRTI,127,Y,3.249559544570683e-10
TDF,NRTI,128,T,2.805651698465456e-08
TDF,NRTI,129,A,6.126321469044948e-08
TDF,NRTI,130,F,1.0090353820679967e-07
TDF,NRTI,131,T,3.127790566680763e-08
TDF,NRTI,132,I,1.9618362836785192e-09
TDF,NRTI,133,P,3.215512666588014e-07
TDF,NRTI,134,S,1.4792624853852845e-09
TDF,NRTI,135,I,4.6950033995981475e-08
TDF,NRTI,136,N,1.778343552790341e-08
TDF,NRTI,137,N,4.3985578589465505e-09
TDF,NRTI,138,E,2.037574142790889e-09
TDF,NRTI,139,T,3.6344998482935894e-09
TDF,NRTI,140,P,3.0286499702704695e-08
TDF,NRTI,141,G,9.808487440644096e-09
TDF,NRTI,142,I,2.4472631869494304e-08
TDF,NRTI,143,R,6.080862290841039e-07
TDF,NRTI,144,Y,3.804336173991393e-07
TDF,NRTI,145,Q,1.9539787539374475e-06
TDF,NRTI,146,Y,4.6294086859249415e-06
TDF,NRTI,147,N,8.50942767006846e-07
TDF,NRTI,148,V,6.116574338414098e-07
TDF,NRTI,149,L,0.00014222855418726693
TDF,NRTI,150,P,0.004519645418324573
TDF,NRTI,151,Q,5.041538257160105e-05
TDF,NRTI,152,G,2.3679121492887514e-09
TDF,NRTI,153,W,1.8427003931346034e-05
TDF,NRTI,154,K,1.985973210734564e-06
TDF,NRTI,155,G,4.42300777070813e-08
TDF,NRTI,156,S,5.656900325565274e-07
TDF,NRTI,157,P,0.009039050888547772
TDF,NRTI,158,A,2.104957647228527e-06
TDF,NRTI,159,I,1.9942070461161404e-07
TDF,NRTI,160,F,1.9997986269079283e-05
TDF,NRTI,161,Q,2.567949752019816e-06
TDF,NRTI,162,S,2.914956828571184e-07
TDF,NRTI,163,S,6.314029490417295e-08
TDF,NRTI,164,M,7.855786500827343e-07
TDF,NRTI,165,T,3.5236546495173874e-09
TDF,NRTI,166,K,9.023400455403402e-09
TDF,NRTI,167,I,1.6829167710674277e-09
TDF,NRTI,168,L,9.995189999282641e-08
TDF,NRTI,169,E,7.029735347079773e-10
TDF,NRTI,170,P,5.240465448913882e-09
TDF,NRTI,171,F,2.2799407163842076e-09
TDF,NRTI,172,R,6.763043337128952e-09
TDF,NRTI,173,K,1.2334937992963299e-09
TDF,NRTI,174,Q,4.4551917153590333e-10
TDF,NRTI,175,N,4.1723228044355596e-09
TDF,NRTI,176,P,1.2205734978213174e-07
TDF,NRTI,177,D,3.624230694356895e-11
TDF,NRTI,178,I,5.717573043968989e-10
TDF,NRTI,179,V,1.3901193352266105e-09
TDF,NRTI,180,I,1.0086245291521892e-08
TDF,NRTI,181,Y,3.9203932851227444e-08
TDF,NRTI,182,Q,2.485580329191354e-07
TDF,NRTI,183,Y,6.020504596392881e-08
TDF,NRTI,184,M,3.4611166587571575e-06
TDF,NRTI,185,D,4.885633389416628e-10
TDF,NRTI,186,D,1.446005074889434e-08
TDF,NRTI,187,L,9.060850489024059e-08
TDF,NRTI,188,Y,6.07614451003251e-08
TDF,NRTI,189,V,1.8409910345879364e-08
TDF,NRTI,190,G,1.0424422088592423e-08
TDF,NRTI,191,S,3.5144371788500402e-09
TDF,NRTI,192,D,1.1438296879867671e-09
TDF,NRTI,193,L,1.3363257762178878e-09
TDF,NRTI,194,E,8.083014418253843e-10
TDF,NRTI,195,I,2.1960104513073448e-09
TDF,NRTI,196,G,2.0410670685333796e-10
TDF,NRTI,197,Q,2.1994041826848707e-10
TDF,NRTI,198,H,6.658979172180985e-09
TDF,NRTI,199,R,4.2715388627057533e-10
TDF,NRTI,200,T,3.6596175000926896e-09
TDF,NRTI,201,K,8.194137053523604e-10
TDF,NRTI,202,I,1.2843514536379873e-08
TDF,NRTI,203,E,8.717622763630192e-10
TDF,NRTI,204,E,7.565021782098695e-11
TDF,NRTI,205,L,4.1697440520303055e-09
TDF,NRTI,206,R,1.2749866222803019e-08
TDF,NRTI,207,Q,2.260750158268269e-10
TDF,NRTI,208,H,4.79989059869532e-10
TDF,NRTI,209,L,3.850223561400336e-08
TDF,NRTI,210,L,6.073954498463253e-09
TDF,NRTI,211,R,1.1888511330069595e-09
TDF,NRTI,212,W,9.106321359263337e-09
TDF,NRTI,213,G,5.002884166370451e-10
TDF,NRTI,214,F,5.419365358026297e-09
TDF,NRTI,215,T,2.3295453864751474e-08
TDF,NRTI,216,T,2.590910900410306e-08
TDF,NRTI,217,P,1.384982302807934e-07
TDF,NRTI,218,D,5.258305837096499e-09
TDF,NRTI,219,K,1.0585739049853806e-08
TDF,NRTI,220,K,2.1604120788649164e-08
TDF,NRTI,221,H,1.2813324262923064e-08
TDF,NRTI,222,Q,5.700367892071587e-10
TDF,NRTI,223,K,4.69485079978781e-09
TDF,NRTI,224,E,3.451854212532057e-10
TDF,NRTI,225,P,2.9372601942085492e-08
TDF,NRTI,226,P,5.7231575906248147e-08
TDF,NRTI,227,F,6.312187906414797e-09
TDF,NRTI,228,L,1.1176136806585133e-07
TDF,NRTI,229,W,8.212555658341464e-08
TDF,NRTI,230,M,1.3892515128305943e-07
TDF,NRTI,231,G,5.381414966306574e-10
TDF,NRTI,232,Y,1.2469984336845199e-08
TDF,NRTI,233,E,5.933148087006465e-10
TDF,NRTI,234,L,1.4727646182708696e-09
TDF,NRTI,235,H,3.0386566762747405e-10
TDF,NRTI,236,P,1.1302273798185663e-08
TDF,NRTI,237,D,2.7931862347462105e-10
TDF,NRTI,238,K,1.8219114182059786e-10
TDF,NRTI,239,W,1.8498577471355393e-09
TDF,NRTI,240,T,1.5708128938606824e-09
EFV,NNRTI,1,P,1.038855943564492e-06
EFV,NNRTI,2,I,5.974654747161711e-07
EFV,NNRTI,3,S,1.0257812854473818e-06
EFV,NNRTI,4,P,1.4533336178309181e-06
EFV,NNRTI,5,I,8.588372785394929e-07
EFV,NNRTI,6,E,6.15344447213179e-07
EFV,NNRTI,7,T,4.447342503711426e-07
EFV,NNRTI,8,V,1.3260226200085461e-06
EFV,NNRTI,9,P,4.7474610185473987e-07
EFV,NNRTI,10,V,8.235926115996279e-07
EFV,NNRTI,11,K,3.9100017928765684e-07
EFV,NNRTI,12,L,2.0266981477004515e-06
EFV,NNRTI,13,K,2.573850447550001e-07
EFV,NNRTI,14,P,1.8214702172420355e-07
EFV,NNRTI,15,G,3.3488569079961587e-07
EFV,NNRTI,16,M,4.7275460629527974e-07
EFV,NNRTI,17,D,3.202250800144025e-07
EFV,NNRTI,18,G,4.3328262064534e-07
EFV,NNRTI,19,P,4.984951459087425e-07
EFV,NNRTI,20,K,9.583870804456858e-06
EFV,NNRTI,21,V,6.850288787721284e-07
EFV,NNRTI,22,K,5.438968462527877e-07
EFV,NNRTI,23,Q,3.0512491916309133e-06
EFV,NNRTI,24,W,1.746502848756535e-06
EFV,NNRTI,25,P,5.291460187175701e-07
EFV,NNRTI,26,L,4.941597224023791e-06
EFV,NNRTI,27,T,1.5394425831861933e-07
EFV,NNRTI,28,E,2.461167429305189e-07
EFV,NNRTI,29,E,5.147315197631781e-07
EFV,NNRTI,30,K,2.984227639246751e-07
EFV,NNRTI,31,I,1.352895132457727e-06
EFV,NNRTI,32,K,7.056137968630227e-07
EFV,NNRTI,33,A,7.077630913556817e-07
EFV,NNRTI,34,L,7.0777479344933845e-06
EFV,NNRTI,35,V,9.94013333019392e-06
EFV,NNRTI,36,E,3.454950645921489e-07
EFV,NNRTI,37,I,2.6997507318417306e-06
EFV,NNRTI,38,C,1.458275295937173e-05
EFV,NNRTI,39,T,4.149193400690869e-06
EFV,NNRTI,40,E,8.744601467796918e-07
EFV,NNRTI,41,M,0.0002256926967686131
EFV,NNRTI,42,E,7.686971246500773e-08
EFV,NNRTI,43,K,7.995516198691492e-07
EFV,NNRTI,44,E,7.380750601004039e-07
EFV,NNRTI,45,G,5.853940574259903e-07
EFV,NNRTI,46,K,7.4745501659014226e-06
EFV,NNRTI,47,I,8.754078779005358e-07
EFV,NNRTI,48,S,1.0397427219043267e-06
EFV,NNRTI,49,K,1.1471277979057117e-06
EFV,NNRTI,50,I,1.5303331114771338e-06
EFV,NNRTI,51,G,1.823963775632743e-07
EFV,NNRTI,52,P,6.528031790729282e-07
EFV,NNRTI,53,E,1.1973449715882611e-06
EFV,NNRTI,54,N,3.6287807722679047e-07
EFV,NNRTI,55,P,5.689560655898473e-07
EFV,NNRTI,56,Y,6.101396872382248e-07
EFV,NNRTI,57,N,1.8883983497677772e-06
EFV,NNRTI,58,T,4.3996037223159734e-07
EFV,NNRTI,59,P,2.1432096237283424e-06
EFV,NNRTI,60,V,3.174264910853443e-05
EFV,NNRTI,61,F,1.792659508884456e-05
EFV,NNRTI,62,A,6.896409876255285e-07
EFV,NNRTI,63,I,7.199949186271683e-06
EFV,NNRTI,64,K,5.655169905766117e-07
EFV,NNRTI,65,K,1.6160144925655624e-08
EFV,NNRTI,66,K,4.9992771891392834e-06
EFV,NNRTI,67,D,0.00014987875886354133
EFV,NNRTI,68,S,5.235137345603765e-06
EFV,NNRTI,69,T,2.176695645964073e-06
EFV,NNRTI,70,K,2.0585133861206547e-06
EFV,NNRTI,71,W,7.591847564933604e-07
EFV,NNRTI,72,R,5.181192119087904e-06
EFV,NNRTI,73,K,2.3352152425236664e-05
EFV,NNRTI,74,L,7.587857114632588e-05
EFV,NNRTI,75,V,4.920142272281756e-05
EFV,NNRTI,76,D,1.231054125359128e-06
EFV,NNRTI,77,F,1.649057882603545e-06
EFV,NNRTI,78,R,1.492150798953605e-06
EFV,NNRTI,79,E,8.671096130480925e-08
EFV,NNRTI,80,L,3.5819472327473145e-06
EFV,NNRTI,81,N,1.2682756820545975e-06
EFV,NNRTI,82,K,3.363515385039011e-07
EFV,NNRTI,83,R,6.143528273551244e-06
EFV,NNRTI,84,T,1.8456565855533406e-07
EFV,NNRTI,85,Q,1.2795439695821998e-06
EFV,NNRTI,86,D,1.4851278783908992e-06
EFV,NNRTI,87,F,1.9233857389709935e-06
EFV,NNRTI,88,W,4.825329899648093e-08
EFV,NNRTI,89,E,1.400860080214281e-06
EFV,NNRTI,90,V,1.2111053209668686e-06
EFV,NNRTI,91,Q,7.82088591592518e-08
EFV,NNRTI,92,L,6.425920031186337e-07
EFV,NNRTI,93,G,4.582145187054459e-08
EFV,NNRTI,94,I,3.599447175905683e-06
EFV,NNRTI,95,P,4.573244708620235e-07
EFV,NNRTI,96,H,8.805661167376112e-06
EFV,NNRTI,97,P,3.8021307046022737e-07
EFV,NNRTI,98,A,2.456386161155545e-06
EFV,NNRTI,99,G,1.6896094422657757e-06
EFV,NNRTI,100,L,2.874871165175367e-06
EFV,NNRTI,101,K,4.453141655823009e-05
EFV,NNRTI,102,K,3.348039194261933e-05
EFV,NNRTI,103,K,0.0006718200385335134
EFV,NNRTI,104,K,2.973360770968507e-06
EFV,NNRTI,105,S,7.21494479956907e-05
EFV,NNRTI,106,V,0.0014440794723782518
EFV,NNRTI,107,T,0.00010676490323645524
EFV,NNRTI,108,V,0.0004182331411687549
EFV,NNRTI,109,L,0.00013045403964270937
EFV,NNRTI,110,D,2.3991203420486618e-08
EFV,NNRTI,111,V,2.2211112950189693e-05
EFV,NNRTI,112,G,9.269397617740081e-06
EFV,NNRTI,113,D,2.550436580138899e-07
EFV,NNRTI,114,A,3.28631520277962e-08
EFV,NNRTI,115,Y,2.481157438083975e-05
EFV,NNRTI,116,F,0.00029789142914432175
EFV,NNRTI,117,S,5.597983276544598e-05
EFV,NNRTI,118,V,1.580628038695864e-05
EFV,NNRTI,119,P,1.1241134297249472e-05
EFV,NNRTI,120,L,1.1211885139480154e-05
EFV,NNRTI,121,D,1.109032008546962e-05
EFV,NNRTI,122,E,1.4468098165869048e-06
EFV,NNRTI,123,D,1.147089274892158e-05
EFV,NNRTI,124,F,3.664368777685956e-06
EFV,NNRTI,125,R,5.847435870595402e-07
EFV,NNRTI,126,K,1.0307814040722228e-07
EFV,NNRTI,127,Y,5.820355464884556e-06
EFV,NNRTI,128,T,3.0549117003446614e-06
EFV,NNRTI,129,A,1.0947670490700686e-06
EFV,NNRTI,130,F,7.556686975057205e-06
EFV,NNRTI,131,T,5.062215180837588e-06
EFV,NNRTI,132,I,2.4558837803475085e-06
EFV,NNRTI,133,P,1.951963033814905e-06
EFV,NNRTI,134,S,3.0058428304127386e-06
EFV,NNRTI,135,I,2.2608497271695786e-05
EFV,NNRTI,136,N,1.4535298662092396e-06
EFV,NNRTI,137,N,2.1638763439949027e-05
EFV,NNRTI,138,E,1.4871940585679381e-05
EFV,NNRTI,139,T,3.840893016949526e-06
EFV,NNRTI,140,P,2.8855093287116187e-06
EFV,NNRTI,141,G,3.90568801942446e-06
EFV,NNRTI,142,I,3.0084368890125265e-06
EFV,NNRTI,143,R,1.1952793201888127e-06
EFV,NNRTI,144,Y,9.297592682214166e-06
EFV,NNRTI,145,Q,4.288296464851513e-06
EFV,NNRTI,146,Y,2.5891328794015373e-05
EFV,NNRTI,147,N,4.255042686833349e-07
EFV,NNRTI,148,V,1.6953330967762492e-05
EFV,NNRTI,149,L,5.063351154020654e-05
EFV,NNRTI,150,P,1.3686270519883533e-06
EFV,NNRTI,151,Q,1.482500925687475e-05
EFV,NNRTI,152,G,3.086481379498297e-06
EFV,NNRTI,153,W,3.949724545055258e-06
EFV,NNRTI,154,K,1.3372600937733265e-06
EFV,NNRTI,155,G,1.5895666397662046e-06
EFV,NNRTI,156,S,4.828333249210643e-07
EFV,NNRTI,157,P,4.759831717266271e-06
EFV,NNRTI,158,A,4.305885724250219e-06
EFV,NNRTI,159,I,1.4295960159825886e-06
EFV,NNRTI,160,F,2.906436827998425e-06
EFV,NNRTI,161,Q,4.302734497208488e-06
EFV,NNRTI,162,S,7.809936367547272e-06
EFV,NNRTI,163,S,2.276606907372246e-06
EFV,NNRTI,164,M,1.2257475643680076e-06
EFV,NNRTI,165,T,1.8265831962558989e-06
EFV,NNRTI,166,K,4.870684087303925e-06
EFV,NNRTI,167,I,2.456631676100638e-06
EFV,NNRTI,168,L,9.769487782402328e-07
EFV,NNRTI,169,E,1.848044009483529e-06
EFV,NNRTI,170,P,3.825956118478175e-07
EFV,NNRTI,171,F,1.0552036958128467e-06
EFV,NNRTI,172,R,4.559693565589985e-06
EFV,NNRTI,173,K,6.438698917091263e-07
EFV,NNRTI,174,Q,2.3732324354034977e-06
EFV,NNRTI,175,N,6.168631007048814e-07
EFV,NNRTI,176,P,1.0275090992028589e-06
EFV,NNRTI,177,D,2.331345250474086e-06
EFV,NNRTI,178,I,1.7328202286602949e-06
EFV,NNRTI,179,V,0.00011431485760309892
EFV,NNRTI,180,I,5.920650722402465e-05
EFV,NNRTI,181,Y,2.282178851659693e-05
EFV,NNRTI,182,Q,1.6090918298720295e-05
EFV,NNRTI,183,Y,0.0004795775533205292
EFV,NNRTI,184,M,0.001136883855299903
EFV,NNRTI,185,D,2.396459905879512e-06
EFV,NNRTI,186,D,3.8032917575846888e-06
EFV,NNRTI,187,L,3.41970661429105e-05
EFV,NNRTI,188,Y,0.0010839297977208236
EFV,NNRTI,189,V,7.290281186583756e-08
EFV,NNRTI,190,G,3.36031349789808e-05
EFV,NNRTI,191,S,6.279623219747297e-06
EFV,NNRTI,192,D,3.5295262356741817e-06
EFV,NNRTI,193,L,4.167190061598442e-06
EFV,NNRTI,194,E,1.6996771662176457e-06
EFV,NNRTI,195,I,2.010350629255728e-06
EFV,NNRTI,196,G,1.2842445136097284e-07
EFV,NNRTI,197,Q,1.8432249699932692e-06
EFV,NNRTI,198,H,8.326719486707979e-06
EFV,NNRTI,199,R,3.01628444806831e-06
EFV,NNRTI,200,T,3.5083984836690246e-06
EFV,NNRTI,201,K,1.2648746750652778e-07
EFV,NNRTI,202,I,1.7192322757753137e-06
EFV,NNRTI,203,E,3.935358684200813e-06
EFV,NNRTI,204,E,1.9484310022826476e-06
EFV,NNRTI,205,L,9.342440504908827e-06
EFV,NNRTI,206,R,3.0050453091516866e-06
EFV,NNRTI,207,Q,5.975993847539237e-06
EFV,NNRTI,208,H,4.893517657560216e-07
EFV,NNRTI,209,L,7.520306766714556e-06
EFV,NNRTI,210,L,5.81756931710354e-08
EFV,NNRTI,211,R,7.806001435725338e-06
EFV,NNRTI,212,W,2.5740317467885987e-06
EFV,NNRTI,213,G,2.752413323226961e-09
EFV,NNRTI,214,F,6.976985184365764e-05
EFV,NNRTI,215,T,7.789234431038255e-06
EFV,NNRTI,216,T,1.510583791953606e-07
EFV,NNRTI,217,P,1.0582431274639419e-05
EFV,NNRTI,218,D,8.275177932103206e-07
EFV,NNRTI,219,K,1.6504695268736799e-06
EFV,NNRTI,220,K,5.8607534384919065e-06
EFV,NNRTI,221,H,1.0644218568693159e-05
EFV,NNRTI,222,Q,2.8728226952439774e-06
EFV,NNRTI,223,K,4.3149578116384855e-06
EFV,NNRTI,224,E,9.792371243175659e-07
EFV,NNRTI,225,P,1.1361701860437764e-06
EFV,NNRTI,226,P,4.452959506840525e-07
EFV,NNRTI,227,F,6.10017351218396e-06
EFV,NNRTI,228,L,3.3890563681628315e-06
EFV,NNRTI,229,W,5.301216897489607e-06
EFV,NNRTI,230,M,5.221499591880549e-06
EFV,NNRTI,231,G,2.4030232324349007e-06
EFV,NNRTI,232,Y,9.235026005842826e-07
EFV,NNRTI,233,E,2.2454691768162957e-06
EFV,NNRTI,234,L,9.78150305908804e-07
EFV,NNRTI,235,H,1.1690892963430912e-06
EFV,NNRTI,236,P,1.2306479565092068e-06
EFV,NNRTI,237,D,1.481512686818466e-06
EFV,NNRTI,238,K,6.506926660692728e-07
EFV,NNRTI,239,W,2.6129003668737304e-06
EFV,NNRTI,240,T,4.187834865938454e-07
ETR,NNRTI,1,P,8.257412879047114e-07
ETR,NNRTI,2,I,5.280318121267193e-07
ETR,NNRTI,3,S,4.1072155754866315e-07
ETR,NNRTI,4,P,6.693531742205497e-07
ETR,NNRTI,5,I,5.813758768098356e-07
ETR,NNRTI,6,E,8.225176126499574e-07
ETR,NNRTI,7,T,6.27006373833125e-07
ETR,NNRTI,8,V,5.214313172351398e-07
ETR,NNRTI,9,P,4.968536765424314e-07
ETR,NNRTI,10,V,1.2424028544970653e-06
ETR,NNRTI,11,K,4.048735800926974e-07
ETR,NNRTI,12,L,2.8448630748785144e-06
ETR,NNRTI,13,K,3.623423372403982e-07
ETR,NNRTI,14,P,3.6477598210270285e-07
ETR,NNRTI,15,G,5.297056072948844e-07
ETR,NNRTI,16,M,6.176309176097834e-07
ETR,NNRTI,17,D,4.5032673147837905e-07
ETR,NNRTI,18,G,6.040257003255287e-07
ETR,NNRTI,19,P,6.552129721452038e-07
ETR,NNRTI,20,K,3.4861772179744043e-06
ETR,NNRTI,21,V,1.8311860292560862e-06
ETR,NNRTI,22,K,7.056011858523266e-07
ETR,NNRTI,23,Q,3.473422668593574e-06
ETR,NNRTI,24,W,4.347495295470865e-06
ETR,NNRTI,25,P,3.0889604397267436e-07
ETR,NNRTI,26,L,6.21216338472342e-07
ETR,NNRTI,27,T,2.2639458352167923e-07
ETR,NNRTI,28,E,2.364056697874546e-07
ETR,NNRTI,29,E,4.4942675508229407e-07
ETR,NNRTI,30,K,6.18405499351954e-07
ETR,NNRTI,31,I,8.701665711833569e-07
ETR,NNRTI,32,K,5.945405830346994e-07
ETR,NNRTI,33,A,1.5855234211789519e-06
ETR,NNRTI,34,L,2.4444139890826177e-08
ETR,NNRTI,35,V,1.8929491823410744e-05
ETR,NNRTI,36,E,5.469222057328219e-07
ETR,NNRTI,37,I,4.446249814459513e-07
ETR,NNRTI,38,C,3.9605379687464983e-07
ETR,NNRTI,39,T,5.526629362415356e-07
ETR,NNRTI,40,E,3.969727852279353e-07
ETR,NNRTI,41,M,2.3780550986433585e-06
ETR,NNRTI,42,E,2.216606175300373e-06
ETR,NNRTI,43,K,7.548885408377597e-07
ETR,NNRTI,44,E,1.0734747863587858e-06
ETR,NNRTI,45,G,1.159704603863437e-06
ETR,NNRTI,46,K,7.870539195383952e-06
ETR,NNRTI,47,I,2.570863536664872e-06
ETR,NNRTI,48,S,1.6110294839211708e-06
ETR,NNRTI,49,K,1.4382969108237926e-06
ETR,NNRTI,50,I,6.340147693698581e-07
ETR,NNRTI,51,G,4.971742566698876e-07
ETR,NNRTI,52,P,4.773153264749776e-07
ETR,NNRTI,53,E,1.040818082964761e-06
ETR,NNRTI,54,N,1.7018602468258643e-06
ETR,NNRTI,55,P,7.042429593264261e-07
ETR,NNRTI,56,Y,0.00011810288218394546
ETR,NNRTI,57,N,3.6111465471496263e-06
ETR,NNRTI,58,T,1.9303331243301123e-06
ETR,NNRTI,59,P,1.5205196288106477e-06
ETR,NNRTI,60,V,0.00016633780857181483
ETR,NNRTI,61,F,2.5937826325354146e-05
ETR,NNRTI,62,A,7.131600124696784e-06
ETR,NNRTI,63,I,3.795096432347485e-07
ETR,NNRTI,64,K,1.4864245538590766e-06
ETR,NNRTI,65,K,3.340264672218749e-07
ETR,NNRTI,66,K,2.4657762080251467e-07
ETR,NNRTI,67,D,1.7727946073021043e-05
ETR,NNRTI,68,S,8.698130966944991e-07
ETR,NNRTI,69,T,1.7350344353531772e-06
ETR,NNRTI,70,K,5.071227335494745e-06
ETR,NNRTI,71,W,1.3383056468945487e-05
ETR,NNRTI,72,R,2.4478027048575435e-06
ETR,NNRTI,73,K,8.474606414582263e-06
ETR,NNRTI,74,L,2.719670016726788e-05
ETR,NNRTI,75,V,1.0764247635085796e-05
ETR,NNRTI,76,D,1.867097925960435e-06
ETR,NNRTI,77,F,1.1561243909598883e-05
ETR,NNRTI,78,R,3.2939270728640336e-06
ETR,NNRTI,79,E,3.357493295918702e-06
ETR,NNRTI,80,L,5.341118736415949e-06
ETR,NNRTI,81,N,9.986637804617733e-07
ETR,NNRTI,82,K,1.5652116697768136e-06
ETR,NNRTI,83,R,1.7363097991215307e-05
ETR,NNRTI,84,T,3.0829815931580534e-06
ETR,NNRTI,85,Q,7.620660492214362e-07
ETR,NNRTI,86,D,3.127141995768845e-07
ETR,NNRTI,87,F,6.379490123213699e-07
ETR,NNRTI,88,W,1.541906609419866e-06
ETR,NNRTI,89,E,3.7750262217637457e-07
ETR,NNRTI,90,V,3.349450107608325e-06
ETR,NNRTI,91,Q,1.7240900031679425e-06
ETR,NNRTI,92,L,4.01096146527828e-07
ETR,NNRTI,93,G,5.873623956829366e-07
ETR,NNRTI,94,I,1.7438087055843268e-06
ETR,NNRTI,95,P,8.849816823861761e-07
ETR,NNRTI,96,H,1.7876407251022052e-06
ETR,NNRTI,97,P,1.7003928164496276e-06
ETR,NNRTI,98,A,1.827420522663129e-06
ETR,NNRTI,99,G,3.403636036329439e-06
ETR,NNRTI,100,L,4.5755060227170605e-06
ETR,NNRTI,101,K,2.5868106292753266e-06
ETR,NNRTI,102,K,2.370050537298165e-06
ETR,NNRTI,103,K,4.226020381642606e-06
ETR,NNRTI,104,K,6.35616655040487e-06
ETR,NNRTI,105,S,1.1109669374683223e-05
ETR,NNRTI,106,V,0.00014959293680674105
ETR,NNRTI,107,T,6.924576776164881e-06
ETR,NNRTI,108,V,3.196855747245907e-05
ETR,NNRTI,109,L,9.54456713174331e-06
ETR,NNRTI,110,D,3.8748701616747715e-06
ETR,NNRTI,111,V,3.202203367101859e-05
ETR,NNRTI,112,G,9.217215997550405e-06
ETR,NNRTI,113,D,9.007335577566039e-06
ETR,NNRTI,114,A,0.00016634923705823975
ETR,NNRTI,115,Y,0.0005629664463160266
ETR,NNRTI,116,F,9.035723330527065e-05
ETR,NNRTI,117,S,4.229945493035911e-05
ETR,NNRTI,118,V,9.150317504418323e-05
ETR,NNRTI,119,P,3.989670384260408e-06
ETR,NNRTI,120,L,2.134820358539549e-05
ETR,NNRTI,121,D,1.9421014252612694e-06
ETR,NNRTI,122,E,1.9463791495447114e-06
ETR,NNRTI,123,D,1.7375091924848552e-06
ETR,NNRTI,124,F,4.225605813068364e-06
ETR,NNRTI,125,R,1.636133193827033e-05
ETR,NNRTI,126,K,2.0890879611249622e-06
ETR,NNRTI,127,Y,0.0002947161264479389
ETR,NNRTI,128,T,2.989932384541032e-05
ETR,NNRTI,129,A,2.8565083410236578e-05
ETR,NNRTI,130,F,3.0514050604395558e-05
ETR,NNRTI,131,T,3.361581843498114e-06
ETR,NNRTI,132,I,6.705233237694512e-06
ETR,NNRTI,133,P,1.2073788365992184e-06
ETR,NNRTI,134,S,2.4161741613323148e-06
ETR,NNRTI,135,I,7.538351302529419e-06
ETR,NNRTI,136,N,2.1839809673001083e-06
ETR,NNRTI,137,N,3.007311176908188e-06
ETR,NNRTI,138,E,1.9109355873940505e-06
ETR,NNRTI,139,T,9.646349433249636e-07
ETR,NNRTI,140,P,1.2045744121431443e-06
ETR,NNRTI,141,G,1.0566529058471305e-06
ETR,NNRTI,142,I,1.8632624419504093e-06
ETR,NNRTI,143,R,5.468835472450439e-05
ETR,NNRTI,144,Y,0.0006137372219187965
ETR,NNRTI,145,Q,1.3091367342873773e-05
ETR,NNRTI,146,Y,0.0021142540650228997
ETR,NNRTI,147,N,1.2497492055103285e-05
ETR,NNRTI,148,V,4.275835913152351e-05
ETR,NNRTI,149,L,3.865632309278752e-05
ETR,NNRTI,150,P,9.53021755539394e-06
ETR,NNRTI,151,Q,3.703059379234121e-05
ETR,NNRTI,152,G,4.017584921343475e-06
ETR,NNRTI,153,W,6.0987671253948e-05
ETR,NNRTI,154,K,8.217807944958618e-06
ETR,NNRTI,155,G,2.0732010178306746e-05
ETR,NNRTI,156,S,2.1506180742207117e-05
ETR,NNRTI,157,P,3.072792886984166e-06
ETR,NNRTI,158,A,2.9563581213049895e-05
ETR,NNRTI,159,I,1.5450609179045945e-05
ETR,NNRTI,160,F,5.8903067434321556e-05
ETR,NNRTI,161,Q,5.761317599751614e-06
ETR,NNRTI,162,S,1.8450747320143625e-05
ETR,NNRTI,163,S,6.879245158665411e-06
ETR,NNRTI,164,M,1.2863616241467564e-05
ETR,NNRTI,165,T,2.1987559909774725e-06
ETR,NNRTI,166,K,9.610035972243716e-07
ETR,NNRTI,167,I,7.643445441726012e-08
ETR,NNRTI,168,L,9.764051775910565e-06
ETR,NNRTI,169,E,1.5710958023930975e-06
ETR,NNRTI,170,P,2.5086277063407653e-07
ETR,NNRTI,171,F,7.276711765275464e-07
ETR,NNRTI,172,R,1.0360384962310242e-06
ETR,NNRTI,173,K,2.472827190306837e-07
ETR,NNRTI,174,Q,1.2286710815152197e-06
ETR,NNRTI,175,N,4.8703537965993305e-06
ETR,NNRTI,176,P,7.685638448772625e-07
ETR,NNRTI,177,D,3.952645260192793e-06
ETR,NNRTI,178,I,3.156614506507391e-06
ETR,NNRTI,179,V,0.00031227882517874373
ETR,NNRTI,180,I,5.625160998425765e-05
ETR,NNRTI,181,Y,0.021080987171533484
ETR,NNRTI,182,Q,0.001773308453432852
ETR,NNRTI,183,Y,0.09496861545134651
ETR,NNRTI,184,M,0.000561529473257652
ETR,NNRTI,185,D,6.671997324448825e-06
ETR,NNRTI,186,D,1.3529837130601715e-05
ETR,NNRTI,187,L,7.082700264890492e-05
ETR,NNRTI,188,Y,9.550034051771878e-05
ETR,NNRTI,189,V,2.8846009389447456e-05
ETR,NNRTI,190,G,0.00011008082395440422
ETR,NNRTI,191,S,2.4249168219544026e-06
ETR,NNRTI,192,D,1.0289669447654679e-06
ETR,NNRTI,193,L,1.9139285698800844e-06
ETR,NNRTI,194,E,1.655141581177345e-06
ETR,NNRTI,195,I,3.8143733066526154e-07
ETR,NNRTI,196,G,1.2961069181085082e-06
ETR,NNRTI,197,Q,1.3032614976556768e-06
ETR,NNRTI,198,H,1.2284642770396682e-05
ETR,NNRTI,199,R,1.4790788521213562e-06
ETR,NNRTI,200,T,1.0965068544936455e-05
ETR,NNRTI,201,K,2.843568148385756e-06
ETR,NNRTI,202,I,6.674406020497452e-06
ETR,NNRTI,203,E,1.898841693494411e-06
ETR,NNRTI,204,E,4.530969085747351e-06
ETR,NNRTI,205,L,4.410761173334988e-06
ETR,NNRTI,206,R,4.064152896177403e-06
ETR,NNRTI,207,Q,1.4470411894964245e-06
ETR,NNRTI,208,H,3.150613164554672e-05
ETR,NNRTI,209,L,1.991900679877529e-05
ETR,NNRTI,210,L,1.4582124843243082e-06
ETR,NNRTI,211,R,1.8320523124276485e-06
ETR,NNRTI,212,W,4.961396577275463e-06
ETR,NNRTI,213,G,2.701489554415451e-06
ETR,NNRTI,214,F,5.481570989588034e-06
ETR,NNRTI,215,T,2.312245866128125e-05
ETR,NNRTI,216,T,5.5354592640644205e-06
ETR,NNRTI,217,P,4.25912175062155e-07
ETR,NNRTI,218,D,9.16457570476854e-07
ETR,NNRTI,219,K,4.695681793685565e-06
ETR,NNRTI,220,K,2.5023978317698088e-06
ETR,NNRTI,221,H,1.2565975000661761e-05
ETR,NNRTI,222,Q,1.9913079014736456e-06
ETR,NNRTI,223,K,7.367195528937847e-07
ETR,NNRTI,224,E,7.983750939360736e-07
ETR,NNRTI,225,P,7.492425453893428e-07
ETR,NNRTI,226,P,1.8651828089486672e-06
ETR,NNRTI,227,F,5.443005566525982e-06
ETR,NNRTI,228,L,1.9211873572497533e-06
ETR,NNRTI,229,W,4.3361099098363135e-05
ETR,NNRTI,230,M,3.886536915411792e-06
ETR,NNRTI,231,G,1.888734345988112e-06
ETR,NNRTI,232,Y,3.540418897909033e-05
ETR,NNRTI,233,E,8.120436954533541e-07
ETR,NNRTI,234,L,8.8907779944073e-06
ETR,NNRTI,235,H,1.8435075798612376e-06
ETR,NNRTI,236,P,2.1925346066887163e-06
ETR,NNRTI,237,D,1.4182701391704633e-06
ETR,NNRTI,238,K,5.753493650671222e-07
ETR,NNRTI,239,W,3.68967266038128e-06
ETR,NNRTI,240,T,4.701162218615945e-07
NVP,NNRTI,1,P,9.108944135160004e-06
NVP,NNRTI,2,I,1.1857731012240332e-07
NVP,NNRTI,3,S,1.3699606406337945e-06
NVP,NNRTI,4,P,3.632161058962065e-06
NVP,NNRTI,5,I,2.734746185566636e-06
NVP,NNRTI,6,E,3.1409140185529724e-06
NVP,NNRTI,7,T,1.066976538031664e-06
NVP,NNRTI,8,V,5.243616397398349e-07
NVP,NNRTI,9,P,1.2878056726807572e-06
NVP,NNRTI,10,V,1.291470311847692e-06
NVP,NNRTI,11,K,1.550301600055966e-06
NVP,NNRTI,12,L,1.2977912794349579e-06
NVP,NNRTI,13,K,4.310135094787056e-06
NVP,NNRTI,14,P,1.0831147028414216e-06
NVP,NNRTI,15,G,1.259553622587054e-06
NVP,NNRTI,16,M,1.6441375215526222e-06
NVP,NNRTI,17,D,4.6552301199354124e-07
NVP,NNRTI,18,G,1.1695084260081295e-06
NVP,NNRTI,19,P,1.0989912233245832e-06
NVP,NNRTI,20,K,1.3350563069052995e-06
NVP,NNRTI,21,V,3.520860979491593e-06
NVP,NNRTI,22,K,1.1432656008462203e-06
NVP,NNRTI,23,Q,1.2930770426661288e-06
NVP,NNRTI,24,W,3.9209563542762785e-06
NVP,NNRTI,25,P,1.3508186428930405e-06
NVP,NNRTI,26,L,5.0033046425115585e-06
NVP,NNRTI,27,T,1.5099440421975827e-06
NVP,NNRTI,28,E,2.260489404476503e-06
NVP,NNRTI,29,E,6.612283035196766e-06
NVP,NNRTI,30,K,7.2837857794454206e-06
NVP,NNRTI,31,I,2.3573918135500136e-05
NVP,NNRTI,32,K,1.245712118409341e-05
NVP,NNRTI,33,A,1.9601489248188092e-05
NVP,NNRTI,34,L,1.7782436660308098e-05
NVP,NNRTI,35,V,0.00011145603080100218
NVP,NNRTI,36,E,2.1136976682755588e-05
NVP,NNRTI,37,I,0.00017080296463840465
NVP,NNRTI,38,C,2.6182031388285425e-05
NVP,NNRTI,39,T,5.151376764861458e-05
NVP,NNRTI,40,E,2.567674740898595e-06
NVP,NNRTI,41,M,0.00014300009941391726
NVP,NNRTI,42,E,9.90496679633392e-07
NVP,NNRTI,43,K,6.0782721797496935e-06
NVP,NNRTI,44,E,6.815548372459013e-07
NVP,NNRTI,45,G,4.77648669431948e-07
NVP,NNRTI,46,K,1.2889818938256467e-05
NVP,NNRTI,47,I,3.0624286620349406e-05
NVP,NNRTI,48,S,1.1004709851714838e-05
NVP,NNRTI,49,K,9.741089044584066e-07
NVP,NNRTI,50,I,1.4417317934406904e-06
NVP,NNRTI,51,G,5.476077794456038e-07
NVP,NNRTI,52,P,8.157958141996285e-08
NVP,NNRTI,53,E,7.693118072327972e-07
NVP,NNRTI,54,N,1.059473956641302e-06
NVP,NNRTI,55,P,5.835774257327218e-07
NVP,NNRTI,56,Y,1.117776576899642e-06
NVP,NNRTI,57,N,9.956229916950458e-08
NVP,NNRTI,58,T,1.9718340221032916e-07
NVP,NNRTI,59,P,1.7783896094533413e-07
NVP,NNRTI,60,V,1.9890918941216265e-06
NVP,NNRTI,61,F,2.3112466289419804e-05
NVP,NNRTI,62,A,3.7075577109614794e-06
NVP,NNRTI,63,I,4.466860281516506e-05
NVP,NNRTI,64,K,2.166772404171941e-06
NVP,NNRTI,65,K,7.560180713680845e-06
NVP,NNRTI,66,K,4.3653443937397766e-07
NVP,NNRTI,67,D,2.2245096597423644e-05
NVP,NNRTI,68,S,1.1035165312753848e-05
NVP,NNRTI,69,T,2.313265633279991e-06
NVP,NNRTI,70,K,6.541368009205085e-06
NVP,NNRTI,71,W,1.256580939037662e-06
NVP,NNRTI,72,R,1.643906998806124e-06
NVP,NNRTI,73,K,3.7877194387068725e-06
NVP,NNRTI,74,L,9.810572519751792e-06
NVP,NNRTI,75,V,0.0001627856071706266
NVP,NNRTI,76,D,5.673240525911829e-07
NVP,NNRTI,77,F,3.173530663845172e-05
NVP,NNRTI,78,R,5.650012395574502e-06
NVP,NNRTI,79,E,9.232039526537573e-06
NVP,NNRTI,80,L,0.0001608361055742889
NVP,NNRTI,81,N,5.053084270281388e-07
NVP,NNRTI,82,K,1.2770971900296176e-06
NVP,NNRTI,83,R,4.702221981361323e-05
NVP,NNRTI,84,T,5.947486012244649e-07
NVP,NNRTI,85,Q,2.440320434730398e-07
NVP,NNRTI,86,D,1.165635559181899e-06
NVP,NNRTI,87,F,2.1542046913045037e-07
NVP,NNRTI,88,W,3.0823300515488744e-07
NVP,NNRTI,89,E,3.2664388308197164e-07
NVP,NNRTI,90,V,6.213162328537477e-07
NVP,NNRTI,91,Q,3.6050951883435815e-06
NVP,NNRTI,92,L,1.4704934173597684e-06
NVP,NNRTI,93,G,9.212411946273663e-07
NVP,NNRTI,94,I,8.549844668116354e-07
NVP,NNRTI,95,P,4.994497673600778e-07
NVP,NNRTI,96,H,1.0480104559684522e-06
NVP,NNRTI,97,P,5.340007002485229e-06
NVP,NNRTI,98,A,9.710503376536394e-06
NVP,NNRTI,99,G,1.882386131449141e-05
NVP,NNRTI,100,L,0.00014619909197155728
NVP,NNRTI,101,K,0.0002568669557972949
NVP,NNRTI,102,K,0.00022554581733043877
NVP,NNRTI,103,K,0.0017895130728298506
NVP,NNRTI,104,K,0.00038679062336384495
NVP,NNRTI,105,S,0.00020828593093467072
NVP,NNRTI,106,V,0.0006520463856024516
NVP,NNRTI,107,T,7.519763734652022e-08
NVP,NNRTI,108,V,1.3296991600173357e-06
NVP,NNRTI,109,L,2.3903053419441503e-05
NVP,NNRTI,110,D,1.4444996683842713e-07
NVP,NNRTI,111,V,0.0007127771159008105
NVP,NNRTI,112,G,1.6309176510718592e-06
NVP,NNRTI,113,D,1.3846713471937272e-06
NVP,NNRTI,114,A,4.867081903761454e-06
NVP,NNRTI,115,Y,6.2738649956192585e-06
NVP,NNRTI,116,F,6.485882422436664e-05
NVP,NNRTI,117,S,1.4284834966469698e-05
NVP,NNRTI,118,V,1.5618413969845025e-05
NVP,NNRTI,119,P,1.3962883643070054e-06
NVP,NNRTI,120,L,4.299402897935944e-06
NVP,NNRTI,121,D,1.118709857746491e-06
NVP,NNRTI,122,E,3.156549384379499e-07
NVP,NNRTI,123,D,3.2007334130564942e-06
NVP,NNRTI,124,F,5.241930438979014e-07
NVP,NNRTI,125,R,6.468989375933426e-06
NVP,NNRTI,126,K,8.086331702737937e-07
NVP,NNRTI,127,Y,4.3196347821267534e-07
NVP,NNRTI,128,T,3.3008249757704787e-07
NVP,NNRTI,129,A,2.492397631241714e-07
NVP,NNRTI,130,F,1.480782320478766e-06
NVP,NNRTI,131,T,3.6341633881105365e-07
NVP,NNRTI,132,I,8.804605140227045e-06
NVP,NNRTI,133,P,8.123623997306148e-07
NVP,NNRTI,134,S,1.8830414580474705e-06
NVP,NNRTI,135,I,9.66450493773399e-05
NVP,NNRTI,136,N,4.939924355636968e-06
NVP,NNRTI,137,N,6.053222378020713e-06
NVP,NNRTI,138,E,8.26003920153409e-07
NVP,NNRTI,139,T,2.6785768241097867e-07
NVP,NNRTI,140,P,8.928747967851822e-07
NVP,NNRTI,141,G,4.304281456391883e-07
NVP,NNRTI,142,I,3.821908327667571e-06
NVP,NNRTI,143,R,4.42557720922341e-07
NVP,NNRTI,144,Y,2.1119567620914854e-06
NVP,NNRTI,145,Q,2.905135858773022e-06
NVP,NNRTI,146,Y,2.422596687644641e-06
NVP,NNRTI,147,N,2.5497473738429286e-07
NVP,NNRTI,148,V,2.537122818385407e-06
NVP,NNRTI,149,L,1.3582942609106463e-05
NVP,NNRTI,150,P,3.3130347899890755e-06
NVP,NNRTI,151,Q,9.072643342254772e-07
NVP,NNRTI,152,G,2.0004855866491838e-07
NVP,NNRTI,153,W,3.7643905320063513e-06
NVP,NNRTI,154,K,1.259525945402947e-06
NVP,NNRTI,155,G,2.203546047595787e-07
NVP,NNRTI,156,S,1.191049219131595e-06
NVP,NNRTI,157,P,6.491058689714684e-07
NVP,NNRTI,158,A,1.111171353641217e-06
NVP,NNRTI,159,I,2.0116421512181487e-06
NVP,NNRTI,160,F,1.2148761973444186e-06
NVP,NNRTI,161,Q,2.0366173467824197e-06
NVP,NNRTI,162,S,4.186265573428838e-06
NVP,NNRTI,163,S,3.101292151534878e-05
NVP,NNRTI,164,M,1.5786485534076002e-05
NVP,NNRTI,165,T,3.926769722895146e-06
NVP,NNRTI,166,K,1.0092025190746502e-06
NVP,NNRTI,167,I,6.1835745366368616e-06
NVP,NNRTI,168,L,9.479103186543322e-06
NVP,NNRTI,169,E,5.26000703819577e-06
NVP,NNRTI,170,P,7.867670715763654e-06
NVP,NNRTI,171,F,8.163283598292597e-06
NVP,NNRTI,172,R,3.90460026330766e-06
NVP,NNRTI,173,K,2.6512449745028393e-05
NVP,NNRTI,174,Q,3.143272569678027e-07
NVP,NNRTI,175,N,6.450925025894211e-07
NVP,NNRTI,176,P,6.1243748825681375e-06
NVP,NNRTI,177,D,8.489937739962737e-06
NVP,NNRTI,178,I,9.465235603672724e-05
NVP,NNRTI,179,V,0.0030507925799391484
NVP,NNRTI,180,I,7.069394915723043e-05
NVP,NNRTI,181,Y,0.00042291036184801084
NVP,NNRTI,182,Q,3.5018485369619194e-05
NVP,NNRTI,183,Y,2.6793211075973225e-06
NVP,NNRTI,184,M,0.00012945715763222068
NVP,NNRTI,185,D,9.916292432361389e-07
NVP,NNRTI,186,D,6.510896748336359e-06
NVP,NNRTI,187,L,7.748441094390464e-05
NVP,NNRTI,188,Y,0.0003420451428559377
NVP,NNRTI,189,V,5.367611483515361e-05
NVP,NNRTI,190,G,0.0017594693032048957
NVP,NNRTI,191,S,1.3087897226802964e-05
NVP,NNRTI,192,D,3.2219298059226535e-05
NVP,NNRTI,193,L,8.256853297746455e-06
NVP,NNRTI,194,E,1.4733950657836043e-05
NVP,NNRTI,195,I,4.387028746698344e-05
NVP,NNRTI,196,G,6.756834014382975e-06
NVP,NNRTI,197,Q,7.92638781022591e-08
NVP,NNRTI,198,H,4.855462071916738e-05
NVP,NNRTI,199,R,7.222622847624507e-06
NVP,NNRTI,200,T,0.0002811888926136116
NVP,NNRTI,201,K,4.39114873149529e-05
NVP,NNRTI,202,I,4.5436887332220325e-05
NVP,NNRTI,203,E,6.30205561974944e-06
NVP,NNRTI,204,E,2.0426243567213653e-05
NVP,NNRTI,205,L,3.5696722783036965e-05
NVP,NNRTI,206,R,2.0340957392735415e-05
NVP,NNRTI,207,Q,7.805137556894188e-06
NVP,NNRTI,208,H,2.697316307896052e-05
NVP,NNRTI,209,L,7.63225363672348e-06
NVP,NNRTI,210,L,7.379745443883447e-06
NVP,NNRTI,211,R,5.444412594771167e-08
NVP,NNRTI,212,W,1.0573974202287871e-05
NVP,NNRTI,213,G,1.278713615955488e-05
NVP,NNRTI,214,F,0.0006614862797638107
NVP,NNRTI,215,T,0.0011298985121476115
NVP,NNRTI,216,T,1.6107211203172366e-05
NVP,NNRTI,217,P,1.9731834856739822e-05
NVP,NNRTI,218,D,1.0307113663229077e-05
NVP,NNRTI,219,K,8.795183315452628e-05
NVP,NNRTI,220,K,1.1154782574979256e-05
NVP,NNRTI,221,H,8.234568091412818e-05
NVP,NNRTI,222,Q,1.2321937800174687e-05
NVP,NNRTI,223,K,5.359849100029682e-06
NVP,NNRTI,224,E,6.082799501088373e-06
NVP,NNRTI,225,P,3.5668579479512884e-06
NVP,NNRTI,226,P,2.3154740008058115e-07
NVP,NNRTI,227,F,5.535807733289171e-06
NVP,NNRTI,228,L,5.519995334674098e-06
NVP,NNRTI,229,W,2.03464996494231e-05
NVP,NNRTI,230,M,2.85330780983919e-05
NVP,NNRTI,231,G,3.1156940821710668e-06
NVP,NNRTI,232,Y,4.2273218373718505e-06
NVP,NNRTI,233,E,2.227192016571731e-06
NVP,NNRTI,234,L,5.579107020387477e-06
NVP,NNRTI,235,H,1.7990814571353597e-07
NVP,NNRTI,236,P,2.9901342324517725e-05
NVP,NNRTI,237,D,6.0222070730169104e-06
NVP,NNRTI,238,K,1.2239564054680158e-06
NVP,NNRTI,239,W,1.3583042591349827e-05
NVP,NNRTI,240,T,2.2550640730453605e-06
RPV,NNRTI,1,P,1.7675182100187827e-07
RPV,NNRTI,2,I,1.9825368521274166e-07
RPV,NNRTI,3,S,1.0714971048039145e-07
RPV,NNRTI,4,P,3.050851005187485e-07
RPV,NNRTI,5,I,2.6953680204598257e-07
RPV,NNRTI,6,E,1.6186696563533483e-07
RPV,NNRTI,7,T,5.251995961989657e-07
RPV,NNRTI,8,V,7.979706755910994e-07
RPV,NNRTI,9,P,5.663793449529648e-07
RPV,NNRTI,10,V,1.627573301666212e-07
RPV,NNRTI,11,K,1.3385530352688419e-06
RPV,NNRTI,12,L,1.974980776983781e-06
RPV,NNRTI,13,K,2.4243861908281552e-06
RPV,NNRTI,14,P,2.1785640934722982e-07
RPV,NNRTI,15,G,1.9870750205452706e-07
RPV,NNRTI,16,M,2.2379001840388498e-07
RPV,NNRTI,17,D,1.1856516392601509e-07
RPV,NNRTI,18,G,3.1670715715270177e-07
RPV,NNRTI,19,P,2.4370945566561007e-07
RPV,NNRTI,20,K,2.1152398839369858e-06
RPV,NNRTI,21,V,2.927471354316981e-06
RPV,NNRTI,22,K,8.243966382113703e-07
RPV,NNRTI,23,Q,2.2553632398865184e-05
RPV,NNRTI,24,W,1.0698263836021314e-06
RPV,NNRTI,25,P,1.4361618688915128e-07
RPV,NNRTI,26,L,8.121737791460818e-07
RPV,NNRTI,27,T,3.1613052542375794e-07
RPV,NNRTI,28,E,3.094008597789007e-07
RPV,NNRTI,29,E,7.422290440846046e-09
RPV,NNRTI,30,K,5.968079852938116e-08
RPV,NNRTI,31,I,1.555222769735518e-06
RPV,NNRTI,32,K,8.336366566602972e-07
RPV,NNRTI,33,A,7.266996618509268e-08
RPV,NNRTI,34,L,2.2424164556060754e-06
RPV,NNRTI,35,V,1.8963773426122728e-06
RPV,NNRTI,36,E,1.9755122416617922e-07
RPV,NNRTI,37,I,5.3449570431767425e-06
RPV,NNRTI,38,C,4.69724226483151e-07
RPV,NNRTI,39,T,5.311451786338138e-07
RPV,NNRTI,40,E,2.7739257675543745e-07
RPV,NNRTI,41,M,9.33806591383959e-07
RPV,NNRTI,42,E,1.142320073314185e-07
RPV,NNRTI,43,K,9.028140120968159e-07
RPV,NNRTI,44,E,2.6565837091445684e-06
RPV,NNRTI,45,G,1.083800290534044e-06
RPV,NNRTI,46,K,1.4371353642576006e-05
RPV,NNRTI,47,I,5.28440238337591e-07
RPV,NNRTI,48,S,1.358871613830555e-06
RPV,NNRTI,49,K,6.658883277547842e-07
RPV,NNRTI,50,I,3.5190893941846085e-07
RPV,NNRTI,51,G,2.230761386751042e-08
RPV,NNRTI,52,P,1.1095116762441714e-09
RPV,NNRTI,53,E,1.19185288305612e-07
RPV,NNRTI,54,N,2.4742640190586453e-07
RPV,NNRTI,55,P,1.9588282516403225e-07
RPV,NNRTI,56,Y,1.3833462145732673e-06
RPV,NNRTI,57,N,3.6438171072043e-07
RPV,NNRTI,58,T,2.5054412329775574e-07
RPV,NNRTI,59,P,9.504592345293834e-08
RPV,NNRTI,60,V,6.42166122784219e-07
RPV,NNRTI,61,F,1.5208991646808062e-05
RPV,NNRTI,62,A,1.9434894806986286e-06
RPV,NNRTI,63,I,7.357515715549149e-06
RPV,NNRTI,64,K,1.1058226685208714e-06
RPV,NNRTI,65,K,2.7512802692525726e-05
RPV,NNRTI,66,K,1.5609278745257909e-06
RPV,NNRTI,67,D,7.081742795414859e-07
RPV,NNRTI,68,S,1.9560261453503168e-07
RPV,NNRTI,69,T,6.661052557096209e-06
RPV,NNRTI,70,K,2.9044046978329282e-05
RPV,NNRTI,71,W,2.9683230585732488e-05
RPV,NNRTI,72,R,6.231369994424967e-06
RPV,NNRTI,73,K,4.401973505770949e-07
RPV,NNRTI,74,L,4.16587968461874e-07
RPV,NNRTI,75,V,2.3128148355349714e-06
RPV,NNRTI,76,D,5.319874196421343e-07
RPV,NNRTI,77,F,3.2890683833692367e-06
RPV,NNRTI,78,R,6.920010390768685e-06
RPV,NNRTI,79,E,5.5303578339664945e-08
RPV,NNRTI,80,L,5.419858833689421e-07
RPV,NNRTI,81,N,6.481491828879737e-07
RPV,NNRTI,82,K,7.448799625225096e-07
RPV,NNRTI,83,R,7.236681160224587e-07
RPV,NNRTI,84,T,1.095439846693168e-06
RPV,NNRTI,85,Q,1.0997781047039873e-06
RPV,NNRTI,86,D,3.22188937731746e-08
RPV,NNRTI,87,F,1.6453508470283526e-06
RPV,NNRTI,88,W,6.883608485353862e-07
RPV,NNRTI,89,E,1.1511255764053383e-07
RPV,NNRTI,90,V,4.994033499232409e-07
RPV,NNRTI,91,Q,1.469165755423228e-06
RPV,NNRTI,92,L,1.4236545701878633e-07
RPV,NNRTI,93,G,4.0118964205637653e-07
RPV,NNRTI,94,I,1.3756452793293512e-07
RPV,NNRTI,95,P,4.623289632748281e-07
RPV,NNRTI,96,H,1.6448064128478907e-07
RPV,NNRTI,97,P,4.7438722411740204e-07
RPV,NNRTI,98,A,2.8670135589787225e-06
RPV,NNRTI,99,G,9.567955535468965e-07
RPV,NNRTI,100,L,2.915464010823699e-06
RPV,NNRTI,101,K,6.628717770953285e-07
RPV,NNRTI,102,K,1.5088303562980996e-05
RPV,NNRTI,103,K,6.3148206439605384e-06
RPV,NNRTI,104,K,1.388707965053976e-05
RPV,NNRTI,105,S,2.396648060402434e-05
RPV,NNRTI,106,V,1.7047441148873146e-05
RPV,NNRTI,107,T,1.834044764759443e-07
RPV,NNRTI,108,V,4.118307589084662e-06
RPV,NNRTI,109,L,4.130200231622036e-06
RPV,NNRTI,110,D,8.595797752640664e-07
RPV,NNRTI,111,V,2.280237336487861e-06
RPV,NNRTI,112,G,7.337249293344576e-06
RPV,NNRTI,113,D,2.091860437098394e-07
RPV,NNRTI,114,A,1.3496284659950708e-06
RPV,NNRTI,115,Y,4.218366303128832e-06
RPV,NNRTI,116,F,5.386273511568301e-06
RPV,NNRTI,117,S,1.346581651129052e-06
RPV,NNRTI,118,V,1.0118177225145836e-05
RPV,NNRTI,119,P,7.774575628981845e-07
RPV,NNRTI,120,L,6.485753195142581e-07
RPV,NNRTI,121,D,2.2498468211523096e-06
RPV,NNRTI,122,E,2.5124088389653914e-06
RPV,NNRTI,123,D,8.644009074516892e-06
RPV,NNRTI,124,F,2.8514287094209963e-06
RPV,NNRTI,125,R,9.525220330234576e-07
RPV,NNRTI,126,K,4.74705593341293e-07
RPV,NNRTI,127,Y,8.374878988865363e-07
RPV,NNRTI,128,T,4.741652871431857e-06
RPV,NNRTI,129,A,2.135157932420191e-06
RPV,NNRTI,130,F,8.820160627797358e-07
RPV,NNRTI,131,T,5.282252532175396e-07
RPV,NNRTI,132,I,1.2742084173057104e-06
RPV,NNRTI,133,P,4.778966323679004e-07
RPV,NNRTI,134,S,2.015418643636004e-07
RPV,NNRTI,135,I,2.858746155163945e-06
RPV,NNRTI,136,N,1.1152369449800539e-06
RPV,NNRTI,137,N,7.338265014651841e-07
RPV,NNRTI,138,E,1.984505196081195e-06
RPV,NNRTI,139,T,3.2203085765776335e-07
RPV,NNRTI,140,P,6.446594972967037e-08
RPV,NNRTI,141,G,1.4149845506954014e-06
RPV,NNRTI,142,I,1.2190807341203294e-06
RPV,NNRTI,143,R,5.194100648075763e-06
RPV,NNRTI,144,Y,1.1630316204320398e-05
RPV,NNRTI,145,Q,2.189836295506512e-05
RPV,NNRTI,146,Y,5.654237266479434e-06
RPV,NNRTI,147,N,5.979892950001087e-06
RPV,NNRTI,148,V,1.2988121898569716e-05
RPV,NNRTI,149,L,6.148168062610093e-07
RPV,NNRTI,150,P,1.6218371842295554e-05
RPV,NNRTI,151,Q,0.006837805832132113
RPV,NNRTI,152,G,3.6013308727104026e-08
RPV,NNRTI,153,W,0.00010106776297746277
RPV,NNRTI,154,K,2.641602260653959e-06
RPV,NNRTI,155,G,3.3006389927100467e-06
RPV,NNRTI,156,S,8.58879096826482e-06
RPV,NNRTI,157,P,4.8287428789916084e-05
RPV,NNRTI,158,A,6.729403678777576e-05
RPV,NNRTI,159,I,1.4242547087699317e-06
RPV,NNRTI,160,F,0.00031244231832123196
RPV,NNRTI,161,Q,4.546059521724305e-07
RPV,NNRTI,162,S,5.164548038848717e-05
RPV,NNRTI,163,S,1.187928113176242e-05
RPV,NNRTI,164,M,1.5779280155494413e-06
RPV,NNRTI,165,T,6.591456168710279e-07
RPV,NNRTI,166,K,1.4906821599487637e-06
RPV,NNRTI,167,I,3.0681610948496056e-06
RPV,NNRTI,168,L,8.027862242209765e-08
RPV,NNRTI,169,E,3.243776421661978e-07
RPV,NNRTI,170,P,5.179091590020064e-07
RPV,NNRTI,171,F,1.0629193012212872e-06
RPV,NNRTI,172,R,9.732002472829339e-06
RPV,NNRTI,173,K,1.5288155749314572e-05
RPV,NNRTI,174,Q,1.5812561506841578e-06
RPV,NNRTI,175,N,3.280729216641166e-06
RPV,NNRTI,176,P,1.7383240826776287e-06
RPV,NNRTI,177,D,3.444554554994859e-06
RPV,NNRTI,178,I,5.320184995202999e-06
RPV,NNRTI,179,V,2.2930101141012583e-05
RPV,NNRTI,180,I,4.833995990564858e-07
RPV,NNRTI,181,Y,0.0001681506871220434
RPV,NNRTI,182,Q,0.0006346746350517754
RPV,NNRTI,183,Y,3.0964192749394823e-06
RPV,NNRTI,184,M,4.320524525068686e-05
RPV,NNRTI,185,D,1.0952526843371954e-06
RPV,NNRTI,186,D,2.1995139869604252e-06
RPV,NNRTI,187,L,3.4477066559959563e-06
RPV,NNRTI,188,Y,6.519484452438325e-05
RPV,NNRTI,189,V,7.072138310586262e-06
RPV,NNRTI,190,G,0.00011212483638485655
RPV,NNRTI,191,S,3.923918980391736e-06
RPV,NNRTI,192,D,2.7798097933949544e-06
RPV,NNRTI,193,L,3.721948634966944e-06
RPV,NNRTI,194,E,6.306150692938246e-07
RPV,NNRTI,195,I,6.184402478773831e-07
RPV,NNRTI,196,G,1.7380578344277752e-06
RPV,NNRTI,197,Q,1.7274266125285983e-06
RPV,NNRTI,198,H,4.8303437013748e-07
RPV,NNRTI,199,R,1.8999161867472835e-06
RPV,NNRTI,200,T,1.9577885104469086e-05
RPV,NNRTI,201,K,4.315671050337184e-06
RPV,NNRTI,202,I,3.6765291845344504e-07
RPV,NNRTI,203,E,5.911937727769328e-07
RPV,NNRTI,204,E,3.1825534961458884e-06
RPV,NNRTI,205,L,2.808128999984238e-06
RPV,NNRTI,206,R,1.828208992747023e-06
RPV,NNRTI,207,Q,7.119438906572564e-06
RPV,NNRTI,208,H,2.0438888372219405e-06
RPV,NNRTI,209,L,2.9465787780660256e-06
RPV,NNRTI,210,L,4.485857242795559e-06
RPV,NNRTI,211,R,5.419982400628065e-07
RPV,NNRTI,212,W,4.371459015325247e-06
RPV,NNRTI,213,G,1.7225812462880765e-06
RPV,NNRTI,214,F,2.447692853739717e-06
RPV,NNRTI,215,T,4.364052398020537e-06
RPV,NNRTI,216,T,2.886148010649303e-06
RPV,NNRTI,217,P,1.4501997347569094e-07
RPV,NNRTI,218,D,3.4079499154246475e-07
RPV,NNRTI,219,K,3.971873104923571e-06
RPV,NNRTI,220,K,4.342918618829103e-06
RPV,NNRTI,221,H,5.675319551503433e-07
RPV,NNRTI,222,Q,1.0466021322318702e-06
RPV,NNRTI,223,K,8.034714205275089e-07
RPV,NNRTI,224,E,1.9050664811009874e-07
RPV,NNRTI,225,P,7.336944790920121e-07
RPV,NNRTI,226,P,1.1213092481448564e-06
RPV,NNRTI,227,F,5.645374312352464e-06
RPV,NNRTI,228,L,8.353123502831326e-07
RPV,NNRTI,229,W,4.5905381790733006e-06
RPV,NNRTI,230,M,7.230721099313733e-06
RPV,NNRTI,231,G,2.8525128707094774e-06
RPV,NNRTI,232,Y,1.8078229830777842e-06
RPV,NNRTI,233,E,9.786255766558688e-08
RPV,NNRTI,234,L,3.012875106632998e-06
RPV,NNRTI,235,H,8.066888921732779e-07
RPV,NNRTI,236,P,6.866860340639507e-06
RPV,NNRTI,237,D,1.959043484522899e-06
RPV,NNRTI,238,K,6.051366125978424e-07
RPV,NNRTI,239,W,2.0802377963260686e-06
RPV,NNRTI,240,T,5.824869113767002e-07
