drug,drug_class,position,amino_acid,residue_shap,mutation_projection,fused_score
ATV,PI,1,P,4.6418916178361924e-05,0.0,7.519094385754699e-06
ATV,PI,2,Q,4.70906454730784e-05,0.0,7.63368434138844e-06
ATV,PI,3,I,5.233921311548414e-05,0.0,8.529034801781593e-06
ATV,PI,4,T,5.084288040973232e-05,0.0004124779267021356,0.00042676184593410976
ATV,PI,5,L,3.7618769091812085e-05,0.0,6.017881810763793e-06
ATV,PI,6,W,0.00020347548296749572,0.0,3.431129350809734e-05
ATV,PI,7,Q,0.00010599032253668175,0.0011012870080547147,0.001135015016670134
ATV,PI,8,R,0.0019549060095178676,0.00046943897843785615,0.0008093660190711273
ATV,PI,9,P,0.00037085144924271763,0.0,6.28638736925415e-05
ATV,PI,10,L,0.0010377384765502492,0.4981098043910573,0.5055443022128603
ATV,PI,11,V,0.00017980654017886298,0.03634225578890677,0.0369020660035007
ATV,PI,12,T,8.515181025927202e-05,0.027665522643681426,0.028082758609454216
ATV,PI,13,I,8.169241988719703e-06,0.09355837092260363,0.09492258753229256
ATV,PI,14,K,4.527898116147608e-05,0.037895368723993794,0.03845486008575697
ATV,PI,15,I,9.969371432049677e-06,0.02037190031708892,0.02067003686577291
ATV,PI,16,G,9.335247722600239e-05,0.049039387368574876,0.04976945709186343
ATV,PI,17,G,0.000190338632305819,0.0,3.207028489595396e-05
ATV,PI,18,Q,7.54588729503629e-05,0.012736152216276752,0.01293420144771497
ATV,PI,19,L,3.218693490402049e-05,0.027401099809346095,0.027805447665772597
ATV,PI,20,K,0.00013500417408321885,0.13712415474167255,0.13914479740303554
ATV,PI,21,E,0.00022455586727925442,0.0,3.7907385448744694e-05
ATV,PI,22,A,0.00021164757936713259,0.0039676296552219725,0.0040611466537926
ATV,PI,23,L,0.003148330094644021,0.00020552649123346787,0.0007451937117821384
ATV,PI,24,L,0.0002849455713261078,0.064619014194962,0.06560877567818037
ATV,PI,25,D,0.026737311145033176,0.0,0.004560704701126917
ATV,PI,26,T,0.0008205213264740909,0.0,0.00013957282726515872
ATV,PI,27,G,2.6659890062467963e-05,0.0,4.148412261578622e-06
ATV,PI,28,A,0.0011159593994388233,0.0,0.0001899714565043912
ATV,PI,29,D,0.023752459896379818,0.0,0.004051520458535751
ATV,PI,30,D,0.006213319067137777,0.010265923044788183,0.011475033423408259
ATV,PI,31,T,2.344812725916176,0.0,0.4
ATV,PI,32,V,0.004683856480047662,0.2260522265026678,0.23014461078015433
ATV,PI,33,L,0.000361724392542382,0.3199350787928204,0.32465810324407
ATV,PI,34,E,4.32356332821363e-05,0.01899319363446785,0.019276916165987323
ATV,PI,35,E,0.0006318052892015503,0.22996712105035041,0.2334253112322155
ATV,PI,36,M,0.00044249170985458884,0.5084393753705173,0.5159228407072326
ATV,PI,37,S,0.0001091472938614801,0.06351337938173991,0.06445704151733617
ATV,PI,38,L,3.2421268675523487e-05,0.0,5.131242882264706e-06
ATV,PI,39,P,2.304037088880165e-05,0.007639054846778273,0.007753893126831997
ATV,PI,40,G,5.194029076926781e-05,0.0,8.460982843479652e-06
ATV,PI,41,R,6.956080694663925e-05,0.004047930681799373,0.004118379222869402
ATV,PI,42,W,4.88602061455805e-05,0.0,7.935552788318117e-06
ATV,PI,43,K,5.2366027189846315e-05,0.08030474468405008,0.08148338455227944
ATV,PI,44,P,3.11348060779324e-05,0.0,4.911785887993447e-06
ATV,PI,45,K,9.259616305497542e-05,0.024283965998418706,0.02465319982755564
ATV,PI,46,M,8.163067881803596e-05,0.3777304341600327,0.3832478034893083
ATV,PI,47,I,0.0004228671259912432,0.04921455253207296,0.05000338629085422
ATV,PI,48,G,0.0003461026809941917,0.012661838907488367,0.01290497432113372
ATV,PI,49,G,0.00016920128985231653,0.0,2.8464476495139187e-05
ATV,PI,50,I,0.008229223446510815,0.07856306002568557,0.08111120802475331
ATV,PI,51,G,0.0006929047441116721,0.0,0.00011780277997667233
ATV,PI,52,G,0.0012214673917165658,0.0,0.00020797001075713477
ATV,PI,53,F,0.000216593098686663,0.026702573326597,0.027128200829785554
ATV,PI,54,I,3.0898363379693456e-05,0.24281279444439824,0.2463556482616704
ATV,PI,55,K,0.00014294448174977732,0.06143654181125045,0.06235570815815097
ATV,PI,56,V,0.0004328959694751315,0.0,7.344801655585065e-05
ATV,PI,57,R,0.0002091615705601439,0.16442492117776658,0.1668560089598862
ATV,PI,58,Q,6.0977566253433014e-05,0.15067184030721492,0.15287725574245042
ATV,PI,59,Y,0.00011421073265913022,0.0,1.9083665566383084e-05
ATV,PI,60,D,8.287548381572229e-05,0.008173093179745955,0.008305920079284778
ATV,PI,61,Q,7.022136789667465e-05,3.284934201598113e-05,4.4907526388099025e-05
ATV,PI,62,I,2.771710545165587e-05,0.16338172511009566,0.16576666014828037
ATV,PI,63,L,7.86889388672428e-06,0.27364533181790673,0.2776335125092424
ATV,PI,64,I,9.750669510172603e-05,0.13137707283115513,0.13330757910079238
ATV,PI,65,E,9.078364315236404e-05,0.004147752538963134,0.004223275959429259
ATV,PI,66,I,0.0002122430796623509,0.0005973125176848916,0.0006418228062696876
ATV,PI,67,C,7.288986451121923e-05,0.01048234415084972,0.010647115296982413
ATV,PI,68,G,0.00021990558587629865,0.0,3.711409633088059e-05
ATV,PI,69,H,8.145163229315805e-05,0.05292921126654145,0.05371392876817815
ATV,PI,70,K,5.395248423304194e-06,0.010109039737267456,0.010256857658768182
ATV,PI,71,A,1.78092572081209e-05,0.3036540455638208,0.30808117364742404
ATV,PI,72,I,3.684652112221539e-05,0.0807676245665379,0.08195036151125144
ATV,PI,73,G,3.931260686512734e-05,0.31808730861616635,0.3227284094732971
ATV,PI,74,T,2.6837460178016414e-05,0.053278133479720956,0.05405861846174193
ATV,PI,75,V,2.3417896909999925e-06,0.0,0.0
ATV,PI,76,L,2.5754606694522428e-05,0.040854771478720436,0.041454053122602905
ATV,PI,77,V,2.0782067160623304e-05,0.11521848463535027,0.11690045855383147
ATV,PI,78,G,9.565308918323855e-05,0.0,1.5917926690178817e-05
ATV,PI,79,P,6.306044136909537e-05,0.019589221644522266,0.019885010698800984
ATV,PI,80,T,0.00014108609057530237,0.0,2.36683190800503e-05
ATV,PI,81,P,8.582834078254382e-05,0.0,1.4241927902864548e-05
ATV,PI,82,V,0.00029200179577227605,0.19167912539135662,0.19452146104360565
ATV,PI,83,N,2.978241409536634e-05,0.0025808413263466055,0.0026231273917710243
ATV,PI,84,I,0.0004911439982305268,0.2256593499385768,0.22903077701055397
ATV,PI,85,I,2.8073359019069076e-05,0.0269455579361227,0.027342566439528676
ATV,PI,86,G,0.00018743792266876644,0.0,3.157545432770173e-05
ATV,PI,87,R,0.0022877280129983244,0.0,0.00038986286290414944
ATV,PI,88,N,0.005873255612022091,0.03841069804655527,0.039971889723273785
ATV,PI,89,L,0.00024048709704883086,0.019925871673235607,0.020256833117788173
ATV,PI,90,L,0.00013501756624971367,0.5913830617987162,0.6000226330926299
ATV,PI,91,T,4.603701907932057e-05,0.01140434270190717,0.011577967313053661
ATV,PI,92,Q,7.143249671060001e-05,0.0064933873256472555,0.006599787474393853
ATV,PI,93,I,3.7609227941352103e-06,0.0061549390033258464,0.0062448636222482146
ATV,PI,94,G,2.6245128151989116e-05,0.0,4.077658240138486e-06
ATV,PI,95,C,8.549466575341026e-05,0.00034437842177705805,0.000363581305421263
ATV,PI,96,T,1.5483874091477452e-05,0.0,2.241901432959287e-06
ATV,PI,97,L,1.926998831141179e-05,0.0,2.8877727145887027e-06
ATV,PI,98,N,6.653126548155467e-05,0.0,1.095004973111585e-05
ATV,PI,99,F,0.0001011181786881789,0.0,1.6850213503976132e-05
DRV,PI,1,P,1.3305309354164407e-06,0.0,2.1221766575323493e-07
DRV,PI,2,Q,6.044364853654531e-06,0.0,2.3569773268392197e-06
DRV,PI,3,I,2.4144963314103716e-05,0.0,1.0592616106831905e-05
DRV,PI,4,T,9.741084288992663e-06,0.0025786931653668387,0.003892924578266493
DRV,PI,5,L,3.056584523043771e-05,0.0,1.3514070014969797e-05
DRV,PI,6,W,6.720434927563003e-06,0.0,2.6645842234199724e-06
DRV,PI,7,Q,8.370657956566318e-06,0.0004315733237495811,0.0006542642005836246
DRV,PI,8,R,4.1991328155554405e-05,0.004754534836923747,0.007188949974175241
DRV,PI,9,P,7.58723342794444e-05,0.0,3.412818832783213e-05
DRV,PI,10,L,5.964733322538017e-05,0.20293814991055917,0.3060745005516649
DRV,PI,11,V,0.0007578816131272051,0.0810704768568417,0.1226055175107739
DRV,PI,12,T,4.649339686511843e-06,0.02564844944866109,0.03868173567734868
DRV,PI,13,I,0.00045056478291683675,0.1076677237147861,0.1625765701342942
DRV,PI,14,K,1.6899904448296383e-06,0.010258825698053588,0.015471545538314306
DRV,PI,15,I,0.001343008368725604,0.011925531267556815,0.01859536732550136
DRV,PI,16,G,3.8071231393198204e-05,0.01659200485287315,0.025039064192711964
DRV,PI,17,G,3.3027114493003566e-05,0.0,1.4633929373823746e-05
DRV,PI,18,Q,4.286549335519788e-05,0.004468462216834474,0.006757926203063696
DRV,PI,19,L,1.1555311961872674e-05,0.038269747547416494,0.05771885418192857
DRV,PI,20,K,0.00013686230698512015,0.23665843144300555,0.35696264615255974
DRV,PI,21,E,6.073002832067821e-06,0.0,2.3700073957685113e-06
DRV,PI,22,A,8.626161690800831e-05,0.010036682275127806,0.015175014087047045
DRV,PI,23,L,0.0003477041186577029,0.00158613345183854,0.0025498319517213946
DRV,PI,24,L,0.0005961505675477665,0.030099649611071908,0.045663647630491945
DRV,PI,25,D,0.0002363900370449908,0.0,0.00010716255902335593
DRV,PI,26,T,0.0008514842356627833,0.0,0.0003870258821369004
DRV,PI,27,G,0.00010566575954082845,0.0,4.768397704982443e-05
DRV,PI,28,A,0.002842304233609171,0.0,0.0012928342958696114
DRV,PI,29,D,0.0008472577132653304,0.0,0.00038510284562310617
DRV,PI,30,D,1.974127743029356e-06,0.009023696291303417,0.013608996057861908
DRV,PI,31,T,3.921288360110759e-05,0.0,1.7448408688532438e-05
DRV,PI,32,V,0.005854691463186992,0.36555457642411293,0.5539504160161564
DRV,PI,33,L,0.00043050055843045726,0.37890018442177836,0.5716087455944799
DRV,PI,34,E,4.1515193940723105e-05,0.0069035905050036485,0.01042968956913315
DRV,PI,35,E,3.093297534802675e-06,0.09885921940392357,0.14908901045987075
DRV,PI,36,M,0.0001606874570099801,0.16234384728852697,0.24490085923806534
DRV,PI,37,S,3.318801558859937e-06,0.16934803094551268,0.2553921541988765
DRV,PI,38,L,2.037747524222252e-05,0.0,8.878436825094792e-06
DRV,PI,39,P,1.8941794110412594e-06,0.0029819215626929615,0.004497456544572237
DRV,PI,40,G,3.374493589832355e-05,0.0,1.496053281821701e-05
DRV,PI,41,R,5.073887765632052e-06,0.13416069113530874,0.2023274924378395
DRV,PI,42,W,5.05261409606808e-05,0.0,2.259585733461586e-05
DRV,PI,43,K,1.4440430987874191e-05,0.06292038507552007,0.09489539623298593
DRV,PI,44,P,3.752334752635209e-05,0.0,1.667968223742328e-05
DRV,PI,45,K,0.00013245159728929396,0.012365871012073228,0.018708642199189246
DRV,PI,46,M,0.0004892968633499778,0.16493945122933815,0.24896476258284123
DRV,PI,47,I,0.002419991403143088,0.07724017027926713,0.11758534155986544
DRV,PI,48,G,0.0009235923069895072,0.026552556577281446,0.04046331734469605
DRV,PI,49,G,0.044754452986034476,0.0,0.020362552812222472
DRV,PI,50,I,0.8791359958955753,0.043529351214788924,0.46564591332475036
DRV,PI,51,G,0.004835737972817627,0.0,0.0021998319425962365
DRV,PI,52,G,0.002342539785055023,0.0,0.0010654451583022749
DRV,PI,53,F,0.00011142651398084312,0.04077588163406566,0.061543755285297
DRV,PI,54,I,0.0011529275092487146,0.23650248327015533,0.35718976539735353
DRV,PI,55,K,3.103382451864862e-05,0.0068798237343708464,0.010389078339445029
DRV,PI,56,V,0.0006173127175998158,0.0,0.00028047956879023804
DRV,PI,57,R,2.869281751344037e-05,0.12748702082161778,0.19227378418701266
DRV,PI,58,Q,0.00010152099008616715,0.0524111558181871,0.07908621790196292
DRV,PI,59,Y,4.238061501549009e-05,0.0,1.8889703115227446e-05
DRV,PI,60,D,5.358234217440508e-06,0.08359395401367989,0.12606874017229086
DRV,PI,61,Q,5.461605579050516e-06,0.004372132929597589,0.0065956350637846545
DRV,PI,62,I,0.00021872135484336512,0.05411621206120684,0.08171091105564815
DRV,PI,63,L,3.514325741100486e-05,0.15553274324138386,0.2345720212642803
DRV,PI,64,I,0.0009541956375911395,0.17769123761562708,0.26840705171823004
DRV,PI,65,E,4.545221561120761e-05,0.0009588784791365778,0.0014663564459252117
DRV,PI,66,I,0.0003080069935366779,0.008376098673892843,0.012771607220088035
DRV,PI,67,C,3.4217095815505366e-05,0.01720479278858207,0.02596144620350248
DRV,PI,68,G,7.851747080973653e-05,0.0,3.533170593720009e-05
DRV,PI,69,H,4.0540655681142087e-05,0.01850448585654634,0.02792436955480208
DRV,PI,70,K,5.200299706380963e-06,0.012144259404096766,0.018316534901555766
DRV,PI,71,A,0.00036781413441965347,0.38541402703083094,0.5814036448370014
DRV,PI,72,I,5.583546242910133e-05,0.05322178788891334,0.08028793249074902
DRV,PI,73,G,0.0001307264315723723,0.36742114907698475,0.5541610022977196
DRV,PI,74,T,3.762195559480077e-05,0.060483873824298276,0.09123148028903984
DRV,PI,75,V,3.726267454785834e-05,0.0,1.656107795506929e-05
DRV,PI,76,L,4.957364504941259e-05,0.009513582107885664,0.014369442395219765
DRV,PI,77,V,4.969050786347111e-05,0.07692272039862726,0.11602813108610732
DRV,PI,78,G,0.0006443190837179947,0.0,0.0002927672661608826
DRV,PI,79,P,3.505948397626312e-05,0.016657020366486697,0.025135742718557418
DRV,PI,80,T,0.0007534073485698709,0.0,0.0003424016219762057
DRV,PI,81,P,4.708702166666757e-05,0.0,2.103108342458827e-05
DRV,PI,82,V,0.00016985108502257695,0.2529819108913851,0.38159483219391227
DRV,PI,83,N,8.789056766787992e-05,0.008512864386096615,0.012877710037339809
DRV,PI,84,I,0.05173153233854906,0.39785585128002604,0.6235370724510184
DRV,PI,85,I,0.004963334630618263,0.05202200864236974,0.0807114406582882
DRV,PI,86,G,0.00022007025253317064,0.0,9.973717745377137e-05
DRV,PI,87,R,0.00022265159801401483,0.0,0.00010091167060619676
DRV,PI,88,N,3.592520379470862e-05,0.023574295387440512,0.03556796763896374
DRV,PI,89,L,0.00014579944149494082,0.05479335841246379,0.08269892562673008
DRV,PI,90,L,0.0006846998635917453,0.324641717430833,0.4898980844186651
DRV,PI,91,T,0.00012455905917066378,0.004573086454507145,0.006952878300270249
DRV,PI,92,Q,2.2725631626281673e-05,0.0068005761759182696,0.010265786206712072
DRV,PI,93,I,6.535482576596244e-05,0.23913507024993477,0.36066508986304674
DRV,PI,94,G,1.44656513421314e-05,0.0,6.188600559268376e-06
DRV,PI,95,C,8.641109215439362e-07,0.007872628422926365,0.011872584099388264
DRV,PI,96,T,4.7714220197065765e-05,0.0,2.1316454129373995e-05
DRV,PI,97,L,0.00035466337033720726,0.0,0.00016097605322514961
DRV,PI,98,N,3.560039753541078e-05,0.0,1.5804754176233095e-05
DRV,PI,99,F,0.0001519896071583358,0.0,6.876098600678396e-05
FPV,PI,1,P,1.40646320438539e-05,0.0,3.988199377790945e-06
FPV,PI,2,Q,1.0399237497806066e-05,0.0,2.9245821323410747e-06
FPV,PI,3,I,1.9271714326136877e-06,0.0,4.661740514851474e-07
FPV,PI,4,T,9.79360063179652e-06,0.0018271456434572342,0.0023488110919352603
FPV,PI,5,L,1.3006698133802705e-05,0.0,3.6812101199796855e-06
FPV,PI,6,W,3.3371384931413116e-05,0.0,9.590596354942741e-06
FPV,PI,7,Q,2.877284952609834e-05,0.0011633033309584816,0.0015019422924851193
FPV,PI,8,R,1.444050040764342e-05,0.009283063347884002,0.011923587421949027
FPV,PI,9,P,4.4061602114699805e-05,0.0,1.2692663325061455e-05
FPV,PI,10,L,7.829554504709263e-05,0.20445269668218582,0.26254069997007795
FPV,PI,11,V,0.0013229683490160215,0.0364592764103312,0.047197658902732385
FPV,PI,12,T,2.7126177215585052e-05,0.02219364617492378,0.028504508078802122
FPV,PI,13,I,0.002435310688492932,0.26033979521043105,0.3349839103085498
FPV,PI,14,K,2.6804138302164784e-05,0.04005919429273375,0.051443849265284565
FPV,PI,15,I,0.0011655494257581012,0.06185712197009943,0.07976291380026881
FPV,PI,16,G,0.0012635646045030984,0.029385249190732897,0.038097342232282415
FPV,PI,17,G,1.5584355858184125e-05,0.0,4.429189955186045e-06
FPV,PI,18,Q,6.836710556376834e-05,0.006829799892753484,0.00878923573644056
FPV,PI,19,L,2.2497857469004795e-05,0.02173325442406165,0.027912020207800464
FPV,PI,20,K,4.892252342439459e-05,0.17829819979172504,0.22894969883047958
FPV,PI,21,E,9.411489501760303e-06,0.0,2.6379592900919085e-06
FPV,PI,22,A,4.994481612043467e-05,0.002427925835929279,0.0031318662453116855
FPV,PI,23,L,7.510630231514003e-05,0.0005337754424036561,0.0007070709405292891
FPV,PI,24,L,0.0006185321176379905,0.022598349306687922,0.029195761560374307
FPV,PI,25,D,0.009293787103654406,0.0,0.0026967604861800297
FPV,PI,26,T,0.012810818946670448,0.0,0.0037173261235304888
FPV,PI,27,G,1.6040498821127625e-05,0.0,4.561552656031014e-06
FPV,PI,28,A,5.84927769871704e-06,0.0,1.6042834175321179e-06
FPV,PI,29,D,6.772877001226917e-06,0.0,1.8722917134178064e-06
FPV,PI,30,D,0.00017083601111180687,0.0023304516273238447,0.003041788952835218
FPV,PI,31,T,0.0029488692024780532,0.0,0.000855604229773384
FPV,PI,32,V,0.0004729781469329524,0.25117042570971587,0.32264097756604376
FPV,PI,33,L,0.00017883069218231154,0.4124368573761421,0.5296223602309866
FPV,PI,34,E,6.7855033717113215e-06,0.011665245229318222,0.014980097092518367
FPV,PI,35,E,4.178929723324868e-06,0.19774682028938392,0.2539088210682818
FPV,PI,36,M,8.89364069584678e-06,0.46728827633235687,0.6000024876909046
FPV,PI,37,S,1.4670435336181324e-05,0.1256603852950577,0.1613525970577207
FPV,PI,38,L,3.923168306594471e-05,0.0,1.129112656555439e-05
FPV,PI,39,P,1.1853434070338743e-05,0.006133053995771041,0.007878212211402872
FPV,PI,40,G,4.824730981810759e-06,0.0,1.3069823921771398e-06
FPV,PI,41,R,1.8354786598688257e-06,0.08254595176928764,0.10598976900239228
FPV,PI,42,W,2.72190422328807e-06,0.0,6.967881070981236e-07
FPV,PI,43,K,4.514798137285571e-06,0.07648052834985669,0.09820251875721088
FPV,PI,44,P,4.5869086426909506e-07,0.0,4.005314213217299e-08
FPV,PI,45,K,1.418442272708494e-05,0.010707226595795209,0.013752144372130461
FPV,PI,46,M,2.2965180682830126e-06,0.23320014619017965,0.29943048589237614
FPV,PI,47,I,0.00013206505251216023,0.059746996189110974,0.07675360939152456
FPV,PI,48,G,3.206613528528429e-07,0.01418341564709262,0.01821156193998506
FPV,PI,49,G,8.83696128797703e-06,0.0,2.4712437814336966e-06
FPV,PI,50,I,7.825687555557494e-07,0.007983708880239613,0.010251247899732804
FPV,PI,51,G,5.86836478684892e-06,0.0,1.6098220726066116e-06
FPV,PI,52,G,1.8948905073544382e-06,0.0,4.5680683374815453e-07
FPV,PI,53,F,5.73283964454929e-06,0.012021082444526232,0.015436688028071813
FPV,PI,54,I,0.0005234839579070845,0.28527201004922287,0.3664422027798518
FPV,PI,55,K,2.484294081216182e-06,0.0011965991411631545,0.0015370658816171534
FPV,PI,56,V,1.2308329262199829e-06,0.0,2.641118628812677e-07
FPV,PI,57,R,2.7122829922511364e-06,0.19096686985998068,0.24520291223997812
FPV,PI,58,Q,1.9499627150706832e-05,0.003973614911488912,0.005107702621023352
FPV,PI,59,Y,2.336561729805179e-05,0.0,6.687141658563008e-06
FPV,PI,60,D,7.425764288224751e-06,0.031466093071786244,0.04040465003888711
FPV,PI,61,Q,6.94910811150591e-05,0.0006819184680434077,0.0008956577587118001
FPV,PI,62,I,0.0031799823305852493,0.20355035158190402,0.26228212687818603
FPV,PI,63,L,0.00015473358949125022,0.10124602972551336,0.13004511094379445
FPV,PI,64,I,0.0005583879554676835,0.048440634117554116,0.06235990522478407
FPV,PI,65,E,4.163741964906503e-06,0.003654472417013446,0.004693472254339579
FPV,PI,66,I,0.00020965876300671309,0.016110915004917754,0.02074722409333775
FPV,PI,67,C,0.01130478810941217,0.015236372672231737,0.02284387188440129
FPV,PI,68,G,5.440283254885835e-05,0.0,1.5693461981457592e-05
FPV,PI,69,H,5.869692553600195e-05,0.04040365910400992,0.05189539803763464
FPV,PI,70,K,3.3147956923813314e-05,0.02674860628490955,0.03435484231288208
FPV,PI,71,A,0.016960187004406414,0.40821082620739496,0.5290657016337328
FPV,PI,72,I,0.00024491563321267073,0.1631891635514639,0.20960650928730393
FPV,PI,73,G,0.002057212670445471,0.192907325201207,0.24829063562391698
FPV,PI,74,T,4.291846596024784e-05,0.03417057104038611,0.0438875096810207
FPV,PI,75,V,0.000909973409705245,0.0,0.0002639613112213784
FPV,PI,76,L,0.0004994741924836533,0.03506002148052288,0.045162050049370635
FPV,PI,77,V,0.0006299834613633746,0.05191918054360311,0.06684714807944638
FPV,PI,78,G,0.004323896570309207,0.0,0.001254607066444182
FPV,PI,79,P,6.877520513265438e-06,0.016435660987513246,0.021105356546093114
FPV,PI,80,T,3.0391073249447504e-05,0.0,8.725775157134104e-06
FPV,PI,81,P,2.637484907554876e-06,0.0,6.722914699871972e-07
FPV,PI,82,V,0.002119227511900648,0.4060060515130654,0.5219282406724196
FPV,PI,83,N,0.0015438703931356058,0.002073960926436782,0.0031108783915206936
FPV,PI,84,I,0.8192594934634998,0.4289458218247318,0.788499211066977
FPV,PI,85,I,0.014564073992739235,0.0025783738537878188,0.007536724605011888
FPV,PI,86,G,0.00019920431478724404,0.0,5.771168177760836e-05
FPV,PI,87,R,1.5223800843748553e-05,0.0,4.324564784152111e-06
FPV,PI,88,N,0.00024190951125571293,0.04300641662768241,0.055290513301179144
FPV,PI,89,L,0.015926288252016637,0.10483246344053261,0.1392266659105744
FPV,PI,90,L,0.020614608682966336,0.2761804626671582,0.3605986243966844
FPV,PI,91,T,0.0004222690316830266,0.009331582767756422,0.012104229460078334
FPV,PI,92,Q,3.518895738630061e-05,0.0009442854896358422,0.0012225843296615872
FPV,PI,93,I,0.002592815473126974,0.277991677927792,0.35769470216215477
FPV,PI,94,G,2.3638070960321206e-05,0.0,6.766201746129349e-06
FPV,PI,95,C,0.0010698849365449673,0.001450628517341495,0.00217297690435775
FPV,PI,96,T,0.0004053901507312748,0.0,0.0001175422970422132
FPV,PI,97,L,1.3784640722518073,0.0,0.4
FPV,PI,98,N,9.624428419748482e-05,0.0,2.7834935154139958e-05
FPV,PI,99,F,0.010021425331923175,0.0,0.002907905168781724
IDV,PI,1,P,1.800822717950168e-05,0.0,8.078251406633558e-06
IDV,PI,2,Q,5.4623137165279916e-05,0.0,2.4571873423375694e-05
IDV,PI,3,I,2.4336344285118034e-06,0.0,1.0624907233683083e-06
IDV,PI,4,T,1.7939504547339014e-05,0.0009239593703995397,0.0007940905683706712
IDV,PI,5,L,1.5074177749871303e-05,0.0,6.7565739181580185e-06
IDV,PI,6,W,4.162420867249905e-06,0.0,1.8412431517995464e-06
IDV,PI,7,Q,1.1093751073690795e-07,0.001346661271263542,0.0011456661845406961
IDV,PI,8,R,0.0002598044839010673,0.0009969289162790687,0.0009651191710102279
IDV,PI,9,P,5.740447382400214e-05,0.0,2.5824759626512373e-05
IDV,PI,10,L,0.00010392003441208353,0.705273667052741,0.6000467782475508
IDV,PI,11,V,1.1121270262675748e-05,0.020696022937961172,0.017611777870448177
IDV,PI,12,T,1.1933599049239307e-05,0.02462051492739052,0.02095084095992264
IDV,PI,13,I,2.366594568116354e-05,0.20048906564326022,0.17057340977683036
IDV,PI,14,K,8.38548650893931e-06,0.007656279960477008,0.006517198124223763
IDV,PI,15,I,9.729532443692666e-05,0.055169821827273334,0.04697861475222785
IDV,PI,16,G,3.640045038633432e-05,0.045077119443867886,0.03836498298142396
IDV,PI,17,G,2.35781889446223e-05,0.0,1.0587306980914324e-05
IDV,PI,18,Q,0.00030825989959942253,0.0018799775897345842,0.0017381856594942545
IDV,PI,19,L,5.911726229671296e-06,0.05055046093585616,0.04300760443956263
IDV,PI,20,K,4.132216050618263e-05,0.10121479552252803,0.08612540683212278
IDV,PI,21,E,9.051111477865642e-06,0.0,4.043412025616551e-06
IDV,PI,22,A,0.0006831365060825314,0.0009531714201949396,0.001118588147351942
IDV,PI,23,L,6.458520463074824e-06,9.477699173309933e-05,8.350551914498593e-05
IDV,PI,24,L,0.00010455493520012791,0.03560852378667725,0.030340431587229513
IDV,PI,25,D,0.8036918903476863,0.0,0.3620325442837427
IDV,PI,26,T,8.156551680658296e-05,0.0,3.670838901791966e-05
IDV,PI,27,G,4.257426183704701e-05,0.0,1.9144314118493808e-05
IDV,PI,28,A,0.0007752860378743024,0.0,0.0003492030548300872
IDV,PI,29,D,0.1173706172290991,0.0,0.052870957780756726
IDV,PI,30,D,0.0038486362685629942,0.00892180334762492,0.0093237080547784
IDV,PI,31,T,0.00023682923664777682,0.0,0.00010664877966666559
IDV,PI,32,V,9.954042221860064e-05,0.12039231293439051,0.10246659021137641
IDV,PI,33,L,3.9201511190457495e-06,0.17965972294351684,0.15284429351808154
IDV,PI,34,E,1.837383673992456e-05,0.009290310068052891,0.00791182179806115
IDV,PI,35,E,4.579612253002174e-05,0.0221521320761764,0.01886615852763474
IDV,PI,36,M,0.0003572778659123273,0.29487978214380883,0.25102504252175944
IDV,PI,37,S,1.1978150728691121e-05,0.06672244769981298,0.05676838951952989
IDV,PI,38,L,5.104599683034285e-06,0.0,2.265658813773459e-06
IDV,PI,39,P,1.8749449671185937e-06,0.005201209020532489,0.004425654054339468
IDV,PI,40,G,6.878233658410324e-06,0.0,3.0646133488867956e-06
IDV,PI,41,R,2.2777769353384764e-05,0.09385964372084205,0.07985977857964453
IDV,PI,42,W,2.82109682064786e-05,0.0,1.2674197541665088e-05
IDV,PI,43,K,2.4080448726991254e-05,0.055969364695787144,0.0476258322163735
IDV,PI,44,P,2.7210753261569926e-06,0.0,1.1919718970146255e-06
IDV,PI,45,K,1.6236145950702396e-05,0.0016002859105991333,0.0013686969770152265
IDV,PI,46,M,0.003124039559932691,0.45056738553385534,0.38472003729511167
IDV,PI,47,I,0.001245911551860862,0.016943140844292878,0.014975300986755221
IDV,PI,48,G,0.00010660920716756438,0.00692256052298898,0.005937244395859847
IDV,PI,49,G,0.03889106673049946,0.0,0.017518910145776938
IDV,PI,50,I,5.478537151355218e-05,0.02870525995126685,0.02444517385677949
IDV,PI,51,G,0.0004217028971787004,0.0,0.0001899273205352058
IDV,PI,52,G,0.00023121113696319073,0.0,0.00010411803979359387
IDV,PI,53,F,2.5468342980374845e-05,0.017966538371470175,0.015296176471006534
IDV,PI,54,I,0.0006443636638700412,0.4572896131098033,0.38932186258390433
IDV,PI,55,K,1.8098031200723054e-05,0.04147566535222287,0.03529286046363283
IDV,PI,56,V,0.00013845496622249604,0.0,6.233491864126427e-05
IDV,PI,57,R,5.571640877292714e-05,0.06062257540997993,0.051598725675588014
IDV,PI,58,Q,0.000157663299332928,0.09583669855722626,0.08160248633433242
IDV,PI,59,Y,4.6607015861333e-05,0.0,2.0960916169103906e-05
IDV,PI,60,D,0.00031093274382319036,0.019542178855333797,0.016765217596424183
IDV,PI,61,Q,6.455883280135953e-05,0.0021562497002121407,0.0018634415781429818
IDV,PI,62,I,0.00017505602636311887,0.46353155747831737,0.3944206891252694
IDV,PI,63,L,0.0003558714109990107,0.2158684869909616,0.18380684604630915
IDV,PI,64,I,0.0007362558088568885,0.18205699043181753,0.15521361881274504
IDV,PI,65,E,0.0002795284338203701,0.0010548283594848775,0.001023261060302068
IDV,PI,66,I,0.0005825558668438454,0.013963105865559077,0.012141268661504617
IDV,PI,67,C,7.820112894963236e-05,0.012991835397222797,0.011087783652500243
IDV,PI,68,G,8.673837556444869e-05,0.0,3.9038564816013134e-05
IDV,PI,69,H,0.0011417692678407322,0.02623748704210049,0.022835401379991165
IDV,PI,70,K,0.00040114555650656907,0.004007025890320668,0.0035895785500003837
IDV,PI,71,A,0.8879774991744596,0.3620079115502455,0.7079722908666382
IDV,PI,72,I,8.293846015081221e-05,0.12207466908765043,0.10389034855296829
IDV,PI,73,G,0.0005253767400317394,0.17534987932483057,0.14941266110327922
IDV,PI,74,T,4.259847141134765e-05,0.04215149831878773,0.03587885078567306
IDV,PI,75,V,0.0005410968099185588,0.0,0.00024370972963018921
IDV,PI,76,L,2.9240321378630666e-05,0.016014855466109274,0.013637513395367468
IDV,PI,77,V,7.496498905418484e-08,0.07122307823969186,0.060591865172557824
IDV,PI,78,G,0.00013340042529609082,0.0,6.005804051864528e-05
IDV,PI,79,P,0.0001591938018225714,0.014541258406492133,0.012442413967972474
IDV,PI,80,T,0.00031742563055490216,0.0,0.00014295438461101514
IDV,PI,81,P,8.345430918440791e-06,0.0,3.725529818170528e-06
IDV,PI,82,V,0.0005636190021139059,0.39795087703369797,0.3388040341128355
IDV,PI,83,N,0.00014165198567404988,0.0011274034278290638,0.0010228950217127854
IDV,PI,84,I,0.000160679979394045,0.3044075911449353,0.2590421098376133
IDV,PI,85,I,6.0954599788431994e-05,0.024972646175646044,0.021272492934810892
IDV,PI,86,G,8.776725425330995e-05,0.0,3.950203546777085e-05
IDV,PI,87,R,0.002513966568145404,0.0,0.0011324123945580546
IDV,PI,88,N,0.000506082613455413,0.02219305687704287,0.019108316158927257
IDV,PI,89,L,2.9094658405225764e-07,0.04567487934997958,0.03885725145762092
IDV,PI,90,L,8.100180956835104e-05,0.4965875793908716,0.4225001895373396
IDV,PI,91,T,1.109821789239568e-05,0.005431941936907006,0.004626101030112219
IDV,PI,92,Q,7.099581422024747e-06,0.0033471718139920325,0.0028507158218974388
IDV,PI,93,I,3.0050039914220385e-05,0.14728423784810862,0.12531315131481402
IDV,PI,94,G,3.2006313803365825e-05,0.0,1.4383856140369246e-05
IDV,PI,95,C,0.0004909003758413977,0.00013758512276426725,0.00033814643410326906
IDV,PI,96,T,4.615784991419503e-05,0.0,2.0758584021960482e-05
IDV,PI,97,L,1.2193143217904296e-05,0.0,5.458777621351544e-06
IDV,PI,98,N,1.0878915287210022e-05,0.0,4.866768007204304e-06
IDV,PI,99,F,8.033887675938104e-05,0.0,3.615583440841753e-05
LPV,PI,1,P,1.0204487756371048e-05,0.0,2.664808008295702e-07
LPV,PI,2,Q,0.00010249443527406614,0.0,1.6702531445147967e-05
LPV,PI,3,I,1.6273540894231475e-05,0.0,1.3473272789122213e-06
LPV,PI,4,T,2.2067169045721954e-05,0.001773542444024892,0.001792857224695787
LPV,PI,5,L,7.452524933686585e-05,0.0,1.1721458544916429e-05
LPV,PI,6,W,0.00015281021854963536,0.0,2.566334228499856e-05
LPV,PI,7,Q,0.00012521463111851727,0.0009836155426041669,0.0010137569474933132
LPV,PI,8,R,0.00040237375881618353,0.0005941172071046247,0.0006698989413615998
LPV,PI,9,P,0.00011261095999803798,0.0,1.8504198009925457e-05
LPV,PI,10,L,0.0006509860908189883,0.5585138223956436,0.5639614868828191
LPV,PI,11,V,6.566562673418772e-05,0.024202320717100746,0.024443573690744153
LPV,PI,12,T,6.422846337231423e-05,0.024352282286401444,0.024594711305097924
LPV,PI,13,I,6.838719017032397e-05,0.10940684258265958,0.11046220307268029
LPV,PI,14,K,0.0003470722490242988,0.02572613413657296,0.02603205420491357
LPV,PI,15,I,0.0008354480427003736,0.061702642364608644,0.06243907971144095
LPV,PI,16,G,0.00017237061760137364,0.03372868951833353,0.034079913576534886
LPV,PI,17,G,0.001958033340875976,0.0,0.0003471581470920057
LPV,PI,18,Q,0.00038100247603635744,0.0021019664007853327,0.0021883406300656828
LPV,PI,19,L,0.00011920597916546477,0.017339440099821454,0.01752469411484926
LPV,PI,20,K,0.0002664976837114819,0.10649221978735789,0.10755503016361007
LPV,PI,21,E,0.00021858314936778204,0.0,3.737693895537304e-05
LPV,PI,22,A,0.003361101544880767,0.0008098389668235004,0.001414604764277742
LPV,PI,23,L,0.002070253088807464,0.00018613119112316447,0.0005550520932673647
LPV,PI,24,L,8.73344582443551e-06,0.022346303048623357,0.02255969366921127
LPV,PI,25,D,0.0005720082947931479,0.0,0.00010031893584049582
LPV,PI,26,T,0.004005337475906791,0.0,0.0007117655106538626
LPV,PI,27,G,0.0008208496795068758,0.0,0.0001446354590541748
LPV,PI,28,A,2.246045776685266,0.0,0.4
LPV,PI,29,D,0.00024000862375604917,0.0,4.119263277247687e-05
LPV,PI,30,D,0.001241590230750724,0.008938743627023862,0.009243665952938249
LPV,PI,31,T,0.0012885275542764366,0.0,0.00022792489026190067
LPV,PI,32,V,0.0012619162140848584,0.18509570326264133,0.18708637830695665
LPV,PI,33,L,0.0014512064054205943,0.273751139680466,0.27662210149825633
LPV,PI,34,E,0.0006684307290306652,0.007904160582569583,0.008097128808923028
LPV,PI,35,E,0.00011756631708053664,0.08782475012470045,0.08868278036743067
LPV,PI,36,M,0.00027210867727827043,0.3130801388536873,0.3161166682982206
LPV,PI,37,S,0.00042988541152719537,0.05571875813330464,0.056325827791644134
LPV,PI,38,L,0.00012536557273200603,0.0,2.07756854956451e-05
LPV,PI,39,P,7.47382900137545e-05,0.005385730872426408,0.005448918922355
LPV,PI,40,G,0.00028228959766680376,0.0,4.872251275593904e-05
LPV,PI,41,R,0.00030840120881108895,0.018195704226585955,0.018422828809424533
LPV,PI,42,W,0.0003742457463147008,0.0,6.509911667527186e-05
LPV,PI,43,K,7.013192132544155e-05,0.05612947247188381,0.05667639504383327
LPV,PI,44,P,0.00026963067825959625,0.0,4.6468067433610565e-05
LPV,PI,45,K,0.00011222610634308593,0.006237401858496977,0.0063153988227453274
LPV,PI,46,M,0.0027211393086759845,0.40123015745673185,0.4055445878645778
LPV,PI,47,I,0.00041351666525929026,0.05467806840763896,0.05527228532678123
LPV,PI,48,G,0.0014045682192652684,0.006868415420325824,0.007182593050766967
LPV,PI,49,G,0.0004425032658621814,0.0,7.72551973570042e-05
LPV,PI,50,I,0.000298573389036655,0.03306122499400254,0.03342855103012379
LPV,PI,51,G,0.002073018088172691,0.0,0.00036763594755375817
LPV,PI,52,G,0.0016858702998136423,0.0,0.00029868823626499457
LPV,PI,53,F,4.885481849772284e-05,0.019107417200477036,0.019297024789207307
LPV,PI,54,I,0.00016695718376006017,0.5222323237285946,0.5272473327095599
LPV,PI,55,K,0.0001538473272925359,0.03162340645681591,0.0319512282075846
LPV,PI,56,V,0.00020448790743018532,0.0,3.4866696869843184e-05
LPV,PI,57,R,4.93560671874099e-05,0.07468641806353507,0.07540684196320954
LPV,PI,58,Q,0.00027094744629243986,0.1612402885764325,0.16282668384252438
LPV,PI,59,Y,0.00015721066866914064,0.0,2.6447024830793894e-05
LPV,PI,60,D,0.00040736639965989035,0.017066594396676328,0.017300561899892715
LPV,PI,61,Q,0.0001661819260189455,0.0024503220258652795,0.002501765019431745
LPV,PI,62,I,1.4376674234233205e-05,0.21419391608041544,0.21624027548868188
LPV,PI,63,L,0.0011351007348584935,0.18334813817597603,0.18529954086913142
LPV,PI,64,I,0.00021358397074799665,0.08079297011492272,0.08160095341332615
LPV,PI,65,E,0.000362324841394773,0.0010508619761037657,0.001123872822353064
LPV,PI,66,I,0.0006899605220525499,0.001044820091398855,0.0011761223570374453
LPV,PI,67,C,0.00016913610477622913,0.0113576581455417,0.011494683912707604
LPV,PI,68,G,0.0004452888288002577,0.0,7.775128230183938e-05
LPV,PI,69,H,0.0018253286373390936,0.028459153222800335,0.029054435870756207
LPV,PI,70,K,6.609688049594067e-05,0.0048407555635896085,0.004897200652116063
LPV,PI,71,A,0.0921524319944578,0.5943247590464744,0.6164100094540546
LPV,PI,72,I,0.000366593682512018,0.04997007903573651,0.05051098251431275
LPV,PI,73,G,0.0003376183041481245,0.14569661568654754,0.14714645704525614
LPV,PI,74,T,4.089100104365021e-05,0.025169043557757263,0.0254151156738013
LPV,PI,75,V,0.0001885933400756523,0.0,3.20360103104154e-05
LPV,PI,76,L,0.00026003962700843383,0.013538849721352378,0.013712892951184533
LPV,PI,77,V,2.3169244123637085e-05,0.09327864069294561,0.09417193913548062
LPV,PI,78,G,6.827890121664218e-05,0.0,1.060903734621161e-05
LPV,PI,79,P,7.876026646561811e-05,0.01571168346415318,0.01587419090276203
LPV,PI,80,T,9.022065612012599e-05,0.0,1.4516676309271323e-05
LPV,PI,81,P,8.70817336459617e-06,0.0,0.0
LPV,PI,82,V,0.0013496955243746903,0.5183918990846819,0.5235808712190765
LPV,PI,83,N,7.046240736853912e-05,0.0011083664868459966,0.001129948242642457
LPV,PI,84,I,5.1378576582286556e-05,0.3061102122404597,0.30904087531517
LPV,PI,85,I,5.202791350169223e-05,0.028615057028721847,0.028896018712446358
LPV,PI,86,G,0.010186420556361028,0.0,0.0018125635637420028
LPV,PI,87,R,0.0006881624173132206,0.0,0.00012100499203226293
LPV,PI,88,N,0.00010569584181500908,0.025223487923501955,0.025481621120002972
LPV,PI,89,L,0.00019727653535329745,0.026454609181532307,0.02674080816357673
LPV,PI,90,L,0.0003441960551020368,0.5149933691672988,0.5199708176868407
LPV,PI,91,T,3.453493743756854e-05,0.005796445981858572,0.005856396100359478
LPV,PI,92,Q,8.922037119866744e-05,0.003361987955889737,0.0034084303043637213
LPV,PI,93,I,8.876429443207282e-05,0.08054897621443775,0.08133240028395823
LPV,PI,94,G,0.00029836184026014274,0.0,5.158484175641053e-05
LPV,PI,95,C,0.00029818381362607644,0.00010084703997893273,0.00015336317083885237
LPV,PI,96,T,5.34288242258338e-05,0.0,7.964365590968101e-06
LPV,PI,97,L,0.00010551472243827643,0.0,1.7240418767944713e-05
LPV,PI,98,N,1.7841837402268466e-05,0.0,1.6266274792559419e-06
LPV,PI,99,F,4.079984061738889e-05,0.0,5.7152515784710296e-06
NFV,PI,1,P,3.109122802373359e-06,0.0,5.083766037913198e-07
NFV,PI,2,Q,2.0161245644661983e-06,0.0,2.972197672145218e-07
NFV,PI,3,I,6.898178386966449e-07,0.0,4.098995564567844e-08
NFV,PI,4,T,1.6534328489779034e-06,0.0008274048866236517,0.0008461211349940107
NFV,PI,5,L,2.007504540258914e-06,0.0,2.9555446073945304e-07
NFV,PI,6,W,1.694577277866212e-05,0.0,3.1814854309454694e-06
NFV,PI,7,Q,4.5568780053264635e-06,0.0017213624461679356,0.0017606158882345687
NFV,PI,8,R,1.5104557387827833e-05,0.0004556166335699712,0.00046862357215157383
NFV,PI,9,P,2.924360082575077e-05,0.0,5.557308535803238e-06
NFV,PI,10,L,9.788745774397427e-06,0.5243252974123839,0.5360436107626952
NFV,PI,11,V,4.637426674499805e-05,0.022751373289679747,0.02326863972594804
NFV,PI,12,T,2.1448404636374877e-06,0.03654915096289677,0.03736619629460181
NFV,PI,13,I,0.00010687008360911481,0.1342469060886936,0.1372673264629086
NFV,PI,14,K,1.7643912097022547e-05,0.01015051927913811,0.010380658008531078
NFV,PI,15,I,0.0003951692923898086,0.00016211793460117098,0.0002419912664873349
NFV,PI,16,G,1.7242966103451577e-05,0.04945524883151898,0.05056360919861392
NFV,PI,17,G,2.3077766897696906e-06,0.0,3.535641765869515e-07
NFV,PI,18,Q,1.8944518534725185e-05,0.0016024697201413912,0.0016418459535790175
NFV,PI,19,L,3.2237636871949345e-06,0.03972642904931129,0.040614681919944176
NFV,PI,20,K,9.950075389446731e-06,0.13445306063561127,0.1374593636949613
NFV,PI,21,E,1.9001655317615324e-05,0.0,3.5786623322825303e-06
NFV,PI,22,A,4.001879555603642e-05,0.0007529593851808615,0.0007774239049082157
NFV,PI,23,L,4.776440345284588e-07,5.536994009069334e-05,5.6607230587708536e-05
NFV,PI,24,L,5.765574854588735e-07,0.02000046948766517,0.02044741685412577
NFV,PI,25,D,2.364002629802916e-05,0.0,4.4747513735322006e-06
NFV,PI,26,T,2.0680946476932464e-06,0.0,3.072598916998721e-07
NFV,PI,27,G,8.837397103485485e-05,0.0,1.698073218457027e-05
NFV,PI,28,A,6.532409396078205e-06,0.0,1.1697229287465818e-06
NFV,PI,29,D,0.0001394162692208511,0.0,2.6841617447479622e-05
NFV,PI,30,D,0.0001591820392283555,0.03496443834108729,0.03577640995081368
NFV,PI,31,T,0.0002456262468429395,0.0,4.7360372290593685e-05
NFV,PI,32,V,8.023296151853252e-06,0.09743165949784065,0.09961031422690023
NFV,PI,33,L,8.35306329547035e-06,0.2454773792491981,0.25096431080450843
NFV,PI,34,E,2.702515451544347e-05,0.008052613142712097,0.008237684662469349
NFV,PI,35,E,1.1827327452678654e-05,0.03303559711906069,0.033775999533151815
NFV,PI,36,M,3.4449695619460342e-06,0.2524411988779346,0.2580827949719767
NFV,PI,37,S,5.025437550724687e-06,0.04799440406776679,0.04906776025092392
NFV,PI,38,L,1.7225444683486178e-06,0.0,2.405028922662146e-07
NFV,PI,39,P,2.3551479175953432e-06,0.005944350935785249,0.006077545453719658
NFV,PI,40,G,1.4535146415885661e-06,0.0,1.885288952429168e-07
NFV,PI,41,R,3.393376524079801e-06,0.0977128153529674,0.09989685830304292
NFV,PI,42,W,9.912324419653982e-07,0.0,9.922038266461624e-08
NFV,PI,43,K,8.012419185373812e-07,0.04130388219657567,0.042226916650947875
NFV,PI,44,P,5.56499025542774e-06,0.0,9.828267762196205e-07
NFV,PI,45,K,2.99842064232875e-06,0.0027748122539612684,0.0028373048886725094
NFV,PI,46,M,1.181258608200057e-06,0.3416918944030662,0.3493274392435612
NFV,PI,47,I,4.209285598267245e-06,0.007834626016250946,0.008010418611727788
NFV,PI,48,G,4.837084462585341e-06,0.005729487941226582,0.0058583606411549555
NFV,PI,49,G,3.091908547504591e-05,0.0,5.880996192386816e-06
NFV,PI,50,I,1.4216767024709413e-06,0.0327441658039346,0.033476045653912614
NFV,PI,51,G,3.915368594993972e-06,0.0,6.641356024509153e-07
NFV,PI,52,G,1.3487276223533867e-05,0.0,2.513336877210412e-06
NFV,PI,53,F,3.669391854489428e-06,0.014472179575395514,0.01479618989903591
NFV,PI,54,I,0.003659339152512796,0.5406540336380953,0.5534422854403044
NFV,PI,55,K,3.284965795228826e-06,0.035450030773576675,0.036242735549633226
NFV,PI,56,V,1.871994691513856e-05,0.0,3.5242389553354674e-06
NFV,PI,57,R,3.795678018064833e-06,0.03441556504020908,0.03518525242525818
NFV,PI,58,Q,1.5513227011926434e-06,0.061258572631242146,0.06262765727778855
NFV,PI,59,Y,1.1980139496184682e-06,0.0,1.3916859804528182e-07
NFV,PI,60,D,1.2462643206820813e-06,0.04199064962675449,0.04292911648350092
NFV,PI,61,Q,9.919385127613258e-07,0.0037566764852564384,0.0038407221152027566
NFV,PI,62,I,0.0003020030818364143,0.5868855216815656,0.6000582518391938
NFV,PI,63,L,1.5836711259823962e-06,0.31780207561915763,0.32490385897961493
NFV,PI,64,I,3.3015726933344596e-05,0.1675614872814136,0.17131208360864175
NFV,PI,65,E,6.038954491781648e-07,0.0008232316604851473,0.0008416518937932184
NFV,PI,66,I,1.0921981592255531e-05,0.011780612503537633,0.012045878501186191
NFV,PI,67,C,0.0005432935961624598,0.013308249505558138,0.013710501028195968
NFV,PI,68,G,1.0819758029772322e-05,0.0,1.997997800009095e-06
NFV,PI,69,H,7.874468574869275e-05,0.017435676993912987,0.017840413130727133
NFV,PI,70,K,1.7873538144438028e-05,0.004285663687393923,0.00438479137034029
NFV,PI,71,A,0.0023758509041293375,0.5639766922730973,0.5770381519102027
NFV,PI,72,I,8.750659213153553e-06,0.06116793726610311,0.06253638742806336
NFV,PI,73,G,0.00014109537044233538,0.13826484674006623,0.1413816635663532
NFV,PI,74,T,3.269930742405943e-05,0.04580960019337202,0.046839481320929556
NFV,PI,75,V,4.244749113009288e-05,0.0,8.108174228423646e-06
NFV,PI,76,L,2.3299614251950717e-05,0.013048160367746926,0.013344142088992064
NFV,PI,77,V,1.610639803718189e-06,0.08485021741236727,0.08674648977774775
NFV,PI,78,G,2.480805477366217e-06,0.0,3.8699168832343845e-07
NFV,PI,79,P,1.579314747860269e-05,0.011628061518114647,0.011890859691278425
NFV,PI,80,T,2.3353113340613602e-05,0.0,4.41932252620234e-06
NFV,PI,81,P,1.1537714130394547e-05,0.0,2.136700072117679e-06
NFV,PI,82,V,0.00013580900761950155,0.4453961071715798,0.4553750235651883
NFV,PI,83,N,2.070496049800678,0.000915660712163144,0.4009361219641673
NFV,PI,84,I,0.006067478515232891,0.2714786477794511,0.2787171660338958
NFV,PI,85,I,0.0008247361920849862,0.025172444611941444,0.0258941841389738
NFV,PI,86,G,2.010022044589961e-06,0.0,2.960408185689315e-07
NFV,PI,87,R,0.00010769570751125004,0.0,2.0713507416978914e-05
NFV,PI,88,N,0.5693682913809794,0.06025028399430233,0.17159306215251802
NFV,PI,89,L,0.0029193986840690073,0.042270613982769614,0.04377909611132472
NFV,PI,90,L,3.899283673220764e-06,0.4357443911109547,0.44548214763471317
NFV,PI,91,T,1.6632170133969575e-05,0.0029462467054295035,0.0030152041056342007
NFV,PI,92,Q,7.523038805936864e-05,0.0037552565036348493,0.003853612563334425
NFV,PI,93,I,2.1267332585033662e-05,0.2885870689368472,0.2950398197166843
NFV,PI,94,G,9.47967386279825e-06,0.0,1.7391063181831796e-06
NFV,PI,95,C,1.3634712496214836e-05,6.673661562610843e-05,7.076972474421663e-05
NFV,PI,96,T,3.711547915742173e-06,0.0,6.247593908824941e-07
NFV,PI,97,L,2.5530608072796344e-06,0.0,4.0095072902559384e-07
NFV,PI,98,N,2.3840943384202105e-05,0.0,4.513566638606865e-06
NFV,PI,99,F,2.2910690565576775e-06,0.0,3.5033642117676046e-07
SQV,PI,1,P,0.0005084493455965182,0.0,0.00022581144949634525
SQV,PI,2,Q,0.0001222529830195051,0.0,5.0463098577029644e-05
SQV,PI,3,I,0.00026980704731106766,0.0,0.00011745845211252197
SQV,PI,4,T,0.00029743410803654473,0.0006982671096596696,0.0007889546414313401
SQV,PI,5,L,0.0007147943030063326,0.0,0.0003195001827637698
SQV,PI,6,W,0.00038818666968265747,0.0,0.00017120746058789366
SQV,PI,7,Q,0.0003579299466490852,0.001171290430386565,0.0012628127136050486
SQV,PI,8,R,0.0041984810332947875,0.00040994955062886125,0.0022880991577801484
SQV,PI,9,P,0.002737609082349243,0.0,0.00123793771906311
SQV,PI,10,L,0.00021866943394328195,0.6357974498238014,0.6000942399626524
SQV,PI,11,V,0.0009782518646390876,0.032475258107382436,0.031085916478990103
SQV,PI,12,T,6.75869492868457e-05,0.025097191173658575,0.023709780822994176
SQV,PI,13,I,0.0007448127640774169,0.21286653540858436,0.20121459172792838
SQV,PI,14,K,6.46882412628184e-05,0.03858919024740471,0.03644082064700113
SQV,PI,15,I,0.00035716039931673395,0.060044850515942896,0.05682125182098757
SQV,PI,16,G,1.5765004736857613e-05,0.026755926282590936,0.025251594585416693
SQV,PI,17,G,2.6474157111766035e-05,0.0,6.975741358430338e-06
SQV,PI,18,Q,0.0002167875038460341,0.011649330613752906,0.01108682116932837
SQV,PI,19,L,1.1110420157413705e-05,0.03085192316735313,0.029114860252336457
SQV,PI,20,K,0.002884362999061047,0.24209291750421322,0.22976687414915342
SQV,PI,21,E,0.0003580542433335047,0.0,0.00015752615288663836
SQV,PI,22,A,1.9829459021642147e-05,0.002112268944187459,0.0019973001676176164
SQV,PI,23,L,0.0002825067182951688,0.00011618051658395429,0.00023286378093033983
SQV,PI,24,L,0.001089339428923499,0.028618674938041884,0.027496909524527678
SQV,PI,25,D,0.00029534363231392696,0.0,0.00012905306693096
SQV,PI,26,T,0.0007729375896489249,0.0,0.00034589952366324427
SQV,PI,27,G,0.00016525850681646558,0.0,6.998929925872206e-05
SQV,PI,28,A,0.0005125610733272674,0.0,0.0002276783357409621
SQV,PI,29,D,0.0007814518566288967,0.0,0.0003497653360294266
SQV,PI,30,D,0.0001676002510169188,0.008075905206087329,0.007692258204001286
SQV,PI,31,T,0.00011282318054170798,0.0,4.6181597055515776e-05
SQV,PI,32,V,0.0004710855751554013,0.09408394294751547,0.08899555992895306
SQV,PI,33,L,0.0003784911326061785,0.23377956334191094,0.22078382420635198
SQV,PI,34,E,9.438369836382267e-05,0.01899550485608221,0.0179638059302787
SQV,PI,35,E,0.00010919155766078908,0.17888799730940289,0.1688605580138443
SQV,PI,36,M,0.00011580568118309309,0.4105181102398501,0.38745215057619575
SQV,PI,37,S,0.0001522568539039395,0.05203405132622329,0.04916845222218918
SQV,PI,38,L,0.0002671872773396869,0.0,0.0001162689734203762
SQV,PI,39,P,9.515873520533662e-05,0.006182331283305019,0.005872407308858708
SQV,PI,40,G,0.00011500061958786207,0.0,4.7170240095607354e-05
SQV,PI,41,R,0.00025027302040016595,0.15997587464080154,0.15107730546853002
SQV,PI,42,W,8.201284304495379e-05,0.0,3.219249100782208e-05
SQV,PI,43,K,0.00014202961859311426,0.07325239750183836,0.06918749341301797
SQV,PI,44,P,0.00013090849909312024,0.0,5.439304359188303e-05
SQV,PI,45,K,0.0003067922155100692,0.00302139779876193,0.002985534519021959
SQV,PI,46,M,0.00015012025596044417,0.1972739416289046,0.18622989752827684
SQV,PI,47,I,8.152724181814772e-05,0.015174258608375528,0.014351870850222919
SQV,PI,48,G,0.00010560594756313159,0.012099293246969291,0.011460968649951025
SQV,PI,49,G,5.293100620733851e-05,0.0,1.898819230041637e-05
SQV,PI,50,I,6.481500410476978e-05,0.029511185479949728,0.0278739944219877
SQV,PI,51,G,4.3671030186900054e-05,0.0,1.4783798675625314e-05
SQV,PI,52,G,6.560351580905663e-05,0.0,2.4742010502749506e-05
SQV,PI,53,F,7.452680340548078e-05,0.035492086289897244,0.033522560739341005
SQV,PI,54,I,6.299391120630267e-05,0.23142703074159476,0.21842049863146376
SQV,PI,55,K,0.0004278024437930451,0.06204480837830768,0.058740679865511035
SQV,PI,56,V,0.00020685226703103464,0.0,8.887450370107025e-05
SQV,PI,57,R,0.0005836526737686669,0.13152842079720256,0.12438290263729439
SQV,PI,58,Q,0.0005633974694321178,0.14375275518854724,0.13590977086207293
SQV,PI,59,Y,0.00010405956053435904,0.0,4.22025685993228e-05
SQV,PI,60,D,0.0002628299790927507,0.053320038206895036,0.050432238439658605
SQV,PI,61,Q,9.030253981752513e-05,0.0015057661792638828,0.0014569430199440911
SQV,PI,62,I,4.1039481476564996e-05,0.4230588948607444,0.3992529017228996
SQV,PI,63,L,0.00014337482270800192,0.37663074507556754,0.3554852709902402
SQV,PI,64,I,0.00047201848533613174,0.23875802739379656,0.22552444975322378
SQV,PI,65,E,6.357125229473917e-05,0.0007827035610366756,0.0007624541055661398
SQV,PI,66,I,0.003189971092754758,0.01627802369538699,0.016804846267787107
SQV,PI,67,C,5.230435943391551e-05,0.01552460851366682,0.01466922658540351
SQV,PI,68,G,0.00020694490708990138,0.0,8.89165659344972e-05
SQV,PI,69,H,0.0004404302741962477,0.012871558753666365,0.01234177653886113
SQV,PI,70,K,6.0616052525381414e-05,0.011861695677740902,0.011216321407887307
SQV,PI,71,A,0.0004881736573952716,0.46031751021407613,0.43461675321676063
SQV,PI,72,I,0.0003216555733133535,0.11620427448872021,0.10980259826058801
SQV,PI,73,G,0.06852686932996564,0.11693367837383686,0.14145878624018837
SQV,PI,74,T,0.0007381043515732066,0.0504488293025218,0.047938481143480774
SQV,PI,75,V,0.002132234418184074,0.0,0.0009630737914451259
SQV,PI,76,L,6.210651582304636e-05,0.03129730407999965,0.02955831901603218
SQV,PI,77,V,0.00010571152679694823,0.03090006485939983,0.029203244037951315
SQV,PI,78,G,0.00014449613455998474,0.0,6.056236496018664e-05
SQV,PI,79,P,3.056395198656949e-05,0.014731287035497049,0.013910700667825023
SQV,PI,80,T,4.585093057260115e-05,0.0,1.5773559260759884e-05
SQV,PI,81,P,1.5088468519454797e-05,0.0,1.8061905490424957e-06
SQV,PI,82,V,7.034796614778978e-05,0.10659054242815226,0.10061604681777646
SQV,PI,83,N,5.987884885480172e-05,0.002486388883619216,0.002368539945681848
SQV,PI,84,I,2.1151764756127153e-05,0.3857650833394812,0.36404982242972217
SQV,PI,85,I,7.163353736531132e-05,0.029250996481811734,0.02763155078726879
SQV,PI,86,G,0.0002649798015219223,0.0,0.00011526669250360007
SQV,PI,87,R,0.004143092830429107,0.0,0.0018760826664292502
SQV,PI,88,N,0.00043286359075143835,0.027712859047830045,0.02634402812222288
SQV,PI,89,L,0.0002948883275159628,0.045080444296493924,0.042671116029494326
SQV,PI,90,L,0.00048495588709073075,0.5734974957173417,0.5414228790108722
SQV,PI,91,T,0.00047062370153201497,0.010029275421689606,0.009673231942585285
SQV,PI,92,Q,0.00023805194263589894,0.008975014679020484,0.008572732751074999
SQV,PI,93,I,0.00030295743758203866,0.07583854845125756,0.07170110327625602
SQV,PI,94,G,0.00025917763312517016,0.0,0.00011263227965378001
SQV,PI,95,C,0.0009133681430779221,0.0008897648763903775,0.0012493287630826345
SQV,PI,96,T,0.00039251422056307773,0.0,0.00017317233903816595
SQV,PI,97,L,0.8809919934504556,0.0,0.4
SQV,PI,98,N,0.0008320917545561359,0.0,0.00037275784308726594
SQV,PI,99,F,0.6236917507572748,0.0,0.2831755614000846
TPV,PI,1,P,8.03196905224015e-06,0.0,4.23075321753098e-06
TPV,PI,2,Q,3.0053861147596393e-05,0.0,1.7426576546001623e-05
TPV,PI,3,I,4.507730927977637e-05,0.0,2.6428835138418105e-05
TPV,PI,4,T,3.543456557841791e-05,0.0012783563051646735,0.0013916071710629704
TPV,PI,5,L,3.0121768072506928e-05,0.0,1.746726731771275e-05
TPV,PI,6,W,5.091931920948191e-05,0.0,2.9929448554457023e-05
TPV,PI,7,Q,2.568715657080428e-06,0.0008784268418144868,0.000943014406126015
TPV,PI,8,R,0.00013776716133916264,0.004850791189146222,0.005284137075772007
TPV,PI,9,P,4.586648182796373e-05,0.0,2.690171828017845e-05
TPV,PI,10,L,0.0003183033991125964,0.5594735048581687,0.6001901496995651
TPV,PI,11,V,8.53887283178352e-05,0.08735864330738935,0.09373721174465655
TPV,PI,12,T,2.9087927378079248e-05,0.03682655408918661,0.03951100122819096
TPV,PI,13,I,7.527853571631665e-05,0.20964907352638254,0.2248799166448285
TPV,PI,14,K,3.273474112260861e-05,0.014628499818460967,0.015707175178670128
TPV,PI,15,I,2.466622610443975e-05,0.07865896381822637,0.08437096916124429
TPV,PI,16,G,2.3452510114830336e-05,0.06401648325871041,0.0686671062423217
TPV,PI,17,G,0.0010499728458246247,0.0,0.0006285761849844724
TPV,PI,18,Q,5.1030410507376475e-05,0.0009306225568131609,0.0010280299340322803
TPV,PI,19,L,0.00011087260370025635,0.036391707883237305,0.039093662648272486
TPV,PI,20,K,5.3739973598853456e-05,0.197528844742148,0.2118688305303948
TPV,PI,21,E,0.00028547495911475086,0.0,0.00017047844277730053
TPV,PI,22,A,0.000332288292535769,0.012300235352123297,0.013389755226512938
TPV,PI,23,L,5.2110407731204594e-05,0.0005175692837948162,0.0005857035347261462
TPV,PI,24,L,7.737198360505091e-05,0.08056326076545214,0.08644478939113204
TPV,PI,25,D,0.0001025171227390064,0.0,6.084756842192837e-05
TPV,PI,26,T,0.01659532291644103,0.0,0.009943565661040404
TPV,PI,27,G,0.6675422547065247,0.0,0.4
TPV,PI,28,A,0.0021746985388764917,0.0,0.0013025274274226192
TPV,PI,29,D,0.010390293442067934,0.0,0.006225425896426512
TPV,PI,30,D,0.00026178935817239713,0.036342570247237596,0.03913139705044967
TPV,PI,31,T,0.00036188456527119344,0.0,0.0002162641390777132
TPV,PI,32,V,1.858357075732798e-05,0.17180551736002272,0.18426112028428418
TPV,PI,33,L,0.00018224527261203108,0.2377323470979367,0.25506154988360086
TPV,PI,34,E,0.00020806430562505388,0.009008229191380423,0.009784849791444152
TPV,PI,35,E,0.00037889301124209595,0.12994239209264932,0.13958146474801197
TPV,PI,36,M,9.535094795453114e-05,0.43812838417090494,0.4699215752002398
TPV,PI,37,S,2.2020797848307735e-05,0.1007067877813255,0.10801428273782146
TPV,PI,38,L,5.921603461073237e-05,0.0,3.4900955551559646e-05
TPV,PI,39,P,8.342396110315079e-05,0.009472992151846805,0.010208592490099217
TPV,PI,40,G,5.49201575722077e-05,0.0,3.232680641869931e-05
TPV,PI,41,R,8.078759065266389e-05,0.10554982955262568,0.11324335304939927
TPV,PI,42,W,8.922773395755876e-05,0.0,5.288438225499941e-05
TPV,PI,43,K,8.845772715711082e-05,0.14312594250140231,0.1535459570921597
TPV,PI,44,P,0.00022260389384690845,0.0,0.00013280522804376088
TPV,PI,45,K,0.0001733186071143499,0.022856221265970554,0.0246151266066316
TPV,PI,46,M,9.152397632889331e-05,0.1194526538769689,0.12815968748544898
TPV,PI,47,I,0.0002249131403872681,0.06359985633976777,0.0683410181893457
TPV,PI,48,G,0.0005325157443349866,0.029232612489224097,0.03166863939688844
TPV,PI,49,G,0.0007495096253450153,0.0,0.0004485344539204865
TPV,PI,50,I,1.2586102756938483e-05,0.018286597409581256,0.01961818047160515
TPV,PI,51,G,0.00019612046477914666,0.0,0.00011693598985128235
TPV,PI,52,G,0.0005423403500253286,0.0,0.0003243957493819082
TPV,PI,53,F,5.021030338410054e-05,0.027750819444366998,0.029790505827119344
TPV,PI,54,I,0.0001729321522484688,0.26316295323882427,0.2823286883301271
TPV,PI,55,K,5.592549588779501e-05,0.06281847008306905,0.06740177103653273
TPV,PI,56,V,0.0001914375924725816,0.0,0.00011412994778370492
TPV,PI,57,R,0.00010187350331908562,0.048530829335588034,0.05210671136495798
TPV,PI,58,Q,8.067927875984255e-05,0.22788968583828756,0.24444505755024473
TPV,PI,59,Y,1.6247997639517541e-06,0.0,3.914884714429141e-07
TPV,PI,60,D,1.1311493975773611e-05,0.03673430038266698,0.03940141306873145
TPV,PI,61,Q,3.171150705271873e-05,0.00449684500402945,0.004841002126244921
TPV,PI,62,I,0.00011732302311402548,0.17629802117889187,0.18913821295264274
TPV,PI,63,L,2.727729579863136e-05,0.10845281911114348,0.11632456189926282
TPV,PI,64,I,0.00012895319175028672,0.24787962020330703,0.2659119260762644
TPV,PI,65,E,2.8995799768560845e-05,0.004206912562761922,0.004528440604392962
TPV,PI,66,I,9.693807313938467e-05,0.01857438434784154,0.01997735865864989
TPV,PI,67,C,8.707163173995464e-05,0.011225382905522116,0.012090106634752183
TPV,PI,68,G,0.00110219010637691,0.0,0.0006598654920958254
TPV,PI,69,H,2.9269547823704433e-05,0.03609357247299167,0.03872503356630583
TPV,PI,70,K,6.91484161987665e-05,0.015658500077282617,0.016833604985229934
TPV,PI,71,A,7.85982593316526e-05,0.216832476168683,0.2325856515300786
TPV,PI,72,I,7.054729220555375e-05,0.15804889844023376,0.16953915268515085
TPV,PI,73,G,0.00018416886310901838,0.05607211476165565,0.060243576230542696
TPV,PI,74,T,4.817294331812081e-05,0.02817255251978466,0.030241567101219658
TPV,PI,75,V,0.000192216954543421,0.0,0.00011459695235130411
TPV,PI,76,L,7.684619654195363e-05,0.0667613183570341,0.07164276277101601
TPV,PI,77,V,1.2765805729980396e-05,0.11625785617638304,0.12468627573266347
TPV,PI,78,G,0.00020933861170129738,0.0,0.0001248564869075389
TPV,PI,79,P,2.6575256054186106e-05,0.02980128523347705,0.031975338438936136
TPV,PI,80,T,4.4908471220790996e-05,0.0,2.6327665030606942e-05
TPV,PI,81,P,5.564973953948257e-05,0.0,3.27639820574732e-05
TPV,PI,82,V,1.2077622561418081e-06,0.14680121482325156,0.15743517315313296
TPV,PI,83,N,5.3647987032122894e-05,0.008518717975907317,0.009167351527443884
TPV,PI,84,I,0.00017918352385585778,0.44789045792579585,0.4804410164141934
TPV,PI,85,I,9.71462972446605e-07,0.013185750763966154,0.014140884938573297
TPV,PI,86,G,0.007567833295850807,0.0,0.0045341686111824145
TPV,PI,87,R,8.114357154949498e-05,0.0,4.804023996088799e-05
TPV,PI,88,N,5.913871301788675e-05,0.047510018137090146,0.05098634854529629
TPV,PI,89,L,6.090939372956302e-05,0.09157228072218387,0.0982414033996852
TPV,PI,90,L,0.0005488712732534162,0.21312321685280253,0.22888949929044083
TPV,PI,91,T,4.4579180441944225e-05,0.004071604241977902,0.004392668753789506
TPV,PI,92,Q,4.5490356200623955e-05,0.015348152005402037,0.016486600040558616
TPV,PI,93,I,0.0002905631976848508,0.2692439725465399,0.28892068364113127
TPV,PI,94,G,0.0004635306032762431,0.0,0.00027717185553303487
TPV,PI,95,C,1.0303896927897779e-05,0.00814889437293494,0.00874476668948639
TPV,PI,96,T,5.0530842675178714e-06,0.0,2.445764118281259e-06
TPV,PI,97,L,3.653385730825993e-05,0.0,2.1309480164592842e-05
TPV,PI,98,N,1.5560102254655217e-05,0.0,8.741715095925205e-06
TPV,PI,99,F,5.740201250860828e-05,0.0,3.3813968335841785e-05
ABC,NRTI,1,P,1.3019880430296348e-06,0.0005254933569061529,0.00023595061036981886
ABC,NRTI,2,I,6.375735753368508e-07,0.0,1.2151435388536531e-06
ABC,NRTI,3,S,4.158780195487846e-07,0.0,7.78725268534736e-07
ABC,NRTI,4,P,6.551885057280351e-07,0.0009287237013657465,0.0004137948719642
ABC,NRTI,5,I,9.324849150626577e-07,0.0,1.7956905702231433e-06
ABC,NRTI,6,E,5.384177753566957e-07,0.004619432674455196,0.0020530017110078373
ABC,NRTI,7,T,5.431357077295363e-07,0.0,1.0292380943927331e-06
ABC,NRTI,8,V,5.036130099198428e-07,0.0,9.514357796141157e-07
ABC,NRTI,9,P,6.615956153669926e-07,0.0,1.2624320698403017e-06
ABC,NRTI,10,V,9.958529226611522e-07,0.0,1.920433514083183e-06
ABC,NRTI,11,K,2.9569283529671584e-07,0.0016426748482491365,0.0007302288875558079
ABC,NRTI,12,L,3.9455361970168426e-07,0.0,7.367471708512755e-07
ABC,NRTI,13,K,1.7937804111275207e-07,0.0,3.1316378647154706e-07
ABC,NRTI,14,P,5.52666938488094e-07,0.0,1.0480007765172077e-06
ABC,NRTI,15,G,2.086424700292754e-07,0.0,3.707722098980824e-07
ABC,NRTI,16,M,1.0912282044628794e-06,0.0,2.1081843030745502e-06
ABC,NRTI,17,D,7.62837037666777e-07,0.0,1.4617306360548497e-06
ABC,NRTI,18,G,6.868247060421835e-07,0.0,1.312096737564681e-06
ABC,NRTI,19,P,8.418790537476947e-07,0.0,1.617328612829497e-06
ABC,NRTI,20,K,6.927135381823645e-07,0.015481934714692195,0.006878498850919252
ABC,NRTI,21,V,1.080908243969571e-06,0.006157602911652976,0.002737334760280162
ABC,NRTI,22,K,1.2921330467182463e-07,0.0,2.144121113162602e-07
ABC,NRTI,23,Q,1.248473933202439e-06,0.0,2.4177300163731936e-06
ABC,NRTI,24,W,4.967774015107591e-07,0.0,9.379795585912569e-07
ABC,NRTI,25,P,5.869521709761022e-07,0.0,1.115492891127761e-06
ABC,NRTI,26,L,6.134490337013541e-07,0.0,1.16765322857037e-06
ABC,NRTI,27,T,3.214018994514677e-07,0.001404561169915195,0.000624507866817074
ABC,NRTI,28,E,4.2842733214106893e-07,0.0016426748482491365,0.0007304901817406126
ABC,NRTI,29,E,6.858923469547818e-07,0.0,1.3102613442533737e-06
ABC,NRTI,30,K,4.7249907911572463e-07,0.0,8.901865235517322e-07
ABC,NRTI,31,I,9.947618042806484e-07,0.0,1.918285595534974e-06
ABC,NRTI,32,K,1.101893109782546e-06,0.002504187533969766,0.0011145054175852624
ABC,NRTI,33,A,4.985582806840029e-07,0.0009287237013657465,0.0004134865378992685
ABC,NRTI,34,L,3.34085423476071e-07,0.0,6.177126439196015e-07
ABC,NRTI,35,V,8.650781329812488e-07,0.03552458541640333,0.015781912750050364
ABC,NRTI,36,E,6.065411856814725e-07,0.0,1.1540548004298227e-06
ABC,NRTI,37,I,2.722606197211517e-07,0.0,4.960075703938075e-07
ABC,NRTI,38,C,2.0294372035904217e-08,0.0,0.0
ABC,NRTI,39,T,5.657174906025484e-07,0.003765099524829415,0.0016735551616394323
ABC,NRTI,40,E,1.293935355291689e-07,0.0,2.1476690435097252e-07
ABC,NRTI,41,M,1.7951694172229628e-05,0.2623366587709284,0.11656693306902438
ABC,NRTI,42,E,5.773836599552878e-07,0.0,1.096656821029796e-06
ABC,NRTI,43,K,4.7026723949839326e-07,0.00835564239280617,0.00371251598546208
ABC,NRTI,44,E,8.797390174058298e-07,0.029236074497530642,0.012988544539045608
ABC,NRTI,45,G,5.696224127352326e-07,0.0,1.0813784358801544e-06
ABC,NRTI,46,K,1.0963115887289387e-06,0.0,2.118191187339207e-06
ABC,NRTI,47,I,1.9249781002422446e-06,0.002504187533969766,0.0011161256996273855
ABC,NRTI,48,S,4.443314795969783e-07,0.0,8.347372610831655e-07
ABC,NRTI,49,K,5.867683654208661e-07,0.0026942722857394856,0.0011979282415604561
ABC,NRTI,50,I,1.052552707997605e-06,0.0,2.032049744530508e-06
ABC,NRTI,51,G,1.8778906030742875e-07,0.0,3.297212787293941e-07
ABC,NRTI,52,P,3.8282508219846664e-07,0.0,7.13658985649142e-07
ABC,NRTI,53,E,1.5484112189997276e-07,0.0,2.648616912683712e-07
ABC,NRTI,54,N,2.1662621920828153e-07,0.0,3.8648860076111243e-07
ABC,NRTI,55,P,2.119446354926958e-07,0.0,3.7727268003484267e-07
ABC,NRTI,56,Y,1.1514163833233094e-06,0.0,2.2266676024737724e-06
ABC,NRTI,57,N,1.1708280055980217e-06,0.0,2.264880306319368e-06
ABC,NRTI,58,T,6.559358358973974e-07,0.0,1.2512905241393652e-06
ABC,NRTI,59,P,6.92374928286034e-07,0.0,1.3230226146438875e-06
ABC,NRTI,60,V,7.234248657692841e-07,0.02992300802165289,0.01329337712501823
ABC,NRTI,61,F,2.8367629270389372e-06,0.0,5.544352618223338e-06
ABC,NRTI,62,A,5.87865784347058e-07,0.0031959962282098625,0.001420799410102881
ABC,NRTI,63,I,1.0084342300234817e-06,0.0,1.945200417406529e-06
ABC,NRTI,64,K,2.052373457833837e-07,0.002595320598168195,0.0011532222023222984
ABC,NRTI,65,K,3.231470993484581e-07,0.02532222022782669,0.011248889574882662
ABC,NRTI,66,K,1.3650062267887183e-07,0.0,2.2875754421677228e-07
ABC,NRTI,67,D,1.3581098918313388e-07,0.14050159934771028,0.06241194318514899
ABC,NRTI,68,S,9.55075080904241e-07,0.0070704487023315185,0.003142579034054742
ABC,NRTI,69,T,1.8647476020463044e-05,0.046808009024104855,0.02082908772194172
ABC,NRTI,70,K,4.6122842944955826e-07,0.027679363494438145,0.012296219622396572
ABC,NRTI,71,W,7.681458209280536e-07,0.0,1.4721812289868937e-06
ABC,NRTI,72,R,1.2534272058455596e-06,0.0,2.427480769705368e-06
ABC,NRTI,73,K,6.890771964311586e-07,0.0,1.3165308722769088e-06
ABC,NRTI,74,L,6.27829487236457e-06,0.12243004591832982,0.05439653447588624
ABC,NRTI,75,V,1.8599394666904525e-06,0.02381631845735624,0.010582983553846927
ABC,NRTI,76,D,2.1474640367570253e-06,0.0,4.187434892199287e-06
ABC,NRTI,77,F,3.3557070340228557e-06,0.0,6.5659188321109145e-06
ABC,NRTI,78,R,3.2060122411224504e-07,0.0,5.911683546483182e-07
ABC,NRTI,79,E,5.407860471466407e-07,0.00012909053966394214,5.836746221933992e-05
ABC,NRTI,80,L,6.345850830621204e-07,0.0,1.2092605493423696e-06
ABC,NRTI,81,N,2.622357124656009e-07,0.0,4.7627306255027877e-07
ABC,NRTI,82,K,2.653901490425251e-07,0.0,4.824827213313869e-07
ABC,NRTI,83,R,8.26648826281982e-07,0.011612456779337253,0.005159915476147811
ABC,NRTI,84,T,2.4761344293962053e-06,0.0,4.83443822860244e-06
ABC,NRTI,85,Q,5.776929796322332e-07,0.0,1.0972657315598616e-06
ABC,NRTI,86,D,3.0531670932908126e-07,0.0,5.610800586487854e-07
ABC,NRTI,87,F,5.495697051073793e-07,0.0,1.0419037249548495e-06
ABC,NRTI,88,W,2.5733380645781043e-07,0.0,4.666234268885206e-07
ABC,NRTI,89,E,3.6169595688600706e-07,0.0,6.720652951963196e-07
ABC,NRTI,90,V,6.793550225029368e-07,0.01508481427641289,0.00670206909642218
ABC,NRTI,91,Q,4.0506200313700945e-07,0.0,7.5743342460314e-07
ABC,NRTI,92,L,2.4908636501899266e-07,0.0,4.5038794524121927e-07
ABC,NRTI,93,G,3.029937269238639e-07,0.0,5.565071570420641e-07
ABC,NRTI,94,I,6.741377539207753e-07,0.0,1.2871218674967536e-06
ABC,NRTI,95,P,2.8593395524911495e-07,0.0,5.229241832207623e-07
ABC,NRTI,96,H,3.9919807933570933e-07,0.0,7.458900110532006e-07
ABC,NRTI,97,P,3.1097965193256014e-07,0.0,5.72227831129566e-07
ABC,NRTI,98,A,4.1925518065629007e-07,0.03441034863091756,0.015286083966357078
ABC,NRTI,99,G,2.2738060623515394e-07,0.0,4.0765912431050924e-07
ABC,NRTI,100,L,7.238861727235437e-07,0.0,1.3850540015344805e-06
ABC,NRTI,101,K,5.811769058569197e-07,0.014101302534110016,0.006264993574700221
ABC,NRTI,102,K,4.0681867926218016e-07,0.002683254461534817,0.0011926798135169846
ABC,NRTI,103,K,1.864168774288559e-06,0.02133664677566252,0.00948150574008756
ABC,NRTI,104,K,9.571434086008947e-07,0.0,1.844231990281718e-06
ABC,NRTI,105,S,1.1268913418281496e-06,0.0,2.178388889123969e-06
ABC,NRTI,106,V,4.550131801095536e-06,0.026720314348724423,0.011878253013227733
ABC,NRTI,107,T,5.365298220467267e-07,0.0030105030392090547,0.0013383010829908647
ABC,NRTI,108,V,1.0903339494961112e-06,0.009088670402068783,0.0040393523814926885
ABC,NRTI,109,L,1.2703833824574664e-06,0.0,2.460859811706844e-06
ABC,NRTI,110,D,1.0686135123153388e-06,0.0,2.0636662034863953e-06
ABC,NRTI,111,V,5.076762533979881e-06,8.423680225874571e-05,4.7372428993430765e-05
ABC,NRTI,112,G,1.744650912321068e-07,0.0,3.0349241041958675e-07
ABC,NRTI,113,D,2.094247061926054e-07,0.0,3.7231207907664065e-07
ABC,NRTI,114,A,1.1819815609802806e-06,0.0,2.2868366118056403e-06
ABC,NRTI,115,Y,7.871196534873868e-06,0.0005254933569061529,0.00024888241045567934
ABC,NRTI,116,F,1.3256973345552764e-06,0.004718972072425778,0.002098767550335526
ABC,NRTI,117,S,1.3979926185958431e-06,0.0,2.7120646764785465e-06
ABC,NRTI,118,V,9.051036325130919e-07,0.0649529259623884,0.02885425004107847
ABC,NRTI,119,P,3.4055495983768335e-07,0.0,6.304482346654949e-07
ABC,NRTI,120,L,1.195655346265386e-06,0.0,2.3137541100009702e-06
ABC,NRTI,121,D,3.1394084918916747e-07,0.0,5.78057089096456e-07
ABC,NRTI,122,E,4.1271818279764386e-07,0.015541697401609753,0.006904494637337773
ABC,NRTI,123,D,3.3347394804027515e-07,0.13394046024555833,0.059497832026695764
ABC,NRTI,124,F,1.4238809052087717e-06,0.0,2.763027002831788e-06
ABC,NRTI,125,R,5.453104581222199e-07,0.0,1.033519194216212e-06
ABC,NRTI,126,K,3.096083118106621e-07,0.0,5.695282827245912e-07
ABC,NRTI,127,Y,7.162985992082168e-07,0.0,1.3701175013520316e-06
ABC,NRTI,128,T,1.0156573003663234e-05,0.0,1.9953747706671538e-05
ABC,NRTI,129,A,1.0317112018297942e-06,0.0,1.9910222460754097e-06
ABC,NRTI,130,F,2.457115016078448e-06,0.0,4.796997606786136e-06
ABC,NRTI,131,T,6.805944157666284e-07,0.0,1.2998321141446165e-06
ABC,NRTI,132,I,2.4312753425238412e-06,0.0,4.746130977555701e-06
ABC,NRTI,133,P,9.56753259912836e-07,0.0,1.8434639639899658e-06
ABC,NRTI,134,S,5.351007422323599e-07,0.0,1.013420881765782e-06
ABC,NRTI,135,I,1.885892944227464e-06,0.09665885309463511,0.04294015790829875
ABC,NRTI,136,N,8.322567733795588e-07,0.0,1.5983866952080183e-06
ABC,NRTI,137,N,1.2269168346369795e-06,0.0,2.375293840169346e-06
ABC,NRTI,138,E,9.02495809944278e-07,0.1205746472348907,0.05356177190827567
ABC,NRTI,139,T,8.76564478265944e-07,0.0,1.6856085245296783e-06
ABC,NRTI,140,P,8.132549131950693e-07,0.0,1.5609806275713516e-06
ABC,NRTI,141,G,7.642713485366805e-07,0.0,1.4645541453792373e-06
ABC,NRTI,142,I,1.6027758030771845e-06,0.07555407146713697,0.0335647205861766
ABC,NRTI,143,R,1.1456633658752521e-06,0.0,2.2153425133673588e-06
ABC,NRTI,144,Y,2.6159515211693602e-06,0.0,5.109674839168479e-06
ABC,NRTI,145,Q,6.79164261873691e-07,0.002683254461534817,0.0011932159387797116
ABC,NRTI,146,Y,5.308227526372623e-06,0.0,1.0409548502559161e-05
ABC,NRTI,147,N,9.898587924618175e-07,0.0,1.908633783031466e-06
ABC,NRTI,148,V,6.966253442995723e-07,0.0,1.3313897611938957e-06
ABC,NRTI,149,L,1.1001740944306994e-06,0.0,2.1257947139478814e-06
ABC,NRTI,150,P,8.688208041110654e-07,0.0,1.670364732796586e-06
ABC,NRTI,151,Q,1.1391077806633727e-05,0.173330172875432,0.07701676361405262
ABC,NRTI,152,G,2.0601316356005557e-06,0.0,4.015516897181203e-06
ABC,NRTI,153,W,5.775419759981999e-07,0.0,1.096968473707568e-06
ABC,NRTI,154,K,3.621268204682911e-07,0.0,6.72913470698329e-07
ABC,NRTI,155,G,8.166760057091341e-07,0.0,1.5677152112768386e-06
ABC,NRTI,156,S,1.6270724940992687e-06,0.0,3.163019332185088e-06
ABC,NRTI,157,P,3.570548624586102e-06,0.0,6.988844745140082e-06
ABC,NRTI,158,A,4.774210328873744e-07,0.00166305728133937,0.0007396406362938351
ABC,NRTI,159,I,2.5441650651659087e-06,0.0,4.968359778295988e-06
ABC,NRTI,160,F,9.825088178289225e-06,0.0,1.9301204025259222e-05
ABC,NRTI,161,Q,6.46512312211964e-07,0.0,1.232739868522986e-06
ABC,NRTI,162,S,1.0877766806445718e-06,0.02930924642664607,0.013021457513516856
ABC,NRTI,163,S,8.756155275027431e-07,0.0,1.6837404697135956e-06
ABC,NRTI,164,M,1.9029149701743585e-06,0.0,3.7060283964004296e-06
ABC,NRTI,165,T,4.199985277913459e-07,0.0,7.868366854445658e-07
ABC,NRTI,166,K,5.923161663476943e-07,0.0,1.126052171731053e-06
ABC,NRTI,167,I,1.409107137936749e-06,0.0,2.7339441376564748e-06
ABC,NRTI,168,L,6.238914704934046e-07,0.0,1.188209663211116e-06
ABC,NRTI,169,E,3.1494672583488944e-07,0.009746076573588705,0.004329850052318001
ABC,NRTI,170,P,9.483406094377326e-07,0.0,1.8269032604788317e-06
ABC,NRTI,171,F,1.0291580938365697e-06,0.0,1.9859963312780666e-06
ABC,NRTI,172,R,4.275375359590609e-07,0.003005084633864721,0.001335679635911066
ABC,NRTI,173,K,1.0147802463153969e-06,0.026931732815908983,0.01196520695060134
ABC,NRTI,174,Q,8.486758736639623e-07,0.03354997071345987,0.014904743886481643
ABC,NRTI,175,N,2.3304178364287465e-06,0.0,4.547588168692276e-06
ABC,NRTI,176,P,1.6817847034528846e-06,0.0023274634801300005,0.0010371449983537903
ABC,NRTI,177,D,5.624137652427641e-07,0.03820529484255399,0.016972105341688255
ABC,NRTI,178,I,7.496372217564546e-07,0.025234148000872616,0.011210606890293412
ABC,NRTI,179,V,2.7067515184274338e-06,0.022267399193484923,0.009896610625904988
ABC,NRTI,180,I,8.050378446252156e-06,0.0,1.5807603313144912e-05
ABC,NRTI,181,Y,8.229018200685278e-06,0.011006320047629779,0.0049052375511414266
ABC,NRTI,182,Q,0.00012434604712011673,0.0,0.0002447411711865063
ABC,NRTI,183,Y,0.020357349509664675,0.0,0.04007437304220876
ABC,NRTI,184,M,0.20319550578681947,1.35072331449414,1.0
ABC,NRTI,185,D,8.074675766971783e-05,0.0,0.00015891389142242034
ABC,NRTI,186,D,0.0002545829701217023,0.0,0.0005011187628164667
ABC,NRTI,187,L,3.430466448324752e-05,0.0,6.749041698071769e-05
ABC,NRTI,188,Y,1.6600322466936885e-05,0.008281067649085134,0.0037111421864343816
ABC,NRTI,189,V,1.0259968605792637e-05,0.015028490196774847,0.006695909471878731
ABC,NRTI,190,G,1.1850894943826004e-06,0.0074375146767082755,0.003306084899486646
ABC,NRTI,191,S,6.761788757901099e-07,0.0,1.2911399132016333e-06
ABC,NRTI,192,D,4.278513091605522e-07,0.0009287237013657465,0.00041334734785505644
ABC,NRTI,193,L,1.1202207958385362e-06,0.0,2.165257601342753e-06
ABC,NRTI,194,E,2.270940660554939e-07,0.00012909053966394214,5.7749944600125284e-05
ABC,NRTI,195,I,4.7486385814191986e-07,0.0020501075795199535,0.0009115658388744109
ABC,NRTI,196,G,8.290980331909366e-07,0.01840660059253553,0.008177922759006317
ABC,NRTI,197,Q,3.866724215114336e-07,0.0,7.212326564984582e-07
ABC,NRTI,198,H,2.297066003910169e-07,0.0,4.1223795469195364e-07
ABC,NRTI,199,R,3.0248619721226024e-07,0.0,5.555080606096337e-07
ABC,NRTI,200,T,5.702798682829037e-07,0.022809823941172844,0.010133353447774782
ABC,NRTI,201,K,5.314176698633042e-07,0.0,1.006170578226548e-06
ABC,NRTI,202,I,8.22445682454545e-07,0.009221523837462407,0.0040978393827421945
ABC,NRTI,203,E,4.066589512339111e-07,0.0011378163569092585,0.0005061859346180632
ABC,NRTI,204,E,7.951070850020975e-07,0.0,1.525255762623707e-06
ABC,NRTI,205,L,6.720770351415874e-07,0.0,1.283065244340597e-06
ABC,NRTI,206,R,6.441816631068662e-07,0.0,1.2281518746520604e-06
ABC,NRTI,207,Q,1.0715368229688606e-06,0.025608224904126318,0.011377407935881457
ABC,NRTI,208,H,1.8497575092329046e-06,0.00022350816950857065,0.0001028851545232867
ABC,NRTI,209,L,1.076644424648746e-06,0.0,2.0794754372672426e-06
ABC,NRTI,210,L,7.390200698882387e-07,0.0657176916282707,0.029193636934399258
ABC,NRTI,211,R,6.633098075626747e-07,0.014118607817298201,0.006272842375535531
ABC,NRTI,212,W,1.0326709307604095e-06,0.0,1.992911518227868e-06
ABC,NRTI,213,G,2.427704536010074e-07,0.0,4.3795477252051924e-07
ABC,NRTI,214,F,8.206637155866607e-07,0.27443998798066876,0.12190958664449407
ABC,NRTI,215,T,4.721457591453906e-07,0.2134313436220553,0.09480846762271204
ABC,NRTI,216,T,8.194384921686549e-07,0.0,1.573153297566651e-06
ABC,NRTI,217,P,1.0588599518429639e-07,0.0,1.684911905221901e-07
ABC,NRTI,218,D,1.3051064765645041e-07,0.008075075477270915,0.003587217526634717
ABC,NRTI,219,K,4.849464504817606e-07,0.04726101419863643,0.020994561734204338
ABC,NRTI,220,K,2.837795902980046e-07,0.0,5.186832131108423e-07
ABC,NRTI,221,H,6.057320398768535e-07,0.02234585949059904,0.009927327238456277
ABC,NRTI,222,Q,6.963995142552735e-07,0.0,1.3309452039858426e-06
ABC,NRTI,223,K,7.472209510020446e-07,0.001533651709579137,0.0006826889614636684
ABC,NRTI,224,E,3.4724469306206285e-07,0.0,6.436172934330494e-07
ABC,NRTI,225,P,3.7953641470873394e-07,0.02498224915002007,0.011097983236493279
ABC,NRTI,226,P,6.411576678587624e-07,0.0,1.222198995845181e-06
ABC,NRTI,227,F,1.9356941671600995e-06,0.040177885633167605,0.0178510462496678
ABC,NRTI,228,L,3.7643338165622694e-07,0.02514061799044274,0.01116832558742721
ABC,NRTI,229,W,5.933368726392951e-07,0.0,1.1280614807255456e-06
ABC,NRTI,230,M,7.184020794509134e-06,0.0,1.410213697437584e-05
ABC,NRTI,231,G,6.954937954808e-07,0.0,1.3291622534005408e-06
ABC,NRTI,232,Y,9.477343010718768e-07,0.0,1.8257097135564948e-06
ABC,NRTI,233,E,5.483876700830385e-07,0.0,1.0395768326590367e-06
ABC,NRTI,234,L,1.3903118351661333e-06,0.0,2.696944688136098e-06
ABC,NRTI,235,H,5.21997965699197e-07,0.0,9.876274415199853e-07
ABC,NRTI,236,P,6.231064691312254e-07,0.0,1.1866643506067996e-06
ABC,NRTI,237,D,3.404715631950943e-07,0.0,6.302840643988436e-07
ABC,NRTI,238,K,3.014252236548562e-07,0.0,5.534194835827716e-07
ABC,NRTI,239,W,5.195213390102632e-07,0.0,9.827520838161824e-07
ABC,NRTI,240,T,1.6669874351453438e-06,0.0,3.2415937964736832e-06
AZT,NRTI,1,P,3.654659970427079e-08,0.0006479532842114927,0.0006397923103180507
AZT,NRTI,2,I,8.371856130597929e-08,0.0,8.226928753116117e-07
AZT,NRTI,3,S,1.0116259404027095e-07,0.0,9.941135425334505e-07
AZT,NRTI,4,P,1.0023320291674475e-07,0.0012254023498660064,0.001210274183639265
AZT,NRTI,5,I,9.978920500456357e-08,0.0,9.806173935384242e-07
AZT,NRTI,6,E,1.0365454352902997e-07,0.0028993494190966106,0.0028622436915193314
AZT,NRTI,7,T,5.0781921371487795e-08,0.0,4.990279934797298e-07
AZT,NRTI,8,V,1.916968597021416e-07,0.0,1.8837842088633057e-06
AZT,NRTI,9,P,9.045584846849602e-08,0.0,8.888994846579364e-07
AZT,NRTI,10,V,1.5713255277018516e-06,0.0,1.544124941138949e-05
AZT,NRTI,11,K,3.885231274239122e-08,0.0008291858643743901,0.0008186644722933138
AZT,NRTI,12,L,6.486579174820973e-07,0.0,6.374292258934218e-06
AZT,NRTI,13,K,1.1063463907439557e-08,0.0,1.0871890708796778e-07
AZT,NRTI,14,P,3.1877893846454535e-08,0.0,3.1326011165553925e-07
AZT,NRTI,15,G,5.597278227173165e-08,0.0,5.500380352819524e-07
AZT,NRTI,16,M,9.10512614172418e-08,0.0,8.947505448170865e-07
AZT,NRTI,17,D,8.152328695320822e-08,0.0,8.011201461142375e-07
AZT,NRTI,18,G,3.83130926563779e-08,0.0,3.76498130667835e-07
AZT,NRTI,19,P,7.085728648874214e-08,0.0,6.963064861047041e-07
AZT,NRTI,20,K,1.8937782696758278e-07,0.03114377574441367,0.03073611881389457
AZT,NRTI,21,V,4.259429468060986e-07,0.0017098230222659613,0.0016915257929238884
AZT,NRTI,22,K,1.0602697451521048e-07,0.0,1.0419152956794314e-06
AZT,NRTI,23,Q,5.360597916163937e-07,0.0,5.267802368790632e-06
AZT,NRTI,24,W,9.795941307623675e-06,0.0,9.626367998765911e-05
AZT,NRTI,25,P,2.1012183561804193e-08,0.0,2.0648392433662736e-07
AZT,NRTI,26,L,8.810131685592226e-09,0.0,8.657564934331744e-08
AZT,NRTI,27,T,5.590079548135303e-08,0.00023906495875932298,0.00023647075962286932
AZT,NRTI,28,E,3.8792540043770965e-08,0.0008291858643743901,0.0008186638849133177
AZT,NRTI,29,E,2.4567708463186754e-08,0.0,2.4142369200403823e-07
AZT,NRTI,30,K,9.397980133533443e-08,0.0,9.235289972765552e-07
AZT,NRTI,31,I,1.0862649690052576e-07,0.0,1.0674605275954928e-06
AZT,NRTI,32,K,4.2448219222550334e-08,0.001098858767378902,0.0010848267099932403
AZT,NRTI,33,A,2.5867178528082185e-07,0.0012254023498660064,0.0012118311428536983
AZT,NRTI,34,L,2.000176693364319e-08,0.0,1.9655466685301182e-07
AZT,NRTI,35,V,7.046336785249508e-07,0.061598171317724736,0.06079512467241719
AZT,NRTI,36,E,2.4186009672197507e-08,0.0,2.376727783004357e-07
AZT,NRTI,37,I,1.665913388001719e-07,0.0,1.6370749066325553e-06
AZT,NRTI,38,C,3.2969104085053235e-07,0.0,3.2398384519103886e-06
AZT,NRTI,39,T,1.0567921405323836e-06,0.02864069101378738,0.028274471809850373
AZT,NRTI,40,E,8.677762291739953e-07,0.0,8.527544764411886e-06
AZT,NRTI,41,M,9.309511064171839e-06,0.3712509589167292,0.36646076328524624
AZT,NRTI,42,E,8.504437127693274e-08,0.0,8.357214698626546e-07
AZT,NRTI,43,K,3.776782470408636e-07,0.01725443810686355,0.017031266239752013
AZT,NRTI,44,E,7.314717358813931e-07,0.030945201416639482,0.030545482693219893
AZT,NRTI,45,G,8.191436715885785e-07,0.0,8.049637757644555e-06
AZT,NRTI,46,K,1.206662990449072e-06,0.0,1.1857749173867238e-05
AZT,NRTI,47,I,4.332392392816863e-06,0.001098858767378902,0.0011269835382784997
AZT,NRTI,48,S,2.6901008282557827e-07,0.0,2.6435330865891166e-06
AZT,NRTI,49,K,1.7486218985775696e-07,0.005447896107409227,0.005377978600540855
AZT,NRTI,50,I,1.2499141825524403e-07,0.0,1.2282768812672023e-06
AZT,NRTI,51,G,6.037028738610227e-08,0.0,5.932518535715149e-07
AZT,NRTI,52,P,5.176706799072558e-08,0.0,5.087089252547032e-07
AZT,NRTI,53,E,2.0009112323668753e-08,0.0,1.966268492249648e-07
AZT,NRTI,54,N,5.459557459280829e-07,0.0,5.3650488665899545e-06
AZT,NRTI,55,P,6.98887849610346e-08,0.0,6.867891238861255e-07
AZT,NRTI,56,Y,1.5265406604467107e-05,0.0,0.00015001153776876097
AZT,NRTI,57,N,2.288609657931536e-06,0.0,2.2489924798812834e-05
AZT,NRTI,58,T,2.3050356440577554e-07,0.0,2.265133597178812e-06
AZT,NRTI,59,P,1.2781072043610046e-06,0.0,1.2559823917962848e-05
AZT,NRTI,60,V,0.00047764417320829753,0.06491636639459386,0.06875652238534552
AZT,NRTI,61,F,0.00042653102963785273,0.0,0.004191475376987525
AZT,NRTI,62,A,7.004654244355118e-06,0.00989840782880499,0.009837084985429092
AZT,NRTI,63,I,3.149927919194693e-06,0.0,3.095400837885777e-05
AZT,NRTI,64,K,4.070847836826626e-07,0.0009036268628868366,0.0008957452075927416
AZT,NRTI,65,K,7.523279673246944e-07,0.008450994910087668,0.008347263540488105
AZT,NRTI,66,K,3.2373780828268466e-08,0.0,3.181331406496928e-07
AZT,NRTI,67,D,1.2658172866153983e-07,0.6079946864815595,0.6000012439046937
AZT,NRTI,68,S,1.1788093363211486e-07,0.004328655159558627,0.004272894905672684
AZT,NRTI,69,T,3.206477216276685e-06,0.18381535142468786,0.18142982339342995
AZT,NRTI,70,K,1.5214756504531672e-09,0.21671086528789563,0.2138612904912053
AZT,NRTI,71,W,9.176984020916103e-08,0.0,9.018119427081894e-07
AZT,NRTI,72,R,8.203314278440869e-05,0.0,0.0008061310291268492
AZT,NRTI,73,K,2.7661160081636117e-05,0.0,0.0002718232979356982
AZT,NRTI,74,L,0.0017793780033275321,0.12828766213644005,0.14408653268739563
AZT,NRTI,75,V,0.0028695289524761636,0.03096757586729694,0.058758932773847035
AZT,NRTI,76,D,1.933394008485813e-05,0.0,0.00018999258655755407
AZT,NRTI,77,F,0.0005135073257690558,0.0,0.00504618225253619
AZT,NRTI,78,R,1.1369239934384547e-06,0.0,1.1172431416153958e-05
AZT,NRTI,79,E,1.185001983961124e-07,0.0005495757859982971,0.0005435137537799156
AZT,NRTI,80,L,1.3887272784544283e-05,0.0,0.00013646876228039882
AZT,NRTI,81,N,4.2881652526101205e-05,0.0,0.00042139346958219783
AZT,NRTI,82,K,4.3942558256747435e-07,0.0,4.3181882030790215e-06
AZT,NRTI,83,R,2.706103853614444e-07,0.01342631955198559,0.013252432505975176
AZT,NRTI,84,T,1.9038816796718873e-06,0.0,1.870924359185017e-05
AZT,NRTI,85,Q,5.1699753473825e-08,0.0,5.080474326069551e-07
AZT,NRTI,86,D,1.3993821590801557e-07,0.0,1.375157483103676e-06
AZT,NRTI,87,F,4.192536889732905e-07,0.0,4.119961135306705e-06
AZT,NRTI,88,W,2.255603605946581e-07,0.0,2.216557255433619e-06
AZT,NRTI,89,E,2.2280213423146896e-08,0.0,2.189447198533246e-07
AZT,NRTI,90,V,6.026968662653224e-07,0.015263942971623298,0.01506915589730663
AZT,NRTI,91,Q,6.4072415438125285e-09,0.0,6.296270171596478e-08
AZT,NRTI,92,L,2.4371971615989744e-08,0.0,2.395002066805757e-07
AZT,NRTI,93,G,1.1326218391608518e-07,0.0,1.1130149342710016e-06
AZT,NRTI,94,I,1.8165462535898658e-07,0.0,1.7851002326450281e-06
AZT,NRTI,95,P,9.029526631936164e-08,0.0,8.873214608392572e-07
AZT,NRTI,96,H,4.0439075646317924e-07,0.0,3.973904667369225e-06
AZT,NRTI,97,P,1.8105901041186386e-07,0.0,1.779247187469163e-06
AZT,NRTI,98,A,1.3145078979876759e-07,0.028547775176388075,0.02817368451619533
AZT,NRTI,99,G,2.8065783185826576e-07,0.0,2.7579942860851915e-06
AZT,NRTI,100,L,5.214117524274863e-07,0.0,5.123857634823351e-06
AZT,NRTI,101,K,3.7331257720254784e-08,0.0423052584943766,0.04174934206450501
AZT,NRTI,102,K,5.431240348813839e-08,0.0012986477924115385,0.0012821052432157737
AZT,NRTI,103,K,1.8887111942973098e-06,0.10831909432478078,0.1069133374382533
AZT,NRTI,104,K,1.7506333060692753e-07,0.0,1.720328275296391e-06
AZT,NRTI,105,S,3.4544673562537112e-06,0.0,3.3946685261044316e-05
AZT,NRTI,106,V,6.853205086055844e-05,0.049239975625842,0.049265963100911914
AZT,NRTI,107,T,1.0521987454500018e-06,0.003613109784546179,0.0035759398726707154
AZT,NRTI,108,V,0.00019148968194497115,0.006905539587651361,0.008696485659491432
AZT,NRTI,109,L,2.100034297314859e-05,0.0,0.00020636815173346687
AZT,NRTI,110,D,1.5806896569834034e-05,0.0,0.00015533270246565227
AZT,NRTI,111,V,0.0005481636734140619,0.0027356614816547815,0.00808643604974885
AZT,NRTI,112,G,1.842814182253182e-06,0.0,1.8109139744733223e-05
AZT,NRTI,113,D,5.697184409155172e-06,0.0,5.598562886164948e-05
AZT,NRTI,114,A,0.015356975696319233,0.0,0.1509113781463739
AZT,NRTI,115,Y,0.04070461985016657,0.0006479532842114927,0.40063943317132705
AZT,NRTI,116,F,0.0005494822716901393,0.0054126596009603225,0.010741191323142812
AZT,NRTI,117,S,6.660087022567173e-05,0.0,0.0006544797166658502
AZT,NRTI,118,V,0.0012119089131649439,0.12050479757223327,0.13082954830084062
AZT,NRTI,119,P,9.354569385499217e-07,0.0,9.192635946937678e-06
AZT,NRTI,120,L,1.0381070825056953e-06,0.0,1.0201368069569241e-05
AZT,NRTI,121,D,1.6061058229497578e-07,0.0,1.578302644150115e-06
AZT,NRTI,122,E,4.6235035456115335e-08,0.005667048288606975,0.005592985085007736
AZT,NRTI,123,D,3.969481177511707e-08,0.020707189040885702,0.020435294690898245
AZT,NRTI,124,F,3.030100446351298e-07,0.0,2.97764712017798e-06
AZT,NRTI,125,R,1.02092677883772e-07,0.0,1.0032533782270502e-06
AZT,NRTI,126,K,4.254289320894275e-08,0.0,4.1806393394167363e-07
AZT,NRTI,127,Y,2.2886396565556166e-06,0.0,2.2490219592123185e-05
AZT,NRTI,128,T,1.2308994689316365e-05,0.0,0.00012095919013807341
AZT,NRTI,129,A,8.572721210784287e-07,0.0,8.424322003612275e-06
AZT,NRTI,130,F,4.944312008800836e-06,0.0,4.858723130258367e-05
AZT,NRTI,131,T,5.026692161367839e-07,0.0,4.939676710302047e-06
AZT,NRTI,132,I,3.646268664831606e-08,0.0,3.58314386268542e-07
AZT,NRTI,133,P,2.633282896841449e-08,0.0,2.587693447749297e-07
AZT,NRTI,134,S,1.7113061514311856e-07,0.0,1.6816818958113004e-06
AZT,NRTI,135,I,1.5439729481800969e-06,0.08107543059084857,0.08002452029674861
AZT,NRTI,136,N,3.534441699548065e-08,0.0,3.4732526850300693e-07
AZT,NRTI,137,N,1.2613120163132832e-08,0.0,1.2394721543625662e-07
AZT,NRTI,138,E,3.2596198327972314e-07,0.13065537003752825,0.12894055045242545
AZT,NRTI,139,T,4.80614592239364e-08,0.0,4.7229429929396546e-07
AZT,NRTI,140,P,3.3591460753673294e-08,0.0,3.3009915266394457e-07
AZT,NRTI,141,G,1.5658269874030916e-07,0.0,1.5387210578879256e-06
AZT,NRTI,142,I,2.165766720010228e-05,0.11572236041550461,0.11441352342459939
AZT,NRTI,143,R,3.1574556984352244e-07,0.0,3.1027977812605855e-06
AZT,NRTI,144,Y,0.00013945285899593827,0.0,0.001370388515603569
AZT,NRTI,145,Q,3.2357291546499024e-07,0.0012986477924115385,0.001284751237827377
AZT,NRTI,146,Y,2.827180790095274e-05,0.0,0.0002778240695588241
AZT,NRTI,147,N,2.3082716240539243e-08,0.0,2.2683083027860337e-07
AZT,NRTI,148,V,1.129691843484664e-05,0.0,0.00011101362368201363
AZT,NRTI,149,L,6.103700192051379e-05,0.0,0.0005998041704929918
AZT,NRTI,150,P,6.229462248846872e-06,0.0,6.121626697252523e-05
AZT,NRTI,151,Q,3.9305727557979924e-05,0.16160228858203154,0.15986358963884184
AZT,NRTI,152,G,0.00010291984563376854,0.0,0.001011382451950835
AZT,NRTI,153,W,1.4123801373400461e-06,0.0,1.3879309848292086e-05
AZT,NRTI,154,K,2.1187856507716414e-07,0.0,2.0821076959695923e-06
AZT,NRTI,155,G,5.029134265008292e-07,0.0,4.942076539755752e-06
AZT,NRTI,156,S,9.63049215902521e-05,0.0,0.0009463782920507981
AZT,NRTI,157,P,2.9918891862709502e-06,0.0,2.9400978442642046e-05
AZT,NRTI,158,A,9.225479444437342e-07,0.0010405128597741377,0.0010358966555418837
AZT,NRTI,159,I,4.506781683405871e-06,0.0,4.4287667007364595e-05
AZT,NRTI,160,F,4.987561238718964e-05,0.0,0.000490122374427332
AZT,NRTI,161,Q,8.923274645141275e-07,0.0,8.768807160970715e-06
AZT,NRTI,162,S,1.2919984392739351e-06,0.0159306578933938,0.015733877698102063
AZT,NRTI,163,S,6.712241350817365e-07,0.0,6.596048095816991e-06
AZT,NRTI,164,M,9.527116398109627e-06,0.0,9.362196599544905e-05
AZT,NRTI,165,T,2.168114347477277e-07,0.0,2.130582485207066e-06
AZT,NRTI,166,K,8.271771576491945e-08,0.0,8.128576718900306e-07
AZT,NRTI,167,I,5.911657205441707e-07,0.0,5.809322512014689e-06
AZT,NRTI,168,L,3.5201768786166285e-06,0.0,3.4592405796992224e-05
AZT,NRTI,169,E,1.4698312917536703e-07,0.004242722689776424,0.004188378369366128
AZT,NRTI,170,P,1.3923593583364791e-07,0.0,1.3682562509884642e-06
AZT,NRTI,171,F,1.1536808273370118e-06,0.0,1.1337099052999735e-05
AZT,NRTI,172,R,2.661316521277748e-07,0.001563364271698127,0.0015454224193436517
AZT,NRTI,173,K,5.6839308572787776e-08,0.01593572595770595,0.01572674134274808
AZT,NRTI,174,Q,8.345672342665194e-08,0.0038283879670880164,0.003778867578666948
AZT,NRTI,175,N,1.7519892594248085e-07,0.0,1.7216607563371442e-06
AZT,NRTI,176,P,8.616519433830932e-08,0.0016040707337495732,0.0015838251097496474
AZT,NRTI,177,D,1.5147765488861032e-07,0.14800620162452024,0.1460615166256547
AZT,NRTI,178,I,3.303740014826074e-07,0.015575043060400615,0.015373489158892964
AZT,NRTI,179,V,3.853976763240563e-06,0.010478245403269752,0.010378336744060574
AZT,NRTI,180,I,3.4368163165339943e-06,0.0,3.377323035804101e-05
AZT,NRTI,181,Y,8.626579485346003e-05,0.03654372318711288,0.03691092474662534
AZT,NRTI,182,Q,0.00012797337472414592,0.0,0.0012575808361405005
AZT,NRTI,183,Y,0.009370982070973316,0.0,0.09208765103737192
AZT,NRTI,184,M,0.003287234842175141,0.10442980947522201,0.13535994327376058
AZT,NRTI,185,D,7.839494706895338e-06,0.0,7.70378858843572e-05
AZT,NRTI,186,D,1.1997925227708635e-05,0.0,0.0001179023433943551
AZT,NRTI,187,L,4.136238543031728e-05,0.0,0.00040646379229860143
AZT,NRTI,188,Y,0.000337686953023602,0.0033187946649583145,0.006593568956703632
AZT,NRTI,189,V,3.569247176411492e-05,0.012672832256858654,0.012856939909442262
AZT,NRTI,190,G,2.6185448652495944e-06,0.010426707656701997,0.0103153362224799
AZT,NRTI,191,S,2.3197598084367088e-07,0.0,2.2796028779957557e-06
AZT,NRTI,192,D,5.662044244466359e-08,0.0012254023498660064,0.0012098456056485337
AZT,NRTI,193,L,2.1730700310798732e-07,0.0,2.135452383140858e-06
AZT,NRTI,194,E,3.5301071756971025e-07,0.0005495757859982971,0.0005458182638825739
AZT,NRTI,195,I,3.387134758865599e-08,0.0010872890084446302,0.0010733248009350068
AZT,NRTI,196,G,9.708600241486865e-08,0.05823303071950374,0.05746826291072099
AZT,NRTI,197,Q,1.2661634780323694e-07,0.0,1.2442448923084713e-06
AZT,NRTI,198,H,2.682994403350708e-06,0.0,2.63655020366937e-05
AZT,NRTI,199,R,1.7246986816356684e-08,0.0,1.6948373360336245e-07
AZT,NRTI,200,T,1.8396451399997042e-06,0.018234141056443196,0.018012453404663505
AZT,NRTI,201,K,1.7387601795757482e-07,0.0,1.708660679296478e-06
AZT,NRTI,202,I,2.316779816975469e-06,0.056478160554905045,0.05575828070495041
AZT,NRTI,203,E,2.171470987110551e-07,0.002201159687126638,0.0021743499244175246
AZT,NRTI,204,E,4.348986269052532e-07,0.0,4.273702287928441e-06
AZT,NRTI,205,L,3.79454187294829e-07,0.0,3.7288556359798834e-06
AZT,NRTI,206,R,4.357783496928456e-07,0.0,4.282347230844817e-06
AZT,NRTI,207,Q,4.449522677276772e-07,0.003760595465739325,0.0037155188777759883
AZT,NRTI,208,H,1.2160455825814111e-05,0.04827721477828409,0.04776190414560937
AZT,NRTI,209,L,3.836916446498877e-06,0.0,3.7704972076187336e-05
AZT,NRTI,210,L,3.1528231291572395e-07,0.09794791519793156,0.09666306982978001
AZT,NRTI,211,R,7.156665698417079e-09,0.08242661579328635,0.0813428362684286
AZT,NRTI,212,W,3.031123686208595e-07,0.0,2.9786526471781736e-06
AZT,NRTI,213,G,2.3719694579626063e-06,0.0,2.3309092749163814e-05
AZT,NRTI,214,F,1.1193321395319129e-05,0.00780592847373031,0.007813281796700025
AZT,NRTI,215,T,1.4844315346326717e-05,0.26517058346687705,0.2618296573042027
AZT,NRTI,216,T,8.04251743151754e-07,0.0,7.903296349797848e-06
AZT,NRTI,217,P,9.125508210839217e-08,0.0,8.967534692212541e-07
AZT,NRTI,218,D,1.3955537404256672e-08,0.0490236853088533,0.04837919675798386
AZT,NRTI,219,K,6.280249111242174e-08,0.14563433492338076,0.14371996683944702
AZT,NRTI,220,K,1.0561871554985902e-07,0.0,1.0379033779476862e-06
AZT,NRTI,221,H,4.093579202122739e-08,0.008376263950168801,0.0082665244623933
AZT,NRTI,222,Q,3.6306674792887654e-07,0.0,3.5678180001901534e-06
AZT,NRTI,223,K,3.335563428211666e-08,0.0007886407447576201,0.0007785984761356035
AZT,NRTI,224,E,6.841456089877683e-08,0.0,6.723020797354956e-07
AZT,NRTI,225,P,2.3428985053632197e-10,0.007658444903970183,0.007557744243506245
AZT,NRTI,226,P,3.261226975122413e-07,0.0,3.204772718817376e-06
AZT,NRTI,227,F,5.944860244389767e-14,0.07691749239567675,0.07590608349634942
AZT,NRTI,228,L,8.97986397397578e-09,0.03595732418812776,0.035484599856227886
AZT,NRTI,229,W,7.45927073609033e-06,0.0,7.330146508293306e-05
AZT,NRTI,230,M,2.481910059794276e-06,0.0,2.4389467431315578e-05
AZT,NRTI,231,G,2.4607934912538626e-06,0.0,2.4181957142624277e-05
AZT,NRTI,232,Y,5.187182247055893e-06,0.0,5.097389148169272e-05
AZT,NRTI,233,E,7.391057587906869e-08,0.0,7.263108384516381e-07
AZT,NRTI,234,L,8.776110971021539e-07,0.0,8.624190972772265e-06
AZT,NRTI,235,H,7.274242845250167e-08,0.0,7.148315770717882e-07
AZT,NRTI,236,P,3.8251400017330305e-08,0.0,3.758918836199591e-07
AZT,NRTI,237,D,1.0855144300369234e-07,0.0,1.0667229808785866e-06
AZT,NRTI,238,K,3.0292848503829156e-08,0.0,2.9768403848780314e-07
AZT,NRTI,239,W,2.7555223788204927e-08,0.0,2.707816895583164e-07
AZT,NRTI,240,T,3.870122242823843e-08,0.0,3.8031224094121234e-07
D4T,NRTI,1,P,1.58457675457799e-09,0.002156942548166196,0.0048225533990436924
D4T,NRTI,2,I,2.053018277341063e-09,0.0,5.83290672314822e-08
D4T,NRTI,3,S,4.020613683029968e-09,0.0,1.2897009438984177e-07
D4T,NRTI,4,P,3.763680921491524e-09,0.0019666693127450346,0.004397216992697155
D4T,NRTI,5,I,3.522934156489716e-09,0.0,1.1110229857732804e-07
D4T,NRTI,6,E,5.103588686267482e-09,5.823722365404641e-05,0.00013037516888565718
D4T,NRTI,7,T,3.2529461431012666e-09,0.0,1.0140913171433298e-07
D4T,NRTI,8,V,2.9581194504541428e-09,0.0,9.082420132565748e-08
D4T,NRTI,9,P,1.5566491379801303e-09,0.0,4.050831721713135e-08
D4T,NRTI,10,V,1.2762741591796872e-08,0.0,4.428318228933372e-07
D4T,NRTI,11,K,1.3720398009231996e-09,0.0004542778863156425,0.001015712535900883
D4T,NRTI,12,L,7.3876472455752246e-09,0.0,2.498540467751596e-07
D4T,NRTI,13,K,4.2835327288830533e-10,0.0,0.0
D4T,NRTI,14,P,1.0934980929518184e-09,0.0,2.3880170263915436e-08
D4T,NRTI,15,G,9.80011196256289e-10,0.0,1.9805739652618122e-08
D4T,NRTI,16,M,7.879645649695755e-09,0.0,2.6751787772681767e-07
D4T,NRTI,17,D,1.744066183024928e-09,0.0,4.723700367912968e-08
D4T,NRTI,18,G,9.140489709281354e-10,0.0,1.7437549862501955e-08
D4T,NRTI,19,P,1.195818789300736e-09,0.0,2.7553709584421942e-08
D4T,NRTI,20,K,4.6266520314685167e-10,0.03578528553740689,0.08000907011903771
D4T,NRTI,21,V,8.481302879420789e-10,0.0006660847877587215,0.001489253534949886
D4T,NRTI,22,K,1.7535123665673592e-09,0.0,4.75761425621716e-08
D4T,NRTI,23,Q,2.768516075168171e-09,0.0,8.401702077209065e-08
D4T,NRTI,24,W,2.827085179937049e-07,0.0,1.0134482284648212e-05
D4T,NRTI,25,P,1.1665278904798398e-09,0.0,2.6502101528661506e-08
D4T,NRTI,26,L,4.645284369969576e-09,0.0,1.5139715375049418e-07
D4T,NRTI,27,T,1.1620756572304989e-09,0.0019372535722259002,0.004331355607468158
D4T,NRTI,28,E,8.523693178524037e-10,0.0004542778863156425,0.0010156938785810894
D4T,NRTI,29,E,4.3264348893863076e-10,0.0,1.5402824566982436e-10
D4T,NRTI,30,K,2.4002299431964186e-08,0.0,8.463568099611038e-07
D4T,NRTI,31,I,2.1121157842973726e-09,0.0,6.045079844808378e-08
D4T,NRTI,32,K,1.5338290700934628e-08,0.003735759552182372,0.00835298069363631
D4T,NRTI,33,A,1.1549585196951834e-08,0.0019666693127450346,0.004397496523882167
D4T,NRTI,34,L,5.846494614738488e-09,0.0,1.9452325847623206e-07
D4T,NRTI,35,V,4.634163491266834e-09,0.05408700164981968,0.12092836425406168
D4T,NRTI,36,E,1.2581483637589184e-09,0.0,2.9791479173301345e-08
D4T,NRTI,37,I,8.160108632606828e-09,0.0,2.7758711916509944e-07
D4T,NRTI,38,C,6.3048261717987155e-09,0.0,2.1097837515124216e-07
D4T,NRTI,39,T,2.9439262634624693e-09,0.02239133173593792,0.05006283472010521
D4T,NRTI,40,E,1.1432725232845578e-09,0.0,2.5667182408160527e-08
D4T,NRTI,41,M,1.9746004396615473e-08,0.1258394549421064,0.2813536985031914
D4T,NRTI,42,E,1.0700037573396125e-08,0.0,3.6877618616933944e-07
D4T,NRTI,43,K,7.584511676279351e-09,0.017122666103570626,0.038283270491289594
D4T,NRTI,44,E,1.2239999424687527e-08,0.07365204533403515,0.1646723410355558
D4T,NRTI,45,G,1.9673831705120558e-08,0.0,6.909552444959789e-07
D4T,NRTI,46,K,5.177743532119647e-07,0.0,1.8573865707502686e-05
D4T,NRTI,47,I,8.784129731071223e-08,0.003735759552182372,0.008355583711941889
D4T,NRTI,48,S,5.9921229687872515e-09,0.0,1.997516384997075e-07
D4T,NRTI,49,K,1.6258316236295088e-09,0.018375171977211606,0.04108342065586539
D4T,NRTI,50,I,5.192102552457157e-09,0.0,1.7102913600055717e-07
D4T,NRTI,51,G,2.6868713877880016e-09,0.0,8.10857959065096e-08
D4T,NRTI,52,P,9.805581164656997e-10,0.0,1.982537529786039e-08
D4T,NRTI,53,E,1.5418641406794552e-09,0.0,3.997750311132814e-08
D4T,NRTI,54,N,6.429849960168955e-10,0.0,7.70575360093592e-09
D4T,NRTI,55,P,1.5682054447390233e-09,0.0,4.0923214190993446e-08
D4T,NRTI,56,Y,2.4478694554400156e-07,0.0,8.773013955558841e-06
D4T,NRTI,57,N,4.247456311065289e-09,0.0,1.371142464860428e-07
D4T,NRTI,58,T,2.5279482428090768e-08,0.0,8.922105045035468e-07
D4T,NRTI,59,P,3.4434734911357537e-09,0.0,1.0824948493329268e-07
D4T,NRTI,60,V,4.9429524855983273e-08,0.16447676084076585,0.36774040631783783
D4T,NRTI,61,F,6.993283583728651e-07,0.0,2.5092056069301033e-05
D4T,NRTI,62,A,2.9088224574953157e-08,0.008347616026855605,0.018664705257328325
D4T,NRTI,63,I,6.9462131546030044e-09,0.0,2.3400558650795527e-07
D4T,NRTI,64,K,3.949112530096408e-09,0.0009270982441445861,0.0020729411414767925
D4T,NRTI,65,K,4.279700582424388e-08,0.01015518916669757,0.022706586000637824
D4T,NRTI,66,K,1.576620562594942e-09,0.0,4.122533553529117e-08
D4T,NRTI,67,D,1.494346943981329e-08,0.225150797163392,0.5033947338498695
D4T,NRTI,68,S,1.083547374218347e-09,0.010190335193468798,0.02278366820350179
D4T,NRTI,69,T,1.8476021027507829e-09,0.05728001124419571,0.12806722428170544
D4T,NRTI,70,K,1.0156241456739766e-09,0.06512404974054375,0.14560496746530446
D4T,NRTI,71,W,1.354588529932123e-08,0.0,4.70948414217028e-07
D4T,NRTI,72,R,3.643157846812158e-07,0.0,1.3064363664592549e-05
D4T,NRTI,73,K,9.415041682112784e-08,0.0,3.364829383778035e-06
D4T,NRTI,74,L,1.2642595796574646e-06,0.19577531039024337,0.4377616049096597
D4T,NRTI,75,V,8.873766160451547e-08,0.028521104025677514,0.06377091588588248
D4T,NRTI,76,D,1.5844516037467753e-06,0.0,5.686993836876789e-05
D4T,NRTI,77,F,0.0002562893867360341,0.0,0.009201340487560994
D4T,NRTI,78,R,4.189387317071503e-08,0.0,1.488703881280055e-06
D4T,NRTI,79,E,5.274013099760421e-09,0.0020057704102128446,0.004484693808508254
D4T,NRTI,80,L,4.4703045659711516e-08,0.0,1.5895593872006114e-06
D4T,NRTI,81,N,9.831827430900533e-08,0.0,3.514464686412949e-06
D4T,NRTI,82,K,1.9915955846381943e-08,0.0,6.996480367179405e-07
D4T,NRTI,83,R,1.0243311022098245e-08,0.02078651997062677,0.04647504395313343
D4T,NRTI,84,T,1.5938290281933897e-08,0.0,5.568410448167443e-07
D4T,NRTI,85,Q,8.102739919279055e-10,0.0,1.3711798578107826e-08
D4T,NRTI,86,D,5.801257781231358e-10,0.0,5.448968641209096e-09
D4T,NRTI,87,F,4.15381492628257e-08,0.0,1.475932606166567e-06
D4T,NRTI,88,W,3.9843108161528604e-08,0.0,1.4150768813945629e-06
D4T,NRTI,89,E,3.791115845741993e-09,0.0,1.2073061440845382e-07
D4T,NRTI,90,V,6.275300910838972e-09,0.0070331253924112835,0.015724936033093082
D4T,NRTI,91,Q,2.8926610554338584e-09,0.0,8.847410015800837e-08
D4T,NRTI,92,L,1.8916206524917545e-09,0.0,5.253453550645876e-08
D4T,NRTI,93,G,2.8521983848891965e-09,0.0,8.702140078669404e-08
D4T,NRTI,94,I,5.9783838406303645e-09,0.0,1.9925837340950824e-07
D4T,NRTI,95,P,1.0152074720585253e-09,0.0,2.106936380402153e-08
D4T,NRTI,96,H,6.005740193676684e-09,0.0,2.002405269929692e-07
D4T,NRTI,97,P,2.9685515129482826e-09,0.0,9.119873544371628e-08
D4T,NRTI,98,A,2.5741020762893106e-09,0.021940253703419663,0.04905429704953477
D4T,NRTI,99,G,4.371866965212592e-09,0.0,1.415808641519505e-07
D4T,NRTI,100,L,2.007880089925641e-08,0.0,7.054945343106109e-07
D4T,NRTI,101,K,9.237495678450315e-09,0.07988146782245595,0.17860003304608518
D4T,NRTI,102,K,6.352734472548873e-09,0.0016432304446775084,0.0036741623643280984
D4T,NRTI,103,K,8.437883024520175e-08,0.206674452602303,0.46208764648026573
D4T,NRTI,104,K,1.0435811761130683e-08,0.0,3.592898950719847e-07
D4T,NRTI,105,S,5.516695060784239e-08,0.0,1.9652367197895234e-06
D4T,NRTI,106,V,5.8405437921991905e-08,0.06927796331140099,0.15489438586207707
D4T,NRTI,107,T,6.391573463114674e-09,0.003845628743728351,0.008598306030605086
D4T,NRTI,108,V,1.4614935043168514e-08,0.03367447992191107,0.0752902197050432
D4T,NRTI,109,L,3.883276500418435e-07,0.0,1.3926442742516138e-05
D4T,NRTI,110,D,1.2438615945970613e-06,0.0,4.464200369447086e-05
D4T,NRTI,111,V,1.288567736068099e-05,0.0055218199322146656,0.012808344476442144
D4T,NRTI,112,G,6.906323863803705e-08,0.0,2.46414419706007e-06
D4T,NRTI,113,D,1.3991176508019352e-08,0.0,4.869353535420918e-07
D4T,NRTI,114,A,2.5687016035770327e-05,0.0,0.0009222053135713509
D4T,NRTI,115,Y,0.0001145588156687942,0.002156942548166196,0.008935411382631979
D4T,NRTI,116,F,3.792064424239449e-05,0.006948655671266193,0.01689728756475832
D4T,NRTI,117,S,2.2067083334845265e-08,0.0,7.768782715997032e-07
D4T,NRTI,118,V,3.4840758571267627e-07,0.046768676974508636,0.10457832919890907
D4T,NRTI,119,P,1.921965074472216e-08,0.0,6.746491434217696e-07
D4T,NRTI,120,L,6.262955640720172e-08,0.0,2.2331607744099397e-06
D4T,NRTI,121,D,1.986248014147895e-08,0.0,6.977281406298308e-07
D4T,NRTI,122,E,5.451288880591741e-09,0.020784440365750747,0.0464702223093262
D4T,NRTI,123,D,2.2580201880816485e-09,0.03691778279848689,0.08254118231642124
D4T,NRTI,124,F,7.953692244602721e-08,0.0,2.8401726123476402e-06
D4T,NRTI,125,R,1.4030508009758561e-08,0.0,4.883474414512754e-07
D4T,NRTI,126,K,6.989347920588069e-09,0.0,2.35554220015947e-07
D4T,NRTI,127,Y,1.2745291521081968e-07,0.0,4.560462737253858e-06
D4T,NRTI,128,T,2.8147412034345783e-06,0.0,0.00010104005625627352
D4T,NRTI,129,A,2.543266397646227e-08,0.0,8.977100609100031e-07
D4T,NRTI,130,F,4.6541097874595375e-06,0.0,0.00016707745689395546
D4T,NRTI,131,T,9.003508166980519e-08,0.0,3.217079749198791e-06
D4T,NRTI,132,I,1.604875569347318e-08,0.0,5.608069974277558e-07
D4T,NRTI,133,P,3.5112715855717435e-09,0.0,1.1068358648511092e-07
D4T,NRTI,134,S,1.0957358391578966e-08,0.0,3.7801457270607814e-07
D4T,NRTI,135,I,3.3859807536325494e-08,0.061908376233765716,0.13841651439002142
D4T,NRTI,136,N,3.6262746855157523e-09,0.0,1.1481245214669538e-07
D4T,NRTI,137,N,1.1959412412291995e-09,0.0,2.755810587950333e-08
D4T,NRTI,138,E,2.646272437127363e-09,0.15923957997943322,0.35602938979870696
D4T,NRTI,139,T,9.761238723414261e-09,0.0,3.3507123094019965e-07
D4T,NRTI,140,P,4.1896848876057534e-09,0.0,1.3504012460011916e-07
D4T,NRTI,141,G,4.4969345433578095e-09,0.0,1.4607106684242349e-07
D4T,NRTI,142,I,1.7645854881739452e-08,0.016350014131476576,0.03655612936577123
D4T,NRTI,143,R,2.6510181443458884e-08,0.0,9.363953213195559e-07
D4T,NRTI,144,Y,2.6440702331431025e-06,0.0,9.491259091830558e-05
D4T,NRTI,145,Q,3.8102042480312415e-08,0.0016432304446775084,0.003675302234711385
D4T,NRTI,146,Y,1.0413240000743805e-05,0.0,0.0003738429700827308
D4T,NRTI,147,N,1.0004638429782262e-08,0.0,3.4380981877089176e-07
D4T,NRTI,148,V,3.2463563024739223e-07,0.0,1.1639758352492722e-05
D4T,NRTI,149,L,2.777387698397231e-06,0.0,9.969898280378733e-05
D4T,NRTI,150,P,3.5906116343275355e-07,0.0,1.2875711139156535e-05
D4T,NRTI,151,Q,2.939784048517865e-05,0.23624801961299524,0.5292609163513803
D4T,NRTI,152,G,5.195839016657799e-06,0.0,0.00018652673446475408
D4T,NRTI,153,W,0.011141375262997433,0.0,0.4
D4T,NRTI,154,K,2.967154755351094e-06,0.0,0.00010651203989127644
D4T,NRTI,155,G,7.797070594700488e-07,0.0,2.7977829227107217e-05
D4T,NRTI,156,S,0.0010213989968227068,0.0,0.036670467823895124
D4T,NRTI,157,P,2.5580610433769127e-05,0.0,0.0009183851171025873
D4T,NRTI,158,A,1.7367326412610799e-07,0.001933693488828923,0.004329589473670618
D4T,NRTI,159,I,1.6027827355466893e-05,0.0,0.0005754190749370259
D4T,NRTI,160,F,0.002254378821686008,0.0,0.08093717074566899
D4T,NRTI,161,Q,7.402558585475171e-06,0.0,0.0002657528479944979
D4T,NRTI,162,S,7.121552192448887e-08,0.08186973268025688,0.1830476389586366
D4T,NRTI,163,S,1.2646955676529183e-07,0.0,4.52515799398393e-06
D4T,NRTI,164,M,1.1306511301747097e-06,0.0,4.0577497613216937e-05
D4T,NRTI,165,T,4.4012472662061245e-09,0.0,1.4263568194345588e-07
D4T,NRTI,166,K,3.038790617758711e-08,0.0,1.0756142163546792e-06
D4T,NRTI,167,I,6.325363550455152e-08,0.0,2.25556659439579e-06
D4T,NRTI,168,L,1.852582433375621e-07,0.0,6.635801875723428e-06
D4T,NRTI,169,E,1.508136151864501e-08,0.004656897047564264,0.010412459111109957
D4T,NRTI,170,P,1.6772312996839872e-08,0.0,5.867843050439321e-07
D4T,NRTI,171,F,4.03792937566111e-07,0.0,1.4481680772069836e-05
D4T,NRTI,172,R,3.236116128840206e-08,0.0026032024826572685,0.005821410391905691
D4T,NRTI,173,K,3.868433368687556e-08,0.0108799652812273,0.024326899416135667
D4T,NRTI,174,Q,8.061758778954478e-09,0.023332522573456853,0.05216734154927673
D4T,NRTI,175,N,3.120458020242857e-08,0.0,1.1049346202352492e-06
D4T,NRTI,176,P,6.780257645356232e-09,0.001503200672716995,0.003361097867748948
D4T,NRTI,177,D,6.817768588073469e-09,0.11239242762439902,0.25128824761593865
D4T,NRTI,178,I,3.298930130423778e-08,0.015268595643324442,0.034138834877217646
D4T,NRTI,179,V,1.3618654083193664e-08,0.004908401682096483,0.010974722960164423
D4T,NRTI,180,I,4.564045676229865e-08,0.0,1.6232145192287434e-06
D4T,NRTI,181,Y,3.854173059626081e-08,0.005889428752533732,0.013169007055515285
D4T,NRTI,182,Q,2.385881009704594e-07,0.0,8.550461724239354e-06
D4T,NRTI,183,Y,1.4721687443498051e-05,0.0,0.0005285257630664876
D4T,NRTI,184,M,1.910817882783091e-06,0.21285273276218405,0.47596667500301043
D4T,NRTI,185,D,3.626977133457983e-07,0.0,1.300627132466387e-05
D4T,NRTI,186,D,4.257364602231157e-08,0.0,1.5131092302315248e-06
D4T,NRTI,187,L,1.4103440641537988e-07,0.0,5.048068312189852e-06
D4T,NRTI,188,Y,1.516889907968417e-07,0.0012089807910602376,0.0027084809078817807
D4T,NRTI,189,V,1.2043733536517618e-08,0.03740385251314029,0.0836282927613773
D4T,NRTI,190,G,3.962166156948362e-08,0.020453068409336736,0.045730564648645125
D4T,NRTI,191,S,1.244863834001562e-08,0.0,4.315548213942207e-07
D4T,NRTI,192,D,9.185962085988285e-10,0.0019666693127450346,0.004397114847862964
D4T,NRTI,193,L,8.7013342351921e-09,0.0,2.970183154265278e-07
D4T,NRTI,194,E,4.728319691038657e-09,0.0020057704102128446,0.004484674216907869
D4T,NRTI,195,I,4.058813907429087e-09,0.001855841386149328,0.004149437496119557
D4T,NRTI,196,G,1.3226640948569911e-08,0.11868567085352785,0.2653589685118063
D4T,NRTI,197,Q,1.6284780871412507e-08,0.0,5.69280823376252e-07
D4T,NRTI,198,H,2.629153479294794e-07,0.0,9.423863699132948e-06
D4T,NRTI,199,R,5.2919630718147e-09,0.0,1.746143495254455e-07
D4T,NRTI,200,T,1.1780851519162101e-08,0.014973472557024714,0.033478234549844735
D4T,NRTI,201,K,3.9507436969868445e-08,0.0,1.4030255431479978e-06
D4T,NRTI,202,I,1.7974147134099593e-08,0.008235546561346877,0.018413740300797093
D4T,NRTI,203,E,8.400322706178522e-09,0.005909800471496994,0.013213472187988911
D4T,NRTI,204,E,1.0510220120446328e-08,0.0,3.6196131975412615e-07
D4T,NRTI,205,L,7.277646931420074e-08,0.0,2.5974573915723802e-06
D4T,NRTI,206,R,2.479999620818756e-09,0.0,7.365864189582228e-08
D4T,NRTI,207,Q,1.768704922478122e-08,0.06552051907377963,0.1464919957698069
D4T,NRTI,208,H,1.2915486199971042e-07,0.08240613648598119,0.18424901564674218
D4T,NRTI,209,L,4.237282720141937e-07,0.0,1.5197403373416798e-05
D4T,NRTI,210,L,1.3410157195899307e-07,0.2221160057633282,0.4966137975047017
D4T,NRTI,211,R,6.116931596954996e-10,0.03618068997321343,0.08089312432552011
D4T,NRTI,212,W,7.59352212039486e-08,0.0,2.7108635712092305e-06
D4T,NRTI,213,G,7.531460146472304e-08,0.0,2.688581949831742e-06
D4T,NRTI,214,F,4.544664280181705e-05,0.26835922003697904,0.6016316196204881
D4T,NRTI,215,T,7.838118238997006e-07,0.09737075478944063,0.217730549828598
D4T,NRTI,216,T,1.9626893177815367e-08,0.0,6.892700475431132e-07
D4T,NRTI,217,P,3.4295661968379654e-09,0.0,1.0775018230667095e-07
D4T,NRTI,218,D,2.5844953223215024e-09,0.09222233179379283,0.20619161079097736
D4T,NRTI,219,K,6.058150719423315e-09,0.03999509999771365,0.08942161270506098
D4T,NRTI,220,K,3.563891348942397e-08,0.0,1.264136993472233e-06
D4T,NRTI,221,H,2.9939344269749454e-09,0.01200186496010835,0.026833971620765347
D4T,NRTI,222,Q,5.518379255124977e-10,0.0,4.433372163019461e-09
D4T,NRTI,223,K,1.0727693262640753e-08,0.003943023982438745,0.008816218872900664
D4T,NRTI,224,E,1.943014182295891e-09,0.0,5.437967690298832e-08
D4T,NRTI,225,P,6.900608434840824e-10,0.013389593771820491,0.02993658568338539
D4T,NRTI,226,P,1.5923877946849822e-09,0.0,4.179141404262267e-08
D4T,NRTI,227,F,1.4758574217840216e-07,0.10336734172238962,0.2311149318463838
D4T,NRTI,228,L,1.3247237767249203e-09,0.05275673914079421,0.11795403234651766
D4T,NRTI,229,W,2.6823584366286933e-07,0.0,9.61488126428463e-06
D4T,NRTI,230,M,7.860755422965806e-07,0.0,2.8206471846929286e-05
D4T,NRTI,231,G,5.3303065947149575e-09,0.0,1.759909668090155e-07
D4T,NRTI,232,Y,1.812905758107656e-07,0.0,6.493353835488429e-06
D4T,NRTI,233,E,4.378189316546339e-09,0.0,1.4180785054914407e-07
D4T,NRTI,234,L,2.147642378750283e-08,0.0,7.556722873793078e-07
D4T,NRTI,235,H,2.0826872493517513e-09,0.0,5.939424895101048e-08
D4T,NRTI,236,P,4.962230770420254e-09,0.0,1.6277623057556001e-07
D4T,NRTI,237,D,2.5735853118249213e-09,0.0,7.701857520369952e-08
D4T,NRTI,238,K,8.863902179241915e-09,0.0,3.028548641994605e-07
D4T,NRTI,239,W,6.670453212304537e-09,0.0,2.2410519463024947e-07
D4T,NRTI,240,T,3.753582270317903e-09,0.0,1.1938307603078866e-07
DDI,NRTI,1,P,3.677157886785721e-08,0.0028054334770672,0.006607305414913867
DDI,NRTI,2,I,1.758790926190204e-08,0.0,5.811809786691201e-07
DDI,NRTI,3,S,4.6019573605368906e-08,0.0,1.5502680681868565e-06
DDI,NRTI,4,P,3.0715096447753995e-08,0.001747292165371768,0.004115449823807891
DDI,NRTI,5,I,3.340815100110703e-08,0.0,1.1204104742521329e-06
DDI,NRTI,6,E,2.4648464362931885e-08,0.007795370764071052,0.018356904130914127
DDI,NRTI,7,T,2.550224055941687e-08,0.0,8.509392379794002e-07
DDI,NRTI,8,V,4.730947112092321e-08,0.0,1.594233944191295e-06
DDI,NRTI,9,P,3.6279332536831724e-08,0.0,1.2182740718354334e-06
DDI,NRTI,10,V,3.537341511694855e-08,0.0,1.187396073798722e-06
DDI,NRTI,11,K,2.3654109262567432e-07,0.00043151150387121394,0.0010241421567450287
DDI,NRTI,12,L,4.6860477595587733e-07,0.0,1.5953992692672985e-05
DDI,NRTI,13,K,2.6941850746697975e-06,0.0,9.181241266112204e-05
DDI,NRTI,14,P,1.5210841965302873e-08,0.0,5.001591573567701e-07
DDI,NRTI,15,G,2.1214531717505878e-09,0.0,5.401018991426411e-08
DDI,NRTI,16,M,2.2240585673084803e-08,0.0,7.397664412474651e-07
DDI,NRTI,17,D,1.487784750124231e-07,0.0,5.05278285183105e-06
DDI,NRTI,18,G,3.036151369271464e-08,0.0,1.0165665048545215e-06
DDI,NRTI,19,P,3.9975802614104265e-07,0.0,1.3607366213307392e-05
DDI,NRTI,20,K,7.390214932606577e-06,0.0033271090774850236,0.008086357066176872
DDI,NRTI,21,V,6.678096699779322e-07,0.007446963158896222,0.01755841632745047
DDI,NRTI,22,K,6.213089097004517e-07,0.0,2.1158879847366093e-05
DDI,NRTI,23,Q,1.2268955110310258e-07,0.0,4.163547559991984e-06
DDI,NRTI,24,W,2.723124219353333e-06,0.0,9.279879710755154e-05
DDI,NRTI,25,P,2.072643303450088e-07,0.0,7.046260498356324e-06
DDI,NRTI,26,L,1.401782084287123e-06,0.0,4.776113809260533e-05
DDI,NRTI,27,T,1.2792755529822027e-07,0.002190165516480448,0.00516161550559076
DDI,NRTI,28,E,5.241173418610657e-09,0.00043151150387121394,0.001016258349353304
DDI,NRTI,29,E,1.2696493421735446e-08,0.0,4.144581346279051e-07
DDI,NRTI,30,K,9.250682319944845e-08,0.0,3.134775850235252e-06
DDI,NRTI,31,I,3.2665963507162806e-07,0.0,1.111582346737012e-05
DDI,NRTI,32,K,2.5927554403339683e-07,0.004343016383984836,0.010235499546095601
DDI,NRTI,33,A,5.368694873951976e-10,0.001747292165371768,0.004114421205511806
DDI,NRTI,34,L,8.53308715234334e-09,0.0,2.7254933831742096e-07
DDI,NRTI,35,V,4.888157500326654e-08,0.11811267197650949,0.27812644677956666
DDI,NRTI,36,E,2.3611856030384483e-09,0.0,6.218141764448833e-08
DDI,NRTI,37,I,7.779689961752776e-09,0.0,2.468699590921941e-07
DDI,NRTI,38,C,2.33747483471074e-08,0.0,7.784241290820772e-07
DDI,NRTI,39,T,5.4554796945515e-09,0.07079171195169737,0.16669634279490045
DDI,NRTI,40,E,1.6828226637721411e-09,0.0,3.9059564540544346e-08
DDI,NRTI,41,M,1.3839200244336275e-09,0.018978839794404286,0.04469028872254892
DDI,NRTI,42,E,1.1270486643827173e-07,0.0,3.823221756876744e-06
DDI,NRTI,43,K,6.908365996931443e-07,0.027911466776040544,0.06574781516118532
DDI,NRTI,44,E,6.513494820157722e-08,0.0609004528499658,0.1434070196186984
DDI,NRTI,45,G,4.066336829635756e-08,0.0,1.3677029762856511e-06
DDI,NRTI,46,K,0.003081333994480038,0.0,0.10502658009029237
DDI,NRTI,47,I,2.624491102174913e-06,0.004343016383984836,0.01031611740348277
DDI,NRTI,48,S,1.891683924495743e-08,0.0,6.26477267830888e-07
DDI,NRTI,49,K,3.226119774411319e-07,0.02956710909910669,0.06963387383232533
DDI,NRTI,50,I,1.935800595350481e-08,0.0,6.41514339048864e-07
DDI,NRTI,51,G,2.702912682626433e-09,0.0,7.382911075758643e-08
DDI,NRTI,52,P,3.896730545412659e-09,0.0,1.1452013271415468e-07
DDI,NRTI,53,E,9.794759802676697e-10,0.0,1.5086145953252877e-08
DDI,NRTI,54,N,2.7084330964936146e-09,0.0,7.401727286244436e-08
DDI,NRTI,55,P,1.9618172168141136e-09,0.0,4.856903314331623e-08
DDI,NRTI,56,Y,4.789478899617865e-07,0.0,1.6306535481848105e-05
DDI,NRTI,57,N,3.112404744569932e-09,0.0,8.778655854170211e-08
DDI,NRTI,58,T,1.1147260471665166e-07,0.0,3.781220384361128e-06
DDI,NRTI,59,P,1.0217450798799969e-09,0.0,1.6526879011472804e-08
DDI,NRTI,60,V,1.8644495841829463e-07,0.19016504528237171,0.4477958422289126
DDI,NRTI,61,F,3.3214451116724725e-07,0.0,1.1302774275020971e-05
DDI,NRTI,62,A,2.5063758943349895e-08,0.006985895553532907,0.016450813492917542
DDI,NRTI,63,I,1.2611587558868688e-07,0.0,4.280333084165536e-06
DDI,NRTI,64,K,1.4964360191131055e-06,0.002396785121793169,0.005694796558022088
DDI,NRTI,65,K,2.596406367274181e-06,0.022714626565061714,0.053575551280594554
DDI,NRTI,66,K,1.3800594357462763e-07,0.0,4.685603462975105e-06
DDI,NRTI,67,D,9.125929757066956e-09,0.10282322456273672,0.24212239685783404
DDI,NRTI,68,S,1.2994804725561683e-08,0.012938255565191443,0.030466670692207674
DDI,NRTI,69,T,8.017715910187324e-07,0.04287186584217094,0.10097946744754296
DDI,NRTI,70,K,2.8952122573642877e-07,0.09096269774417663,0.2142034805055075
DDI,NRTI,71,W,0.00012918695559442197,0.0,0.00440329095810157
DDI,NRTI,72,R,4.120393412330531e-06,0.0,0.00014042441336192368
DDI,NRTI,73,K,0.00011757047820989989,0.0,0.004007345855380143
DDI,NRTI,74,L,1.8511602528811366e-06,0.23867151698014652,0.5620727809234282
DDI,NRTI,75,V,3.631485723513228e-07,0.015438300610474416,0.03636556518546127
DDI,NRTI,76,D,6.540157391214907e-10,0.0,3.992904487120946e-09
DDI,NRTI,77,F,4.908990254212558e-06,0.0,0.00016730356503838676
DDI,NRTI,78,R,2.0458505071198442e-07,0.0,6.954937835349141e-06
DDI,NRTI,79,E,1.0507044637396156e-08,0.002518797934460619,0.005931457614141315
DDI,NRTI,80,L,1.509273409722605e-08,0.0,4.961334763856872e-07
DDI,NRTI,81,N,4.086677885051723e-09,0.0,1.2099444643384218e-07
DDI,NRTI,82,K,5.595983825876611e-08,0.0,1.8890798248827048e-06
DDI,NRTI,83,R,2.4776137139438816e-07,0.02323542621422206,0.054721846723931274
DDI,NRTI,84,T,4.374834766108576e-08,0.0,1.4728538263263274e-06
DDI,NRTI,85,Q,5.3072229153645985e-09,0.0,1.6259645807699922e-07
DDI,NRTI,86,D,4.8019367915352245e-09,0.0,1.4537389054805947e-07
DDI,NRTI,87,F,1.4224144235214958e-08,0.0,4.66527780032763e-07
DDI,NRTI,88,W,1.527919849433351e-08,0.0,5.024890747674285e-07
DDI,NRTI,89,E,9.32715722405297e-09,0.0,2.99615043841025e-07
DDI,NRTI,90,V,4.57874211438663e-08,0.015050703274632671,0.035442056505186254
DDI,NRTI,91,Q,2.1501328086837515e-09,0.0,5.498772909551755e-08
DDI,NRTI,92,L,3.853898196256913e-09,0.0,1.1306020141786786e-07
DDI,NRTI,93,G,1.7557897655221696e-09,0.0,4.1546632318612293e-08
DDI,NRTI,94,I,4.8676593416739746e-08,0.0,1.6408320100189849e-06
DDI,NRTI,95,P,1.2325000777163639e-08,0.0,4.0179588871235553e-07
DDI,NRTI,96,H,9.68362207317608e-09,0.0,3.1176507062028636e-07
DDI,NRTI,97,P,2.48089345922358e-08,0.0,8.273080550221081e-07
DDI,NRTI,98,A,1.5293309669778772e-08,0.024086372633339872,0.056717681865766686
DDI,NRTI,99,G,6.089539370969008e-09,0.0,1.8926154415444214e-07
DDI,NRTI,100,L,8.571208099301043e-08,0.0,2.9031785413575737e-06
DDI,NRTI,101,K,3.824988702364347e-07,0.08260150607176253,0.1945182054160828
DDI,NRTI,102,K,4.0553709685202157e-07,0.0015620656509811683,0.003692065007662479
DDI,NRTI,103,K,1.2879403391328643e-07,0.05960101748082496,0.14034935516011124
DDI,NRTI,104,K,4.1823011923142525e-07,0.0,1.4236983484882032e-05
DDI,NRTI,105,S,7.125088862928531e-07,0.0,2.4267411195103547e-05
DDI,NRTI,106,V,7.533655869109915e-07,0.048502849183702096,0.11423732715518559
DDI,NRTI,107,T,5.334332115770095e-08,0.007520396868982553,0.017710389773261746
DDI,NRTI,108,V,3.1600965054288166e-07,0.0019001362972271675,0.004485082432110694
DDI,NRTI,109,L,1.0705248413582486e-07,0.0,3.630561536632604e-06
DDI,NRTI,110,D,8.536655863102567e-09,0.0,2.7267097704673384e-07
DDI,NRTI,111,V,1.9602442745114404e-07,0.009767368610683426,0.023006290419999225
DDI,NRTI,112,G,1.6139114021613154e-07,0.0,5.482682799497394e-06
DDI,NRTI,113,D,6.315118996113644e-08,0.0,2.134195482086567e-06
DDI,NRTI,114,A,2.19631561121797e-09,0.0,5.6561859865809304e-08
DDI,NRTI,115,Y,3.6902440764061256e-08,0.0028054334770672,0.006607309875313111
DDI,NRTI,116,F,1.573808117137261e-08,0.008055677789113164,0.01896955615188669
DDI,NRTI,117,S,1.8420737084740328e-08,0.0,6.095677337023056e-07
DDI,NRTI,118,V,7.571273928494852e-08,0.05532803529099459,0.13028577781766237
DDI,NRTI,119,P,6.510378191042631e-09,0.0,2.0360574371921152e-07
DDI,NRTI,120,L,1.0598125166686873e-06,0.0,3.610517982777941e-05
DDI,NRTI,121,D,1.4572983908469397e-08,0.0,4.784179043525566e-07
DDI,NRTI,122,E,8.52796698276146e-09,0.028998374548955517,0.06828394555446139
DDI,NRTI,123,D,1.6546349766836566e-08,0.13741669456758357,0.3235813258864381
DDI,NRTI,124,F,1.975164117519013e-08,0.0,6.549313098848451e-07
DDI,NRTI,125,R,3.278560570098307e-09,0.0,9.344994368238626e-08
DDI,NRTI,126,K,2.595620504275778e-07,0.0,8.828816902054012e-06
DDI,NRTI,127,Y,1.1012693232069613e-07,0.0,3.735353433700515e-06
DDI,NRTI,128,T,1.483089179689116e-08,0.0,4.87208638582357e-07
DDI,NRTI,129,A,3.64662654852588e-08,0.0,1.2246456406868993e-06
DDI,NRTI,130,F,2.208362199049567e-07,0.0,7.508855399380057e-06
DDI,NRTI,131,T,1.1632941689289702e-07,0.0,3.946763770050874e-06
DDI,NRTI,132,I,2.399963152020024e-07,0.0,8.161923076389372e-06
DDI,NRTI,133,P,7.250010919425754e-09,0.0,2.288159642466484e-07
DDI,NRTI,134,S,5.042142664918988e-09,0.0,1.5356125544905328e-07
DDI,NRTI,135,I,2.0937404601271178e-07,0.05877520507973273,0.1384075270600475
DDI,NRTI,136,N,8.679276418160211e-09,0.0,2.775321676170979e-07
DDI,NRTI,137,N,8.376028505137178e-09,0.0,2.671960285193758e-07
DDI,NRTI,138,E,6.78508243846815e-07,0.16840083718834623,0.39656353218922175
DDI,NRTI,139,T,7.735011877463022e-08,0.0,2.6181628795597307e-06
DDI,NRTI,140,P,7.571166642476015e-09,0.0,2.3976248715058297e-07
DDI,NRTI,141,G,7.317248290720615e-09,0.0,2.3110773540952553e-07
DDI,NRTI,142,I,2.3271463175167e-06,0.04120040558971524,0.09709560285254382
DDI,NRTI,143,R,3.8676241702585063e-07,0.0,1.3164413705785776e-05
DDI,NRTI,144,Y,3.64427616788456e-07,0.0,1.2403136902024186e-05
DDI,NRTI,145,Q,2.872320415147345e-07,0.0015620656509811683,0.0036880326056065514
DDI,NRTI,146,Y,1.729023565341689e-07,0.0,5.87504010168323e-06
DDI,NRTI,147,N,8.996464608205453e-06,0.0,0.00030662423854301626
DDI,NRTI,148,V,3.6578805443510783e-07,0.0,1.2449507123040357e-05
DDI,NRTI,149,L,6.0741361695363805e-06,0.0,0.00020701730990763838
DDI,NRTI,150,P,1.1719410719738259e-08,0.0,3.811544834431598e-07
DDI,NRTI,151,Q,3.197867544520695e-05,0.2548050495701861,0.6010899678916496
DDI,NRTI,152,G,2.663185573330059e-09,0.0,7.247502088588947e-08
DDI,NRTI,153,W,1.6856631335927418e-05,0.0,0.0005745363102836401
DDI,NRTI,154,K,0.011735442955203967,0.0,0.4
DDI,NRTI,155,G,2.9142981830599542e-05,0.0,0.0009933138921318354
DDI,NRTI,156,S,6.320074677620556e-06,0.0,0.00021540007041438987
DDI,NRTI,157,P,1.108684966016407e-07,0.0,3.7606294907765057e-06
DDI,NRTI,158,A,1.2568000907872484e-06,0.006256794291138813,0.01477595202785882
DDI,NRTI,159,I,2.8369941306773423e-07,0.0,9.651533652892351e-06
DDI,NRTI,160,F,4.2376347596655775e-07,0.0,1.4425586744576362e-05
DDI,NRTI,161,Q,1.1061076151238332e-07,0.0,3.751844646368605e-06
DDI,NRTI,162,S,2.459195609604579e-08,0.10298958452449905,0.24251465870379266
DDI,NRTI,163,S,9.235675106750069e-08,0.0,3.1296606742888104e-06
DDI,NRTI,164,M,1.355945156246353e-07,0.0,4.603410466272232e-06
DDI,NRTI,165,T,4.577881505679679e-08,0.0,1.5420618654723861e-06
DDI,NRTI,166,K,4.1542394502230255e-07,0.0,1.4141335647873738e-05
DDI,NRTI,167,I,3.0492090318639926e-08,0.0,1.0210171807223964e-06
DDI,NRTI,168,L,2.602260404448256e-07,0.0,8.851448857239966e-06
DDI,NRTI,169,E,3.3518343326379316e-09,0.0044137842630710055,0.01039341649707547
DDI,NRTI,170,P,2.821084379280007e-09,0.0,7.785696731181238e-08
DDI,NRTI,171,F,2.3979713682894636e-07,0.0,8.155134124905281e-06
DDI,NRTI,172,R,4.138715604735011e-07,0.004213053099566329,0.009934738990927332
DDI,NRTI,173,K,1.4361994686321014e-06,0.025876500409320494,0.06098140113421017
DDI,NRTI,174,Q,4.101533811155818e-08,0.04595229736945389,0.10820715689369131
DDI,NRTI,175,N,4.383362801424353e-08,0.0,1.475760588598009e-06
DDI,NRTI,176,P,4.063439037879763e-08,0.002862098340678804,0.006740868178463463
DDI,NRTI,177,D,7.96095076089441e-09,0.02247695108249509,0.052927660382726734
DDI,NRTI,178,I,5.644185084639794e-09,0.016663841414310713,0.03923921139851208
DDI,NRTI,179,V,8.256851941247694e-08,0.013690591404063049,0.032240598446125035
DDI,NRTI,180,I,4.432311012603007e-07,0.0,1.5089136514573218e-05
DDI,NRTI,181,Y,1.8653410560240717e-08,0.014641474376835157,0.03447750341926049
DDI,NRTI,182,Q,1.2951612556068143e-07,0.0,4.396229864219854e-06
DDI,NRTI,183,Y,1.938206583000949e-06,0.0,6.604505035059607e-05
DDI,NRTI,184,M,7.966222591007042e-07,0.10382555621503828,0.24450947034032103
DDI,NRTI,185,D,8.124886913917064e-10,0.0,9.394420565377382e-09
DDI,NRTI,186,D,2.045139807729893e-09,0.0,5.14090655151884e-08
DDI,NRTI,187,L,1.431872969562167e-06,0.0,4.87867793663602e-05
DDI,NRTI,188,Y,5.0717435328503655e-09,0.012898715567335078,0.030373294166351896
DDI,NRTI,189,V,3.9128820050493475e-09,0.027314865565042833,0.06431955994300054
DDI,NRTI,190,G,3.905875078554548e-08,0.0390496385422524,0.09195311367037837
DDI,NRTI,191,S,2.2108234614601396e-08,0.0,7.352552842321443e-07
DDI,NRTI,192,D,1.3580820087258296e-07,0.001747292165371768,0.004119031899393236
DDI,NRTI,193,L,2.0393591872209416e-08,0.0,6.768120596388162e-07
DDI,NRTI,194,E,5.48953028689452e-10,0.002518797934460619,0.005931118194756729
DDI,NRTI,195,I,6.7074419023357326e-09,0.0016387696332595604,0.0038590890285706
DDI,NRTI,196,G,4.127446232905858e-09,0.06076937380473558,0.14309628293636292
DDI,NRTI,197,Q,1.981694387844416e-08,0.0,6.571571383087316e-07
DDI,NRTI,198,H,5.9320065583196215e-09,0.0,1.8389207253049143e-07
DDI,NRTI,199,R,1.0334514529425822e-08,0.0,3.33950598290989e-07
DDI,NRTI,200,T,8.852302986296171e-09,0.022290129746694413,0.052487774829838366
DDI,NRTI,201,K,3.183139253492082e-08,0.0,1.0666670051956e-06
DDI,NRTI,202,I,5.6167802157515054e-08,0.0003353283051049296,0.0007915076119675308
DDI,NRTI,203,E,2.835694667683953e-08,0.010376797216041584,0.02443562227982796
DDI,NRTI,204,E,2.1720844230695953e-09,0.0,5.573594509294935e-08
DDI,NRTI,205,L,5.0116671787878213e-08,0.0,1.6899167677913414e-06
DDI,NRTI,206,R,3.522984505064747e-07,0.0,1.1989716909846244e-05
DDI,NRTI,207,Q,1.902705274074737e-07,0.05469455803813156,0.12879800737954789
DDI,NRTI,208,H,8.317206219033864e-08,0.007053495663335193,0.0166119748792044
DDI,NRTI,209,L,1.5595604422888828e-08,0.0,5.132737019600426e-07
DDI,NRTI,210,L,3.857665385749686e-08,0.0049590637427497355,0.011678609294565202
DDI,NRTI,211,R,6.094960909383463e-07,0.0955714027930733,0.22506669537349325
DDI,NRTI,212,W,2.941040512187934e-08,0.0,9.8414817627581e-07
DDI,NRTI,213,G,2.621564118419145e-08,0.0,8.752553429661205e-07
DDI,NRTI,214,F,6.2671978421433115e-06,0.23939288939248585,0.5639219460898323
DDI,NRTI,215,T,6.2888292797388455e-06,0.03563821161701232,0.08413310751297909
DDI,NRTI,216,T,5.877028895396679e-08,0.0,1.9848734249879678e-06
DDI,NRTI,217,P,4.646368751740359e-07,0.0,1.5818747658343738e-05
DDI,NRTI,218,D,7.163969021575668e-09,0.06713968772652489,0.15809682837941616
DDI,NRTI,219,K,8.897491634344847e-08,0.038638491170112095,0.09098666931196621
DDI,NRTI,220,K,6.695345633484368e-08,0.0,2.263794903673499e-06
DDI,NRTI,221,H,1.424660819544298e-08,0.016668090611698414,0.03924951037125078
DDI,NRTI,222,Q,6.276729257197781e-10,0.0,3.0950154272059394e-09
DDI,NRTI,223,K,1.903829913340386e-08,0.004708963450941067,0.01108902182189164
DDI,NRTI,224,E,5.678051343939485e-09,0.0,1.752360643348949e-07
DDI,NRTI,225,P,1.214836911857497e-08,0.019118534168680087,0.045019599753372094
DDI,NRTI,226,P,1.6353197991733707e-08,0.0,5.39096113824508e-07
DDI,NRTI,227,F,2.056533212953455e-06,0.12436095512542134,0.29290796817903686
DDI,NRTI,228,L,3.649549874810444e-07,0.056739033781036605,0.13361817314125896
DDI,NRTI,229,W,7.724108722640086e-07,0.0,2.6309157346150044e-05
DDI,NRTI,230,M,6.502813004911158e-07,0.0,2.2146397480119336e-05
DDI,NRTI,231,G,9.173628300366005e-09,0.0,2.943820439007039e-07
DDI,NRTI,232,Y,6.574077772366616e-07,0.0,2.238930188854324e-05
DDI,NRTI,233,E,1.0327956462792252e-08,0.0,3.337270680174878e-07
DDI,NRTI,234,L,3.9854143845307845e-07,0.0,1.356589908681667e-05
DDI,NRTI,235,H,1.0642533229742614e-08,0.0,3.4444934863500907e-07
DDI,NRTI,236,P,2.1844685853308234e-08,0.0,7.262722820785514e-07
DDI,NRTI,237,D,2.0700323121985533e-08,0.0,6.872669275114378e-07
DDI,NRTI,238,K,1.5355190964008028e-07,0.0,5.2154843319286246e-06
DDI,NRTI,239,W,8.117842487297075e-07,0.0,2.7651190311321776e-05
DDI,NRTI,240,T,4.942020772124754e-08,0.0,1.6661779417018343e-06
3TC,NRTI,1,P,6.835621311017543e-05,0.0014586163923003298,0.0019116548247228114
3TC,NRTI,2,I,1.3962439696364176e-06,0.0,2.4523954749977993e-05
3TC,NRTI,3,S,7.117536327596212e-06,0.0,0.00012506685065014495
3TC,NRTI,4,P,4.539502994572536e-06,0.0003714638539078941,0.000260681700812556
3TC,NRTI,5,I,3.7189387757871823e-06,0.0,6.534173637894398e-05
3TC,NRTI,6,E,9.77356489075311e-06,0.0016511411130845414,0.0009759233724847174
3TC,NRTI,7,T,2.6270810835610457e-06,0.0,4.6154020139524975e-05
3TC,NRTI,8,V,1.1637511745902108e-05,0.0,0.00020449845272896267
3TC,NRTI,9,P,1.2319439179791418e-05,0.0,0.0002164822764364878
3TC,NRTI,10,V,1.7339832164882039e-06,0.0,3.045920151120609e-05
3TC,NRTI,11,K,2.2018986774285904e-05,0.0015069650088543,0.0011208974618503508
3TC,NRTI,12,L,5.082547702184211e-07,0.0,8.918913082540167e-06
3TC,NRTI,13,K,1.4970748998521266e-05,0.0,0.00026307496047102717
3TC,NRTI,14,P,5.092661099572198e-05,0.0,0.0008949438221899663
3TC,NRTI,15,G,1.2551093131983878e-05,0.0,0.00022055323763597005
3TC,NRTI,16,M,7.805567553211689e-06,0.0,0.00013715793909048281
3TC,NRTI,17,D,9.672026613325006e-06,0.0,0.0001699580806042816
3TC,NRTI,18,G,7.496734104003235e-06,0.0,0.00013173066717506407
3TC,NRTI,19,P,7.551999875291897e-06,0.0,0.00013270187793337952
3TC,NRTI,20,K,4.247551156885909e-06,0.004487223502590876,0.002260113473070931
3TC,NRTI,21,V,8.905930839169424e-07,0.007077807417982277,0.0034628524474750936
3TC,NRTI,22,K,4.905168626827272e-06,0.0,8.618789786916448e-05
3TC,NRTI,23,Q,2.0630758123254163e-07,0.0,3.6126565778680005e-06
3TC,NRTI,24,W,7.696800620216663e-07,0.0,1.3513059693991682e-05
3TC,NRTI,25,P,3.4178549185987456e-06,0.0,6.005065160009994e-05
3TC,NRTI,26,L,1.1308088888325193e-06,0.0,1.985934227647113e-05
3TC,NRTI,27,T,2.1117192053265343e-06,0.0004625308919868487,0.00026237093689473085
3TC,NRTI,28,E,3.672573491108792e-05,0.0015069650088543,0.0013793458952521612
3TC,NRTI,29,E,2.329935352407508e-05,0.0,0.0004094373494933959
3TC,NRTI,30,K,2.223130738209302e-06,0.0,3.905521536248333e-05
3TC,NRTI,31,I,1.3542487177241525e-06,0.0,2.3785952918024447e-05
3TC,NRTI,32,K,1.8876284864383892e-05,0.0014569152553293562,0.001041292809940774
3TC,NRTI,33,A,3.8979631821623545e-06,0.0003714638539078941,0.00024940762730969957
3TC,NRTI,34,L,3.482296128139561e-07,0.0,6.106717561725634e-06
3TC,NRTI,35,V,6.390042911016818e-06,0.04794745390204345,0.023464875797206373
3TC,NRTI,36,E,4.513556195062313e-05,0.0,0.0007931750600178888
3TC,NRTI,37,I,5.8255792400767275e-06,0.0,0.00010236269591887447
3TC,NRTI,38,C,1.3647087902281672e-05,0.0,0.00023981365664669748
3TC,NRTI,39,T,1.031856405756682e-05,0.0027343229567120928,0.0015130597776251652
3TC,NRTI,40,E,8.238443766452246e-05,0.0,0.001447766645097512
3TC,NRTI,41,M,0.011531768200799297,0.27762539025915706,0.33786924901907633
3TC,NRTI,42,E,3.1595897593204766e-06,0.0,5.5512039447580144e-05
3TC,NRTI,43,K,1.3164343831295258e-05,0.005165310302172073,0.0027470715130201765
3TC,NRTI,44,E,9.581196787031484e-05,0.020371179787196336,0.011605427031267648
3TC,NRTI,45,G,1.626124545997688e-08,0.0,2.7288511395998046e-07
3TC,NRTI,46,K,3.5942941974020718e-06,0.0,6.315130000810217e-05
3TC,NRTI,47,I,2.734697971417088e-06,0.0014569152553293562,0.000757629296681369
3TC,NRTI,48,S,1.5948466083323082e-06,0.0,2.8014090051334973e-05
3TC,NRTI,49,K,3.4701421331021995e-06,0.002559419452689815,0.0013075233452906853
3TC,NRTI,50,I,7.12475016214508e-07,0.0,1.250776917469992e-05
3TC,NRTI,51,G,1.6443235659053545e-05,0.0,0.0002889516442273307
3TC,NRTI,52,P,2.9654786324361016e-05,0.0,0.0005211242863706296
3TC,NRTI,53,E,4.875966320930658e-06,0.0,8.56747123477633e-05
3TC,NRTI,54,N,2.503445551468356e-06,0.0,4.398131620219467e-05
3TC,NRTI,55,P,1.1289908234404203e-05,0.0,0.00019838985671875474
3TC,NRTI,56,Y,5.54829277367069e-07,0.0,9.737388268016957e-06
3TC,NRTI,57,N,3.605755499805809e-08,0.0,6.207747452817659e-07
3TC,NRTI,58,T,2.2002544860623328e-07,0.0,3.8537269558581245e-06
3TC,NRTI,59,P,1.751760791659506e-06,0.0,3.077161499717642e-05
3TC,NRTI,60,V,1.3378160496297332e-06,0.02867437291057091,0.013989222579504053
3TC,NRTI,61,F,1.748364017652478e-05,0.0,0.0003072351502167844
3TC,NRTI,62,A,2.51249398982849e-07,0.004931509986330454,0.0024062723783977663
3TC,NRTI,63,I,1.268646561484881e-05,0.0,0.00022293220039488237
3TC,NRTI,64,K,0.00013055411091524838,0.0037600530099909453,0.004125591460804064
3TC,NRTI,65,K,8.99043650242646e-06,0.052784429093913836,0.02586640089574117
3TC,NRTI,66,K,0.00017969845260256014,0.0,0.003157910483478716
3TC,NRTI,67,D,0.0003778498174811997,0.3202189336248056,0.16260131842010325
3TC,NRTI,68,S,0.0006739251854783783,0.007998702743866236,0.01573891613102774
3TC,NRTI,69,T,7.051516819802808e-05,0.07024330969392888,0.03545087314684267
3TC,NRTI,70,K,1.5125677379839564e-05,0.09147865539885097,0.04482006859997536
3TC,NRTI,71,W,5.076917944694682e-06,0.0,8.920612744158672e-05
3TC,NRTI,72,R,1.5332217185873117e-06,0.0,2.693112758641736e-05
3TC,NRTI,73,K,3.9547973804732955e-07,0.0,6.9370656938219625e-06
3TC,NRTI,74,L,7.069976870051642e-06,0.07029109345532068,0.03435919455475225
3TC,NRTI,75,V,1.1300846570362159e-06,0.010085941481965635,0.004932159418908074
3TC,NRTI,76,D,4.672656492712498e-07,0.0,8.198592451713253e-06
3TC,NRTI,77,F,6.080319139983623e-08,0.0,1.0556411686460453e-06
3TC,NRTI,78,R,3.2345445345846887e-07,0.0,5.67133231794881e-06
3TC,NRTI,79,E,3.7529069800674683e-06,0.00017846617659280275,0.0001528598303646054
3TC,NRTI,80,L,5.768790119401774e-07,0.0,1.0124878371494365e-05
3TC,NRTI,81,N,7.329925374585465e-10,0.0,0.0
3TC,NRTI,82,K,1.9451439019663762e-06,0.0,3.4170025131100705e-05
3TC,NRTI,83,R,2.0658265842920795e-06,0.0029748036768574536,0.0014851556970512702
3TC,NRTI,84,T,2.6048776146265506e-07,0.0,4.564789746373154e-06
3TC,NRTI,85,Q,7.942539693250174e-06,0.0,0.0001395650133589307
3TC,NRTI,86,D,1.2888705583668425e-06,0.0,2.2637032523970232e-05
3TC,NRTI,87,F,1.1623243682631e-06,0.0,2.0413178257816205e-05
3TC,NRTI,88,W,2.2099242004675208e-07,0.0,3.870719988690515e-06
3TC,NRTI,89,E,4.218818883578204e-06,0.0,7.412635889002282e-05
3TC,NRTI,90,V,1.6186425972749337e-07,0.016854967237516387,0.008211968234183816
3TC,NRTI,91,Q,3.749382605573077e-07,0.0,6.5760808841501545e-06
3TC,NRTI,92,L,1.8204402604427508e-06,0.0,3.197855081662386e-05
3TC,NRTI,93,G,5.052874135785865e-07,0.0,8.86676636269592e-06
3TC,NRTI,94,I,2.2946880823814362e-07,0.0,4.019679447885218e-06
3TC,NRTI,95,P,6.513012355457724e-07,0.0,1.1432734256577045e-05
3TC,NRTI,96,H,1.6833389975557154e-06,0.0,2.9569207413108608e-05
3TC,NRTI,97,P,1.9336523201114704e-06,0.0,3.396807829009396e-05
3TC,NRTI,98,A,1.8334078410000018e-06,0.048026679963768304,0.023423386658169967
3TC,NRTI,99,G,5.006702625404063e-06,0.0,8.797220141642707e-05
3TC,NRTI,100,L,2.0232278698241263e-07,0.0,3.5426299600327997e-06
3TC,NRTI,101,K,2.36197863730277e-05,0.06805814877994208,0.03356248620861484
3TC,NRTI,102,K,1.1275069569625125e-05,0.003412977825133426,0.0018604047139774435
3TC,NRTI,103,K,5.280751214076833e-05,0.0634963466401189,0.03185361012540566
3TC,NRTI,104,K,2.858920583903579e-06,0.0,5.02282420617898e-05
3TC,NRTI,105,S,1.3430689298882345e-06,0.0,2.3589485376384342e-05
3TC,NRTI,106,V,4.991846152475994e-07,0.08725152418044702,0.04250422512900024
3TC,NRTI,107,T,1.591401183220702e-06,0.001885331776637056,0.0009461959730772988
3TC,NRTI,108,V,3.470867677589606e-07,0.005038682023678106,0.0024601542351351596
3TC,NRTI,109,L,1.6333729818202998e-06,0.0,2.8691131690996155e-05
3TC,NRTI,110,D,2.668802608531446e-07,0.0,4.677128071448551e-06
3TC,NRTI,111,V,1.2868989310504164e-06,0.00019050439082269582,0.0001153866978938812
3TC,NRTI,112,G,5.563159549284931e-07,0.0,9.763514334986322e-06
3TC,NRTI,113,D,1.6968937417197822e-05,0.0,0.0002981900424486869
3TC,NRTI,114,A,1.812736518858685e-07,0.0,3.1727238502958958e-06
3TC,NRTI,115,Y,3.00817753872785e-05,0.0014586163923003298,0.001239040567865831
3TC,NRTI,116,F,4.1928666237960407e-07,0.0054880848449089924,0.002680302676240162
3TC,NRTI,117,S,4.074311129140171e-07,0.0,7.147092688407105e-06
3TC,NRTI,118,V,6.257034965159474e-06,0.13010026895162352,0.0634747004613739
3TC,NRTI,119,P,2.049040371827478e-06,0.0,3.5995845470294954e-05
3TC,NRTI,120,L,4.199908322413855e-07,0.0,7.367810399347019e-06
3TC,NRTI,121,D,2.1065691949891498e-05,0.0,0.000370184189703913
3TC,NRTI,122,E,4.219991406928772e-05,0.02148243737806941,0.011204510861340921
3TC,NRTI,123,D,0.0011902915535819585,0.10143888799042095,0.0703228846331394
3TC,NRTI,124,F,7.78434738439963e-06,0.0,0.000136785027326782
3TC,NRTI,125,R,5.548214482507068e-07,0.0,9.737250683362625e-06
3TC,NRTI,126,K,1.1829331958582499e-05,0.0,0.00020786939734573976
3TC,NRTI,127,Y,3.259209120698695e-06,0.0,5.7262696196794585e-05
3TC,NRTI,128,T,2.952380379108282e-07,0.0,5.1754723000395096e-06
3TC,NRTI,129,A,4.3880885301958607e-07,0.0,7.69850811339016e-06
3TC,NRTI,130,F,3.69074228129944e-07,0.0,6.473029551512107e-06
3TC,NRTI,131,T,4.645612056327406e-07,0.0,8.151066022682547e-06
3TC,NRTI,132,I,5.732019014837487e-07,0.0,1.0060258822150803e-05
3TC,NRTI,133,P,5.344805375686347e-06,0.0,9.391383619023785e-05
3TC,NRTI,134,S,1.2938704355769748e-05,0.0,0.00022736490753230378
3TC,NRTI,135,I,8.713664226109165e-05,0.07194874217719259,0.03657359322032777
3TC,NRTI,136,N,5.9234467429658215e-05,0.0,0.001040941595477792
3TC,NRTI,137,N,3.8665416986333304e-05,0.0,0.0006794722336453595
3TC,NRTI,138,E,6.349895088386058e-05,0.02653439320573144,0.014039341156967516
3TC,NRTI,139,T,8.124717672434192e-06,0.0,0.00014276651058200447
3TC,NRTI,140,P,8.896825451811266e-06,0.0,0.00015633511488127874
3TC,NRTI,141,G,3.482703665250556e-06,0.0,6.119026838175211e-05
3TC,NRTI,142,I,8.72675572249174e-06,0.094321199614628,0.0460920658927344
3TC,NRTI,143,R,2.404796745490335e-07,0.0,4.2131784540540345e-06
3TC,NRTI,144,Y,4.016869020417475e-06,0.0,7.05774012772252e-05
3TC,NRTI,145,Q,3.121646993294977e-06,0.003412977825133426,0.0017171208777334306
3TC,NRTI,146,Y,2.2296277335960565e-07,0.0,3.9053459115810255e-06
3TC,NRTI,147,N,9.204354485148197e-07,0.0,1.6162353277019775e-05
3TC,NRTI,148,V,1.7322031694579735e-07,0.0,3.0311989000104517e-06
3TC,NRTI,149,L,1.0804585105790463e-07,0.0,1.885858104761857e-06
3TC,NRTI,150,P,1.909304817915092e-07,0.0,3.342427753397027e-06
3TC,NRTI,151,Q,5.160925337145926e-07,0.047654695117681174,0.0232190633120004
3TC,NRTI,152,G,1.1869075435380382e-09,0.0,7.976856686982589e-09
3TC,NRTI,153,W,1.9512606141906794e-07,0.0,3.416158599391572e-06
3TC,NRTI,154,K,6.181362300304228e-07,0.0,1.0849910396436583e-05
3TC,NRTI,155,G,1.280214838461957e-06,0.0,2.2484921586285472e-05
3TC,NRTI,156,S,3.310579901078561e-07,0.0,5.80495275647593e-06
3TC,NRTI,157,P,9.44559956141681e-07,0.0,1.6586304319408957e-05
3TC,NRTI,158,A,5.603785289108318e-07,0.005486727088059798,0.0026821208589364173
3TC,NRTI,159,I,7.824957142076239e-07,0.0,1.37382750304939e-05
3TC,NRTI,160,F,9.328870496095134e-08,0.0,1.6265240048805105e-06
3TC,NRTI,161,Q,3.2622092531860714e-07,0.0,5.719948797380707e-06
3TC,NRTI,162,S,2.2267632871769803e-06,0.05172149939859534,0.02522984459650943
3TC,NRTI,163,S,3.049322259532047e-06,0.0,5.357425807603819e-05
3TC,NRTI,164,M,7.637380519373216e-07,0.0,1.3408638024206389e-05
3TC,NRTI,165,T,1.8765029728015553e-06,0.0,3.296376658605227e-05
3TC,NRTI,166,K,2.9297709191887204e-07,0.0,5.135739658656679e-06
3TC,NRTI,167,I,3.018552193292609e-06,0.0,5.3033521582744184e-05
3TC,NRTI,168,L,7.58534706931569e-07,0.0,1.3317197254793828e-05
3TC,NRTI,169,E,1.380180042944238e-05,0.011730808194047022,0.005955970288889165
3TC,NRTI,170,P,8.655082252244049e-06,0.0,0.00015208685070808984
3TC,NRTI,171,F,2.545499752665378e-06,0.0,4.472035397697893e-05
3TC,NRTI,172,R,1.6708054805768042e-06,0.0023120577811955078,0.0011554263780617917
3TC,NRTI,173,K,2.1327004227117126e-06,0.025145827175957047,0.01228462898866546
3TC,NRTI,174,Q,9.085889504133481e-07,0.03530140256695802,0.017209344804699968
3TC,NRTI,175,N,1.6698584090883283e-06,0.0,2.9332306846217665e-05
3TC,NRTI,176,P,2.9342281575492338e-05,0.0022348757459025297,0.0016041187589466098
3TC,NRTI,177,D,0.00021865667164520483,0.03103032272114449,0.018955721393626276
3TC,NRTI,178,I,2.264131255779145e-05,0.030596169772238894,0.01529960128709506
3TC,NRTI,179,V,1.7891289028477796e-05,0.016682766572689776,0.008439665985444893
3TC,NRTI,180,I,7.451067055988543e-07,0.0,1.3081220825750815e-05
3TC,NRTI,181,Y,2.196248609945891e-05,0.0177234832563746,0.009018087417693074
3TC,NRTI,182,Q,4.2042463050633615e-06,0.0,7.387026828095328e-05
3TC,NRTI,183,Y,6.0205362499382185e-06,0.0,0.0001057887649118776
3TC,NRTI,184,M,0.022761598384369894,1.2319176589056184,1.0
3TC,NRTI,185,D,3.541674347317425e-06,0.0,6.222658723722227e-05
3TC,NRTI,186,D,7.475368806555751e-05,0.0,0.0013136679809204268
3TC,NRTI,187,L,1.3365341757034997e-07,0.0,2.335871621469385e-06
3TC,NRTI,188,Y,1.5115134836834266e-05,0.0014159004983818274,0.0009552203402528965
3TC,NRTI,189,V,9.030384686880248e-07,0.012143849853959998,0.00593046452399802
3TC,NRTI,190,G,4.2542165507352195e-06,0.0044123006753691105,0.002223739778339194
3TC,NRTI,191,S,1.6259766602256962e-06,0.0,2.856115273771023e-05
3TC,NRTI,192,D,2.225605561809944e-05,0.0003714638539078941,0.000572022809549795
3TC,NRTI,193,L,3.690906105750864e-06,0.0,6.484910540521929e-05
3TC,NRTI,194,E,3.7665067560193204e-05,0.00017846617659280275,0.0007488137893007637
3TC,NRTI,195,I,8.880650435467464e-06,0.002344877100281518,0.0012981127947395924
3TC,NRTI,196,G,0.0005357567942030852,0.01515812838843218,0.016797785911590216
3TC,NRTI,197,Q,2.095487148395254e-05,0.0,0.0003682366908044717
3TC,NRTI,198,H,4.94554613031629e-07,0.0,8.678153933790989e-06
3TC,NRTI,199,R,1.1002684382545771e-05,0.0,0.00019334234017342908
3TC,NRTI,200,T,3.557526738341069e-05,0.0348852768889711,0.017615886097021253
3TC,NRTI,201,K,5.949159312560939e-06,0.0,0.00010453442523905659
3TC,NRTI,202,I,4.913207243015655e-06,0.025737512255811973,0.012621669689439683
3TC,NRTI,203,E,1.8517476847114045e-07,0.0006189061864394306,0.00030467677703386106
3TC,NRTI,204,E,7.820901366441384e-06,0.0,0.00013742740722649948
3TC,NRTI,205,L,1.2998883583241392e-07,0.0,2.2714722450448692e-06
3TC,NRTI,206,R,1.2068293928373659e-05,0.0,0.0002120687856918684
3TC,NRTI,207,Q,5.8558168182283744e-05,0.015478392457939727,0.008567738673676991
3TC,NRTI,208,H,2.5705577649528473e-05,0.01725556509177505,0.008855969028456624
3TC,NRTI,209,L,1.8602464741119854e-07,0.0,3.2562152747222044e-06
3TC,NRTI,210,L,4.356155378384402e-05,0.10924924767357075,0.053974872994333255
3TC,NRTI,211,R,8.38752193111843e-05,0.0604451290908485,0.030913495303924704
3TC,NRTI,212,W,7.252688888488858e-07,0.0,1.273260176914838e-05
3TC,NRTI,213,G,1.0702647935872594e-05,0.0,0.00018806966202018844
3TC,NRTI,214,F,2.317981752485644e-05,0.021394401413028997,0.01082738445310131
3TC,NRTI,215,T,0.0010105227967512405,0.22255962566451065,0.12615504072632064
3TC,NRTI,216,T,2.012454804222114e-05,0.0,0.00035364503595758704
3TC,NRTI,217,P,3.069636228701132e-06,0.0,5.3931244777590865e-05
3TC,NRTI,218,D,6.03234689967226e-05,0.005194998421202385,0.003590279925096404
3TC,NRTI,219,K,4.2123168866721573e-05,0.019553525966113365,0.010263694484651397
3TC,NRTI,220,K,8.312897876068235e-06,0.0,0.00014607348764954185
3TC,NRTI,221,H,2.9107440249036626e-05,0.03052336600128103,0.015377774764228544
3TC,NRTI,222,Q,3.468195797777143e-06,0.0,6.0935314969507166e-05
3TC,NRTI,223,K,7.979012297261826e-06,0.0006409970685796514,0.0004524007258325612
3TC,NRTI,224,E,5.0672345391029917e-05,0.0,0.0008904754960454405
3TC,NRTI,225,P,1.1833669424970833e-05,0.005130994484098376,0.002706973594974804
3TC,NRTI,226,P,1.3079909703646596e-05,0.0,0.00022984637390456093
3TC,NRTI,227,F,2.448680895884974e-06,0.004099634289151608,0.0020397275032261715
3TC,NRTI,228,L,9.309637882112181e-07,0.01553232617605086,0.007581297544623705
3TC,NRTI,229,W,2.1978276350746985e-06,0.0,3.861055232042183e-05
3TC,NRTI,230,M,1.1531104288440936e-07,0.0,2.0135326544622834e-06
3TC,NRTI,231,G,1.14320427849205e-06,0.0,2.0077172146753206e-05
3TC,NRTI,232,Y,1.2881100441174183e-06,0.0,2.2623667658092668e-05
3TC,NRTI,233,E,2.5869713593007607e-05,0.0,0.0004546074664298401
3TC,NRTI,234,L,1.6303358364644558e-06,0.0,2.8637758542021964e-05
3TC,NRTI,235,H,1.4286508838930704e-05,0.0,0.00025105049417352795
3TC,NRTI,236,P,1.5635650196533924e-05,0.0,0.00027475957432276926
3TC,NRTI,237,D,1.0667564847305029e-05,0.0,0.0001874531308064326
3TC,NRTI,238,K,1.1237537665864534e-05,0.0,0.000197469524686851
3TC,NRTI,239,W,1.491241459500022e-05,0.0,0.0002620498232304079
3TC,NRTI,240,T,5.6581476689795316e-06,0.0,9.942034409170273e-05
TDF,NRTI,1,P,1.4185288333946978e-08,0.00014836661422227258,0.00013709622654282778
TDF,NRTI,2,I,2.6082506304017634e-10,0.0,1.1230119088012332e-08
TDF,NRTI,3,S,9.910858447523034e-11,0.0,4.073771339335081e-09
TDF,NRTI,4,P,1.5566780035012384e-09,0.002088745692171235,0.0019213136616637345
TDF,NRTI,5,I,8.438734332582893e-11,0.0,3.422320591136006e-09
TDF,NRTI,6,E,2.4123030695007927e-11,0.0067238322714047935,0.006184635756753109
TDF,NRTI,7,T,1.3093780819594628e-10,0.0,5.48229195230658e-09
TDF,NRTI,8,V,2.3918852327972383e-10,0.0,1.0272649546392945e-08
TDF,NRTI,9,P,6.134814656392049e-09,0.0,2.7116845422344694e-07
TDF,NRTI,10,V,1.189081342547924e-09,0.0,5.230771856952074e-08
TDF,NRTI,11,K,6.269652771724079e-10,0.0005102473086342186,0.0004693570109829998
TDF,NRTI,12,L,1.2819168224685623e-09,0.0,5.6415914491314936e-08
TDF,NRTI,13,K,4.829722583774042e-10,0.0,2.1060673125138987e-08
TDF,NRTI,14,P,1.0634905300004166e-08,0.0,4.70308417151367e-07
TDF,NRTI,15,G,1.6791679375218617e-11,0.0,4.310479525902516e-10
TDF,NRTI,16,M,1.7741046193877158e-10,0.0,7.5388199817242e-09
TDF,NRTI,17,D,3.310498831171566e-10,0.0,1.4337738283772492e-08
TDF,NRTI,18,G,3.6165298252856437e-09,0.0,1.5972822165383415e-07
TDF,NRTI,19,P,8.485247560891634e-09,0.0,3.751808305365841e-07
TDF,NRTI,20,K,1.383986138489176e-09,0.05076988004995511,0.04669860493163998
TDF,NRTI,21,V,1.918289933522015e-11,0.004150837513726049,0.0038179742660986934
TDF,NRTI,22,K,5.793306708702443e-10,0.0,2.5324767387074786e-08
TDF,NRTI,23,Q,1.4410597297704212e-09,0.0,6.345837544825589e-08
TDF,NRTI,24,W,6.065720596629505e-10,0.0,2.6530265138988993e-08
TDF,NRTI,25,P,1.3030904601597122e-08,0.0,5.76337217431611e-07
TDF,NRTI,26,L,2.166741007921855e-10,0.0,9.276331557581703e-09
TDF,NRTI,27,T,1.1664030743385412e-08,0.0013074757102220027,0.0012031425236724265
TDF,NRTI,28,E,2.5031753630330575e-09,0.0005102473086342186,0.0004694400378454639
TDF,NRTI,29,E,2.3935121616550002e-11,0.0,7.471626568875471e-10
TDF,NRTI,30,K,1.6774950320433889e-10,0.0,7.111299045683935e-09
TDF,NRTI,31,I,4.152801190194868e-10,0.0,1.8065131215026032e-08
TDF,NRTI,32,K,2.1962891089892085e-10,0.006154004102038084,0.0056605118752006255
TDF,NRTI,33,A,1.5235594741129996e-11,0.002088745692171235,0.0019212454490857118
TDF,NRTI,34,L,1.0312459911879351e-10,0.0,4.251489761156739e-09
TDF,NRTI,35,V,1.3782850746073422e-09,0.05188152158672707,0.04772110150552108
TDF,NRTI,36,E,1.4704716492855459e-10,0.0,6.1951701933433565e-09
TDF,NRTI,37,I,1.3365168852093023e-09,0.0,5.88321001487055e-08
TDF,NRTI,38,C,1.5081007331618004e-09,0.0,6.642510300716871e-08
TDF,NRTI,39,T,6.568127505475085e-10,0.10551312646121533,0.09705185108723993
TDF,NRTI,40,E,1.401410511604497e-10,0.0,5.889557851576725e-09
TDF,NRTI,41,M,3.6854238552515318e-09,0.36737986358965086,0.3379191160475513
TDF,NRTI,42,E,1.7088621626509808e-09,0.0,7.53092848586127e-08
TDF,NRTI,43,K,3.585587746474016e-10,0.01846800340405212,0.01698703361947636
TDF,NRTI,44,E,1.1480870320571855e-10,0.00926791771495374,0.008524710022209708
TDF,NRTI,45,G,2.4050170651733947e-10,0.0,1.0330761100574093e-08
TDF,NRTI,46,K,4.722111874385919e-10,0.0,2.0584469546692906e-08
TDF,NRTI,47,I,6.87350955398402e-10,0.006154004102038084,0.005660532573039397
TDF,NRTI,48,S,3.0513463820385185e-10,0.0,1.3190925625980989e-08
TDF,NRTI,49,K,1.832118488342561e-09,0.003123761267372192,0.0028733415010068677
TDF,NRTI,50,I,5.572044850478963e-10,0.0,2.434562981555647e-08
TDF,NRTI,51,G,1.6352693219245692e-10,0.0,6.92444000186438e-09
TDF,NRTI,52,P,2.83386131982378e-09,0.0,1.2509323549332858e-07
TDF,NRTI,53,E,1.3529987626277728e-10,0.0,5.675324080304014e-09
TDF,NRTI,54,N,6.5034239106519884e-09,0.0,2.874803108151383e-07
TDF,NRTI,55,P,1.25173307292894e-07,0.0,5.5389114594178445e-06
TDF,NRTI,56,Y,1.8047281664159771e-09,0.0,7.95515888359578e-08
TDF,NRTI,57,N,2.5189578774527738e-08,0.0,1.114388140358479e-06
TDF,NRTI,58,T,1.690041506777114e-08,0.0,7.475724728540599e-07
TDF,NRTI,59,P,3.122405509935947e-05,0.0,0.0013817401166424555
TDF,NRTI,60,V,1.019936356906955e-09,0.05976810962529683,0.05497523275537425
TDF,NRTI,61,F,8.608381863113016e-10,0.0,3.7782160055029016e-08
TDF,NRTI,62,A,6.801347423198515e-08,0.0012025280744970613,0.001109104444279026
TDF,NRTI,63,I,4.6467684245131575e-09,0.0,2.0531878697906964e-07
TDF,NRTI,64,K,9.572511692090598e-08,0.0005958447066835144,0.0005522985107986307
TDF,NRTI,65,K,5.57010845224314e-09,0.0020065625874606144,0.0018458985850384473
TDF,NRTI,66,K,7.195691232426913e-08,0.0,3.1839564683994556e-06
TDF,NRTI,67,D,1.9656257079368026e-07,0.6523100170036176,0.6000086980601106
TDF,NRTI,68,S,4.442003489204647e-09,0.0013275232288876755,0.0012212628002957295
TDF,NRTI,69,T,3.756304583547577e-08,0.16842519935766898,0.15492051491349643
TDF,NRTI,70,K,3.6156537276979676e-11,0.07797773634616209,0.07172455033387383
TDF,NRTI,71,W,5.102003320875273e-09,0.0,2.25464039056099e-07
TDF,NRTI,72,R,1.3182969213818006e-07,0.0,5.8334726885801635e-06
TDF,NRTI,73,K,1.6252231023329513e-07,0.0,7.191695736442142e-06
TDF,NRTI,74,L,1.9558073572387415e-07,0.10474402843214059,0.09635305439242255
TDF,NRTI,75,V,3.1381083501993538e-09,0.02800379117829515,0.025758250909923237
TDF,NRTI,76,D,5.26014759518941e-09,0.0,2.3246230807294294e-07
TDF,NRTI,77,F,3.754855217876149e-08,0.0,1.6613027917421984e-06
TDF,NRTI,78,R,4.130654389205406e-09,0.0,1.8247948484108726e-07
TDF,NRTI,79,E,7.051018435647904e-12,0.001525670138705896,0.0014033236641504171
TDF,NRTI,80,L,3.524421047970059e-09,0.0,1.556521840909022e-07
TDF,NRTI,81,N,1.3227811737559958e-08,0.0,5.850508374142537e-07
TDF,NRTI,82,K,1.254855661485891e-10,0.0,5.241016972495675e-09
TDF,NRTI,83,R,2.625115772239752e-10,0.015094150469519237,0.013883732304947763
TDF,NRTI,84,T,3.139551802776679e-10,0.0,1.3581256079452471e-08
TDF,NRTI,85,Q,3.9563022719755086e-10,0.0,1.7195575679625297e-08
TDF,NRTI,86,D,5.229925220595727e-10,0.0,2.2831667191079752e-08
TDF,NRTI,87,F,1.5001293197722072e-09,0.0,6.60723485645132e-08
TDF,NRTI,88,W,1.8257693177290386e-09,0.0,8.048271098977302e-08
TDF,NRTI,89,E,3.658355870901564e-09,0.0,1.61579125965106e-07
TDF,NRTI,90,V,1.0708864788473921e-09,0.01477925976780446,0.013594129077483122
TDF,NRTI,91,Q,5.209009297287505e-09,0.0,2.3019931393462752e-07
TDF,NRTI,92,L,1.709751324478411e-08,0.0,7.562945468681109e-07
TDF,NRTI,93,G,7.166265039117015e-09,0.0,3.168126439175831e-07
TDF,NRTI,94,I,8.115931602988224e-10,0.0,3.560294780550908e-08
TDF,NRTI,95,P,6.171060362734461e-08,0.0,2.7305323719426445e-06
TDF,NRTI,96,H,7.970671669528262e-10,0.0,3.4960137247788634e-08
TDF,NRTI,97,P,5.584857010049722e-09,0.0,2.468314899314057e-07
TDF,NRTI,98,A,4.81277769035048e-10,0.06177152884528095,0.05681797002994271
TDF,NRTI,99,G,3.399260759376335e-11,0.0,1.1922308884560349e-09
TDF,NRTI,100,L,3.1463786388161856e-09,0.0,1.3892288743752284e-07
TDF,NRTI,101,K,3.0989866415353334e-09,0.035367792430016316,0.032531716756775304
TDF,NRTI,102,K,8.547983723866815e-10,0.0007542361448092548,0.0006937899870045922
TDF,NRTI,103,K,5.788115004585114e-09,0.10653070471511025,0.09798805482190301
TDF,NRTI,104,K,8.358744725885033e-10,0.0,3.667745496817527e-08
TDF,NRTI,105,S,3.1141952419203004e-09,0.0,1.3749869379959273e-07
TDF,NRTI,106,V,6.040855847844936e-10,0.03992330690470328,0.03672180520396866
TDF,NRTI,107,T,2.215349236445437e-08,0.010236412966956928,0.009416515009745984
TDF,NRTI,108,V,1.6892203101215413e-08,0.0024834892173505644,0.002285080565251251
TDF,NRTI,109,L,6.5707634056341484e-09,0.0,2.9046024735338725e-07
TDF,NRTI,110,D,8.358481326847006e-10,0.0,3.6676289363328125e-08
TDF,NRTI,111,V,5.648413841874783e-10,0.0004505255985034394,0.0004144217525450468
TDF,NRTI,112,G,1.3755474327493758e-10,0.0,5.77510743330078e-09
TDF,NRTI,113,D,6.75571144427045e-10,0.0,2.958364256406082e-08
TDF,NRTI,114,A,5.658458530831249e-09,0.0,2.5008853635127665e-07
TDF,NRTI,115,Y,2.594132755150488e-09,0.00014836661422227258,0.00013658328969887114
TDF,NRTI,116,F,5.592222956554541e-11,0.000692075995383349,0.0006365792294111458
TDF,NRTI,117,S,4.6187916928484455e-10,0.0,2.0127252598179107e-08
TDF,NRTI,118,V,1.4598514983386559e-08,0.10415294192349242,0.09580135936408536
TDF,NRTI,119,P,5.946536161082143e-07,0.0,2.631455770680705e-05
TDF,NRTI,120,L,2.374361060650657e-09,0.0,1.0475923073122528e-07
TDF,NRTI,121,D,3.253546412233397e-09,0.0,1.4366532222728987e-07
TDF,NRTI,122,E,6.14744865109297e-10,0.013001719293722687,0.011959112867749744
TDF,NRTI,123,D,2.3143570521869933e-09,0.23156711496549082,0.21299739688333727
TDF,NRTI,124,F,8.764222872182291e-09,0.0,3.875261670082143e-07
TDF,NRTI,125,R,2.837530038370426e-09,0.0,1.252555852176412e-07
TDF,NRTI,126,K,2.575499277154541e-10,0.0,1.108518637914014e-08
TDF,NRTI,127,Y,3.249559544570683e-10,0.0,1.4068067109664473e-08
TDF,NRTI,128,T,2.805651698465456e-08,0.0,1.241257133473477e-06
TDF,NRTI,129,A,6.126321469044948e-08,0.0,2.7107343226668757e-06
TDF,NRTI,130,F,1.0090353820679967e-07,0.0,4.464915111603258e-06
TDF,NRTI,131,T,3.127790566680763e-08,0.0,1.3838114226078534e-06
TDF,NRTI,132,I,1.9618362836785192e-09,0.0,8.650400538155542e-08
TDF,NRTI,133,P,3.215512666588014e-07,0.0,1.422911408978028e-05
TDF,NRTI,134,S,1.4792624853852845e-09,0.0,6.514894035891772e-08
TDF,NRTI,135,I,4.6950033995981475e-08,0.21394964221479248,0.19679467899182193
TDF,NRTI,136,N,1.778343552790341e-08,0.0,7.866482772370107e-07
TDF,NRTI,137,N,4.3985578589465505e-09,0.0,1.9433486537842008e-07
TDF,NRTI,138,E,2.037574142790889e-09,0.06551653970825629,0.0602627300117594
TDF,NRTI,139,T,3.6344998482935894e-09,0.0,1.6052343890589016e-07
TDF,NRTI,140,P,3.0286499702704695e-08,0.0,1.3399392958945333e-06
TDF,NRTI,141,G,9.808487440644096e-09,0.0,4.3373741560731e-07
TDF,NRTI,142,I,2.4472631869494304e-08,0.08054603162122226,0.07408797035751104
TDF,NRTI,143,R,6.080862290841039e-07,0.0,2.6908983522171654e-05
TDF,NRTI,144,Y,3.804336173991393e-07,0.0,1.683480141303109e-05
TDF,NRTI,145,Q,1.9539787539374475e-06,0.0007542361448092548,0.0007802204753897465
TDF,NRTI,146,Y,4.6294086859249415e-06,0.0,0.0002048622889990828
TDF,NRTI,147,N,8.50942767006846e-07,0.0,3.765597636939095e-05
TDF,NRTI,148,V,6.116574338414098e-07,0.0,2.7067018023984947e-05
TDF,NRTI,149,L,0.00014222855418726693,0.0,0.006293959354843115
TDF,NRTI,150,P,0.004519645418324573,0.0,0.20000530898771346
TDF,NRTI,151,Q,5.041538257160105e-05,0.011555386466738782,0.012859740472632199
TDF,NRTI,152,G,2.3679121492887514e-09,0.0,1.0447385070863434e-07
TDF,NRTI,153,W,1.8427003931346034e-05,0.0,0.000815439458054088
TDF,NRTI,154,K,1.985973210734564e-06,0.0,8.788383584747683e-05
TDF,NRTI,155,G,4.42300777070813e-08,0.0,1.956976557314074e-06
TDF,NRTI,156,S,5.656900325565274e-07,0.0,2.5032848645472912e-05
TDF,NRTI,157,P,0.009039050888547772,0.0,0.4
TDF,NRTI,158,A,2.104957647228527e-06,0.0038400092454253356,0.0036252205748762037
TDF,NRTI,159,I,1.9942070461161404e-07,0.0,8.824539487940487e-06
TDF,NRTI,160,F,1.9997986269079283e-05,0.0,0.0008849592498255494
TDF,NRTI,161,Q,2.567949752019816e-06,0.0,0.00011363771416567847
TDF,NRTI,162,S,2.914956828571184e-07,0.09361769673372718,0.08612320947986586
TDF,NRTI,163,S,6.314029490417295e-08,0.0,2.793799690406576e-06
TDF,NRTI,164,M,7.855786500827343e-07,0.0,3.4763455117722174e-05
TDF,NRTI,165,T,3.5236546495173874e-09,0.0,1.5561826909417437e-07
TDF,NRTI,166,K,9.023400455403402e-09,0.0,3.989954058306953e-07
TDF,NRTI,167,I,1.6829167710674277e-09,0.0,7.416113813729423e-08
TDF,NRTI,168,L,9.995189999282641e-08,0.0,4.422802804616635e-06
TDF,NRTI,169,E,7.029735347079773e-10,0.002790286873291384,0.002566559103871169
TDF,NRTI,170,P,5.240465448913882e-09,0.0,2.3159132519947251e-07
TDF,NRTI,171,F,2.2799407163842076e-09,0.0,1.0058090070501729e-07
TDF,NRTI,172,R,6.763043337128952e-09,0.003533516248341757,0.003250455633480614
TDF,NRTI,173,K,1.2334937992963299e-09,0.005239137631296676,0.004819055203368
TDF,NRTI,174,Q,4.4551917153590333e-10,0.029440705959744164,0.02707981752900833
TDF,NRTI,175,N,4.1723228044355596e-09,0.0,1.8432341362416115e-07
TDF,NRTI,176,P,1.2205734978213174e-07,0.0007511847022151205,0.0006963467534371646
TDF,NRTI,177,D,3.624230694356895e-11,0.04629841186448366,0.04258565289084132
TDF,NRTI,178,I,5.717573043968989e-10,0.014231915640951876,0.013090655459776728
TDF,NRTI,179,V,1.3901193352266105e-09,0.007144911158119767,0.006572007952042605
TDF,NRTI,180,I,1.0086245291521892e-08,0.0,4.460288764927167e-07
TDF,NRTI,181,Y,3.9203932851227444e-08,0.031055586174046128,0.02856691249231783
TDF,NRTI,182,Q,2.485580329191354e-07,0.0,1.0998985851910278e-05
TDF,NRTI,183,Y,6.020504596392881e-08,0.0,2.6639077812348867e-06
TDF,NRTI,184,M,3.4611166587571575e-06,0.26061426251473774,0.2398682572373964
TDF,NRTI,185,D,4.885633389416628e-10,0.0,2.130809204721647e-08
TDF,NRTI,186,D,1.446005074889434e-08,0.0,6.395804125870992e-07
TDF,NRTI,187,L,9.060850489024059e-08,0.0,4.009334832145672e-06
TDF,NRTI,188,Y,6.07614451003251e-08,0.0012260700480967988,0.0011304376209995805
TDF,NRTI,189,V,1.8409910345879364e-08,0.02004816321385375,0.018441276137585824
TDF,NRTI,190,G,1.0424422088592423e-08,0.004035713375029454,0.0037125426145695486
TDF,NRTI,191,S,3.5144371788500402e-09,0.0,1.5521037358442717e-07
TDF,NRTI,192,D,1.1438296879867671e-09,0.002088745692171235,0.0019212953921210168
TDF,NRTI,193,L,1.3363257762178878e-09,0.0,5.882364311073017e-08
TDF,NRTI,194,E,8.083014418253843e-10,0.001525670138705896,0.001403359121431669
TDF,NRTI,195,I,2.1960104513073448e-09,0.0005286288067671176,0.0004863338948708242
TDF,NRTI,196,G,2.0410670685333796e-10,0.04882854833312409,0.0449129001923356
TDF,NRTI,197,Q,2.1994041826848707e-10,0.0,9.42087405520113e-09
TDF,NRTI,198,H,6.658979172180985e-09,0.0,2.9436400971531475e-07
TDF,NRTI,199,R,4.2715388627057533e-10,0.0,1.8590574313278505e-08
TDF,NRTI,200,T,3.6596175000926896e-09,0.08700153419580989,0.08002487251900872
TDF,NRTI,201,K,8.194137053523604e-10,0.0,3.594902595712329e-08
TDF,NRTI,202,I,1.2843514536379873e-08,0.005795524335558514,0.005331337940494941
TDF,NRTI,203,E,8.717622763630192e-10,0.006054414487983642,0.005568937405708475
TDF,NRTI,204,E,7.565021782098695e-11,0.0,3.0356815238539682e-09
TDF,NRTI,205,L,4.1697440520303055e-09,0.0,1.8420929755427454e-07
TDF,NRTI,206,R,1.2749866222803019e-08,0.0,5.639005852020305e-07
TDF,NRTI,207,Q,2.260750158268269e-10,0.05781009127413494,0.05317419659784602
TDF,NRTI,208,H,4.79989059869532e-10,0.03666799511689773,0.03372753774834451
TDF,NRTI,209,L,3.850223561400336e-08,0.0,1.7035056047474484e-06
TDF,NRTI,210,L,6.073954498463253e-09,0.05179352192414901,0.04764036650292328
TDF,NRTI,211,R,1.1888511330069595e-09,0.09330496716336067,0.08582271152201151
TDF,NRTI,212,W,9.106321359263337e-09,0.0,4.026648576325289e-07
TDF,NRTI,213,G,5.002884166370451e-10,0.0,2.182695527076061e-08
TDF,NRTI,214,F,5.419365358026297e-09,0.17602031262563755,0.16190513874680784
TDF,NRTI,215,T,2.3295453864751474e-08,0.3237007953784356,0.29774362559902584
TDF,NRTI,216,T,2.590910900410306e-08,0.0,1.1462291041502957e-06
TDF,NRTI,217,P,1.384982302807934e-07,0.0,6.128571730726902e-06
TDF,NRTI,218,D,5.258305837096499e-09,0.03329840797901169,0.030628375850349075
TDF,NRTI,219,K,1.0585739049853806e-08,0.16227194562134617,0.14925950882632438
TDF,NRTI,220,K,2.1604120788649164e-08,0.0,9.557228984925158e-07
TDF,NRTI,221,H,1.2813324262923064e-08,0.044834279926043,0.04123949797520298
TDF,NRTI,222,Q,5.700367892071587e-10,0.0,2.4913490504803417e-08
TDF,NRTI,223,K,4.69485079978781e-09,0.002833145848927899,0.002606157784649327
TDF,NRTI,224,E,3.451854212532057e-10,0.0,1.4963270248195218e-08
TDF,NRTI,225,P,2.9372601942085492e-08,0.003941302068895981,0.00362654083893539
TDF,NRTI,226,P,5.7231575906248147e-08,0.0,2.5323244945972395e-06
TDF,NRTI,227,F,6.312187906414797e-09,0.028104189051067527,0.02585073814151846
TDF,NRTI,228,L,1.1176136806585133e-07,0.05193261684620653,0.04777298405619976
TDF,NRTI,229,W,8.212555658341464e-08,0.0,3.633943724471266e-06
TDF,NRTI,230,M,1.3892515128305943e-07,0.0,6.14746402408217e-06
TDF,NRTI,231,G,5.381414966306574e-10,0.0,2.3502046184170505e-08
TDF,NRTI,232,Y,1.2469984336845199e-08,0.0,5.515151305950318e-07
TDF,NRTI,233,E,5.933148087006465e-10,0.0,2.5943599519507103e-08
TDF,NRTI,234,L,1.4727646182708696e-09,0.0,6.486139392513378e-08
TDF,NRTI,235,H,3.0386566762747405e-10,0.0,1.3134770589660732e-08
TDF,NRTI,236,P,1.1302273798185663e-08,0.0,4.998410973821034e-07
TDF,NRTI,237,D,2.7931862347462105e-10,0.0,1.2048504145332968e-08
TDF,NRTI,238,K,1.8219114182059786e-10,0.0,7.750376701317958e-09
TDF,NRTI,239,W,1.8498577471355393e-09,0.0,8.15486826154361e-08
TDF,NRTI,240,T,1.5708128938606824e-09,0.0,6.920026874175954e-08
EFV,NNRTI,1,P,1.038855943564492e-06,0.0,0.00028699404011344446
EFV,NNRTI,2,I,5.974654747161711e-07,0.0,0.00016473170799606482
EFV,NNRTI,3,S,1.0257812854473818e-06,0.0,0.00028337244357737464
EFV,NNRTI,4,P,1.4533336178309181e-06,0.010991741493856191,0.010327770880483637
EFV,NNRTI,5,I,8.588372785394929e-07,0.0,0.0002371300231852106
EFV,NNRTI,6,E,6.15344447213179e-07,0.007621342722628365,0.007052052346586218
EFV,NNRTI,7,T,4.447342503711426e-07,0.0,0.0001224261373200864
EFV,NNRTI,8,V,1.3260226200085461e-06,0.0,0.0003665373697645252
EFV,NNRTI,9,P,4.7474610185473987e-07,0.0,0.00013073922791109768
EFV,NNRTI,10,V,8.235926115996279e-07,0.0,0.00022736747623667425
EFV,NNRTI,11,K,3.9100017928765684e-07,0.004020605426971037,0.003738304891990093
EFV,NNRTI,12,L,2.0266981477004515e-06,0.0,0.000560620002080327
EFV,NNRTI,13,K,2.573850447550001e-07,0.0,7.053160761097437e-05
EFV,NNRTI,14,P,1.8214702172420355e-07,0.0,4.9691157241377995e-05
EFV,NNRTI,15,G,3.3488569079961587e-07,0.0,9.199879005997833e-05
EFV,NNRTI,16,M,4.7275460629527974e-07,0.0,0.0001301875963995784
EFV,NNRTI,17,D,3.202250800144025e-07,0.0,8.793789479519784e-05
EFV,NNRTI,18,G,4.3328262064534e-07,0.0,0.00011925410925053044
EFV,NNRTI,19,P,4.984951459087425e-07,0.0,0.00013731756096658227
EFV,NNRTI,20,K,9.583870804456858e-06,0.018051570988799597,0.018955177632881903
EFV,NNRTI,21,V,6.850288787721284e-07,0.0,0.00018898620994748023
EFV,NNRTI,22,K,5.438968462527877e-07,0.0015070775488432136,0.0015108430603298574
EFV,NNRTI,23,Q,3.0512491916309133e-06,0.0,0.0008444140774963047
EFV,NNRTI,24,W,1.746502848756535e-06,0.0,0.00048300769933488235
EFV,NNRTI,25,P,5.291460187175701e-07,0.0,0.00014580765637081314
EFV,NNRTI,26,L,4.941597224023791e-06,0.0,0.0013680283720162766
EFV,NNRTI,27,T,1.5394425831861933e-07,0.0,4.1879172458112695e-05
EFV,NNRTI,28,E,2.461167429305189e-07,0.0006085903199590594,0.0006169910396991683
EFV,NNRTI,29,E,5.147315197631781e-07,0.0,0.00014181493250646273
EFV,NNRTI,30,K,2.984227639246751e-07,0.0,8.189879291416844e-05
EFV,NNRTI,31,I,1.352895132457727e-06,0.003349779181443086,0.0033989614958793764
EFV,NNRTI,32,K,7.056137968630227e-07,0.001600925167544542,0.0016403856617114557
EFV,NNRTI,33,A,7.077630913556817e-07,0.0,0.00019528344118713498
EFV,NNRTI,34,L,7.0777479344933845e-06,0.0,0.0019597284336366795
EFV,NNRTI,35,V,9.94013333019392e-06,0.12267213847624069,0.11353029304011673
EFV,NNRTI,36,E,3.454950645921489e-07,0.0,9.49375186319037e-05
EFV,NNRTI,37,I,2.6997507318417306e-06,0.0,0.0007470512559980898
EFV,NNRTI,38,C,1.458275295937173e-05,0.0,0.004038566744958703
EFV,NNRTI,39,T,4.149193400690869e-06,0.04861163758452505,0.045046733041012775
EFV,NNRTI,40,E,8.744601467796918e-07,0.004020605426971037,0.0038722202057149143
EFV,NNRTI,41,M,0.0002256926967686131,0.3417316105068817,0.37111157627100916
EFV,NNRTI,42,E,7.686971246500773e-08,0.0,2.0530017032219956e-05
EFV,NNRTI,43,K,7.995516198691492e-07,0.02551211245738638,0.023259135999543556
EFV,NNRTI,44,E,7.380750601004039e-07,0.011271847512158326,0.010382595448262047
EFV,NNRTI,45,G,5.853940574259903e-07,0.0,0.00016138800274182488
EFV,NNRTI,46,K,7.4745501659014226e-06,0.001859593179410593,0.0037489249250920497
EFV,NNRTI,47,I,8.754078779005358e-07,0.0,0.00024171997304921653
EFV,NNRTI,48,S,1.0397427219043267e-06,0.00405225546419287,0.0039465836321581835
EFV,NNRTI,49,K,1.1471277979057117e-06,0.005612924866834771,0.005385673653468943
EFV,NNRTI,50,I,1.5303331114771338e-06,0.0,0.00042313006699284136
EFV,NNRTI,51,G,1.823963775632743e-07,0.0,4.976022721131056e-05
EFV,NNRTI,52,P,6.528031790729282e-07,0.0,0.0001800598975836931
EFV,NNRTI,53,E,1.1973449715882611e-06,0.001859593179410593,0.002010179300977117
EFV,NNRTI,54,N,3.6287807722679047e-07,0.0,9.975250176799741e-05
EFV,NNRTI,55,P,5.689560655898473e-07,0.0,0.00015683478431267046
EFV,NNRTI,56,Y,6.101396872382248e-07,0.0,0.0001682423836677456
EFV,NNRTI,57,N,1.8883983497677772e-06,0.0,0.0005223118440661091
EFV,NNRTI,58,T,4.3996037223159734e-07,0.0,0.00012110380365912655
EFV,NNRTI,59,P,2.1432096237283424e-06,0.0,0.0005928929345130915
EFV,NNRTI,60,V,3.174264910853443e-05,0.004067437082763896,0.012464801594886884
EFV,NNRTI,61,F,1.792659508884456e-05,0.0,0.004964789592607418
EFV,NNRTI,62,A,6.896409876255285e-07,0.0,0.00019026373455254748
EFV,NNRTI,63,I,7.199949186271683e-06,0.0,0.0019935773975009448
EFV,NNRTI,64,K,5.655169905766117e-07,0.011406651538503313,0.01045653123628901
EFV,NNRTI,65,K,1.6160144925655624e-08,0.004020605426971037,0.0036344766038722415
EFV,NNRTI,66,K,4.9992771891392834e-06,0.0,0.0013840053528284576
EFV,NNRTI,67,D,0.00014987875886354133,0.17915016829087038,0.20329424874602725
EFV,NNRTI,68,S,5.235137345603765e-06,0.028869284024295724,0.027519421052450404
EFV,NNRTI,69,T,2.176695645964073e-06,0.02318995356556618,0.021543596465302003
EFV,NNRTI,70,K,2.0585133861206547e-06,0.16702376333774804,0.15139837343218934
EFV,NNRTI,71,W,7.591847564933604e-07,0.0,0.00020952691299905578
EFV,NNRTI,72,R,5.181192119087904e-06,0.0,0.0014343946229921755
EFV,NNRTI,73,K,2.3352152425236664e-05,0.0,0.0064676342161323706
EFV,NNRTI,74,L,7.587857114632588e-05,0.013956647640573609,0.033620510197318064
EFV,NNRTI,75,V,4.920142272281756e-05,0.015072989634610666,0.027239211138316774
EFV,NNRTI,76,D,1.231054125359128e-06,0.0,0.0003402317051591919
EFV,NNRTI,77,F,1.649057882603545e-06,0.0,0.0004560160679884933
EFV,NNRTI,78,R,1.492150798953605e-06,0.0,0.0004125538110375604
EFV,NNRTI,79,E,8.671096130480925e-08,0.0,2.325597991320609e-05
EFV,NNRTI,80,L,3.5819472327473145e-06,0.0030890623419327196,0.003780957222301915
EFV,NNRTI,81,N,1.2682756820545975e-06,0.0,0.0003505418379051511
EFV,NNRTI,82,K,3.363515385039011e-07,0.00021478246700913972,0.0002863617243200077
EFV,NNRTI,83,R,6.143528273551244e-06,0.010589424708465167,0.011263617080630128
EFV,NNRTI,84,T,1.8456565855533406e-07,0.0,5.036110414868338e-05
EFV,NNRTI,85,Q,1.2795439695821998e-06,0.0,0.00035366308136038137
EFV,NNRTI,86,D,1.4851278783908992e-06,0.0,0.0004106085070338019
EFV,NNRTI,87,F,1.9233857389709935e-06,0.0,0.0005320031267298354
EFV,NNRTI,88,W,4.825329899648093e-08,0.006306000567365191,0.005707166714376985
EFV,NNRTI,89,E,1.400860080214281e-06,0.0,0.0003872668667977721
EFV,NNRTI,90,V,1.2111053209668686e-06,0.0337962693891023,0.030854048971813614
EFV,NNRTI,91,Q,7.82088591592518e-08,0.0,2.090095208732606e-05
EFV,NNRTI,92,L,6.425920031186337e-07,0.0,0.0001772314672619184
EFV,NNRTI,93,G,4.582145187054459e-08,0.0,1.1929847757219886e-05
EFV,NNRTI,94,I,3.599447175905683e-06,0.0,0.0009962614071279557
EFV,NNRTI,95,P,4.573244708620235e-07,0.0,0.00012591354773722454
EFV,NNRTI,96,H,8.805661167376112e-06,0.0,0.0024383493293255714
EFV,NNRTI,97,P,3.8021307046022737e-07,0.0,0.00010455418383759214
EFV,NNRTI,98,A,2.456386161155545e-06,0.01472021169204356,0.013972563307144593
EFV,NNRTI,99,G,1.6896094422657757e-06,0.0,0.00046724859022269024
EFV,NNRTI,100,L,2.874871165175367e-06,0.17856632194863,0.16204787772191795
EFV,NNRTI,101,K,4.453141655823009e-05,0.09067346471658118,0.09421581255027695
EFV,NNRTI,102,K,3.348039194261933e-05,0.013976549258535306,0.021894458113880126
EFV,NNRTI,103,K,0.0006718200385335134,0.6644232695830512,0.7860890842798175
EFV,NNRTI,104,K,2.973360770968507e-06,0.0,0.0008228394839624383
EFV,NNRTI,105,S,7.21494479956907e-05,0.0,0.019984172470869737
EFV,NNRTI,106,V,0.0014440794723782518,0.03262549811071341,0.4294620910533616
EFV,NNRTI,107,T,0.00010676490323645524,0.0,0.029572431809779438
EFV,NNRTI,108,V,0.0004182331411687549,0.0017189058043491309,0.11739937696136833
EFV,NNRTI,109,L,0.00013045403964270937,0.0,0.03613417083063408
EFV,NNRTI,110,D,2.3991203420486618e-08,0.0,5.883008791326675e-06
EFV,NNRTI,111,V,2.2211112950189693e-05,0.0,0.0061515735915764445
EFV,NNRTI,112,G,9.269397617740081e-06,0.0,0.002566801355163986
EFV,NNRTI,113,D,2.550436580138899e-07,0.0,6.988305848370443e-05
EFV,NNRTI,114,A,3.28631520277962e-08,0.0,8.340481717702789e-06
EFV,NNRTI,115,Y,2.481157438083975e-05,0.00252138278004125,0.009148791258269399
EFV,NNRTI,116,F,0.00029789142914432175,0.0,0.08251325504042006
EFV,NNRTI,117,S,5.597983276544598e-05,0.0,0.015505292642203176
EFV,NNRTI,118,V,1.580628038695864e-05,0.00844172625135357,0.01200068244878939
EFV,NNRTI,119,P,1.1241134297249472e-05,0.0,0.0031129597835215257
EFV,NNRTI,120,L,1.1211885139480154e-05,0.0,0.0031048579542031973
EFV,NNRTI,121,D,1.109032008546962e-05,0.013467010341545248,0.015232418232468962
EFV,NNRTI,122,E,1.4468098165869048e-06,0.010316531903396837,0.009716223362944055
EFV,NNRTI,123,D,1.147089274892158e-05,0.09295099827536847,0.08711496045537971
EFV,NNRTI,124,F,3.664368777685956e-06,0.0,0.0010142442749029724
EFV,NNRTI,125,R,5.847435870595402e-07,0.0,0.00016120782661753532
EFV,NNRTI,126,K,1.0307814040722228e-07,0.0,2.778958366877679e-05
EFV,NNRTI,127,Y,5.820355464884556e-06,0.0,0.0016114387749987737
EFV,NNRTI,128,T,3.0549117003446614e-06,0.0,0.0008454285689462707
EFV,NNRTI,129,A,1.0947670490700686e-06,0.0,0.00030248105814582003
EFV,NNRTI,130,F,7.556686975057205e-06,0.0,0.002092391479565556
EFV,NNRTI,131,T,5.062215180837588e-06,0.0,0.0014014387733187021
EFV,NNRTI,132,I,2.4558837803475085e-06,0.0,0.0006795016727598406
EFV,NNRTI,133,P,1.951963033814905e-06,0.0,0.0005399188543220939
EFV,NNRTI,134,S,3.0058428304127386e-06,0.0,0.0008318368063332388
EFV,NNRTI,135,I,2.2608497271695786e-05,0.16575728920905952,0.15594691202315036
EFV,NNRTI,136,N,1.4535298662092396e-06,0.0,0.00040185606009111397
EFV,NNRTI,137,N,2.1638763439949027e-05,0.0,0.005993036443978202
EFV,NNRTI,138,E,1.4871940585679381e-05,0.13047888999612806,0.12194617167217672
EFV,NNRTI,139,T,3.840893016949526e-06,0.0,0.0010631403582822146
EFV,NNRTI,140,P,2.8855093287116187e-06,0.0,0.0007985051972746722
EFV,NNRTI,141,G,3.90568801942446e-06,0.0,0.0010810881588607067
EFV,NNRTI,142,I,3.0084368890125265e-06,0.01052055990726196,0.010333029263709234
EFV,NNRTI,143,R,1.1952793201888127e-06,0.0,0.00033032231331713404
EFV,NNRTI,144,Y,9.297592682214166e-06,0.0,0.002574611207392549
EFV,NNRTI,145,Q,4.288296464851513e-06,0.0,0.0011870682470755062
EFV,NNRTI,146,Y,2.5891328794015373e-05,0.0,0.007170969803133698
EFV,NNRTI,147,N,4.255042686833349e-07,0.0,0.00011709955558881253
EFV,NNRTI,148,V,1.6953330967762492e-05,0.0,0.004695201666252452
EFV,NNRTI,149,L,5.063351154020654e-05,0.0,0.014024395913843954
EFV,NNRTI,150,P,1.3686270519883533e-06,0.0,0.0003783385244790315
EFV,NNRTI,151,Q,1.482500925687475e-05,0.0011609428940207811,0.005154046679124929
EFV,NNRTI,152,G,3.086481379498297e-06,0.0,0.0008541731678217107
EFV,NNRTI,153,W,3.949724545055258e-06,0.0,0.0010932859943418765
EFV,NNRTI,154,K,1.3372600937733265e-06,0.0,0.00036965007800486116
EFV,NNRTI,155,G,1.5895666397662046e-06,0.0,0.00043953737485125186
EFV,NNRTI,156,S,4.828333249210643e-07,0.0,0.00013297933688993942
EFV,NNRTI,157,P,4.759831717266271e-06,0.0,0.001317680491119219
EFV,NNRTI,158,A,4.305885724250219e-06,0.004080173123124867,0.004876495048924189
EFV,NNRTI,159,I,1.4295960159825886e-06,0.0,0.0003952265369097605
EFV,NNRTI,160,F,2.906436827998425e-06,0.0,0.0008043019805057778
EFV,NNRTI,161,Q,4.302734497208488e-06,0.0,0.0011910674895416063
EFV,NNRTI,162,S,7.809936367547272e-06,0.11059579121180613,0.10203483184206134
EFV,NNRTI,163,S,2.276606907372246e-06,0.0,0.0006298431274771172
EFV,NNRTI,164,M,1.2257475643680076e-06,0.0,0.000338761821760961
EFV,NNRTI,165,T,1.8265831962558989e-06,0.0028516640242450047,0.0030803527351110963
EFV,NNRTI,166,K,4.870684087303925e-06,0.0014246743656103633,0.0026349221339920874
EFV,NNRTI,167,I,2.456631676100638e-06,0.0,0.0006797088350920877
EFV,NNRTI,168,L,9.769487782402328e-07,0.0,0.000269846151924855
EFV,NNRTI,169,E,1.848044009483529e-06,0.004631136195756719,0.004693229678557319
EFV,NNRTI,170,P,3.825956118478175e-07,0.0,0.00010521413253828112
EFV,NNRTI,171,F,1.0552036958128467e-06,0.0049439093109672734,0.004756064253347506
EFV,NNRTI,172,R,4.559693565589985e-06,0.003244915708246629,0.004192528331354835
EFV,NNRTI,173,K,6.438698917091263e-07,0.036695408766026914,0.03331496377051644
EFV,NNRTI,174,Q,2.3732324354034977e-06,0.026250873443364704,0.024362165346808972
EFV,NNRTI,175,N,6.168631007048814e-07,0.0,0.00017010472612468097
EFV,NNRTI,176,P,1.0275090992028589e-06,0.0,0.00028385103691845945
EFV,NNRTI,177,D,2.331345250474086e-06,0.16009560212181267,0.145217547637251
EFV,NNRTI,178,I,1.7328202286602949e-06,0.06758404967251516,0.06151023762464856
EFV,NNRTI,179,V,0.00011431485760309892,0.1414876189961584,0.1594325321655355
EFV,NNRTI,180,I,5.920650722402465e-05,0.0,0.016399060795645064
EFV,NNRTI,181,Y,2.282178851659693e-05,0.21180585887671127,0.19758963797648008
EFV,NNRTI,182,Q,1.6090918298720295e-05,0.0,0.004456318881946326
EFV,NNRTI,183,Y,0.0004795775533205292,0.0,0.13283914747101613
EFV,NNRTI,184,M,0.001136883855299903,0.20719461988902566,0.5020135654961714
EFV,NNRTI,185,D,2.396459905879512e-06,0.0,0.0006630416402293141
EFV,NNRTI,186,D,3.8032917575846888e-06,0.0,0.0010527250503293934
EFV,NNRTI,187,L,3.41970661429105e-05,0.0,0.00947160583834292
EFV,NNRTI,188,Y,0.0010839297977208236,0.08413673542352912,0.37621958500570096
EFV,NNRTI,189,V,7.290281186583756e-08,0.0017189058043491309,0.001571669866403264
EFV,NNRTI,190,G,3.36031349789808e-05,0.2136718017358527,0.20226102069891314
EFV,NNRTI,191,S,6.279623219747297e-06,0.0,0.0017386530008118998
EFV,NNRTI,192,D,3.5295262356741817e-06,0.0032528651233481396,0.003914357211070481
EFV,NNRTI,193,L,4.167190061598442e-06,0.0,0.0011535225492386178
EFV,NNRTI,194,E,1.6996771662176457e-06,0.0,0.00047003728525881394
EFV,NNRTI,195,I,2.010350629255728e-06,0.0011450244514667597,0.00159009336451375
EFV,NNRTI,196,G,1.2842445136097284e-07,0.06645044596393869,0.06004214212662425
EFV,NNRTI,197,Q,1.8432249699932692e-06,0.0,0.0005097991072703508
EFV,NNRTI,198,H,8.326719486707979e-06,0.0030890623419327196,0.005095228739420728
EFV,NNRTI,199,R,3.01628444806831e-06,0.0,0.0008347290675299499
EFV,NNRTI,200,T,3.5083984836690246e-06,0.25063307902381543,0.22730243942114411
EFV,NNRTI,201,K,1.2648746750652778e-07,0.0,3.4273817304195834e-05
EFV,NNRTI,202,I,1.7192322757753137e-06,0.0842433011514184,0.0765504245123302
EFV,NNRTI,203,E,3.935358684200813e-06,0.011200543556528103,0.011203832289464815
EFV,NNRTI,204,E,1.9484310022826476e-06,0.005162845459221297,0.005201190334021581
EFV,NNRTI,205,L,9.342440504908827e-06,0.0,0.0025870337669628603
EFV,NNRTI,206,R,3.0050453091516866e-06,0.0,0.0008316158980532212
EFV,NNRTI,207,Q,5.975993847539237e-06,0.14176635583801994,0.12967507116115637
EFV,NNRTI,208,H,4.893517657560216e-07,0.007488662954983889,0.006897338201246352
EFV,NNRTI,209,L,7.520306766714556e-06,0.0,0.002082314394923257
EFV,NNRTI,210,L,5.81756931710354e-08,0.020415995032919493,0.018451787792871495
EFV,NNRTI,211,R,7.806001435725338e-06,0.3442741696337548,0.31305438712104655
EFV,NNRTI,212,W,2.5740317467885987e-06,0.0,0.0007122279025529389
EFV,NNRTI,213,G,2.752413323226961e-09,0.0,0.0
EFV,NNRTI,214,F,6.976985184365764e-05,0.10162369232204917,0.11109517796261632
EFV,NNRTI,215,T,7.789234431038255e-06,0.18520779539522797,0.16940663315370555
EFV,NNRTI,216,T,1.510583791953606e-07,0.0,4.107980242926026e-05
EFV,NNRTI,217,P,1.0582431274639419e-05,0.0,0.0029305032662179154
EFV,NNRTI,218,D,8.275177932103206e-07,0.007257798658707709,0.006782528604569368
EFV,NNRTI,219,K,1.6504695268736799e-06,0.13552984849971653,0.12284512045812762
EFV,NNRTI,220,K,5.8607534384919065e-06,0.0,0.0016226287548797129
EFV,NNRTI,221,H,1.0644218568693159e-05,0.033297675135333854,0.03301671094593124
EFV,NNRTI,222,Q,2.8728226952439774e-06,0.0,0.000794991081080638
EFV,NNRTI,223,K,4.3149578116384855e-06,0.0,0.0011944532693304512
EFV,NNRTI,224,E,9.792371243175659e-07,0.0038045250323636426,0.003706113774409445
EFV,NNRTI,225,P,1.1361701860437764e-06,0.0,0.00031394946183969404
EFV,NNRTI,226,P,4.452959506840525e-07,0.0,0.00012258172470824776
EFV,NNRTI,227,F,6.10017351218396e-06,0.0020066427415120713,0.0035010228587701274
EFV,NNRTI,228,L,3.3890563681628315e-06,0.02022771810950156,0.019204399031424093
EFV,NNRTI,229,W,5.301216897489607e-06,0.0,0.001467640717674629
EFV,NNRTI,230,M,5.221499591880549e-06,0.039042568657990266,0.03670251435133759
EFV,NNRTI,231,G,2.4030232324349007e-06,0.0,0.0006648596396374198
EFV,NNRTI,232,Y,9.235026005842826e-07,0.0,0.00025504190311534625
EFV,NNRTI,233,E,2.2454691768162957e-06,0.0,0.0006212181755959716
EFV,NNRTI,234,L,9.78150305908804e-07,0.0,0.0002701789673915015
EFV,NNRTI,235,H,1.1690892963430912e-06,0.0,0.0003230678444974005
EFV,NNRTI,236,P,1.2306479565092068e-06,0.0,0.00034011919898987113
EFV,NNRTI,237,D,1.481512686818466e-06,0.011174669897038329,0.010500767749947456
EFV,NNRTI,238,K,6.506926660692728e-07,0.0,0.00017947529900261313
EFV,NNRTI,239,W,2.6129003668737304e-06,0.0,0.0007229942613059769
EFV,NNRTI,240,T,4.187834865938454e-07,0.0011737551341388889,0.0011751843838661794
ETR,NNRTI,1,P,8.257412879047114e-07,0.0,3.3749985738045937e-06
ETR,NNRTI,2,I,5.280318121267193e-07,0.0,2.121070416629341e-06
ETR,NNRTI,3,S,4.1072155754866315e-07,0.0,1.6269691423705531e-06
ETR,NNRTI,4,P,6.693531742205497e-07,0.009672553244208872,0.011061246871472403
ETR,NNRTI,5,I,5.813758768098356e-07,0.0,2.3457512889782565e-06
ETR,NNRTI,6,E,8.225176126499574e-07,0.0241993115501312,0.02767018523854928
ETR,NNRTI,7,T,6.27006373833125e-07,0.0,2.5379432401880066e-06
ETR,NNRTI,8,V,5.214313172351398e-07,0.0,2.0932696676803395e-06
ETR,NNRTI,9,P,4.968536765424314e-07,0.0,1.989750639201362e-06
ETR,NNRTI,10,V,1.2424028544970653e-06,0.0,5.129943286254781e-06
ETR,NNRTI,11,K,4.048735800926974e-07,0.003377988800466757,0.003863622164719835
ETR,NNRTI,12,L,2.8448630748785144e-06,0.0,1.1879375718119955e-05
ETR,NNRTI,13,K,3.623423372403982e-07,0.0,1.4231997917034733e-06
ETR,NNRTI,14,P,3.6477598210270285e-07,0.0,1.433450106408553e-06
ETR,NNRTI,15,G,5.297056072948844e-07,0.0,2.1281203060734756e-06
ETR,NNRTI,16,M,6.176309176097834e-07,0.0,2.4984545792574463e-06
ETR,NNRTI,17,D,4.5032673147837905e-07,0.0,1.793782921577662e-06
ETR,NNRTI,18,G,6.040257003255287e-07,0.0,2.4411505079220205e-06
ETR,NNRTI,19,P,6.552129721452038e-07,0.0,2.6567471437225482e-06
ETR,NNRTI,20,K,3.4861772179744043e-06,0.0005704112312244575,0.0006667258284150093
ETR,NNRTI,21,V,1.8311860292560862e-06,0.0,7.6098502471334215e-06
ETR,NNRTI,22,K,7.056011858523266e-07,0.0016184554196830084,0.001853232401180358
ETR,NNRTI,23,Q,3.473422668593574e-06,0.0,1.4526817728362528e-05
ETR,NNRTI,24,W,4.347495295470865e-06,0.0,1.8208340714466266e-05
ETR,NNRTI,25,P,3.0889604397267436e-07,0.0,1.1980883408505567e-06
ETR,NNRTI,26,L,6.21216338472342e-07,0.0,2.5135560810256954e-06
ETR,NNRTI,27,T,2.2639458352167923e-07,0.0,8.505988832266795e-07
ETR,NNRTI,28,E,2.364056697874546e-07,0.011588298703167885,0.013249675396652519
ETR,NNRTI,29,E,4.4942675508229407e-07,0.0,1.7899922940173701e-06
ETR,NNRTI,30,K,6.18405499351954e-07,0.0,2.501717054709406e-06
ETR,NNRTI,31,I,8.701665711833569e-07,0.0029359242126449693,0.003360174047849571
ETR,NNRTI,32,K,5.945405830346994e-07,0.005177602306675499,0.005921900625426501
ETR,NNRTI,33,A,1.5855234211789519e-06,0.0,6.575139273866512e-06
ETR,NNRTI,34,L,2.4444139890826177e-08,0.0,0.0
ETR,NNRTI,35,V,1.8929491823410744e-05,0.20585281749520346,0.23542903397793286
ETR,NNRTI,36,E,5.469222057328219e-07,0.0,2.2006352218170653e-06
ETR,NNRTI,37,I,4.446249814459513e-07,0.0,1.7697676130553101e-06
ETR,NNRTI,38,C,3.9605379687464983e-07,0.0,1.5651897244874332e-06
ETR,NNRTI,39,T,5.526629362415356e-07,0.038419490090299616,0.04392683239279835
ETR,NNRTI,40,E,3.969727852279353e-07,0.003377988800466757,0.0038635888872128993
ETR,NNRTI,41,M,2.3780550986433585e-06,0.1455911253927698,0.1664627483470936
ETR,NNRTI,42,E,2.216606175300373e-06,0.0,9.233208631022846e-06
ETR,NNRTI,43,K,7.548885408377597e-07,0.013730971169217128,0.015701554580883025
ETR,NNRTI,44,E,1.0734747863587858e-06,0.02062029546170067,0.023579389993813746
ETR,NNRTI,45,G,1.159704603863437e-06,0.0,4.781624964348319e-06
ETR,NNRTI,46,K,7.870539195383952e-06,0.001130698472724849,0.0013257630416481964
ETR,NNRTI,47,I,2.570863536664872e-06,0.0,1.0725311894248543e-05
ETR,NNRTI,48,S,1.6110294839211708e-06,0.0044706788639944485,0.005117963698371772
ETR,NNRTI,49,K,1.4382969108237926e-06,0.016004229931665476,0.01830342638651491
ETR,NNRTI,50,I,6.340147693698581e-07,0.0,2.5674620335591805e-06
ETR,NNRTI,51,G,4.971742566698876e-07,0.0,1.991100896687785e-06
ETR,NNRTI,52,P,4.773153264749776e-07,0.0,1.907456693970686e-06
ETR,NNRTI,53,E,1.040818082964761e-06,0.001130698472724849,0.0012969968104553974
ETR,NNRTI,54,N,1.7018602468258643e-06,0.0,7.065140544446949e-06
ETR,NNRTI,55,P,7.042429593264261e-07,0.0,2.863257471658241e-06
ETR,NNRTI,56,Y,0.00011810288218394546,0.0,0.0004973368006906383
ETR,NNRTI,57,N,3.6111465471496263e-06,0.0,1.5106899530547428e-05
ETR,NNRTI,58,T,1.9303331243301123e-06,0.0,8.027449767237927e-06
ETR,NNRTI,59,P,1.5205196288106477e-06,0.0,6.3013485745252065e-06
ETR,NNRTI,60,V,0.00016633780857181483,0.1507812895185568,0.17308719474972661
ETR,NNRTI,61,F,2.5937826325354146e-05,0.0,0.00010914506327043183
ETR,NNRTI,62,A,7.131600124696784e-06,0.0,2.9934764365480105e-05
ETR,NNRTI,63,I,3.795096432347485e-07,0.0,1.4955070916740397e-06
ETR,NNRTI,64,K,1.4864245538590766e-06,0.026423477249871596,0.030215847312453973
ETR,NNRTI,65,K,3.340264672218749e-07,0.003377988800466757,0.0038633237624286377
ETR,NNRTI,66,K,2.4657762080251467e-07,0.0,9.356081986931115e-07
ETR,NNRTI,67,D,1.7727946073021043e-05,0.1462399993572191,0.16726925176731514
ETR,NNRTI,68,S,8.698130966944991e-07,0.01560255550630841,0.01784180174263717
ETR,NNRTI,69,T,1.7350344353531772e-06,0.07041547440525243,0.08051249198628202
ETR,NNRTI,70,K,5.071227335494745e-06,0.02813448564662433,0.03218712449994359
ETR,NNRTI,71,W,1.3383056468945487e-05,0.0,5.626539127253537e-05
ETR,NNRTI,72,R,2.4478027048575435e-06,0.0,1.0206989655275912e-05
ETR,NNRTI,73,K,8.474606414582263e-06,0.0,3.559139789301582e-05
ETR,NNRTI,74,L,2.719670016726788e-05,0.04427151095682349,0.0507296101391556
ETR,NNRTI,75,V,1.0764247635085796e-05,0.015759027201299593,0.01806236877648276
ETR,NNRTI,76,D,1.867097925960435e-06,0.0,7.76110824232311e-06
ETR,NNRTI,77,F,1.1561243909598883e-05,0.0,4.85920645862066e-05
ETR,NNRTI,78,R,3.2939270728640336e-06,0.0,1.3770796842611282e-05
ETR,NNRTI,79,E,3.357493295918702e-06,0.0,1.4038532616641434e-05
ETR,NNRTI,80,L,5.341118736415949e-06,0.002579411703957457,0.0029714082539278788
ETR,NNRTI,81,N,9.986637804617733e-07,0.0,4.103334082305251e-06
ETR,NNRTI,82,K,1.5652116697768136e-06,0.0019210038476057383,0.0022027535143828766
ETR,NNRTI,83,R,1.7363097991215307e-05,0.16762841830694458,0.1917208742963979
ETR,NNRTI,84,T,3.0829815931580534e-06,0.0,1.288231159725275e-05
ETR,NNRTI,85,Q,7.620660492214362e-07,0.0,3.1068036347917855e-06
ETR,NNRTI,86,D,3.127141995768845e-07,0.0,1.2141701024675964e-06
ETR,NNRTI,87,F,6.379490123213699e-07,0.0,2.584032745664252e-06
ETR,NNRTI,88,W,1.541906609419866e-06,0.003044560587330977,0.003487206211400287
ETR,NNRTI,89,E,3.7750262217637457e-07,0.0,1.4870536818167885e-06
ETR,NNRTI,90,V,3.349450107608325e-06,0.08993948057921931,0.10284088707711563
ETR,NNRTI,91,Q,1.7240900031679425e-06,0.0,7.158770474537799e-06
ETR,NNRTI,92,L,4.01096146527828e-07,0.0,1.586427692113153e-06
ETR,NNRTI,93,G,5.873623956829366e-07,0.0,2.3709660207526665e-06
ETR,NNRTI,94,I,1.7438087055843268e-06,0.0,7.2418240492291946e-06
ETR,NNRTI,95,P,8.849816823861761e-07,0.0,3.6245143088625955e-06
ETR,NNRTI,96,H,1.7876407251022052e-06,0.0,7.426440959106492e-06
ETR,NNRTI,97,P,1.7003928164496276e-06,0.0,7.058959846762909e-06
ETR,NNRTI,98,A,1.827420522663129e-06,0.01698992824041669,0.019432004074446594
ETR,NNRTI,99,G,3.403636036329439e-06,0.0,1.4232882095437997e-05
ETR,NNRTI,100,L,4.5755060227170605e-06,0.11071003393902,0.12659281099532882
ETR,NNRTI,101,K,2.5868106292753266e-06,0.28075929560564267,0.32100000536082934
ETR,NNRTI,102,K,2.370050537298165e-06,0.03120093622573588,0.035681588747324085
ETR,NNRTI,103,K,4.226020381642606e-06,0.23479615674557858,0.26845772600763174
ETR,NNRTI,104,K,6.35616655040487e-06,0.0,2.6668701065738952e-05
ETR,NNRTI,105,S,1.1109669374683223e-05,0.0,4.669006928385914e-05
ETR,NNRTI,106,V,0.00014959293680674105,0.011054088432950002,0.013267995884239228
ETR,NNRTI,107,T,6.924576776164881e-06,0.0,2.9062798818402783e-05
ETR,NNRTI,108,V,3.196855747245907e-05,0.0016361857640034027,0.0020051803566920653
ETR,NNRTI,109,L,9.54456713174331e-06,0.0,4.009798562192023e-05
ETR,NNRTI,110,D,3.8748701616747715e-06,0.0,1.6217681997584902e-05
ETR,NNRTI,111,V,3.202203367101859e-05,0.0,0.0001347712509652782
ETR,NNRTI,112,G,9.217215997550405e-06,0.0,3.871920920449159e-05
ETR,NNRTI,113,D,9.007335577566039e-06,0.0,3.7835209904266365e-05
ETR,NNRTI,114,A,0.00016634923705823975,0.0,0.0007005465329299348
ETR,NNRTI,115,Y,0.0005629664463160266,0.003162178194480481,0.0059863518208397495
ETR,NNRTI,116,F,9.035723330527065e-05,0.0,0.00038047437877023995
ETR,NNRTI,117,S,4.229945493035911e-05,0.0,0.00017805891544609852
ETR,NNRTI,118,V,9.150317504418323e-05,0.06038169359380199,0.06941906978459754
ETR,NNRTI,119,P,3.989670384260408e-06,0.0,1.6701211220744273e-05
ETR,NNRTI,120,L,2.134820358539549e-05,0.0,8.981394467097666e-05
ETR,NNRTI,121,D,1.9421014252612694e-06,0.013884739012377105,0.015882356217618174
ETR,NNRTI,122,E,1.9463791495447114e-06,0.0089165685125027,0.010202316038669498
ETR,NNRTI,123,D,1.7375091924848552e-06,0.03270127770913094,0.03739424950982911
ETR,NNRTI,124,F,4.225605813068364e-06,0.0,1.769495210414877e-05
ETR,NNRTI,125,R,1.636133193827033e-05,0.0,6.88096459055175e-05
ETR,NNRTI,126,K,2.0890879611249622e-06,0.0,8.696112259167719e-06
ETR,NNRTI,127,Y,0.0002947161264479389,0.0,0.0012412174559299745
ETR,NNRTI,128,T,2.989932384541032e-05,0.0,0.00012583056940689987
ETR,NNRTI,129,A,2.8565083410236578e-05,0.0,0.00012021085694818815
ETR,NNRTI,130,F,3.0514050604395558e-05,0.0,0.00012841974863959414
ETR,NNRTI,131,T,3.361581843498114e-06,0.0,1.4055753247319641e-05
ETR,NNRTI,132,I,6.705233237694512e-06,0.0,2.8138941630909185e-05
ETR,NNRTI,133,P,1.2073788365992184e-06,0.0,4.982424964559604e-06
ETR,NNRTI,134,S,2.4161741613323148e-06,0.0,1.0073772796144756e-05
ETR,NNRTI,135,I,7.538351302529419e-06,0.15467337783190926,0.176868128828348
ETR,NNRTI,136,N,2.1839809673001083e-06,0.0,9.09579390198769e-06
ETR,NNRTI,137,N,3.007311176908188e-06,0.0,1.2563593943563972e-05
ETR,NNRTI,138,E,1.9109355873940505e-06,0.2308961534818483,0.2639891414686443
ETR,NNRTI,139,T,9.646349433249636e-07,0.0,3.960007381231092e-06
ETR,NNRTI,140,P,1.2045744121431443e-06,0.0,4.970612956288949e-06
ETR,NNRTI,141,G,1.0566529058471305e-06,0.0,4.347579573452769e-06
ETR,NNRTI,142,I,1.8632624419504093e-06,0.029331774288553145,0.03354246059301793
ETR,NNRTI,143,R,5.468835472450439e-05,0.0,0.00023023995619968898
ETR,NNRTI,144,Y,0.0006137372219187965,0.0,0.002584908426123052
ETR,NNRTI,145,Q,1.3091367342873773e-05,0.0,5.5036820339858996e-05
ETR,NNRTI,146,Y,0.0021142540650228997,0.0,0.00890496362412104
ETR,NNRTI,147,N,1.2497492055103285e-05,0.0,5.2535465812127095e-05
ETR,NNRTI,148,V,4.275835913152351e-05,0.0,0.00017999178270798968
ETR,NNRTI,149,L,3.865632309278752e-05,0.0,0.00016271433973350262
ETR,NNRTI,150,P,9.53021755539394e-06,0.0,4.0037546370596474e-05
ETR,NNRTI,151,Q,3.703059379234121e-05,0.003294910052400424,0.003922903649052816
ETR,NNRTI,152,G,4.017584921343475e-06,0.0,1.6818784986078744e-05
ETR,NNRTI,153,W,6.0987671253948e-05,0.0,0.000256772166323626
ETR,NNRTI,154,K,8.217807944958618e-06,0.0,3.45097835744285e-05
ETR,NNRTI,155,G,2.0732010178306746e-05,0.0,8.721858803546761e-05
ETR,NNRTI,156,S,2.1506180742207117e-05,0.0,9.047933163791456e-05
ETR,NNRTI,157,P,3.072792886984166e-06,0.0,1.2839397593513919e-05
ETR,NNRTI,158,A,2.9563581213049895e-05,0.0022587073166425334,0.002706773275490798
ETR,NNRTI,159,I,1.5450609179045945e-05,0.0,6.497375553559394e-05
ETR,NNRTI,160,F,5.8903067434321556e-05,0.0,0.000247991984170694
ETR,NNRTI,161,Q,5.761317599751614e-06,0.0,2.4163245548943438e-05
ETR,NNRTI,162,S,1.8450747320143625e-05,0.11215284045005401,0.12830079821951965
ETR,NNRTI,163,S,6.879245158665411e-06,0.0,2.887186572349763e-05
ETR,NNRTI,164,M,1.2863616241467564e-05,0.0,5.407755117943131e-05
ETR,NNRTI,165,T,2.1987559909774725e-06,0.0020909824184797187,0.0023997567021943685
ETR,NNRTI,166,K,9.610035972243716e-07,0.0010663935297458573,0.0012231414588839782
ETR,NNRTI,167,I,7.643445441726012e-08,0.0,2.1897898652613975e-07
ETR,NNRTI,168,L,9.764051775910565e-06,0.0,4.1022437135160434e-05
ETR,NNRTI,169,E,1.5710958023930975e-06,0.025834445257753785,0.029542769727052894
ETR,NNRTI,170,P,2.5086277063407653e-07,0.0,9.536569021059554e-07
ETR,NNRTI,171,F,7.276711765275464e-07,0.0033507637881427838,0.003833855685635891
ETR,NNRTI,172,R,1.0360384962310242e-06,0.004136535736826687,0.004733519484944105
ETR,NNRTI,173,K,2.472827190306837e-07,0.05360797617748809,0.06129038596831378
ETR,NNRTI,174,Q,1.2286710815152197e-06,0.015919664166913077,0.018205860291102702
ETR,NNRTI,175,N,4.8703537965993305e-06,0.0,2.0410578298843145e-05
ETR,NNRTI,176,P,7.685638448772625e-07,0.0,3.134171822892347e-06
ETR,NNRTI,177,D,3.952645260192793e-06,0.04327015422416132,0.049486867220065074
ETR,NNRTI,178,I,3.156614506507391e-06,0.06896938544101365,0.07886518093761714
ETR,NNRTI,179,V,0.00031227882517874373,0.17889800269306053,0.20584743524482932
ETR,NNRTI,180,I,5.625160998425765e-05,0.0,0.00023682426051830157
ETR,NNRTI,181,Y,0.021080987171533484,0.524801365913183,0.6887913045937214
ETR,NNRTI,182,Q,0.001773308453432852,0.0,0.0074689283708901065
ETR,NNRTI,183,Y,0.09496861545134651,0.0,0.4
ETR,NNRTI,184,M,0.000561529473257652,0.23744019854456547,0.27382794870838556
ETR,NNRTI,185,D,6.671997324448825e-06,0.0,2.799895466093018e-05
ETR,NNRTI,186,D,1.3529837130601715e-05,0.0,5.688361951031176e-05
ETR,NNRTI,187,L,7.082700264890492e-05,0.0,0.0002982146318402947
ETR,NNRTI,188,Y,9.550034051771878e-05,0.010291099190744784,0.012167844510141964
ETR,NNRTI,189,V,2.8846009389447456e-05,0.0016361857640034027,0.0019920284375158624
ETR,NNRTI,190,G,0.00011008082395440422,0.02876171095904187,0.03334651664471274
ETR,NNRTI,191,S,2.4249168219544026e-06,0.0,1.0110596173345012e-05
ETR,NNRTI,192,D,1.0289669447654679e-06,0.004878166316344063,0.005581388308288168
ETR,NNRTI,193,L,1.9139285698800844e-06,0.0,7.958355114885832e-06
ETR,NNRTI,194,E,1.655141581177345e-06,0.0,6.868365315276815e-06
ETR,NNRTI,195,I,3.8143733066526154e-07,0.010126349354367537,0.011578854615234644
ETR,NNRTI,196,G,1.2961069181085082e-06,0.022804941666437702,0.026078011222150914
ETR,NNRTI,197,Q,1.3032614976556768e-06,0.0,5.386274953443539e-06
ETR,NNRTI,198,H,1.2284642770396682e-05,0.002579411703957457,0.00300065381379284
ETR,NNRTI,199,R,1.4790788521213562e-06,0.0,6.1268033854272776e-06
ETR,NNRTI,200,T,1.0965068544936455e-05,0.07373339982443514,0.08434471812224757
ETR,NNRTI,201,K,2.843568148385756e-06,0.0,1.1873921592796942e-05
ETR,NNRTI,202,I,6.674406020497452e-06,0.008374207599624879,0.009602154454930548
ETR,NNRTI,203,E,1.898841693494411e-06,0.016636152303621705,0.019027836507412427
ETR,NNRTI,204,E,4.530969085747351e-06,0.011995791356410285,0.013733645905551659
ETR,NNRTI,205,L,4.410761173334988e-06,0.0,1.8474811458922496e-05
ETR,NNRTI,206,R,4.064152896177403e-06,0.0,1.701492551776419e-05
ETR,NNRTI,207,Q,1.4470411894964245e-06,0.024843988449387996,0.02840986814460696
ETR,NNRTI,208,H,3.150613164554672e-05,0.014737912589040558,0.01698230208291235
ETR,NNRTI,209,L,1.991900679877529e-05,0.0,8.379428376430176e-05
ETR,NNRTI,210,L,1.4582124843243082e-06,0.04761597630912098,0.05444489453088017
ETR,NNRTI,211,R,1.8320523124276485e-06,0.09189174759831985,0.10506650270946108
ETR,NNRTI,212,W,4.961396577275463e-06,0.0,2.079404310425117e-05
ETR,NNRTI,213,G,2.701489554415451e-06,0.0,1.1275498082609143e-05
ETR,NNRTI,214,F,5.481570989588034e-06,0.10264722226035096,0.11737849766372684
ETR,NNRTI,215,T,2.312245866128125e-05,0.06609517209709005,0.0756632169207063
ETR,NNRTI,216,T,5.5354592640644205e-06,0.0,2.3211948564153784e-05
ETR,NNRTI,217,P,4.25912175062155e-07,0.0,1.6909507908393154e-06
ETR,NNRTI,218,D,9.16457570476854e-07,0.01764824782718608,0.020180817180038817
ETR,NNRTI,219,K,4.695681793685565e-06,0.1434421157256937,0.16401556936953957
ETR,NNRTI,220,K,2.5023978317698088e-06,0.0,1.0436939900228468e-05
ETR,NNRTI,221,H,1.2565975000661761e-05,0.035844430117477386,0.04103339192602518
ETR,NNRTI,222,Q,1.9913079014736456e-06,0.0,8.284270581348589e-06
ETR,NNRTI,223,K,7.367195528937847e-07,0.0,3.0000462487599e-06
ETR,NNRTI,224,E,7.983750939360736e-07,0.0012566160899063381,0.0014399359759415514
ETR,NNRTI,225,P,7.492425453893428e-07,0.0,3.0527920770921663e-06
ETR,NNRTI,226,P,1.8651828089486672e-06,0.0,7.753041924853485e-06
ETR,NNRTI,227,F,5.443005566525982e-06,0.002743435598529296,0.003159364223396931
ETR,NNRTI,228,L,1.9211873572497533e-06,0.009748974196484614,0.011153890783638357
ETR,NNRTI,229,W,4.3361099098363135e-05,0.0,0.00018253047454472077
ETR,NNRTI,230,M,3.886536915411792e-06,0.05125371694376066,0.058614113861594236
ETR,NNRTI,231,G,1.888734345988112e-06,0.0,7.85223908799833e-06
ETR,NNRTI,232,Y,3.540418897909033e-05,0.0,0.00014901661471007714
ETR,NNRTI,233,E,8.120436954533541e-07,0.0,3.317305425760235e-06
ETR,NNRTI,234,L,8.8907779944073e-06,0.0,3.7344278820957384e-05
ETR,NNRTI,235,H,1.8435075798612376e-06,0.0,7.661747618567379e-06
ETR,NNRTI,236,P,2.1925346066887163e-06,0.0,9.131821137088856e-06
ETR,NNRTI,237,D,1.4182701391704633e-06,0.007311440831285992,0.008364965729606868
ETR,NNRTI,238,K,5.753493650671222e-07,0.0,2.3203681104818796e-06
ETR,NNRTI,239,W,3.68967266038128e-06,0.0,1.5437645148225147e-05
ETR,NNRTI,240,T,4.701162218615945e-07,0.002340817561496683,0.002678109759261841
NVP,NNRTI,1,P,9.108944135160004e-06,0.0,0.001187188097584618
NVP,NNRTI,2,I,1.1857731012240332e-07,0.0,8.4088743536287e-06
NVP,NNRTI,3,S,1.3699606406337945e-06,0.0,0.0001724850126260241
NVP,NNRTI,4,P,3.632161058962065e-06,0.014958211998901953,0.015971083855895674
NVP,NNRTI,5,I,2.734746185566636e-06,0.0,0.00035142997403209977
NVP,NNRTI,6,E,3.1409140185529724e-06,0.035722761827328295,0.03742607811685398
NVP,NNRTI,7,T,1.066976538031664e-06,0.0,0.00013275900677251057
NVP,NNRTI,8,V,5.243616397398349e-07,0.0,6.161361518062417e-05
NVP,NNRTI,9,P,1.2878056726807572e-06,0.0,0.0001617131975051385
NVP,NNRTI,10,V,1.291470311847692e-06,0.0,0.00016219368963573668
NVP,NNRTI,11,K,1.550301600055966e-06,0.001975579362151294,0.002243528257903201
NVP,NNRTI,12,L,1.2977912794349579e-06,0.0,0.00016302246841724702
NVP,NNRTI,13,K,4.310135094787056e-06,0.0,0.0005579883660129292
NVP,NNRTI,14,P,1.0831147028414216e-06,0.0,0.0001348749753140656
NVP,NNRTI,15,G,1.259553622587054e-06,0.0,0.0001580089070893802
NVP,NNRTI,16,M,1.6441375215526222e-06,0.0,0.000208433936291443
NVP,NNRTI,17,D,4.6552301199354124e-07,0.0,5.3898940878614994e-05
NVP,NNRTI,18,G,1.1695084260081295e-06,0.0,0.00014620255825571705
NVP,NNRTI,19,P,1.0989912233245832e-06,0.0,0.00013695663814795937
NVP,NNRTI,20,K,1.3350563069052995e-06,0.01862283199736249,0.019467737213809965
NVP,NNRTI,21,V,3.520860979491593e-06,0.0,0.00045450205153316155
NVP,NNRTI,22,K,1.1432656008462203e-06,0.0020230541263182114,0.0022393600199730954
NVP,NNRTI,23,Q,1.2930770426661288e-06,0.0,0.00016240435744751313
NVP,NNRTI,24,W,3.9209563542762785e-06,0.0,0.0005069608804425181
NVP,NNRTI,25,P,1.3508186428930405e-06,0.0,0.00016997519409836452
NVP,NNRTI,26,L,5.0033046425115585e-06,0.0,0.0006488738523268481
NVP,NNRTI,27,T,1.5099440421975827e-06,0.0,0.00019083904962716768
NVP,NNRTI,28,E,2.260489404476503e-06,0.010353415529340701,0.011019041157961484
NVP,NNRTI,29,E,6.612283035196766e-06,0.0,0.0008598363566201012
NVP,NNRTI,30,K,7.2837857794454206e-06,0.0,0.0009478809824587799
NVP,NNRTI,31,I,2.3573918135500136e-05,0.0041409385537097875,0.00737524916541405
NVP,NNRTI,32,K,1.245712118409341e-05,0.0006483244875771172,0.0022980801005131717
NVP,NNRTI,33,A,1.9601489248188092e-05,0.0,0.0025629266429358674
NVP,NNRTI,34,L,1.7782436660308098e-05,0.0,0.0023244200905017808
NVP,NNRTI,35,V,0.00011145603080100218,0.1079848677384983,0.12651695607413208
NVP,NNRTI,36,E,2.1136976682755588e-05,0.0,0.0027642533207706006
NVP,NNRTI,37,I,0.00017080296463840465,0.0,0.022387830473944294
NVP,NNRTI,38,C,2.6182031388285425e-05,0.0,0.003425739752045048
NVP,NNRTI,39,T,5.151376764861458e-05,0.05720163668706429,0.06602822141249017
NVP,NNRTI,40,E,2.567674740898595e-06,0.001975579362151294,0.002376921960745079
NVP,NNRTI,41,M,0.00014300009941391726,0.3408193250365494,0.37195158176661947
NVP,NNRTI,42,E,9.90496679633392e-07,0.0,0.00012273128823443477
NVP,NNRTI,43,K,6.0782721797496935e-06,0.009843894123518068,0.010991568774551676
NVP,NNRTI,44,E,6.815548372459013e-07,0.006768073486080592,0.007096337717908695
NVP,NNRTI,45,G,4.77648669431948e-07,0.0,5.548880626837904e-05
NVP,NNRTI,46,K,1.2889818938256467e-05,0.001650966483922632,0.0033939047061957266
NVP,NNRTI,47,I,3.0624286620349406e-05,0.0,0.004008189642439178
NVP,NNRTI,48,S,1.1004709851714838e-05,0.004019607568140624,0.005601485510774598
NVP,NNRTI,49,K,9.741089044584066e-07,0.0055523512129705375,0.005874778697429275
NVP,NNRTI,50,I,1.4417317934406904e-06,0.0,0.00018189534541917477
NVP,NNRTI,51,G,5.476077794456038e-07,0.0,6.466155160399372e-05
NVP,NNRTI,52,P,8.157958141996285e-08,0.0,3.557887208174685e-06
NVP,NNRTI,53,E,7.693118072327972e-07,0.001650966483922632,0.0018047146031529634
NVP,NNRTI,54,N,1.059473956641302e-06,0.0,0.0001317752997407876
NVP,NNRTI,55,P,5.835774257327218e-07,0.0,6.937774089141415e-05
NVP,NNRTI,56,Y,1.117776576899642e-06,0.0,0.00013941969498715954
NVP,NNRTI,57,N,9.956229916950458e-08,0.0,5.915705801444183e-06
NVP,NNRTI,58,T,1.9718340221032916e-07,0.0,1.8715375742935616e-05
NVP,NNRTI,59,P,1.7783896094533413e-07,0.0,1.6179013668733716e-05
NVP,NNRTI,60,V,1.9890918941216265e-06,0.07955051799480349,0.08269608473738754
NVP,NNRTI,61,F,2.3112466289419804e-05,0.0,0.003023271239545544
NVP,NNRTI,62,A,3.7075577109614794e-06,0.0,0.0004789809445955608
NVP,NNRTI,63,I,4.466860281516506e-05,0.0,0.005849621528047022
NVP,NNRTI,64,K,2.166772404171941e-06,0.015104743876667043,0.015930806994526956
NVP,NNRTI,65,K,7.560180713680845e-06,0.001975579362151294,0.003031518422391428
NVP,NNRTI,66,K,4.3653443937397766e-07,0.0,5.009808071572377e-05
NVP,NNRTI,67,D,2.2245096597423644e-05,0.08994799098525502,0.09612742001942211
NVP,NNRTI,68,S,1.1035165312753848e-05,0.03979533085687309,0.04268175859381652
NVP,NNRTI,69,T,2.313265633279991e-06,0.03431808939856742,0.035861823775291755
NVP,NNRTI,70,K,6.541368009205085e-06,0.13057933932457327,0.13617683464859368
NVP,NNRTI,71,W,1.256580939037662e-06,0.0,0.0001576191412796576
NVP,NNRTI,72,R,1.643906998806124e-06,0.0,0.0002084037111149466
NVP,NNRTI,73,K,3.7877194387068725e-06,0.0,0.0004894914144132562
NVP,NNRTI,74,L,9.810572519751792e-06,0.029058394423449867,0.031393938314811895
NVP,NNRTI,75,V,0.0001627856071706266,0.0238179403505395,0.04602042325013389
NVP,NNRTI,76,D,5.673240525911829e-07,0.0,6.724666671618587e-05
NVP,NNRTI,77,F,3.173530663845172e-05,0.0,0.004153861931392443
NVP,NNRTI,78,R,5.650012395574502e-06,0.0,0.0007336674628266963
NVP,NNRTI,79,E,9.232039526537573e-06,0.0,0.0012033278494607332
NVP,NNRTI,80,L,0.0001608361055742889,0.0034712182595658795,0.024678425305516418
NVP,NNRTI,81,N,5.053084270281388e-07,0.0,5.911543777391373e-05
NVP,NNRTI,82,K,1.2770971900296176e-06,0.0001079114520847779,0.00027214350846492216
NVP,NNRTI,83,R,4.702221981361323e-05,0.07985451362983827,0.08891568655826566
NVP,NNRTI,84,T,5.947486012244649e-07,0.0,7.084245860816637e-05
NVP,NNRTI,85,Q,2.440320434730398e-07,0.0,2.4857973262236987e-05
NVP,NNRTI,86,D,1.165635559181899e-06,0.0,0.0001456947641870271
NVP,NNRTI,87,F,2.1542046913045037e-07,0.0,2.110654353358048e-05
NVP,NNRTI,88,W,3.0823300515488744e-07,0.0035478646110869124,0.003710116039490013
NVP,NNRTI,89,E,3.2664388308197164e-07,0.0,3.5689691480085386e-05
NVP,NNRTI,90,V,6.213162328537477e-07,0.060939304335320583,0.06322895971318437
NVP,NNRTI,91,Q,3.6050951883435815e-06,0.0,0.00046554648800748843
NVP,NNRTI,92,L,1.4704934173597684e-06,0.0,0.00018566644901950544
NVP,NNRTI,93,G,9.212411946273663e-07,0.0,0.00011365079926122238
NVP,NNRTI,94,I,8.549844668116354e-07,0.0,0.00010496349476426403
NVP,NNRTI,95,P,4.994497673600778e-07,0.0,5.8347274869430374e-05
NVP,NNRTI,96,H,1.0480104559684522e-06,0.0,0.00013027225357130126
NVP,NNRTI,97,P,5.340007002485229e-06,0.0,0.000693020854787801
NVP,NNRTI,98,A,9.710503376536394e-06,0.0133022927002332,0.015051933615630182
NVP,NNRTI,99,G,1.882386131449141e-05,0.0,0.002460967326983055
NVP,NNRTI,100,L,0.00014619909197155728,0.03646080135731254,0.05694813642982186
NVP,NNRTI,101,K,0.0002568669557972949,0.29364504716834905,0.33799212013030827
NVP,NNRTI,102,K,0.00022554581733043877,0.02500841163377243,0.05548302754795671
NVP,NNRTI,103,K,0.0017895130728298506,0.5789532832465221,0.8346263165228249
NVP,NNRTI,104,K,0.00038679062336384495,0.0,0.05070722717206397
NVP,NNRTI,105,S,0.00020828593093467072,0.0,0.027302439939272873
NVP,NNRTI,106,V,0.0006520463856024516,0.02494170908716994,0.11133486738673683
NVP,NNRTI,107,T,7.519763734652022e-08,0.0,2.721113445323817e-06
NVP,NNRTI,108,V,1.3296991600173357e-06,0.0020352284517994655,0.002276421306311789
NVP,NNRTI,109,L,2.3903053419441503e-05,0.0,0.00312692971101392
NVP,NNRTI,110,D,1.4444996683842713e-07,0.0,1.180118868074839e-05
NVP,NNRTI,111,V,0.0007127771159008105,0.0,0.09344921000043557
NVP,NNRTI,112,G,1.6309176510718592e-06,0.0,0.0002067006022729545
NVP,NNRTI,113,D,1.3846713471937272e-06,0.0,0.00017441381882374275
NVP,NNRTI,114,A,4.867081903761454e-06,0.0,0.0006310128976744695
NVP,NNRTI,115,Y,6.2738649956192585e-06,0.0016796700439517657,0.0025561955718710018
NVP,NNRTI,116,F,6.485882422436664e-05,0.0,0.008496878750446375
NVP,NNRTI,117,S,1.4284834966469698e-05,0.0,0.0018658292133918273
NVP,NNRTI,118,V,1.5618413969845025e-05,0.010926247891443279,0.013364132814209697
NVP,NNRTI,119,P,1.3962883643070054e-06,0.0,0.00017593699342557484
NVP,NNRTI,120,L,4.299402897935944e-06,0.0,0.0005565812053359607
NVP,NNRTI,121,D,1.118709857746491e-06,0.00768984210268887,0.00810893336804612
NVP,NNRTI,122,E,3.156549384379499e-07,0.006217241713280454,0.006477506269588465
NVP,NNRTI,123,D,3.2007334130564942e-06,0.04131409064952997,0.043228512054932486
NVP,NNRTI,124,F,5.241930438979014e-07,0.0,6.159150960034451e-05
NVP,NNRTI,125,R,6.468989375933426e-06,0.0,0.0008410482925012982
NVP,NNRTI,126,K,8.086331702737937e-07,0.0,9.88861070011237e-05
NVP,NNRTI,127,Y,4.3196347821267534e-07,0.0,4.949875544324064e-05
NVP,NNRTI,128,T,3.3008249757704787e-07,0.0,3.614054820288433e-05
NVP,NNRTI,129,A,2.492397631241714e-07,0.0,2.5540787639517972e-05
NVP,NNRTI,130,F,1.480782320478766e-06,0.0,0.00018701548687997786
NVP,NNRTI,131,T,3.6341633881105365e-07,0.0,4.0511141777297475e-05
NVP,NNRTI,132,I,8.804605140227045e-06,0.0,0.0011472844439264732
NVP,NNRTI,133,P,8.123623997306148e-07,0.0,9.937506793986084e-05
NVP,NNRTI,134,S,1.8830414580474705e-06,0.0,0.00023975801929815
NVP,NNRTI,135,I,9.66450493773399e-05,0.2768713918221242,0.29960106633190264
NVP,NNRTI,136,N,4.939924355636968e-06,0.0,0.000640563694712131
NVP,NNRTI,137,N,6.053222378020713e-06,0.0,0.0007865346660406137
NVP,NNRTI,138,E,8.26003920153409e-07,0.10116338558284607,0.10494214672677064
NVP,NNRTI,139,T,2.6785768241097867e-07,0.0,2.7981891196489698e-05
NVP,NNRTI,140,P,8.928747967851822e-07,0.0,0.00010993151604786683
NVP,NNRTI,141,G,4.304281456391883e-07,0.0,4.929744907014181e-05
NVP,NNRTI,142,I,3.821908327667571e-06,0.01626078009654762,0.01734588314141968
NVP,NNRTI,143,R,4.42557720922341e-07,0.0,5.088782815129091e-05
NVP,NNRTI,144,Y,2.1119567620914854e-06,0.0,0.00026977243467608543
NVP,NNRTI,145,Q,2.905135858773022e-06,0.0,0.00037377075395105105
NVP,NNRTI,146,Y,2.422596687644641e-06,0.0,0.0003105022399525848
NVP,NNRTI,147,N,2.5497473738429286e-07,0.0,2.6292733431626113e-05
NVP,NNRTI,148,V,2.537122818385407e-06,0.0,0.00032551842628419047
NVP,NNRTI,149,L,1.3582942609106463e-05,0.0,0.0017738000288317257
NVP,NNRTI,150,P,3.3130347899890755e-06,0.0,0.00042725275247824674
NVP,NNRTI,151,Q,9.072643342254772e-07,0.0006477135323082105,0.000783078105623449
NVP,NNRTI,152,G,2.0004855866491838e-07,0.0,1.9091043050588753e-05
NVP,NNRTI,153,W,3.7643905320063513e-06,0.0,0.0004864326259283767
NVP,NNRTI,154,K,1.259525945402947e-06,0.0,0.00015800527817298358
NVP,NNRTI,155,G,2.203546047595787e-07,0.0,2.175348672037263e-05
NVP,NNRTI,156,S,1.191049219131595e-06,0.0,0.0001490268967816094
NVP,NNRTI,157,P,6.491058689714684e-07,0.0,7.796955576657444e-05
NVP,NNRTI,158,A,1.111171353641217e-06,0.003741308061940955,0.004015869660959063
NVP,NNRTI,159,I,2.0116421512181487e-06,0.0,0.0002566196032749601
NVP,NNRTI,160,F,1.2148761973444186e-06,0.0,0.00015215099031597266
NVP,NNRTI,161,Q,2.0366173467824197e-06,0.0,0.0002598942462567463
NVP,NNRTI,162,S,4.186265573428838e-06,0.0745611552864314,0.07781342769016102
NVP,NNRTI,163,S,3.101292151534878e-05,0.0,0.004059145821265163
NVP,NNRTI,164,M,1.5786485534076002e-05,0.0,0.002062719343026769
NVP,NNRTI,165,T,3.926769722895146e-06,0.0017557492047028823,0.0023272991455738266
NVP,NNRTI,166,K,1.0092025190746502e-06,0.010680226167507276,0.011193668866296
NVP,NNRTI,167,I,6.1835745366368616e-06,0.0,0.0008036258948269748
NVP,NNRTI,168,L,9.479103186543322e-06,0.0,0.0012357218012202002
NVP,NNRTI,169,E,5.26000703819577e-06,0.003539450983074934,0.004350652410849302
NVP,NNRTI,170,P,7.867670715763654e-06,0.0,0.0010244375284912167
NVP,NNRTI,171,F,8.163283598292597e-06,0.005452327955697813,0.0067137337488698805
NVP,NNRTI,172,R,3.90460026330766e-06,0.002313920289544612,0.0029028546842654462
NVP,NNRTI,173,K,2.6512449745028393e-05,0.01700096654311522,0.021088066325811547
NVP,NNRTI,174,Q,3.143272569678027e-07,0.016745686460881606,0.01738851799912316
NVP,NNRTI,175,N,6.450925025894211e-07,0.0,7.744333998490068e-05
NVP,NNRTI,176,P,6.1243748825681375e-06,0.0,0.0007958638842664788
NVP,NNRTI,177,D,8.489937739962737e-06,0.08632774903299552,0.0905720524488167
NVP,NNRTI,178,I,9.465235603672724e-05,0.10923268844340277,0.12560691144765565
NVP,NNRTI,179,V,0.0030507925799391484,0.16462735521032837,0.5706120614297258
NVP,NNRTI,180,I,7.069394915723043e-05,0.0,0.009261955879074904
NVP,NNRTI,181,Y,0.00042291036184801084,0.3880997352356915,0.457651439631745
NVP,NNRTI,182,Q,3.5018485369619194e-05,0.0,0.0045843385681939575
NVP,NNRTI,183,Y,2.6793211075973225e-06,0.0,0.00034416287007208856
NVP,NNRTI,184,M,0.00012945715763222068,0.27679708260924774,0.3038262418851655
NVP,NNRTI,185,D,9.916292432361389e-07,0.0,0.0001228797852279265
NVP,NNRTI,186,D,6.510896748336359e-06,0.0,0.0008465430115544969
NVP,NNRTI,187,L,7.748441094390464e-05,0.0,0.010152292772557787
NVP,NNRTI,188,Y,0.0003420451428559377,0.0759674587407773,0.12356949472611904
NVP,NNRTI,189,V,5.367611483515361e-05,0.0020352284517994655,0.009139863967696803
NVP,NNRTI,190,G,0.0017594693032048957,0.12390982635853742,0.3591014296294853
NVP,NNRTI,191,S,1.3087897226802964e-05,0.0,0.0017088917528322795
NVP,NNRTI,192,D,3.2219298059226535e-05,0.0013982368777003221,0.005666387908932271
NVP,NNRTI,193,L,8.256853297746455e-06,0.0,0.0010754655177393415
NVP,NNRTI,194,E,1.4733950657836043e-05,0.0,0.0019247153807877228
NVP,NNRTI,195,I,4.387028746698344e-05,0.017673867943219543,0.02406131668577606
NVP,NNRTI,196,G,6.756834014382975e-06,0.1589760689206941,0.16563412293108387
NVP,NNRTI,197,Q,7.92638781022591e-08,0.0,3.2542618933016374e-06
NVP,NNRTI,198,H,4.855462071916738e-05,0.0034712182595658795,0.00995654753606415
NVP,NNRTI,199,R,7.222622847624507e-06,0.0,0.0009398615551466931
NVP,NNRTI,200,T,0.0002811888926136116,0.16309629607682155,0.20588651439815414
NVP,NNRTI,201,K,4.39114873149529e-05,0.0,0.005750351716413669
NVP,NNRTI,202,I,4.5436887332220325e-05,0.04797654851265652,0.05567099807934385
NVP,NNRTI,203,E,6.30205561974944e-06,0.019372197926987765,0.020895597014661236
NVP,NNRTI,204,E,2.0426243567213653e-05,0.005242818011857613,0.008104475402079061
NVP,NNRTI,205,L,3.5696722783036965e-05,0.0,0.00467326621563191
NVP,NNRTI,206,R,2.0340957392735415e-05,0.0,0.002659882607247135
NVP,NNRTI,207,Q,7.805137556894188e-06,0.08429430824503785,0.08837490175909085
NVP,NNRTI,208,H,2.697316307896052e-05,0.00260078957332303,0.006224805826702576
NVP,NNRTI,209,L,7.63225363672348e-06,0.0,0.000993570627622005
NVP,NNRTI,210,L,7.379745443883447e-06,0.0073882459590762315,0.008617294033886048
NVP,NNRTI,211,R,5.444412594771167e-08,0.20263283532855628,0.20999915660788185
NVP,NNRTI,212,W,1.0573974202287871e-05,0.0,0.0013792767006580312
NVP,NNRTI,213,G,1.278713615955488e-05,0.0,0.0016694572220585767
NVP,NNRTI,214,F,0.0006614862797638107,0.14006576143803257,0.23188174935372827
NVP,NNRTI,215,T,0.0011298985121476115,0.2005395759379704,0.35597022035222964
NVP,NNRTI,216,T,1.6107211203172366e-05,0.0,0.0021047715487315204
NVP,NNRTI,217,P,1.9731834856739822e-05,0.0,0.0025800170129052303
NVP,NNRTI,218,D,1.0307113663229077e-05,0.004927372291349177,0.006450784360042632
NVP,NNRTI,219,K,8.795183315452628e-05,0.1241968948562147,0.14023656789991468
NVP,NNRTI,220,K,1.1154782574979256e-05,0.0,0.001455429860560307
NVP,NNRTI,221,H,8.234568091412818e-05,0.022749250964414464,0.034365937706323985
NVP,NNRTI,222,Q,1.2321937800174687e-05,0.0,0.0016084623626284424
NVP,NNRTI,223,K,5.359849100029682e-06,0.0,0.0006956224674678961
NVP,NNRTI,224,E,6.082799501088373e-06,0.003827300596338491,0.004756847334804142
NVP,NNRTI,225,P,3.5668579479512884e-06,0.0,0.0004605329812835361
NVP,NNRTI,226,P,2.3154740008058115e-07,0.0,2.3221039138537673e-05
NVP,NNRTI,227,F,5.535807733289171e-06,0.001412475669498688,0.0021825168920317347
NVP,NNRTI,228,L,5.519995334674098e-06,0.0207655992707677,0.022237112277704023
NVP,NNRTI,229,W,2.03464996494231e-05,0.0,0.0026606092847187447
NVP,NNRTI,230,M,2.85330780983919e-05,0.02555933339258219,0.030222492222055145
NVP,NNRTI,231,G,3.1156940821710668e-06,0.0,0.0004013782658415358
NVP,NNRTI,232,Y,4.2273218373718505e-06,0.0,0.00054713023873638
NVP,NNRTI,233,E,2.227192016571731e-06,0.0,0.0002848815983407706
NVP,NNRTI,234,L,5.579107020387477e-06,0.0,0.0007243706471669511
NVP,NNRTI,235,H,1.7990814571353597e-07,0.0,1.6450316504452228e-05
NVP,NNRTI,236,P,2.9901342324517725e-05,0.0,0.003913400215926965
NVP,NNRTI,237,D,6.0222070730169104e-06,0.014610565833085853,0.01592417250985126
NVP,NNRTI,238,K,1.2239564054680158e-06,0.0,0.00015334154915378346
NVP,NNRTI,239,W,1.3583042591349827e-05,0.0,0.0017738131380844917
NVP,NNRTI,240,T,2.2550640730453605e-06,0.0008894913804844696,0.001210363169316437
RPV,NNRTI,1,P,1.7675182100187827e-07,0.0,1.0274777736461775e-05
RPV,NNRTI,2,I,1.9825368521274166e-07,0.0,1.153260039055028e-05
RPV,NNRTI,3,S,1.0714971048039145e-07,0.0,6.203172106003621e-06
RPV,NNRTI,4,P,3.050851005187485e-07,0.010408608587095892,0.015829024318670795
RPV,NNRTI,5,I,2.6953680204598257e-07,0.0,1.5702542044334347e-05
RPV,NNRTI,6,E,1.6186696563533483e-07,0.03897855144690722,0.05921994258172821
RPV,NNRTI,7,T,5.251995961989657e-07,0.0,3.0658382670037744e-05
RPV,NNRTI,8,V,7.979706755910994e-07,0.0,4.6615029018230046e-05
RPV,NNRTI,9,P,5.663793449529648e-07,0.0,3.306732825561556e-05
RPV,NNRTI,10,V,1.627573301666212e-07,0.0,9.456123715005954e-06
RPV,NNRTI,11,K,1.3385530352688419e-06,0.004081004678190317,0.0062775061336396544
RPV,NNRTI,12,L,1.974980776983781e-06,0.0,0.00011546812729399472
RPV,NNRTI,13,K,2.4243861908281552e-06,0.0,0.0001417575831690756
RPV,NNRTI,14,P,2.1785640934722982e-07,0.0,1.267932656537885e-05
RPV,NNRTI,15,G,1.9870750205452706e-07,0.0,1.1559147907491446e-05
RPV,NNRTI,16,M,2.2379001840388498e-07,0.0,1.302643264970594e-05
RPV,NNRTI,17,D,1.1856516392601509e-07,0.0,6.870956806427116e-06
RPV,NNRTI,18,G,3.1670715715270177e-07,0.0,1.8461927959563715e-05
RPV,NNRTI,19,P,2.4370945566561007e-07,0.0,1.4191686006288571e-05
RPV,NNRTI,20,K,2.1152398839369858e-06,0.0788302857559201,0.11987116236748417
RPV,NNRTI,21,V,2.927471354316981e-06,0.0,0.0001711872135195621
RPV,NNRTI,22,K,8.243966382113703e-07,0.0009936975144762504,0.0015576414455125542
RPV,NNRTI,23,Q,2.2553632398865184e-05,0.0,0.001319284407908402
RPV,NNRTI,24,W,1.0698263836021314e-06,0.0,6.251812769033423e-05
RPV,NNRTI,25,P,1.4361618688915128e-07,0.0,8.336399238865342e-06
RPV,NNRTI,26,L,8.121737791460818e-07,0.0,4.7445886530612434e-05
RPV,NNRTI,27,T,3.1613052542375794e-07,0.0,1.8428195979647045e-05
RPV,NNRTI,28,E,3.094008597789007e-07,0.0138796536564628,0.021101982931522444
RPV,NNRTI,29,E,7.422290440846046e-09,0.0,3.692868703148716e-07
RPV,NNRTI,30,K,5.968079852938116e-08,0.0,3.426321120834282e-06
RPV,NNRTI,31,I,1.555222769735518e-06,0.002216177831673672,0.003457407593441088
RPV,NNRTI,32,K,8.336366566602972e-07,0.0052945588084478265,0.008091424073619943
RPV,NNRTI,33,A,7.266996618509268e-08,0.0,4.186165438279703e-06
RPV,NNRTI,34,L,2.2424164556060754e-06,0.0,0.0001311126617298834
RPV,NNRTI,35,V,1.8963773426122728e-06,0.11727712885422964,0.1782612039367066
RPV,NNRTI,36,E,1.9755122416617922e-07,0.0,1.1491507608579563e-05
RPV,NNRTI,37,I,5.3449570431767425e-06,0.0,0.00031260603356058334
RPV,NNRTI,38,C,4.69724226483151e-07,0.0,2.7413167460408008e-05
RPV,NNRTI,39,T,5.311451786338138e-07,0.035110624536187414,0.05336595349204123
RPV,NNRTI,40,E,2.7739257675543745e-07,0.004081004678190317,0.006215430043341086
RPV,NNRTI,41,M,9.33806591383959e-07,0.09248409815378357,0.1405429337809393
RPV,NNRTI,42,E,1.142320073314185e-07,0.0,6.617474481594885e-06
RPV,NNRTI,43,K,9.028140120968159e-07,0.014769834590152794,0.02248892982528434
RPV,NNRTI,44,E,2.6565837091445684e-06,0.012407902346708195,0.01900361890976601
RPV,NNRTI,45,G,1.083800290534044e-06,0.0,6.333557758829256e-05
RPV,NNRTI,46,K,1.4371353642576006e-05,0.0019603425001441617,0.003818501776097265
RPV,NNRTI,47,I,5.28440238337591e-07,0.0,3.084795474880184e-05
RPV,NNRTI,48,S,1.358871613830555e-06,0.004886532396281784,0.007502335128786617
RPV,NNRTI,49,K,6.658883277547842e-07,0.0534659617308421,0.08125659074281004
RPV,NNRTI,50,I,3.5190893941846085e-07,0.0,2.0521172626163014e-05
RPV,NNRTI,51,G,2.230761386751042e-08,0.0,1.2400530902053927e-06
RPV,NNRTI,52,P,1.1095116762441714e-09,0.0,0.0
RPV,NNRTI,53,E,1.19185288305612e-07,0.0019603425001441617,0.0029847740560223013
RPV,NNRTI,54,N,2.4742640190586453e-07,0.0,1.4409121068624192e-05
RPV,NNRTI,55,P,1.9588282516403225e-07,0.0,1.1393909091521733e-05
RPV,NNRTI,56,Y,1.3833462145732673e-06,0.0,8.085850701903706e-05
RPV,NNRTI,57,N,3.6438171072043e-07,0.0,2.125080863116371e-05
RPV,NNRTI,58,T,2.5054412329775574e-07,0.0,1.4591502491806834e-05
RPV,NNRTI,59,P,9.504592345293834e-08,0.0,5.495121056378757e-06
RPV,NNRTI,60,V,6.42166122784219e-07,0.08444377175144974,0.12831218042566392
RPV,NNRTI,61,F,1.5208991646808062e-05,0.0,0.0008896353582501101
RPV,NNRTI,62,A,1.9434894806986286e-06,0.0,0.00011362593977547875
RPV,NNRTI,63,I,7.357515715549149e-06,0.0,0.00043033730867082884
RPV,NNRTI,64,K,1.1058226685208714e-06,0.011239768862919686,0.017138443752060525
RPV,NNRTI,65,K,2.7512802692525726e-05,0.004081004678190317,0.0078086554260825185
RPV,NNRTI,66,K,1.5609278745257909e-06,0.0,9.124673348388814e-05
RPV,NNRTI,67,D,7.081742795414859e-07,0.12635548037042768,0.1919822055262883
RPV,NNRTI,68,S,1.9560261453503168e-07,0.02282773157868309,0.034687942713005404
RPV,NNRTI,69,T,6.661052557096209e-06,0.06967504167454357,0.10622977126929621
RPV,NNRTI,70,K,2.9044046978329282e-05,0.06551125346065811,0.1012141179063004
RPV,NNRTI,71,W,2.9683230585732488e-05,0.0,0.0017363538315660603
RPV,NNRTI,72,R,6.231369994424967e-06,0.0,0.0003644596905283434
RPV,NNRTI,73,K,4.401973505770949e-07,0.0,2.5685895208342838e-05
RPV,NNRTI,74,L,4.16587968461874e-07,0.04899685168669361,0.07445318599356976
RPV,NNRTI,75,V,2.3128148355349714e-06,0.020383000640415067,0.031098116851418722
RPV,NNRTI,76,D,5.319874196421343e-07,0.0,3.105545884980717e-05
RPV,NNRTI,77,F,3.2890683833692367e-06,0.0,0.00019234002754222882
RPV,NNRTI,78,R,6.920010390768685e-06,0.0,0.00040474398785936234
RPV,NNRTI,79,E,5.5303578339664945e-08,0.0,3.1702611502863804e-06
RPV,NNRTI,80,L,5.419858833689421e-07,0.004919899389820796,0.00750523497356005
RPV,NNRTI,81,N,6.481491828879737e-07,0.0,3.7850725340033755e-05
RPV,NNRTI,82,K,7.448799625225096e-07,0.006751703986804731,0.010299714694394451
RPV,NNRTI,83,R,7.236681160224587e-07,0.16102309480716248,0.24464510276902088
RPV,NNRTI,84,T,1.095439846693168e-06,0.0,6.401647191805419e-05
RPV,NNRTI,85,Q,1.0997781047039873e-06,0.0,6.427025266709885e-05
RPV,NNRTI,86,D,3.22188937731746e-08,0.0,1.8198461850784442e-06
RPV,NNRTI,87,F,1.6453508470283526e-06,0.0,9.618533444880184e-05
RPV,NNRTI,88,W,6.883608485353862e-07,0.0057442019038166404,0.008765957989499059
RPV,NNRTI,89,E,1.1511255764053383e-07,0.0,6.668985183923213e-06
RPV,NNRTI,90,V,4.994033499232409e-07,0.030950906536591268,0.04704525888291019
RPV,NNRTI,91,Q,1.469165755423228e-06,0.0,8.587880486790996e-05
RPV,NNRTI,92,L,1.4236545701878633e-07,0.0,8.263233658910864e-06
RPV,NNRTI,93,G,4.0118964205637653e-07,0.0,2.3404010299189156e-05
RPV,NNRTI,94,I,1.3756452793293512e-07,0.0,7.982387435270167e-06
RPV,NNRTI,95,P,4.623289632748281e-07,0.0,2.698055708276102e-05
RPV,NNRTI,96,H,1.6448064128478907e-07,0.0,9.556934497885839e-06
RPV,NNRTI,97,P,4.7438722411740204e-07,0.0,2.7685944927645417e-05
RPV,NNRTI,98,A,2.8670135589787225e-06,0.0065351135316861104,0.010094843241756754
RPV,NNRTI,99,G,9.567955535468965e-07,0.0,5.590601549114769e-05
RPV,NNRTI,100,L,2.915464010823699e-06,0.11665673805406235,0.17737841143127162
RPV,NNRTI,101,K,6.628717770953285e-07,0.3949825730976398,0.6000387119721761
RPV,NNRTI,102,K,1.5088303562980996e-05,0.013250258813097129,0.021010438737944708
RPV,NNRTI,103,K,6.3148206439605384e-06,0.24390063548892055,0.37086766528937787
RPV,NNRTI,104,K,1.388707965053976e-05,0.0,0.0008123057444402728
RPV,NNRTI,105,S,2.396648060402434e-05,0.0,0.001401933635985083
RPV,NNRTI,106,V,1.7047441148873146e-05,0.027183712690411414,0.04229071883960886
RPV,NNRTI,107,T,1.834044764759443e-07,0.0,1.0663946818875496e-05
RPV,NNRTI,108,V,4.118307589084662e-06,0.004465265282414974,0.007023829815396265
RPV,NNRTI,109,L,4.130200231622036e-06,0.0,0.00024154481664480232
RPV,NNRTI,110,D,8.595797752640664e-07,0.0,5.021905704606508e-05
RPV,NNRTI,111,V,2.280237336487861e-06,0.0,0.00013332511923143611
RPV,NNRTI,112,G,7.337249293344576e-06,0.0,0.0004291517572825286
RPV,NNRTI,113,D,2.091860437098394e-07,0.0,1.2172124854355566e-05
RPV,NNRTI,114,A,1.3496284659950708e-06,0.0,7.888607581071937e-05
RPV,NNRTI,115,Y,4.218366303128832e-06,0.0019514573090786702,0.0032110721173217575
RPV,NNRTI,116,F,5.386273511568301e-06,0.0,0.00031502297701349466
RPV,NNRTI,117,S,1.346581651129052e-06,0.0,7.870784229925686e-05
RPV,NNRTI,118,V,1.0118177225145836e-05,0.04854435741005842,0.07433334913643913
RPV,NNRTI,119,P,7.774575628981845e-07,0.0,4.541504665400402e-05
RPV,NNRTI,120,L,6.485753195142581e-07,0.0,3.787565361123019e-05
RPV,NNRTI,121,D,2.2498468211523096e-06,0.01846857365482034,0.028186314668784067
RPV,NNRTI,122,E,2.5124088389653914e-06,0.014092474382106548,0.021554141419955992
RPV,NNRTI,123,D,8.644009074516892e-06,0.08269549159651926,0.12612454209858537
RPV,NNRTI,124,F,2.8514287094209963e-06,0.0,0.00016673884753189798
RPV,NNRTI,125,R,9.525220330234576e-07,0.0,5.565602177551544e-05
RPV,NNRTI,126,K,4.74705593341293e-07,0.0,2.770456898825e-05
RPV,NNRTI,127,Y,8.374878988865363e-07,0.0,4.892671967910594e-05
RPV,NNRTI,128,T,4.741652871431857e-06,0.0,0.0002773137608959915
RPV,NNRTI,129,A,2.135157932420191e-06,0.0,0.00012483821971014813
RPV,NNRTI,130,F,8.820160627797358e-07,0.0,5.153154188152386e-05
RPV,NNRTI,131,T,5.282252532175396e-07,0.0,3.083537848324455e-05
RPV,NNRTI,132,I,1.2742084173057104e-06,0.0,7.447413064709924e-05
RPV,NNRTI,133,P,4.778966323679004e-07,0.0,2.789123936893817e-05
RPV,NNRTI,134,S,2.015418643636004e-07,0.0,1.1724953304050777e-05
RPV,NNRTI,135,I,2.858746155163945e-06,0.1394299064446532,0.21196877427970276
RPV,NNRTI,136,N,1.1152369449800539e-06,0.0,6.517456865172629e-05
RPV,NNRTI,137,N,7.338265014651841e-07,0.0,4.2862703426730354e-05
RPV,NNRTI,138,E,1.984505196081195e-06,0.11633183115832725,0.17683040067996988
RPV,NNRTI,139,T,3.2203085765776335e-07,0.0,1.8773355426186155e-05
RPV,NNRTI,140,P,6.446594972967037e-08,0.0,3.7062443648812626e-06
RPV,NNRTI,141,G,1.4149845506954014e-06,0.0,8.27092961190808e-05
RPV,NNRTI,142,I,1.2190807341203294e-06,0.031058823314364978,0.04725129024333783
RPV,NNRTI,143,R,5.194100648075763e-06,0.0,0.0003037811898441826
RPV,NNRTI,144,Y,1.1630316204320398e-05,0.0,0.0006802889034940161
RPV,NNRTI,145,Q,2.189836295506512e-05,0.0,0.001280952254804799
RPV,NNRTI,146,Y,5.654237266479434e-06,0.0,0.00033069840301825726
RPV,NNRTI,147,N,5.979892950001087e-06,0.0,0.00034974870917539786
RPV,NNRTI,148,V,1.2988121898569716e-05,0.0,0.0007597182378683952
RPV,NNRTI,149,L,6.148168062610093e-07,0.0,3.590083773843576e-05
RPV,NNRTI,150,P,1.6218371842295554e-05,0.0,0.0009486823908246626
RPV,NNRTI,151,Q,0.006837805832132113,0.004948759091001474,0.40751743407643176
RPV,NNRTI,152,G,3.6013308727104026e-08,0.0,2.041813036010993e-06
RPV,NNRTI,153,W,0.00010106776297746277,0.0,0.005912228123827145
RPV,NNRTI,154,K,2.641602260653959e-06,0.0,0.00015446435551121177
RPV,NNRTI,155,G,3.3006389927100467e-06,0.0,0.00019301688859984473
RPV,NNRTI,156,S,8.58879096826482e-06,0.0,0.0005023648264291196
RPV,NNRTI,157,P,4.8287428789916084e-05,0.0,0.002824667929957215
RPV,NNRTI,158,A,6.729403678777576e-05,0.006364428899793784,0.013604435792564228
RPV,NNRTI,159,I,1.4242547087699317e-06,0.0,8.325158467223958e-05
RPV,NNRTI,160,F,0.00031244231832123196,0.0,0.018277281758337174
RPV,NNRTI,161,Q,4.546059521724305e-07,0.0,2.6528774008181618e-05
RPV,NNRTI,162,S,5.164548038848717e-05,0.1592259164084039,0.24489393089400402
RPV,NNRTI,163,S,1.187928113176242e-05,0.0,0.0006948529302564892
RPV,NNRTI,164,M,1.5779280155494413e-06,0.0,9.22412129528564e-05
RPV,NNRTI,165,T,6.591456168710279e-07,0.002906764217313793,0.0044540268574740334
RPV,NNRTI,166,K,1.4906821599487637e-06,0.008184732243502666,0.012520190682424348
RPV,NNRTI,167,I,3.0681610948496056e-06,0.0,0.00017941732515566676
RPV,NNRTI,168,L,8.027862242209765e-08,0.0,4.631258946834251e-06
RPV,NNRTI,169,E,3.243776421661978e-07,0.0033974347775681587,0.005179798751851023
RPV,NNRTI,170,P,5.179091590020064e-07,0.0,3.0231904436587085e-05
RPV,NNRTI,171,F,1.0629193012212872e-06,0.002931251202686001,0.004514843996333411
RPV,NNRTI,172,R,9.732002472829339e-06,0.0036184172772648236,0.0060658133072815056
RPV,NNRTI,173,K,1.5288155749314572e-05,0.053265465121791,0.08180740338349883
RPV,NNRTI,174,Q,1.5812561506841578e-06,0.018678738069546973,0.028466454417093112
RPV,NNRTI,175,N,3.280729216641166e-06,0.0,0.0001918522004066873
RPV,NNRTI,176,P,1.7383240826776287e-06,0.0,0.0001016241113323655
RPV,NNRTI,177,D,3.444554554994859e-06,0.036484843380345126,0.05562389613576127
RPV,NNRTI,178,I,5.320184995202999e-06,0.03338867809138566,0.05103037395797036
RPV,NNRTI,179,V,2.2930101141012583e-05,0.17291437621314878,0.2640076443780474
RPV,NNRTI,180,I,4.833995990564858e-07,0.0,2.821315360380252e-05
RPV,NNRTI,181,Y,0.0001681506871220434,0.2852384759302172,0.44312921627082746
RPV,NNRTI,182,Q,0.0006346746350517754,0.0,0.03712732675389271
RPV,NNRTI,183,Y,3.0964192749394823e-06,0.0,0.0001810703808503633
RPV,NNRTI,184,M,4.320524525068686e-05,0.06033917750150666,0.09418585949181771
RPV,NNRTI,185,D,1.0952526843371954e-06,0.0,6.40055232370921e-05
RPV,NNRTI,186,D,2.1995139869604252e-06,0.0,0.000128602939947176
RPV,NNRTI,187,L,3.4477066559959563e-06,0.0,0.0002016200979193147
RPV,NNRTI,188,Y,6.519484452438325e-05,0.12487649609423503,0.19350790904699
RPV,NNRTI,189,V,7.072138310586262e-06,0.004465265282414974,0.007196623911824898
RPV,NNRTI,190,G,0.00011212483638485655,0.08236641440015777,0.13167810915508238
RPV,NNRTI,191,S,3.923918980391736e-06,0.0,0.0002294777126780633
RPV,NNRTI,192,D,2.7798097933949544e-06,0.007100730762070589,0.01094894528931469
RPV,NNRTI,193,L,3.721948634966944e-06,0.0,0.00021766278940266496
RPV,NNRTI,194,E,6.306150692938246e-07,0.0,3.6825009379696734e-05
RPV,NNRTI,195,I,6.184402478773831e-07,0.014422475033417556,0.021944636392184094
RPV,NNRTI,196,G,1.7380578344277752e-06,0.15654531865804844,0.23790245746538588
RPV,NNRTI,197,Q,1.7274266125285983e-06,0.0,0.00010098662777785684
RPV,NNRTI,198,H,4.8303437013748e-07,0.004919899389820796,0.0075017864098398
RPV,NNRTI,199,R,1.8999161867472835e-06,0.0,0.00011107697584808266
RPV,NNRTI,200,T,1.9577885104469086e-05,0.1286890724109153,0.19663090482830173
RPV,NNRTI,201,K,4.315671050337184e-06,0.0,0.00025239454554107127
RPV,NNRTI,202,I,3.6765291845344504e-07,0.056281568762208335,0.08551620461482763
RPV,NNRTI,203,E,5.911937727769328e-07,0.01717937649451806,0.026130925705573373
RPV,NNRTI,204,E,3.1825534961458884e-06,0.011429777187288404,0.017548561963281393
RPV,NNRTI,205,L,2.808128999984238e-06,0.0,0.00016420588783543186
RPV,NNRTI,206,R,1.828208992747023e-06,0.0,0.00010688222639798251
RPV,NNRTI,207,Q,7.119438906572564e-06,0.02628073070483797,0.0403382687936817
RPV,NNRTI,208,H,2.0438888372219405e-06,0.017498331421480464,0.02670041578007522
RPV,NNRTI,209,L,2.9465787780660256e-06,0.0,0.00017230496546037633
RPV,NNRTI,210,L,4.485857242795559e-06,0.05836292129426851,0.08891880023540032
RPV,NNRTI,211,R,5.419982400628065e-07,0.014985079006735303,0.02279479068306544
RPV,NNRTI,212,W,4.371459015325247e-06,0.0,0.00025565804704490966
RPV,NNRTI,213,G,1.7225812462880765e-06,0.0,0.00010070318205589917
RPV,NNRTI,214,F,2.447692853739717e-06,0.0909381077390289,0.13828305008342537
RPV,NNRTI,215,T,4.364052398020537e-06,0.060286079033063183,0.09183305600731033
RPV,NNRTI,216,T,2.886148010649303e-06,0.0,0.00016876986787463754
RPV,NNRTI,217,P,1.4501997347569094e-07,0.0,8.41851837759393e-06
RPV,NNRTI,218,D,3.4079499154246475e-07,0.008933242046873737,0.013589951310525017
RPV,NNRTI,219,K,3.971873104923571e-06,0.1723704350654359,0.2620723439615469
RPV,NNRTI,220,K,4.342918618829103e-06,0.0,0.0002539884821682335
RPV,NNRTI,221,H,5.675319551503433e-07,0.05104691770010901,0.0775761776783126
RPV,NNRTI,222,Q,1.0466021322318702e-06,0.0,6.115954830338963e-05
RPV,NNRTI,223,K,8.034714205275089e-07,0.0,4.693681328435349e-05
RPV,NNRTI,224,E,1.9050664811009874e-07,0.002490818337580377,0.003794767868842032
RPV,NNRTI,225,P,7.336944790920121e-07,0.0,4.285498034141115e-05
RPV,NNRTI,226,P,1.1213092481448564e-06,0.0,6.552978810657352e-05
RPV,NNRTI,227,F,5.645374312352464e-06,0.003608021518259158,0.005810960755428684
RPV,NNRTI,228,L,8.353123502831326e-07,0.034627092095149636,0.05264923469361406
RPV,NNRTI,229,W,4.5905381790733006e-06,0.0,0.0002684738072273149
RPV,NNRTI,230,M,7.230721099313733e-06,0.054832629496966545,0.08371666497534563
RPV,NNRTI,231,G,2.8525128707094774e-06,0.0,0.00016680226913180969
RPV,NNRTI,232,Y,1.8078229830777842e-06,0.0,0.00010568967934545853
RPV,NNRTI,233,E,9.786255766558688e-08,0.0,5.659889389310566e-06
RPV,NNRTI,234,L,3.012875106632998e-06,0.0,0.00017618318844312135
RPV,NNRTI,235,H,8.066888921732779e-07,0.0,4.712502992851269e-05
RPV,NNRTI,236,P,6.866860340639507e-06,0.0,0.00040163479990882906
RPV,NNRTI,237,D,1.959043484522899e-06,0.006895138925402192,0.010588626673805527
RPV,NNRTI,238,K,6.051366125978424e-07,0.0,3.533456279752419e-05
RPV,NNRTI,239,W,2.0802377963260686e-06,0.0,0.00012162548472738745
RPV,NNRTI,240,T,5.824869113767002e-07,0.0030019100698691764,0.004594074175195588
