drug,drug_class,mutation,shap_score,rank
ATV,PI,L90M,0.5913830617987162,1
ATV,PI,M36I,0.4931013384723084,2
ATV,PI,G73S,0.30762560490686963,3
ATV,PI,L10I,0.29876648304348796,4
ATV,PI,L33F,0.29462105810043016,5
ATV,PI,M46I,0.2895928021152719,6
ATV,PI,L63P,0.22993979416017685,7
ATV,PI,V32I,0.2260522265026678,8
ATV,PI,I84V,0.2256593499385768,9
ATV,PI,A71V,0.2037291937594782,10
ATV,PI,E35D,0.17936927477545261,11
ATV,PI,V82A,0.17075727906671145,12
ATV,PI,I62V,0.15785743148538164,13
ATV,PI,L10F,0.15308506395332439,14
ATV,PI,Q58E,0.15067184030721492,15
ATV,PI,I54V,0.14817378251130225,16
ATV,PI,V77I,0.11492958444084342,17
ATV,PI,R57K,0.10558018040445799,18
ATV,PI,I13V,0.09355837092260363,19
ATV,PI,I64V,0.09223622495369721,20
ATV,PI,M46L,0.08813763204476083,21
ATV,PI,K43T,0.07921855502011615,22
ATV,PI,A71I,0.06822299534748337,23
ATV,PI,I50L,0.06784178530283848,24
ATV,PI,K55R,0.06143654181125045,25
ATV,PI,L24I,0.06063794057547455,26
ATV,PI,I54M,0.05899673178658011,27
ATV,PI,R57G,0.05884474077330859,28
ATV,PI,K20T,0.056793105291214535,29
ATV,PI,T74S,0.05142089860128853,30
ATV,PI,E35G,0.0505978462748978,31
ATV,PI,I47V,0.04921455253207296,32
ATV,PI,S37D,0.047887795351254425,33
ATV,PI,L10V,0.04625825739424493,34
ATV,PI,I72V,0.04538627639087469,35
ATV,PI,G16E,0.04244169398461546,36
ATV,PI,L76V,0.040854771478720436,37
ATV,PI,K14R,0.037895368723993794,38
ATV,PI,K20I,0.036781789056035595,39
ATV,PI,V11I,0.03610519107713746,40
ATV,PI,N88D,0.035044847154329824,41
ATV,PI,I64L,0.03466054161234978,42
ATV,PI,A71T,0.03170185645685923,43
ATV,PI,I54L,0.030653603891294373,44
ATV,PI,I85V,0.0269455579361227,45
ATV,PI,F53L,0.026702573326597,46
ATV,PI,H69Q,0.026612261324362996,47
ATV,PI,K20M,0.02433019998960847,48
ATV,PI,L63A,0.022286870695575334,49
ATV,PI,L19I,0.020551403675329247,50
ATV,PI,I15V,0.02037190031708892,51
ATV,PI,H69K,0.018773190318609273,52
ATV,PI,T12S,0.017899036496331174,53
ATV,PI,L89M,0.017484927292666687,54
ATV,PI,V82T,0.016712568271526573,55
ATV,PI,E34Q,0.01635485366506259,56
ATV,PI,I72L,0.015479328120713226,57
ATV,PI,P79D,0.014362256717159792,58
ATV,PI,L33I,0.013099596965856664,59
ATV,PI,Q18H,0.012736152216276752,60
ATV,PI,K45R,0.012488657331255749,61
ATV,PI,K45I,0.011795308667162958,62
ATV,PI,L63C,0.011318452589841033,63
ATV,PI,I50V,0.010721274722847092,64
ATV,PI,C67F,0.01048234415084972,65
ATV,PI,D30N,0.010265923044788183,66
ATV,PI,K20R,0.010242037948482177,67
ATV,PI,T91S,0.009594260761027786,68
ATV,PI,D60E,0.008173093179745955,69
ATV,PI,I72T,0.00815093393760297,70
ATV,PI,K20V,0.007668706604316524,71
ATV,PI,K70R,0.007492476977850694,72
ATV,PI,S37T,0.0074038751511352726,73
ATV,PI,G73A,0.007265195093982138,74
ATV,PI,M36L,0.007242163640571171,75
ATV,PI,S37E,0.007135519215416288,76
ATV,PI,G16A,0.006597693383959416,77
ATV,PI,Q92K,0.0064933873256472555,78
ATV,PI,H69R,0.00636974230540984,79
ATV,PI,L33V,0.006187499260701761,80
ATV,PI,L33M,0.006026924465831832,81
ATV,PI,T12I,0.005917605565677675,82
ATV,PI,G48V,0.005834547890109865,83
ATV,PI,I62M,0.005524293624714028,84
ATV,PI,P39T,0.005334624203599735,85
ATV,PI,P79A,0.005226964927362473,86
ATV,PI,I72Y,0.004493729967549976,87
ATV,PI,I64M,0.004480306265108128,88
ATV,PI,L63V,0.004430428437168546,89
ATV,PI,M36V,0.0043876477355967,90
ATV,PI,I72M,0.004267112068584488,91
ATV,PI,E65D,0.004147752538963134,92
ATV,PI,V82M,0.004147752538963134,93
ATV,PI,R41K,0.004047930681799373,94
ATV,PI,L24F,0.003981073619487439,95
ATV,PI,A22V,0.0039676296552219725,96
ATV,PI,L19V,0.003454729524481672,97
ATV,PI,L63T,0.0034430269848100344,98
ATV,PI,I54S,0.0034329853747239016,99
ATV,PI,G48M,0.0034329853747239016,100
ATV,PI,I93M,0.003394966609535174,101
ATV,PI,L19Q,0.003394966609535174,102
ATV,PI,N88S,0.0033658508922254425,103
ATV,PI,T12P,0.0030779266685138106,104
ATV,PI,G73C,0.002990244081212548,105
ATV,PI,I72E,0.002990244081212548,106
ATV,PI,I93L,0.0027599723937906722,107
ATV,PI,M36T,0.002577812197021817,108
ATV,PI,E34D,0.0025768144552497678,109
ATV,PI,N83D,0.0018100819408793834,110
ATV,PI,T91N,0.0018100819408793834,111
ATV,PI,G48A,0.0018100819408793834,112
ATV,PI,I54T,0.0015556908804976147,113
ATV,PI,T74A,0.0013913511660374731,114
ATV,PI,G48Q,0.0013231883968406238,115
ATV,PI,K70E,0.0013231883968406238,116
ATV,PI,K20L,0.001308315852015282,117
ATV,PI,K70T,0.0012933743625761376,118
ATV,PI,L89F,0.0012933743625761376,119
ATV,PI,P39Q,0.0011740173181593423,120
ATV,PI,H69Y,0.0011740173181593423,121
ATV,PI,L63S,0.0011405692864009914,122
ATV,PI,M36A,0.0011304133250191958,123
ATV,PI,P39S,0.0011304133250191958,124
ATV,PI,Q7R,0.0011012870080547147,125
ATV,PI,S37A,0.001086189663933925,126
ATV,PI,L63H,0.001086189663933925,127
ATV,PI,K43R,0.001086189663933925,128
ATV,PI,L89I,0.001086189663933925,129
ATV,PI,T12E,0.000760975676399483,130
ATV,PI,R8Q,0.00046943897843785615,131
ATV,PI,N83S,0.00046853661377426267,132
ATV,PI,T74P,0.00046588371239494853,133
ATV,PI,T4P,0.0004124779267021356,134
ATV,PI,I66F,0.00037550713675153454,135
ATV,PI,N83H,0.0003022227716929593,136
ATV,PI,V77T,0.00028890019450684696,137
ATV,PI,G48I,0.0002610353049345936,138
ATV,PI,V11L,0.00023706471176931424,139
ATV,PI,I66L,0.00021182714417407485,140
ATV,PI,C95F,0.00020626453410207607,141
ATV,PI,G73T,0.00020626453410207607,142
ATV,PI,L23I,0.00020552649123346787,143
ATV,PI,C95L,0.000138113887674982,144
ATV,PI,E34S,6.152551415548828e-05,145
ATV,PI,V82I,6.152551415548828e-05,146
ATV,PI,L89V,6.138035405885778e-05,147
ATV,PI,Q61E,3.284934201598113e-05,148
ATV,PI,T12K,9.978236759282174e-06,149
ATV,PI,I66V,9.978236759282174e-06,150
DRV,PI,I84V,0.39785585128002604,1
DRV,PI,V32I,0.36555457642411293,2
DRV,PI,G73S,0.3566340426622698,3
DRV,PI,L33F,0.32669578997439275,4
DRV,PI,L90M,0.324641717430833,5
DRV,PI,I93L,0.2375948230906853,6
DRV,PI,V82A,0.21497934906836186,7
DRV,PI,A71V,0.18283163922014117,8
DRV,PI,I64V,0.17364385090713802,9
DRV,PI,M36I,0.14567955608262856,10
DRV,PI,A71I,0.13806486868683637,11
DRV,PI,R41K,0.13416069113530874,12
DRV,PI,S37D,0.13169077690397682,13
DRV,PI,L63P,0.12433218010590379,14
DRV,PI,L10F,0.12398248969203292,15
DRV,PI,M46I,0.1215608747912717,16
DRV,PI,I13V,0.1076677237147861,17
DRV,PI,K20R,0.10056132297341033,18
DRV,PI,I54V,0.09236044556484099,19
DRV,PI,I54M,0.08432721168154714,20
DRV,PI,D60E,0.08359395401367989,21
DRV,PI,V11I,0.08030380882764598,22
DRV,PI,I47V,0.07724017027926713,23
DRV,PI,V77I,0.07623307487756581,24
DRV,PI,L10I,0.0758967984358136,25
DRV,PI,R57K,0.07480926607747893,26
DRV,PI,A71T,0.06451751912385342,27
DRV,PI,K20T,0.06292205546406889,28
DRV,PI,K43T,0.0624656468148197,29
DRV,PI,E35G,0.0595981117124801,30
DRV,PI,T74S,0.05602848593133139,31
DRV,PI,R57G,0.05267775474413886,32
DRV,PI,Q58E,0.0524111558181871,33
DRV,PI,I54L,0.05226617093777861,34
DRV,PI,I85V,0.05202200864236974,35
DRV,PI,I62V,0.0506379242710278,36
DRV,PI,M46L,0.04337857643806644,37
DRV,PI,F53L,0.04077588163406566,38
DRV,PI,E35D,0.039261107691443475,39
DRV,PI,L33I,0.03869285968841966,40
DRV,PI,I50L,0.03782444901433875,41
DRV,PI,V82T,0.036914420775197854,42
DRV,PI,K20M,0.034942501014586666,43
DRV,PI,S37E,0.03403855447608164,44
DRV,PI,L19I,0.03332286419191855,45
DRV,PI,L89V,0.028245521475131995,46
DRV,PI,K20I,0.025449077483550256,47
DRV,PI,L89M,0.02450024215307686,48
DRV,PI,I72L,0.022322457116647595,49
DRV,PI,L24F,0.02195363592945184,50
DRV,PI,C67F,0.01720479278858207,51
DRV,PI,N88D,0.016019452585470217,52
DRV,PI,G48V,0.013774476128602463,53
DRV,PI,T12P,0.012626321306641613,54
DRV,PI,L63T,0.01241610439182139,55
DRV,PI,G16A,0.012065179827258736,56
DRV,PI,I15V,0.011925531267556815,57
DRV,PI,I72V,0.011535603976548873,58
DRV,PI,K20V,0.011368345229257582,59
DRV,PI,L63A,0.010910528769809713,60
DRV,PI,K45I,0.010525537821399525,61
DRV,PI,M36V,0.010457502096487888,62
DRV,PI,K14R,0.010258825698053588,63
DRV,PI,A22V,0.010036682275127806,64
DRV,PI,L76V,0.009513582107885664,65
DRV,PI,I72T,0.009440682664369244,66
DRV,PI,T12S,0.009340961732529223,67
DRV,PI,P79A,0.009191376341583492,68
DRV,PI,D30N,0.009023696291303417,69
DRV,PI,L24I,0.008146013681620068,70
DRV,PI,I66F,0.008133699235264689,71
DRV,PI,N88S,0.007554842801970294,72
DRV,PI,H69Q,0.007532067026734103,73
DRV,PI,P79D,0.007465644024903203,74
DRV,PI,H69R,0.007282579822594375,75
DRV,PI,L33M,0.007028776926068797,76
DRV,PI,K55R,0.0068798237343708464,77
DRV,PI,Q92K,0.0068005761759182696,78
DRV,PI,K70R,0.006743387651736913,79
DRV,PI,L33V,0.006482757832897165,80
DRV,PI,I72Y,0.006056480621045539,81
DRV,PI,C95F,0.005766411619550934,82
DRV,PI,G73T,0.005766411619550934,83
DRV,PI,I50V,0.005704902200450176,84
DRV,PI,R8Q,0.004754534836923747,85
DRV,PI,G16E,0.004526825025614416,86
DRV,PI,Q18H,0.004468462216834474,87
DRV,PI,E34D,0.004408029006655637,88
DRV,PI,Q61E,0.004372132929597589,89
DRV,PI,N83D,0.0043575921551417445,90
DRV,PI,T91N,0.0043575921551417445,91
DRV,PI,G48A,0.0043575921551417445,92
DRV,PI,M36L,0.0040144681292138325,93
DRV,PI,I54S,0.003888928668110416,94
DRV,PI,G48M,0.003888928668110416,95
DRV,PI,L63C,0.0038447444462331526,96
DRV,PI,G48Q,0.0038080152288052817,97
DRV,PI,K70E,0.0038080152288052817,98
DRV,PI,I54T,0.0036597264178781707,99
DRV,PI,I62M,0.0034782877901790425,100
DRV,PI,L19V,0.0034066361962484825,101
DRV,PI,T74A,0.00329778958585473,102
DRV,PI,S37T,0.003163961304753866,103
DRV,PI,H69K,0.0031457777709785915,104
DRV,PI,T12I,0.0030780458154233315,105
DRV,PI,G73C,0.0030646718242579563,106
DRV,PI,I72E,0.0030646718242579563,107
DRV,PI,L10V,0.003058861782712678,108
DRV,PI,L63V,0.0026761301942480244,109
DRV,PI,N83S,0.002664160128449411,110
DRV,PI,T4P,0.0025786931653668387,111
DRV,PI,E34Q,0.0023662989296592356,112
DRV,PI,I64L,0.0023163266358856576,113
DRV,PI,C95L,0.002106216803375431,114
DRV,PI,G73A,0.0019560229709060686,115
DRV,PI,K45R,0.0018403331906737045,116
DRV,PI,M36A,0.0018078000335143493,117
DRV,PI,P39S,0.0018078000335143493,118
DRV,PI,I64M,0.0017310600726033987,119
DRV,PI,L89F,0.0015928565235545716,120
DRV,PI,K70T,0.0015928565235545716,121
DRV,PI,L23I,0.00158613345183854,122
DRV,PI,L19Q,0.001540247159249465,123
DRV,PI,I93M,0.001540247159249465,124
DRV,PI,N83H,0.0014911121025054596,125
DRV,PI,K20L,0.0014151292781318305,126
DRV,PI,T74P,0.0011575983071121522,127
DRV,PI,E65D,0.0009588784791365778,128
DRV,PI,V82M,0.0009588784791365778,129
DRV,PI,L63S,0.0008983170726674126,130
DRV,PI,I72M,0.0008018916860441312,131
DRV,PI,V11L,0.0007666680291957089,132
DRV,PI,G48I,0.0007235443966215418,133
DRV,PI,V77T,0.0006896455210614448,134
DRV,PI,P39T,0.0006300602929393422,135
DRV,PI,T12E,0.0005956867185607621,136
DRV,PI,P39Q,0.0005440612362392701,137
DRV,PI,H69Y,0.0005440612362392701,138
DRV,PI,L89I,0.00045473826070036814,139
DRV,PI,L63H,0.00045473826070036814,140
DRV,PI,K43R,0.00045473826070036814,141
DRV,PI,S37A,0.00045473826070036814,142
DRV,PI,Q7R,0.0004315733237495811,143
DRV,PI,M36T,0.00038452094668235513,144
DRV,PI,I66L,0.00023496556312199083,145
DRV,PI,T91S,0.00021549429936540076,146
DRV,PI,E34S,0.00012926256868877543,147
DRV,PI,V82I,0.00012926256868877543,148
DRV,PI,T12K,7.433875506162692e-06,149
DRV,PI,I66V,7.433875506162692e-06,150
FPV,PI,M36I,0.45126849573497535,1
FPV,PI,I84V,0.4289458218247318,2
FPV,PI,L33F,0.37779102136951287,3
FPV,PI,V82A,0.3766918655577769,4
FPV,PI,L90M,0.2761804626671582,5
FPV,PI,A71V,0.27373316901464717,6
FPV,PI,I93L,0.2731318207506634,7
FPV,PI,I13V,0.26033979521043105,8
FPV,PI,V32I,0.25117042570971587,9
FPV,PI,M46I,0.2035683221014263,10
FPV,PI,I62V,0.1993497461803951,11
FPV,PI,I54V,0.19114487508984343,12
FPV,PI,G73S,0.18498018605672262,13
FPV,PI,E35D,0.13085506484069445,14
FPV,PI,S37D,0.11613070980877634,15
FPV,PI,R57G,0.11248974921459025,16
FPV,PI,A71I,0.10540513152373224,17
FPV,PI,L10F,0.09683474352820592,18
FPV,PI,R41K,0.08254595176928764,19
FPV,PI,R57K,0.07847712064539043,20
FPV,PI,I72V,0.07607413390185715,21
FPV,PI,K43T,0.07571290075303198,22
FPV,PI,L10I,0.06981681194412369,23
FPV,PI,K20T,0.06878966011000451,24
FPV,PI,E35G,0.06689175544868947,25
FPV,PI,L89V,0.06656093538537132,26
FPV,PI,I15V,0.06185712197009943,27
FPV,PI,I47V,0.059746996189110974,28
FPV,PI,I54M,0.05949210054506742,29
FPV,PI,L63P,0.054700965924187654,30
FPV,PI,I72L,0.05289863956354017,31
FPV,PI,K20I,0.051818248938150485,32
FPV,PI,V77I,0.05164292024000652,33
FPV,PI,K14R,0.04005919429273375,34
FPV,PI,I64V,0.038312655145484625,35
FPV,PI,L10V,0.037801141209856205,36
FPV,PI,V11I,0.03593663525841506,37
FPV,PI,L89M,0.03540329354207432,38
FPV,PI,L76V,0.03506002148052288,39
FPV,PI,T74S,0.03326496267742961,40
FPV,PI,D60E,0.031466093071786244,41
FPV,PI,I54L,0.031205159468258765,42
FPV,PI,K20R,0.030548059669892935,43
FPV,PI,M46L,0.029631824088753332,44
FPV,PI,A71T,0.029072525669015567,45
FPV,PI,L63A,0.027642171100504247,46
FPV,PI,V82T,0.02554132965087933,47
FPV,PI,G16E,0.024888120091823982,48
FPV,PI,N88S,0.023890652770774276,49
FPV,PI,L33I,0.019426487387527478,50
FPV,PI,N88D,0.01911576385690814,51
FPV,PI,L24I,0.01829209582210211,52
FPV,PI,K70R,0.01716172684520166,53
FPV,PI,I66F,0.016002316313244752,54
FPV,PI,T12S,0.01566931300579854,55
FPV,PI,C67F,0.015236372672231737,56
FPV,PI,H69K,0.014921083333839583,57
FPV,PI,K20M,0.014704915728000428,58
FPV,PI,L19I,0.013184712515191885,59
FPV,PI,H69R,0.012882540751601198,60
FPV,PI,F53L,0.012021082444526232,61
FPV,PI,I72M,0.011728041789480462,62
FPV,PI,I72T,0.011715852630978952,63
FPV,PI,H69Q,0.01139694246820724,64
FPV,PI,L63C,0.011344569358343756,65
FPV,PI,P79D,0.011241882055276368,66
FPV,PI,K45I,0.009635258219607925,67
FPV,PI,R8Q,0.009283063347884002,68
FPV,PI,E34Q,0.009079077057928698,69
FPV,PI,L33V,0.008750221798808152,70
FPV,PI,K20V,0.008480381147686825,71
FPV,PI,M36L,0.008317439571768939,72
FPV,PI,T91S,0.008119266594253615,73
FPV,PI,S37E,0.007905974830955153,74
FPV,PI,K70E,0.0074862725234456275,75
FPV,PI,G48Q,0.0074862725234456275,76
FPV,PI,Q18H,0.006829799892753484,77
FPV,PI,L33M,0.006469126820293615,78
FPV,PI,I72E,0.005492031000655079,79
FPV,PI,G73C,0.005492031000655079,80
FPV,PI,I64L,0.005389445564343236,81
FPV,PI,I72Y,0.005280464664952087,82
FPV,PI,I50V,0.0052229396890779,83
FPV,PI,P79A,0.005193778932236878,84
FPV,PI,M36V,0.004978965196756069,85
FPV,PI,L19Q,0.004859857177128588,86
FPV,PI,I93M,0.004859857177128588,87
FPV,PI,I64M,0.0047385334077262534,88
FPV,PI,G16A,0.004497129098908915,89
FPV,PI,T12I,0.004388724011853607,90
FPV,PI,L24F,0.004306253484585811,91
FPV,PI,I62M,0.004200605401508909,92
FPV,PI,Q58E,0.003973614911488912,93
FPV,PI,K20L,0.003956934197989867,94
FPV,PI,P39T,0.003882197226099397,95
FPV,PI,L19V,0.0036886847317411766,96
FPV,PI,E65D,0.003654472417013446,97
FPV,PI,V82M,0.003654472417013446,98
FPV,PI,L63T,0.0032782011804518684,99
FPV,PI,I50L,0.002760769191161714,100
FPV,PI,G48M,0.0027066314104691887,101
FPV,PI,I54S,0.0027066314104691887,102
FPV,PI,L63V,0.0026343162318588605,103
FPV,PI,I85V,0.0025783738537878188,104
FPV,PI,E34D,0.0024677842839938343,105
FPV,PI,A22V,0.002427925835929279,106
FPV,PI,D30N,0.0023304516273238447,107
FPV,PI,G48V,0.002248292104891987,108
FPV,PI,L89F,0.002100606916262258,109
FPV,PI,K70T,0.002100606916262258,110
FPV,PI,G73A,0.001887331183397015,111
FPV,PI,T4P,0.0018271456434572342,112
FPV,PI,M36T,0.001675611609546779,113
FPV,PI,T12P,0.0013822453290842072,114
FPV,PI,T91N,0.0012123161735028065,115
FPV,PI,N83D,0.0012123161735028065,116
FPV,PI,G48A,0.0012123161735028065,117
FPV,PI,H69Y,0.0012030925503618956,118
FPV,PI,P39Q,0.0012030925503618956,119
FPV,PI,K55R,0.0011965991411631545,120
FPV,PI,Q7R,0.0011633033309584816,121
FPV,PI,K45R,0.001071968376187284,122
FPV,PI,M36A,0.0010477642193097486,123
FPV,PI,P39S,0.0010477642193097486,124
FPV,PI,Q92K,0.0009442854896358422,125
FPV,PI,C95L,0.0009028515569091991,126
FPV,PI,L63S,0.0008781783333422446,127
FPV,PI,S37T,0.0008560730585015126,128
FPV,PI,L63H,0.000767627596824712,129
FPV,PI,K43R,0.000767627596824712,130
FPV,PI,L89I,0.000767627596824712,131
FPV,PI,S37A,0.000767627596824712,132
FPV,PI,T12E,0.0007455699009007995,133
FPV,PI,I54T,0.0007232435355840313,134
FPV,PI,Q61E,0.0006819184680434077,135
FPV,PI,N83S,0.0005856371750515665,136
FPV,PI,C95F,0.0005477769604322959,137
FPV,PI,G73T,0.0005477769604322959,138
FPV,PI,L23I,0.0005337754424036561,139
FPV,PI,G48I,0.0005299034347830111,140
FPV,PI,V11L,0.0005226411519161392,141
FPV,PI,T74P,0.0004932349680083543,142
FPV,PI,T74A,0.0004123733949481477,143
FPV,PI,V77T,0.0002762603035965935,144
FPV,PI,N83H,0.00027600757788240874,145
FPV,PI,V82I,0.00011838388739568997,146
FPV,PI,E34S,0.00011838388739568997,147
FPV,PI,I66L,0.00010080476438637437,148
FPV,PI,T12K,7.793927286629026e-06,149
FPV,PI,I66V,7.793927286629026e-06,150
IDV,PI,L90M,0.4965875793908716,1
IDV,PI,L10I,0.479030117736172,2
IDV,PI,I62V,0.4592724834215296,3
IDV,PI,I54V,0.40546345367793213,4
IDV,PI,M46I,0.3917421126202816,5
IDV,PI,V82A,0.37456440343821895,6
IDV,PI,I84V,0.3044075911449353,7
IDV,PI,M36I,0.2834947481601782,8
IDV,PI,A71V,0.2671769617635078,9
IDV,PI,I13V,0.20048906564326022,10
IDV,PI,L63P,0.18222844962690624,11
IDV,PI,G73S,0.17372865679165478,12
IDV,PI,I64V,0.16890369066624453,13
IDV,PI,L33F,0.14433735246131835,14
IDV,PI,I93L,0.14388392020218022,15
IDV,PI,L10F,0.12090999362504437,16
IDV,PI,V32I,0.12039231293439051,17
IDV,PI,L10V,0.10533355569152458,18
IDV,PI,Q58E,0.09583669855722626,19
IDV,PI,R41K,0.09385964372084205,20
IDV,PI,A71I,0.08274188638730601,21
IDV,PI,I72V,0.0808846613639922,22
IDV,PI,K20T,0.0740432066617954,23
IDV,PI,V77I,0.07074782354883108,24
IDV,PI,M46L,0.05882527291357375,25
IDV,PI,I15V,0.055169821827273334,26
IDV,PI,K43T,0.05499547267467636,27
IDV,PI,S37D,0.05424924492622519,28
IDV,PI,R57G,0.04653189546273058,29
IDV,PI,L19I,0.04490000733218985,30
IDV,PI,T74S,0.04163402945363789,31
IDV,PI,K55R,0.04147566535222287,32
IDV,PI,G16E,0.03863975479743663,33
IDV,PI,L24I,0.033985144151446975,34
IDV,PI,L63A,0.02687441863473891,35
IDV,PI,L89M,0.02614037059549247,36
IDV,PI,I54M,0.025527151428901315,37
IDV,PI,I85V,0.024972646175646044,38
IDV,PI,I50L,0.022805352800689568,39
IDV,PI,I54L,0.022477607015433172,40
IDV,PI,V82T,0.02225299016399047,41
IDV,PI,I72L,0.02189631392766191,42
IDV,PI,N88D,0.020378164556259345,43
IDV,PI,V11I,0.020286192072320047,44
IDV,PI,D60E,0.019542178855333797,45
IDV,PI,T12S,0.018596995904308685,46
IDV,PI,F53L,0.017966538371470175,47
IDV,PI,L33I,0.017272508462311667,48
IDV,PI,I47V,0.016943140844292878,49
IDV,PI,L89V,0.016064546095115095,50
IDV,PI,L76V,0.016014855466109274,51
IDV,PI,E35G,0.014432827410346736,52
IDV,PI,R57K,0.014090679947249352,53
IDV,PI,H69R,0.013915213587479875,54
IDV,PI,I66F,0.013878375867203004,55
IDV,PI,C67F,0.012991835397222797,56
IDV,PI,A71T,0.012089063399431643,57
IDV,PI,I72T,0.011855490348547541,58
IDV,PI,L33V,0.011407463300026163,59
IDV,PI,P79D,0.01017744887719991,60
IDV,PI,S37T,0.009106630339519023,61
IDV,PI,D30N,0.00892180334762492,62
IDV,PI,K20R,0.007901971972102483,63
IDV,PI,E35D,0.007719304665829665,64
IDV,PI,K14R,0.007656279960477008,65
IDV,PI,I64L,0.007645362120804657,66
IDV,PI,H69Q,0.007281116980720153,67
IDV,PI,K20I,0.0068516299770092605,68
IDV,PI,K20V,0.006663121175519166,69
IDV,PI,L33M,0.006642398719860675,70
IDV,PI,G16A,0.00643736464643126,71
IDV,PI,I50V,0.005899907150577282,72
IDV,PI,I64M,0.005507937644768351,73
IDV,PI,K20M,0.005024358662452814,74
IDV,PI,T91S,0.0049761706454431705,75
IDV,PI,M36L,0.0047829233506801695,76
IDV,PI,E34Q,0.004757832079002374,77
IDV,PI,I72Y,0.004659496152046679,78
IDV,PI,E34D,0.00445382291704688,79
IDV,PI,P79A,0.0043638095292922235,80
IDV,PI,I62M,0.0042590740567877575,81
IDV,PI,T12I,0.004227767130675084,82
IDV,PI,L19Q,0.0034003176459284213,83
IDV,PI,I93M,0.0034003176459284213,84
IDV,PI,H69K,0.0033579225986228784,85
IDV,PI,Q92K,0.0033471718139920325,86
IDV,PI,M36T,0.003014206367942342,87
IDV,PI,M36V,0.0028208510367057904,88
IDV,PI,I54S,0.0027980815704082606,89
IDV,PI,G48M,0.0027980815704082606,90
IDV,PI,P39T,0.0027509219169525503,91
IDV,PI,G48V,0.00254732173676179,92
IDV,PI,K70T,0.002496070638261234,93
IDV,PI,L89F,0.002496070638261234,94
IDV,PI,S37E,0.002392680412957979,95
IDV,PI,L19V,0.002250135957737892,96
IDV,PI,Q61E,0.0021562497002121407,97
IDV,PI,I72M,0.0019397366913393892,98
IDV,PI,Q18H,0.0018799775897345842,99
IDV,PI,N88S,0.001814892320783527,100
IDV,PI,L63T,0.001706765887864168,101
IDV,PI,P39Q,0.0016832338752775817,102
IDV,PI,H69Y,0.0016832338752775817,103
IDV,PI,L24F,0.0016233796352302693,104
IDV,PI,L63C,0.0015240324133882722,105
IDV,PI,L63S,0.0015028949095211939,106
IDV,PI,Q7R,0.001346661271263542,107
IDV,PI,T12E,0.0011927770821694565,108
IDV,PI,K45I,0.0011860119730517577,109
IDV,PI,L63V,0.0010580334974320124,110
IDV,PI,E65D,0.0010548283594848775,111
IDV,PI,V82M,0.0010548283594848775,112
IDV,PI,I54T,0.0010233194171284233,113
IDV,PI,R8Q,0.0009969289162790687,114
IDV,PI,L63H,0.0009738920211107803,115
IDV,PI,K43R,0.0009738920211107803,116
IDV,PI,L89I,0.0009738920211107803,117
IDV,PI,S37A,0.0009738920211107803,118
IDV,PI,A22V,0.0009531714201949396,119
IDV,PI,T4P,0.0009239593703995397,120
IDV,PI,G73C,0.0008389706040627116,121
IDV,PI,I72E,0.0008389706040627116,122
IDV,PI,K70R,0.0007771138076617984,123
IDV,PI,P39S,0.0007670532283023565,124
IDV,PI,M36A,0.0007670532283023565,125
IDV,PI,K70E,0.0007338414443976353,126
IDV,PI,G48Q,0.0007338414443976353,127
IDV,PI,K20L,0.0007305070736489133,128
IDV,PI,G73A,0.0007036570002197012,129
IDV,PI,T12P,0.0005750401865497013,130
IDV,PI,V77T,0.0004752546908607843,131
IDV,PI,T91N,0.0004557712914638353,132
IDV,PI,N83D,0.0004557712914638353,133
IDV,PI,G48A,0.0004557712914638353,134
IDV,PI,K45R,0.0004142739375473757,135
IDV,PI,V11L,0.0004098308656411239,136
IDV,PI,G48I,0.0003875444799574583,137
IDV,PI,N83H,0.00035281316353014006,138
IDV,PI,N83S,0.00031881897283508843,139
IDV,PI,T74A,0.00026333799072573993,140
IDV,PI,T74P,0.0002541308744241033,141
IDV,PI,L23I,9.477699173309933e-05,142
IDV,PI,E34S,7.86550720036375e-05,143
IDV,PI,V82I,7.86550720036375e-05,144
IDV,PI,C95F,7.859492889335942e-05,145
IDV,PI,G73T,7.859492889335942e-05,146
IDV,PI,C95L,5.899019387090782e-05,147
IDV,PI,I66L,5.679537466847749e-05,148
IDV,PI,T12K,2.7934623687596252e-05,149
IDV,PI,I66V,2.7934623687596252e-05,150
LPV,PI,L90M,0.5149933691672988,1
LPV,PI,V82A,0.5043572428782047,2
LPV,PI,A71V,0.4880915770835464,3
LPV,PI,I54V,0.4488250610347665,4
LPV,PI,L10I,0.4165167903666991,5
LPV,PI,M46I,0.3521667282310785,6
LPV,PI,I84V,0.3061102122404597,7
LPV,PI,M36I,0.3040434808240612,8
LPV,PI,L33F,0.244352331828424,9
LPV,PI,I62V,0.21018998337831338,10
LPV,PI,V32I,0.18509570326264133,11
LPV,PI,Q58E,0.1612402885764325,12
LPV,PI,L63P,0.1518351241970924,13
LPV,PI,G73S,0.14285249359136137,14
LPV,PI,L10F,0.12264600035189172,15
LPV,PI,I13V,0.10940684258265958,16
LPV,PI,V77I,0.09240562462386481,17
LPV,PI,A71I,0.08356718807905159,18
LPV,PI,K20T,0.07878813104708811,19
LPV,PI,I93L,0.07834960985764149,20
LPV,PI,R57G,0.07114165090011587,21
LPV,PI,E35D,0.06463700440225256,22
LPV,PI,I64V,0.06194051824878326,23
LPV,PI,I15V,0.061702642364608644,24
LPV,PI,K43T,0.05529264846144888,25
LPV,PI,I47V,0.05467806840763896,26
LPV,PI,S37D,0.04963490395305958,27
LPV,PI,M46L,0.049063429225653384,28
LPV,PI,I54M,0.04494270569331735,29
LPV,PI,K55R,0.03162340645681591,30
LPV,PI,I50L,0.02961211993142685,31
LPV,PI,G16E,0.029498415372634153,32
LPV,PI,I85V,0.028615057028721847,33
LPV,PI,L63A,0.027108436634751692,34
LPV,PI,K14R,0.02572613413657296,35
LPV,PI,I54L,0.024747114213803583,36
LPV,PI,T74S,0.024731676642880007,37
LPV,PI,V11I,0.023937345727058097,38
LPV,PI,E35G,0.023187745722447896,39
LPV,PI,A71T,0.022665993883876464,40
LPV,PI,N88D,0.02239464601482391,41
LPV,PI,L24I,0.02138713168745457,42
LPV,PI,L89V,0.02109272495898025,43
LPV,PI,I72L,0.020972310421160417,44
LPV,PI,L10V,0.019351031677052842,45
LPV,PI,F53L,0.019107417200477036,46
LPV,PI,R41K,0.018195704226585955,47
LPV,PI,D60E,0.017066594396676328,48
LPV,PI,T12S,0.016683528839839853,49
LPV,PI,I64L,0.014862553114903922,50
LPV,PI,L76V,0.013538849721352378,51
LPV,PI,I72V,0.01337735619611862,52
LPV,PI,L33V,0.0132058974293119,53
LPV,PI,V82T,0.012909458123438489,54
LPV,PI,L19I,0.012890435559701706,55
LPV,PI,L33I,0.012179476438603369,56
LPV,PI,C67F,0.0113576581455417,57
LPV,PI,H69R,0.011003116022626665,58
LPV,PI,P79D,0.010422932731583451,59
LPV,PI,H69K,0.009075363446635992,60
LPV,PI,D30N,0.008938743627023862,61
LPV,PI,K20V,0.008714137396664124,62
LPV,PI,K20I,0.007712244243460052,63
LPV,PI,I72T,0.007257418888650839,64
LPV,PI,H69Q,0.006974719082053203,65
LPV,PI,K45R,0.005496143298542739,66
LPV,PI,P79A,0.005288750732569729,67
LPV,PI,K20M,0.00516141662386361,68
LPV,PI,T91S,0.005119995217160262,69
LPV,PI,I72Y,0.0049561683738308625,70
LPV,PI,K20R,0.0049040057974647925,71
LPV,PI,M36L,0.004738984638387159,72
LPV,PI,T12I,0.0045411056258932905,73
LPV,PI,G16A,0.004230274145699378,74
LPV,PI,E34Q,0.004185372957847739,75
LPV,PI,L33M,0.004013433984126756,76
LPV,PI,I62M,0.004003932702102066,77
LPV,PI,I64M,0.0039898987512355325,78
LPV,PI,L89M,0.0037548648555312514,79
LPV,PI,E34D,0.0036444515177868216,80
LPV,PI,R57K,0.0035447671634191956,81
LPV,PI,P39T,0.0035331226219419646,82
LPV,PI,K70R,0.00352983608239563,83
LPV,PI,I50V,0.00344910506257569,84
LPV,PI,Q92K,0.003361987955889737,85
LPV,PI,G48M,0.002913759699572343,86
LPV,PI,I54S,0.002913759699572343,87
LPV,PI,N88S,0.0028288419086780446,88
LPV,PI,S37E,0.0026765797729337293,89
LPV,PI,S37T,0.0025704503968763987,90
LPV,PI,Q61E,0.0024503220258652795,91
LPV,PI,G48V,0.0022572962388473354,92
LPV,PI,L19V,0.002249638183323478,93
LPV,PI,I93M,0.002199366356796269,94
LPV,PI,L19Q,0.002199366356796269,95
LPV,PI,M36T,0.0021140313606995676,96
LPV,PI,T12P,0.0021099749967418433,97
LPV,PI,Q18H,0.0021019664007853327,98
LPV,PI,I72E,0.0019337101058433759,99
LPV,PI,G73C,0.0019337101058433759,100
LPV,PI,T4P,0.001773542444024892,101
LPV,PI,M36V,0.0017369884515394353,102
LPV,PI,I72M,0.0014731150501323981,103
LPV,PI,H69Y,0.0014059546714844775,104
LPV,PI,P39Q,0.0014059546714844775,105
LPV,PI,L63S,0.0012869194003011326,106
LPV,PI,K20L,0.0012122846788171957,107
LPV,PI,V82M,0.0010508619761037657,108
LPV,PI,E65D,0.0010508619761037657,109
LPV,PI,T12E,0.0010091107577110494,110
LPV,PI,Q7R,0.0009836155426041669,111
LPV,PI,L24F,0.0009591713611687866,112
LPV,PI,I66F,0.0009321088455694766,113
LPV,PI,V77T,0.0008730160690807964,114
LPV,PI,L63C,0.0008616724611468057,115
LPV,PI,G73A,0.0008583582251930061,116
LPV,PI,S37A,0.0008368240104349296,117
LPV,PI,L89I,0.0008368240104349296,118
LPV,PI,L63H,0.0008368240104349296,119
LPV,PI,K43R,0.0008368240104349296,120
LPV,PI,A22V,0.0008098389668235004,121
LPV,PI,L63V,0.0008080887146441816,122
LPV,PI,I54T,0.0008036830871348107,123
LPV,PI,L89F,0.0007701953565858742,124
LPV,PI,K70T,0.0007701953565858742,125
LPV,PI,K45I,0.000741258559954237,126
LPV,PI,N83D,0.0006764507646983105,127
LPV,PI,T91N,0.0006764507646983105,128
LPV,PI,G48A,0.0006764507646983105,129
LPV,PI,L63T,0.0006110727576048869,130
LPV,PI,R8Q,0.0005941172071046247,131
LPV,PI,G48Q,0.000540724124608104,132
LPV,PI,K70E,0.000540724124608104,133
LPV,PI,G48I,0.0004801845925997314,134
LPV,PI,M36A,0.00044665357899996595,135
LPV,PI,P39S,0.00044665357899996595,136
LPV,PI,T74A,0.0003364818498339968,137
LPV,PI,V11L,0.0002649749900426497,138
LPV,PI,N83S,0.00023641371916866937,139
LPV,PI,N83H,0.0001955020029790169,140
LPV,PI,L23I,0.00018613119112316447,141
LPV,PI,I66L,0.00010414917961397118,142
LPV,PI,T74P,0.00010088506504325695,143
LPV,PI,V82I,7.433610693502317e-05,144
LPV,PI,E34S,7.433610693502317e-05,145
LPV,PI,C95F,5.205376414978754e-05,146
LPV,PI,G73T,5.205376414978754e-05,147
LPV,PI,C95L,4.879327582914519e-05,148
LPV,PI,T12K,8.562066215407262e-06,149
LPV,PI,I66V,8.562066215407262e-06,150
NFV,PI,I62V,0.5839141905387911,1
NFV,PI,I54V,0.5052958563235567,2
NFV,PI,A71V,0.47624046202585313,3
NFV,PI,L90M,0.4357443911109547,4
NFV,PI,V82A,0.4231914299113633,5
NFV,PI,L10I,0.345396801459566,6
NFV,PI,M46I,0.2992387687260528,7
NFV,PI,I93L,0.28676485920486333,8
NFV,PI,L63P,0.2809662425459414,9
NFV,PI,I84V,0.2714786477794511,10
NFV,PI,M36I,0.24555494036337389,11
NFV,PI,L33F,0.20908560902770326,12
NFV,PI,I64V,0.1388707152461692,13
NFV,PI,G73S,0.1368425018155123,14
NFV,PI,I13V,0.1342469060886936,15
NFV,PI,R41K,0.0977128153529674,16
NFV,PI,V32I,0.09743165949784065,17
NFV,PI,L10F,0.08966382679455334,18
NFV,PI,L10V,0.08926466915826443,19
NFV,PI,A71I,0.08498176168626387,20
NFV,PI,V77I,0.08442533322042285,21
NFV,PI,K20T,0.06402864054478397,22
NFV,PI,Q58E,0.061258572631242146,23
NFV,PI,N88D,0.05745865344284539,24
NFV,PI,K20R,0.05215224059943571,25
NFV,PI,T74S,0.04553776623168836,26
NFV,PI,G16E,0.04449322831548143,27
NFV,PI,M46L,0.04245312567701338,28
NFV,PI,D60E,0.04199064962675449,29
NFV,PI,K43T,0.04030403453085201,30
NFV,PI,L19I,0.03667038339145787,31
NFV,PI,K55R,0.035450030773576675,32
NFV,PI,D30N,0.03496443834108729,33
NFV,PI,R57K,0.02977211881559506,34
NFV,PI,I50L,0.02937144160366673,35
NFV,PI,L63A,0.02826748442740494,36
NFV,PI,T12S,0.027333973951675587,37
NFV,PI,S37D,0.02550492272872663,38
NFV,PI,I85V,0.025172444611941444,39
NFV,PI,I72V,0.02486950884402124,40
NFV,PI,V11I,0.022463377423799658,41
NFV,PI,I64L,0.021589493227374457,42
NFV,PI,L89M,0.021465733649283024,43
NFV,PI,V82T,0.021306957478083012,44
NFV,PI,L24I,0.019091739591900744,45
NFV,PI,I54L,0.018892860468855476,46
NFV,PI,I72L,0.01850950928415345,47
NFV,PI,L89V,0.017636403881868642,48
NFV,PI,E35D,0.017023058004074765,49
NFV,PI,E35G,0.016012539114985923,50
NFV,PI,L33V,0.01568617071773562,51
NFV,PI,L33I,0.014761649119631008,52
NFV,PI,F53L,0.014472179575395514,53
NFV,PI,C67F,0.013308249505558138,54
NFV,PI,I54M,0.01311898831451686,55
NFV,PI,L76V,0.013048160367746926,56
NFV,PI,I66F,0.011657869896121931,57
NFV,PI,I72T,0.011438934696215396,58
NFV,PI,S37E,0.010968323490136744,59
NFV,PI,S37T,0.010521310183179753,60
NFV,PI,K14R,0.01015051927913811,61
NFV,PI,H69R,0.009685387483614902,62
NFV,PI,I47V,0.007834626016250946,63
NFV,PI,K20V,0.0074810243125177575,64
NFV,PI,I64M,0.0071012788078699315,65
NFV,PI,P79D,0.006846234942257907,66
NFV,PI,K20I,0.006806926251050148,67
NFV,PI,L33M,0.0059439503841281945,68
NFV,PI,G16A,0.0049620205160375505,69
NFV,PI,T12I,0.00486455098916927,70
NFV,PI,E34D,0.004784912228165835,71
NFV,PI,P79A,0.00478182657585674,72
NFV,PI,R57G,0.004643446224614022,73
NFV,PI,H69K,0.004145402124011967,74
NFV,PI,Q61E,0.0037566764852564384,75
NFV,PI,Q92K,0.0037552565036348493,76
NFV,PI,I72Y,0.0036753664637931877,77
NFV,PI,I50V,0.0033727242002678692,78
NFV,PI,M36T,0.003249104780944927,79
NFV,PI,E34Q,0.003193212792897964,80
NFV,PI,L63T,0.002981221596715267,81
NFV,PI,I62M,0.0029713311427744613,82
NFV,PI,P39T,0.002917082733327931,83
NFV,PI,K20M,0.0028740213381254725,84
NFV,PI,M36L,0.002817005324092205,85
NFV,PI,N88S,0.0027916305514569407,86
NFV,PI,A71T,0.0027544685609802834,87
NFV,PI,T91S,0.002587648079677632,88
NFV,PI,P39Q,0.002532142076909649,89
NFV,PI,H69Y,0.002532142076909649,90
NFV,PI,G48M,0.002517563181978595,91
NFV,PI,I54S,0.002517563181978595,92
NFV,PI,T12P,0.002397348775718268,93
NFV,PI,L63C,0.002245928069380489,94
NFV,PI,K70T,0.002168628785894292,95
NFV,PI,L89F,0.002168628785894292,96
NFV,PI,T12E,0.0019006606947155496,97
NFV,PI,K45R,0.0018549327104489214,98
NFV,PI,I93M,0.001822209731983864,99
NFV,PI,L19Q,0.001822209731983864,100
NFV,PI,I72M,0.0018196422610768806,101
NFV,PI,G48V,0.0017856901702873297,102
NFV,PI,Q7R,0.0017213624461679356,103
NFV,PI,Q18H,0.0016024697201413912,104
NFV,PI,K70R,0.0014762230129809575,105
NFV,PI,L63S,0.0014313784112238524,106
NFV,PI,L19V,0.0012338359258695624,107
NFV,PI,K20L,0.0011102075896982082,108
NFV,PI,H69Q,0.0010727453093764682,109
NFV,PI,L89I,0.0009998476657236595,110
NFV,PI,K43R,0.0009998476657236595,111
NFV,PI,L63H,0.0009998476657236595,112
NFV,PI,S37A,0.0009998476657236595,113
NFV,PI,K45I,0.0009198795435123469,114
NFV,PI,L63V,0.0009099729027680229,115
NFV,PI,L24F,0.0009087298957644246,116
NFV,PI,G73C,0.0008549757168429544,117
NFV,PI,I72E,0.0008549757168429544,118
NFV,PI,I54T,0.000828765349187726,119
NFV,PI,T4P,0.0008274048866236517,120
NFV,PI,E65D,0.0008232316604851473,121
NFV,PI,V82M,0.0008232316604851473,122
NFV,PI,A22V,0.0007529593851808615,123
NFV,PI,K70E,0.0006408118885186735,124
NFV,PI,G48Q,0.0006408118885186735,125
NFV,PI,G73A,0.0005311175948828915,126
NFV,PI,M36A,0.0004951261255476686,127
NFV,PI,P39S,0.0004951261255476686,128
NFV,PI,R8Q,0.0004556166335699712,129
NFV,PI,G48I,0.0004268240746901117,130
NFV,PI,V77T,0.00042488419194442107,131
NFV,PI,T91N,0.00035859862575187177,132
NFV,PI,N83D,0.00035859862575187177,133
NFV,PI,G48A,0.00035859862575187177,134
NFV,PI,N83H,0.00034966024310746467,135
NFV,PI,M36V,0.00032502228397588394,136
NFV,PI,V11L,0.0002879958658800901,137
NFV,PI,N83S,0.00020740184330380752,138
NFV,PI,T74P,0.00019864356159359907,139
NFV,PI,I15V,0.00016211793460117098,140
NFV,PI,V82I,7.448812164829893e-05,141
NFV,PI,E34S,7.448812164829893e-05,142
NFV,PI,T74A,7.319040009005867e-05,143
NFV,PI,I66L,7.012605579760436e-05,144
NFV,PI,L23I,5.536994009069334e-05,145
NFV,PI,T12K,5.2616551618096746e-05,146
NFV,PI,I66V,5.2616551618096746e-05,147
NFV,PI,G73T,3.625161282808914e-05,148
NFV,PI,C95F,3.625161282808914e-05,149
NFV,PI,C95L,3.048500279801929e-05,150
SQV,PI,L90M,0.5734974957173417,1
SQV,PI,I62V,0.41877535969439195,2
SQV,PI,M36I,0.39519611026659357,3
SQV,PI,I84V,0.3857650833394812,4
SQV,PI,L10I,0.3581703631399607,5
SQV,PI,L63P,0.35013043395140847,6
SQV,PI,A71V,0.3383853084318952,7
SQV,PI,I13V,0.21286653540858436,8
SQV,PI,I64V,0.2059495847269445,9
SQV,PI,L33F,0.19295207007259285,10
SQV,PI,I54V,0.18721087697450378,11
SQV,PI,R41K,0.15997587464080154,12
SQV,PI,E35D,0.15960438611975983,13
SQV,PI,L10F,0.1500857163774449,14
SQV,PI,Q58E,0.14375275518854724,15
SQV,PI,L10V,0.12754137030639576,16
SQV,PI,K20R,0.12384776538214902,17
SQV,PI,M46I,0.11548677912599536,18
SQV,PI,G73S,0.10746707088549093,19
SQV,PI,V32I,0.09408394294751547,20
SQV,PI,A71I,0.09305483813439236,21
SQV,PI,R57K,0.08503203718612708,22
SQV,PI,I72V,0.08493077171376157,23
SQV,PI,M46L,0.08178716250290922,24
SQV,PI,K43T,0.07228665532918052,25
SQV,PI,V82A,0.07209908996208826,26
SQV,PI,I93L,0.07166042593207586,27
SQV,PI,K20T,0.06986848991233434,28
SQV,PI,K55R,0.06204480837830768,29
SQV,PI,I15V,0.060044850515942896,30
SQV,PI,D60E,0.053320038206895036,31
SQV,PI,T74S,0.048974964629090165,32
SQV,PI,R57G,0.0464963836110755,33
SQV,PI,K14R,0.03858919024740471,34
SQV,PI,S37D,0.038276124675082554,35
SQV,PI,F53L,0.035492086289897244,36
SQV,PI,I54L,0.03406910299007948,37
SQV,PI,V82T,0.033614382436758655,38
SQV,PI,V11I,0.032079179138319314,39
SQV,PI,L89V,0.03193195079794185,40
SQV,PI,L76V,0.03129730407999965,41
SQV,PI,V77I,0.03043006692683676,42
SQV,PI,I85V,0.029250996481811734,43
SQV,PI,A71T,0.02887736364778859,44
SQV,PI,I64L,0.028036732947835822,45
SQV,PI,I50L,0.024154287416369814,46
SQV,PI,L24I,0.023502676416483598,47
SQV,PI,N88D,0.02312245560274717,48
SQV,PI,L19I,0.023055417512982502,49
SQV,PI,G16E,0.02282022459718597,50
SQV,PI,K20M,0.020094064306497957,51
SQV,PI,E35G,0.01928361118964306,52
SQV,PI,L63A,0.018608782490447454,53
SQV,PI,T12S,0.018531530884078787,54
SQV,PI,K20I,0.01852000552124655,55
SQV,PI,L33I,0.018222532165186683,56
SQV,PI,I66F,0.01599602239771215,57
SQV,PI,E34Q,0.015544707209884594,58
SQV,PI,C67F,0.01552460851366682,59
SQV,PI,I47V,0.015174258608375528,60
SQV,PI,L33M,0.011925297524501022,61
SQV,PI,Q18H,0.011649330613752906,62
SQV,PI,I72T,0.011369310917335573,63
SQV,PI,S37T,0.01099054556335114,64
SQV,PI,L33V,0.01067966357963037,65
SQV,PI,P79D,0.009278266310759122,66
SQV,PI,Q92K,0.008975014679020484,67
SQV,PI,T91S,0.008209880213109264,68
SQV,PI,M36L,0.008136637551181181,69
SQV,PI,D30N,0.008075905206087329,70
SQV,PI,K20V,0.007959051398177285,71
SQV,PI,L89M,0.007499970263386182,72
SQV,PI,I72L,0.0068011071678410326,73
SQV,PI,G73A,0.006770698445975379,74
SQV,PI,I72M,0.0065484089448950185,75
SQV,PI,H69K,0.005965893200052862,76
SQV,PI,H69Q,0.005617518462984402,77
SQV,PI,P79A,0.005453020724737928,78
SQV,PI,I50V,0.005356898063579914,79
SQV,PI,L24F,0.005115998521558286,80
SQV,PI,I54M,0.004994120349722515,81
SQV,PI,I64M,0.004771709719016253,82
SQV,PI,K70R,0.004757897671891164,83
SQV,PI,L89F,0.004682781062508052,84
SQV,PI,K70T,0.004682781062508052,85
SQV,PI,I72Y,0.0046296478216914135,86
SQV,PI,N88S,0.004590403445082875,87
SQV,PI,I62M,0.004283535166352447,88
SQV,PI,L19Q,0.004178122519181711,89
SQV,PI,I93M,0.004178122519181711,90
SQV,PI,G48V,0.0039401964098929355,91
SQV,PI,T12I,0.003938874828091556,92
SQV,PI,G16A,0.003935701685404964,93
SQV,PI,P39T,0.003796088391675631,94
SQV,PI,G48M,0.0036911732947450676,95
SQV,PI,I54S,0.0036911732947450676,96
SQV,PI,L19V,0.003618383135188918,97
SQV,PI,M36T,0.0035370641304527783,98
SQV,PI,E34D,0.0033564311779289402,99
SQV,PI,L63V,0.0030125669717847663,100
SQV,PI,M36V,0.002523730941698108,101
SQV,PI,K70E,0.002421016943341686,102
SQV,PI,G48Q,0.002421016943341686,103
SQV,PI,A22V,0.002112268944187459,104
SQV,PI,K45I,0.0020524400294803804,105
SQV,PI,I72E,0.0019250279231956186,106
SQV,PI,G73C,0.0019250279231956186,107
SQV,PI,N83D,0.0018193952085803421,108
SQV,PI,G48A,0.0018193952085803421,109
SQV,PI,T91N,0.0018193952085803421,110
SQV,PI,K20L,0.0018035409838080495,111
SQV,PI,S37E,0.0018016389151317596,112
SQV,PI,T12P,0.0017955085379577878,113
SQV,PI,L63T,0.0015738568000657838,114
SQV,PI,Q61E,0.0015057661792638828,115
SQV,PI,I54T,0.0014617571325439276,116
SQV,PI,L63C,0.0013952529982275272,117
SQV,PI,H69Y,0.0012616755417049644,118
SQV,PI,P39Q,0.0012616755417049644,119
SQV,PI,Q7R,0.001171290430386565,120
SQV,PI,P39S,0.0011245673499244236,121
SQV,PI,M36A,0.0011245673499244236,122
SQV,PI,K45R,0.0009689577692815497,123
SQV,PI,K43R,0.0009657421726578387,124
SQV,PI,S37A,0.0009657421726578387,125
SQV,PI,L63H,0.0009657421726578387,126
SQV,PI,L89I,0.0009657421726578387,127
SQV,PI,T74P,0.0009454205581214784,128
SQV,PI,L63S,0.0009441096909757101,129
SQV,PI,E65D,0.0007827035610366756,130
SQV,PI,V82M,0.0007827035610366756,131
SQV,PI,T12E,0.000777361222601369,132
SQV,PI,G73T,0.0007708811191749418,133
SQV,PI,C95F,0.0007708811191749418,134
SQV,PI,T4P,0.0006982671096596696,135
SQV,PI,T74A,0.0005284441153101536,136
SQV,PI,V77T,0.0004699979325630717,137
SQV,PI,R8Q,0.00040994955062886125,138
SQV,PI,V11L,0.000396078969063124,139
SQV,PI,N83S,0.0003389532039273615,140
SQV,PI,N83H,0.0003280404711115123,141
SQV,PI,I66L,0.00022808559674576567,142
SQV,PI,G48I,0.00022751139040925975,143
SQV,PI,C95L,0.00011888375721543575,144
SQV,PI,L23I,0.00011618051658395429,145
SQV,PI,V82I,9.43664682686772e-05,146
SQV,PI,E34S,9.43664682686772e-05,147
SQV,PI,T12K,5.391570092907489e-05,148
SQV,PI,I66V,5.391570092907489e-05,149
SQV,PI,H69R,2.647154892413633e-05,150
TPV,PI,I84V,0.44789045792579585,1
TPV,PI,M36I,0.4280703802706143,2
TPV,PI,I93L,0.2673634860221265,3
TPV,PI,L10I,0.24825240244108612,4
TPV,PI,I64V,0.24095034937795937,5
TPV,PI,Q58E,0.22788968583828756,6
TPV,PI,L90M,0.21312321685280253,7
TPV,PI,I13V,0.20964907352638254,8
TPV,PI,L33F,0.18920880282727567,9
TPV,PI,A71V,0.17350534412055374,10
TPV,PI,V32I,0.17180551736002272,11
TPV,PI,I62V,0.17154978327257614,12
TPV,PI,L10F,0.16928494881585124,13
TPV,PI,I54V,0.16601357150455723,14
TPV,PI,K43T,0.14199780173464405,15
TPV,PI,L10V,0.1419361536012313,16
TPV,PI,I72V,0.11312700432087568,17
TPV,PI,V77I,0.11105910039635816,18
TPV,PI,E35G,0.10858739849010254,19
TPV,PI,R41K,0.10554982955262568,20
TPV,PI,V11I,0.08305549459981794,21
TPV,PI,V82A,0.08186680555316314,22
TPV,PI,I15V,0.07865896381822637,23
TPV,PI,L89V,0.07839264775468047,24
TPV,PI,K20R,0.0779024173242454,25
TPV,PI,M46I,0.07313188584021248,26
TPV,PI,K20T,0.0693020405509341,27
TPV,PI,L76V,0.0667613183570341,28
TPV,PI,L24I,0.06596697253382575,29
TPV,PI,I47V,0.06359985633976777,30
TPV,PI,K55R,0.06281847008306905,31
TPV,PI,L63P,0.06093081716259825,32
TPV,PI,V82T,0.05965046865805651,33
TPV,PI,S37D,0.05562571994982993,34
TPV,PI,I54L,0.05394861951725929,35
TPV,PI,G16E,0.046928742047647444,36
TPV,PI,G73S,0.046661773240157176,37
TPV,PI,M46L,0.046320768036756436,38
TPV,PI,N88D,0.045960940552505096,39
TPV,PI,R57K,0.04280047557191262,40
TPV,PI,L33I,0.040842995419699414,41
TPV,PI,D60E,0.03673430038266698,42
TPV,PI,D30N,0.036342570247237596,43
TPV,PI,A71T,0.03452048914842257,44
TPV,PI,I72L,0.03410528736693203,45
TPV,PI,I54M,0.03376216853698736,46
TPV,PI,L19I,0.0307999228422227,47
TPV,PI,S37E,0.028809787505642358,48
TPV,PI,L63A,0.02831812765543023,49
TPV,PI,F53L,0.027750819444366998,50
TPV,PI,K20I,0.0245387694190801,51
TPV,PI,T12P,0.021449396892653204,52
TPV,PI,E35D,0.02135499360254677,53
TPV,PI,T74S,0.019787314546062768,54
TPV,PI,P79A,0.019033417195808488,55
TPV,PI,H69Q,0.0172350178421212,56
TPV,PI,G16A,0.01708774121106297,57
TPV,PI,I66F,0.016273411838128315,58
TPV,PI,Q92K,0.015348152005402037,59
TPV,PI,H69K,0.015201697016546998,60
TPV,PI,S37T,0.015143139559094932,61
TPV,PI,G48V,0.014715153319475418,62
TPV,PI,K14R,0.014628499818460967,63
TPV,PI,L24F,0.0145962882316264,64
TPV,PI,I85V,0.013185750763966154,65
TPV,PI,K45I,0.013162298347765824,66
TPV,PI,A22V,0.012300235352123297,67
TPV,PI,L63C,0.01159095858561697,68
TPV,PI,C67F,0.011225382905522116,69
TPV,PI,K20V,0.010825771161607578,70
TPV,PI,P79D,0.010767868037668563,71
TPV,PI,T12S,0.01047051979661368,72
TPV,PI,K20M,0.009930497762465745,73
TPV,PI,K45R,0.00969392291820473,74
TPV,PI,I50V,0.009374010583072374,75
TPV,PI,I50L,0.008912586826508882,76
TPV,PI,A71I,0.008806642899706696,77
TPV,PI,K70R,0.006895740916336719,78
TPV,PI,L89M,0.006157149247966556,79
TPV,PI,K70T,0.0058943429527785664,80
TPV,PI,L89F,0.0058943429527785664,81
TPV,PI,I72T,0.005760690327021045,82
TPV,PI,R57G,0.005730353763675417,83
TPV,PI,T74P,0.005497363394353043,84
TPV,PI,V77T,0.005198755780024883,85
TPV,PI,P39S,0.005043851444727322,86
TPV,PI,M36A,0.005043851444727322,87
TPV,PI,K20L,0.0050293485238150784,88
TPV,PI,I54S,0.0048938142867970364,89
TPV,PI,G48M,0.0048938142867970364,90
TPV,PI,R8Q,0.004850791189146222,91
TPV,PI,I62M,0.004748237906315733,92
TPV,PI,I54T,0.004544779393223353,93
TPV,PI,Q61E,0.00449684500402945,94
TPV,PI,N83S,0.004467748345807643,95
TPV,PI,G48I,0.00431383748025633,96
TPV,PI,V11L,0.00430314870757141,97
TPV,PI,V82M,0.004206912562761922,98
TPV,PI,E65D,0.004206912562761922,99
TPV,PI,E34Q,0.004162489665877261,100
TPV,PI,C95L,0.0041225487875953554,101
TPV,PI,T12I,0.00410206789925176,102
TPV,PI,C95F,0.004026345585339586,103
TPV,PI,G73T,0.004026345585339586,104
TPV,PI,L33V,0.003888148032564437,105
TPV,PI,L33M,0.0037924008183971973,106
TPV,PI,E34D,0.0037687114762331724,107
TPV,PI,L19V,0.0037112985166012015,108
TPV,PI,L63T,0.0036299369043276157,109
TPV,PI,I64M,0.0035527706590090034,110
TPV,PI,P39T,0.003471495624167451,111
TPV,PI,I64L,0.0033765001663386505,112
TPV,PI,M36L,0.0032311618176204377,113
TPV,PI,T74A,0.002887874579368849,114
TPV,PI,K70E,0.0028684162081673327,115
TPV,PI,G48Q,0.0028684162081673327,116
TPV,PI,G73A,0.002829236483635993,117
TPV,PI,H69R,0.002699212531371443,118
TPV,PI,G73C,0.0025547594525228944,119
TPV,PI,I72E,0.0025547594525228944,120
TPV,PI,G48A,0.0024413911945279764,121
TPV,PI,N83D,0.0024413911945279764,122
TPV,PI,T91N,0.0024413911945279764,123
TPV,PI,I66L,0.0022935648689416653,124
TPV,PI,L19Q,0.001880486524413403,125
TPV,PI,I93M,0.001880486524413403,126
TPV,PI,I72Y,0.001648102355545165,127
TPV,PI,T91S,0.001630213047449925,128
TPV,PI,N83H,0.0016095784355716978,129
TPV,PI,N88S,0.0015490775845850493,130
TPV,PI,L63V,0.0014768590002027918,131
TPV,PI,L63S,0.0013779790362093462,132
TPV,PI,M36T,0.0012795597207799813,133
TPV,PI,T4P,0.0012783563051646735,134
TPV,PI,L63H,0.0011281407667582783,135
TPV,PI,K43R,0.0011281407667582783,136
TPV,PI,S37A,0.0011281407667582783,137
TPV,PI,L89I,0.0011281407667582783,138
TPV,PI,V82I,0.0010770280492699894,139
TPV,PI,E34S,0.0010770280492699894,140
TPV,PI,P39Q,0.0009576450829520322,141
TPV,PI,H69Y,0.0009576450829520322,142
TPV,PI,Q18H,0.0009306225568131609,143
TPV,PI,Q7R,0.0008784268418144868,144
TPV,PI,I72M,0.0008530546173369682,145
TPV,PI,T12E,0.000797161859896402,146
TPV,PI,L23I,0.0005175692837948162,147
TPV,PI,M36V,0.0005034309171629144,148
TPV,PI,T12K,7.407640771558139e-06,149
TPV,PI,I66V,7.407640771558139e-06,150
ABC,NRTI,M184V,1.2093242011717211,1
ABC,NRTI,F214L,0.27443998798066876,2
ABC,NRTI,M41L,0.2623366587709284,3
ABC,NRTI,T215Y,0.18742259932995942,4
ABC,NRTI,Q151M,0.173330172875432,5
ABC,NRTI,M184I,0.14139911332241892,6
ABC,NRTI,D67N,0.133915227724653,7
ABC,NRTI,D123E,0.1287293651375661,8
ABC,NRTI,E138K,0.11731846005339495,9
ABC,NRTI,L74V,0.093747113566103,10
ABC,NRTI,I142V,0.07520358115713643,11
ABC,NRTI,L210W,0.0657176916282707,12
ABC,NRTI,V118I,0.0649529259623884,13
ABC,NRTI,T69N,0.04255810783298959,14
ABC,NRTI,F227C,0.040177885633167605,15
ABC,NRTI,I135T,0.037713002684153084,16
ABC,NRTI,K219Q,0.03207056025883319,17
ABC,NRTI,A98S,0.030155544271216264,18
ABC,NRTI,V60I,0.02992300802165289,19
ABC,NRTI,L74I,0.028682932352226805,20
ABC,NRTI,E44D,0.027831513327615447,21
ABC,NRTI,K70R,0.027679363494438145,22
ABC,NRTI,D177E,0.026405839295551535,23
ABC,NRTI,T215F,0.02600874429209586,24
ABC,NRTI,V35T,0.025415607867186094,25
ABC,NRTI,K65R,0.02532222022782669,26
ABC,NRTI,I135V,0.02501366188447195,27
ABC,NRTI,L228R,0.024991452201436296,28
ABC,NRTI,P225H,0.02498224915002007,29
ABC,NRTI,H221Y,0.02234585949059904,30
ABC,NRTI,Q207E,0.02142496658901284,31
ABC,NRTI,I135L,0.020991222608873122,32
ABC,NRTI,T200A,0.020775396138242922,33
ABC,NRTI,S162C,0.020567523432182107,34
ABC,NRTI,V179I,0.019939935713354923,35
ABC,NRTI,I178L,0.019372716278550205,36
ABC,NRTI,Q174R,0.01814897889171895,37
ABC,NRTI,G196E,0.017064754796901428,38
ABC,NRTI,V75T,0.016332153845613536,39
ABC,NRTI,K20R,0.015481934714692195,40
ABC,NRTI,Q174K,0.015400991821740926,41
ABC,NRTI,V90I,0.01508481427641289,42
ABC,NRTI,V189I,0.015028490196774847,43
ABC,NRTI,V106I,0.01496874735938703,44
ABC,NRTI,E122P,0.013978754044984533,45
ABC,NRTI,K101E,0.013974140316011394,46
ABC,NRTI,I135M,0.012940965917136957,47
ABC,NRTI,D177G,0.011799455547002458,48
ABC,NRTI,K173E,0.011660113919899578,49
ABC,NRTI,R83K,0.011612456779337253,50
ABC,NRTI,V106A,0.011431561861039172,51
ABC,NRTI,K103N,0.010987815444859904,52
ABC,NRTI,Y181C,0.009601758877714583,53
ABC,NRTI,I202V,0.009221523837462407,54
ABC,NRTI,V108I,0.009088670402068783,55
ABC,NRTI,K173N,0.00901792048793326,56
ABC,NRTI,Y188L,0.008281067649085134,57
ABC,NRTI,D218E,0.008075075477270915,58
ABC,NRTI,K219N,0.007738532787489414,59
ABC,NRTI,E169D,0.007695968994068752,60
ABC,NRTI,G190A,0.0074375146767082755,61
ABC,NRTI,V75M,0.007355074072078761,62
ABC,NRTI,S68G,0.0070704487023315185,63
ABC,NRTI,D67G,0.006586371623057283,64
ABC,NRTI,V21I,0.006157602911652976,65
ABC,NRTI,K219R,0.006116232338183845,66
ABC,NRTI,R211N,0.005853461896466195,67
ABC,NRTI,K103R,0.005591126776136568,68
ABC,NRTI,R211K,0.005480627384482783,69
ABC,NRTI,K43N,0.005289344780608817,70
ABC,NRTI,K103S,0.004757704554666052,71
ABC,NRTI,F116Y,0.004718972072425778,72
ABC,NRTI,E6D,0.004619432674455196,73
ABC,NRTI,A98G,0.004254804359701301,74
ABC,NRTI,T69D,0.004249901191115265,75
ABC,NRTI,S162A,0.004148486520310232,76
ABC,NRTI,V35I,0.0036508261514755598,77
ABC,NRTI,V35R,0.0033507215255723947,78
ABC,NRTI,A62V,0.0031959962282098625,79
ABC,NRTI,R172K,0.003005084633864721,80
ABC,NRTI,S162D,0.0029469360299111463,81
ABC,NRTI,K43E,0.00293913539409873,82
ABC,NRTI,I178M,0.0029309307989929256,83
ABC,NRTI,T107A,0.002930500923329485,84
ABC,NRTI,I178V,0.002930500923329485,85
ABC,NRTI,V35L,0.002894309885434944,86
ABC,NRTI,D123N,0.0028836316278622234,87
ABC,NRTI,K49R,0.0026942722857394856,88
ABC,NRTI,Q145M,0.002683254461534817,89
ABC,NRTI,K102Q,0.002683254461534817,90
ABC,NRTI,K64R,0.002595320598168195,91
ABC,NRTI,I47V,0.002504187533969766,92
ABC,NRTI,K32T,0.002504187533969766,93
ABC,NRTI,D123S,0.0023274634801300005,94
ABC,NRTI,P176A,0.0023274634801300005,95
ABC,NRTI,V179E,0.0023274634801300005,96
ABC,NRTI,K173I,0.0023274634801300005,97
ABC,NRTI,Q207D,0.0023274634801300005,98
ABC,NRTI,E138G,0.0023274634801300005,99
ABC,NRTI,K173Q,0.002283560079697007,100
ABC,NRTI,E169K,0.0020501075795199535,101
ABC,NRTI,I195L,0.0020501075795199535,102
ABC,NRTI,T200I,0.0019544256870503533,103
ABC,NRTI,T39A,0.0018441683479098918,104
ABC,NRTI,A158S,0.00166305728133937,105
ABC,NRTI,S162Y,0.0016463004442425827,106
ABC,NRTI,Q207A,0.0016426748482491365,107
ABC,NRTI,E28A,0.0016426748482491365,108
ABC,NRTI,R211S,0.0016426748482491365,109
ABC,NRTI,K173A,0.0016426748482491365,110
ABC,NRTI,K11T,0.0016426748482491365,111
ABC,NRTI,T39Q,0.0016426748482491365,112
ABC,NRTI,E122Q,0.0015629433566252203,113
ABC,NRTI,E44A,0.001404561169915195,114
ABC,NRTI,Y181G,0.001404561169915195,115
ABC,NRTI,T27S,0.001404561169915195,116
ABC,NRTI,K223Q,0.001404561169915195,117
ABC,NRTI,G196R,0.0013418457956341015,118
ABC,NRTI,K219E,0.0013356888141299894,119
ABC,NRTI,A33G,0.0009287237013657465,120
ABC,NRTI,R211A,0.0009287237013657465,121
ABC,NRTI,D192N,0.0009287237013657465,122
ABC,NRTI,E138A,0.0009287237013657465,123
ABC,NRTI,P4T,0.0009287237013657465,124
ABC,NRTI,E203K,0.0009287237013657465,125
ABC,NRTI,Y115F,0.0005254933569061529,126
ABC,NRTI,P1L,0.0005254933569061529,127
ABC,NRTI,I142T,0.0003504903100005375,128
ABC,NRTI,V106M,0.00032000512829822073,129
ABC,NRTI,H208Y,0.00022350816950857065,130
ABC,NRTI,V35K,0.0002131199867343405,131
ABC,NRTI,Q207K,0.0002131199867343405,132
ABC,NRTI,R211T,0.0002131199867343405,133
ABC,NRTI,L228H,0.0001491657890064439,134
ABC,NRTI,T39S,0.0001491657890064439,135
ABC,NRTI,V75I,0.00012909053966394214,136
ABC,NRTI,K223T,0.00012909053966394214,137
ABC,NRTI,T39D,0.00012909053966394214,138
ABC,NRTI,E79D,0.00012909053966394214,139
ABC,NRTI,E203V,0.00012909053966394214,140
ABC,NRTI,E194D,0.00012909053966394214,141
ABC,NRTI,K101H,0.00012716221809862174,142
ABC,NRTI,K43Q,0.00012716221809862174,143
ABC,NRTI,V111I,8.423680225874571e-05,144
ABC,NRTI,T107S,8.000211587956993e-05,145
ABC,NRTI,T200K,8.000211587956993e-05,146
ABC,NRTI,E203D,8.000211587956993e-05,147
AZT,NRTI,D67N,0.6025788180181417,1
AZT,NRTI,M41L,0.3712509589167292,2
AZT,NRTI,T215Y,0.26204810335811873,3
AZT,NRTI,K70R,0.21671086528789563,4
AZT,NRTI,T69N,0.16458595285695224,5
AZT,NRTI,Q151M,0.16160228858203154,6
AZT,NRTI,D177E,0.14563130105528563,7
AZT,NRTI,K219Q,0.13371337330728814,8
AZT,NRTI,E138K,0.12782589695391267,9
AZT,NRTI,V118I,0.12050479757223327,10
AZT,NRTI,I142V,0.11337017179752809,11
AZT,NRTI,L210W,0.09794791519793156,12
AZT,NRTI,K103N,0.09315786917502274,13
AZT,NRTI,L74V,0.07975609676880623,14
AZT,NRTI,F227C,0.07691749239567675,15
AZT,NRTI,R211K,0.06509427355276795,16
AZT,NRTI,V60I,0.06491636639459386,17
AZT,NRTI,M184V,0.05936885131692887,18
AZT,NRTI,I202V,0.056478160554905045,19
AZT,NRTI,G196E,0.056443055523276955,20
AZT,NRTI,V35T,0.053160589830620095,21
AZT,NRTI,D218E,0.0490236853088533,22
AZT,NRTI,L74I,0.04853156536763384,23
AZT,NRTI,H208Y,0.04827721477828409,24
AZT,NRTI,M184I,0.04506095815829315,25
AZT,NRTI,K101E,0.04172951928357046,26
AZT,NRTI,Y181C,0.036304658228353555,27
AZT,NRTI,L228R,0.035693723465206634,28
AZT,NRTI,V106A,0.03480936214643412,29
AZT,NRTI,K20R,0.03114377574441367,30
AZT,NRTI,E44D,0.03070613645788016,31
AZT,NRTI,T39A,0.02699832864049356,32
AZT,NRTI,V75T,0.026951102372587143,33
AZT,NRTI,I135V,0.026671718151485436,34
AZT,NRTI,I135T,0.024857444870586273,35
AZT,NRTI,I135L,0.01973869908553966,36
AZT,NRTI,T69D,0.01922939856773561,37
AZT,NRTI,D123E,0.017975650630469953,38
AZT,NRTI,T200A,0.017195219785020747,39
AZT,NRTI,A98S,0.016417033434428012,40
AZT,NRTI,K43N,0.015361645199448876,41
AZT,NRTI,V90I,0.015263942971623298,42
AZT,NRTI,R211N,0.014398011937065499,43
AZT,NRTI,R83K,0.01342631955198559,44
AZT,NRTI,V189I,0.012672832256858654,45
AZT,NRTI,A98G,0.012130741741960065,46
AZT,NRTI,I178L,0.01121151217231852,47
AZT,NRTI,V106I,0.011097933986182296,48
AZT,NRTI,G190A,0.010426707656701997,49
AZT,NRTI,A62V,0.00989840782880499,50
AZT,NRTI,I135M,0.009807568483237201,51
AZT,NRTI,K103R,0.009278272817392933,52
AZT,NRTI,V179I,0.00887417466952018,53
AZT,NRTI,K219R,0.008511202501587578,54
AZT,NRTI,K65R,0.008450994910087668,55
AZT,NRTI,H221Y,0.008376263950168801,56
AZT,NRTI,F214L,0.00780592847373031,57
AZT,NRTI,P225H,0.007658444903970183,58
AZT,NRTI,S162C,0.0073751731599185875,59
AZT,NRTI,V108I,0.006905539587651361,60
AZT,NRTI,K173Q,0.006353241228674193,61
AZT,NRTI,S162D,0.006341480325755179,62
AZT,NRTI,K103S,0.005882952332365101,63
AZT,NRTI,K173E,0.005780500381453114,64
AZT,NRTI,K49R,0.005447896107409227,65
AZT,NRTI,D67G,0.005415868463417743,66
AZT,NRTI,F116Y,0.0054126596009603225,67
AZT,NRTI,S68G,0.004328655159558627,68
AZT,NRTI,V75M,0.0034668977087115,69
AZT,NRTI,V106M,0.003332679493225583,70
AZT,NRTI,Y188L,0.0033187946649583145,71
AZT,NRTI,T107A,0.003186928233283845,72
AZT,NRTI,I178V,0.003186928233283845,73
AZT,NRTI,V35R,0.0031584372074974286,74
AZT,NRTI,E169D,0.003155433681331794,75
AZT,NRTI,E122P,0.003137522291847996,76
AZT,NRTI,T215F,0.003122480108758316,77
AZT,NRTI,E6D,0.0028993494190966106,78
AZT,NRTI,V35I,0.0028945328125229886,79
AZT,NRTI,V111I,0.0027356614816547815,80
AZT,NRTI,K219N,0.0026488186901322385,81
AZT,NRTI,E122Q,0.002529525996758979,82
AZT,NRTI,D177G,0.002374900569234627,83
AZT,NRTI,I142T,0.002352188617976528,84
AZT,NRTI,Q174R,0.0021879282545512694,85
AZT,NRTI,G196R,0.001789975196226787,86
AZT,NRTI,V21I,0.0017098230222659613,87
AZT,NRTI,Q174K,0.0016404597125367468,88
AZT,NRTI,V179E,0.0016040707337495732,89
AZT,NRTI,D123S,0.0016040707337495732,90
AZT,NRTI,Q207D,0.0016040707337495732,91
AZT,NRTI,P176A,0.0016040707337495732,92
AZT,NRTI,K173I,0.0016040707337495732,93
AZT,NRTI,E138G,0.0016040707337495732,94
AZT,NRTI,R172K,0.001563364271698127,95
AZT,NRTI,V35L,0.0015048693778717218,96
AZT,NRTI,K173N,0.0013687277494546792,97
AZT,NRTI,K43E,0.0013170536966085325,98
AZT,NRTI,K102Q,0.0012986477924115385,99
AZT,NRTI,Q145M,0.0012986477924115385,100
AZT,NRTI,A33G,0.0012254023498660064,101
AZT,NRTI,E203K,0.0012254023498660064,102
AZT,NRTI,P4T,0.0012254023498660064,103
AZT,NRTI,E138A,0.0012254023498660064,104
AZT,NRTI,D192N,0.0012254023498660064,105
AZT,NRTI,R211A,0.0012254023498660064,106
AZT,NRTI,S162Y,0.0012220674042662432,107
AZT,NRTI,I178M,0.0011766026547982502,108
AZT,NRTI,D123N,0.0011274676766661745,109
AZT,NRTI,I47V,0.001098858767378902,110
AZT,NRTI,K32T,0.001098858767378902,111
AZT,NRTI,I195L,0.0010872890084446302,112
AZT,NRTI,E169K,0.0010872890084446302,113
AZT,NRTI,A158S,0.0010405128597741377,114
AZT,NRTI,S162A,0.0009919370034537918,115
AZT,NRTI,K64R,0.0009036268628868366,116
AZT,NRTI,Q207K,0.000879742089212502,117
AZT,NRTI,R211T,0.000879742089212502,118
AZT,NRTI,V35K,0.000879742089212502,119
AZT,NRTI,E28A,0.0008291858643743901,120
AZT,NRTI,T39Q,0.0008291858643743901,121
AZT,NRTI,Q207A,0.0008291858643743901,122
AZT,NRTI,K173A,0.0008291858643743901,123
AZT,NRTI,R211S,0.0008291858643743901,124
AZT,NRTI,K11T,0.0008291858643743901,125
AZT,NRTI,K219E,0.0007609404243728317,126
AZT,NRTI,Y115F,0.0006479532842114927,127
AZT,NRTI,P1L,0.0006479532842114927,128
AZT,NRTI,T200I,0.0006127397201601135,129
AZT,NRTI,K101H,0.0005757392108061427,130
AZT,NRTI,K43Q,0.0005757392108061427,131
AZT,NRTI,E203V,0.0005495757859982971,132
AZT,NRTI,V75I,0.0005495757859982971,133
AZT,NRTI,T39D,0.0005495757859982971,134
AZT,NRTI,E79D,0.0005495757859982971,135
AZT,NRTI,K223T,0.0005495757859982971,136
AZT,NRTI,E194D,0.0005495757859982971,137
AZT,NRTI,Q207E,0.0004475967784028598,138
AZT,NRTI,T200K,0.00042618155126233437,139
AZT,NRTI,E203D,0.00042618155126233437,140
AZT,NRTI,T107S,0.00042618155126233437,141
AZT,NRTI,T39S,0.00026360072292113085,142
AZT,NRTI,L228H,0.00026360072292113085,143
AZT,NRTI,Y181G,0.00023906495875932298,144
AZT,NRTI,T27S,0.00023906495875932298,145
AZT,NRTI,K223Q,0.00023906495875932298,146
AZT,NRTI,E44A,0.00023906495875932298,147
D4T,NRTI,F214L,0.26835922003697904,1
D4T,NRTI,Q151M,0.23624801961299524,2
D4T,NRTI,L210W,0.2221160057633282,3
D4T,NRTI,D67N,0.21088287209268133,4
D4T,NRTI,K103N,0.18945018719934037,5
D4T,NRTI,V60I,0.16447676084076585,6
D4T,NRTI,M184V,0.16130423514266107,7
D4T,NRTI,E138K,0.1557697099939712,8
D4T,NRTI,L74V,0.15385813115117147,9
D4T,NRTI,M41L,0.1258394549421064,10
D4T,NRTI,G196E,0.1176696561188824,11
D4T,NRTI,F227C,0.10336734172238962,12
D4T,NRTI,D177E,0.10308289462881012,13
D4T,NRTI,D218E,0.09222233179379283,14
D4T,NRTI,H208Y,0.08240613648598119,15
D4T,NRTI,K101E,0.07873273814979859,16
D4T,NRTI,T215Y,0.07274322442950461,17
D4T,NRTI,E44D,0.07171479176180924,18
D4T,NRTI,K70R,0.06512404974054375,19
D4T,NRTI,Q207E,0.060658114242568326,20
D4T,NRTI,S162C,0.056153429208270184,21
D4T,NRTI,M184I,0.05154849761952299,22
D4T,NRTI,L228R,0.051114908353000026,23
D4T,NRTI,V106I,0.04711798608639973,24
D4T,NRTI,V118I,0.046768676974508636,25
D4T,NRTI,L74I,0.041917179239071914,26
D4T,NRTI,V189I,0.03740385251314029,27
D4T,NRTI,K20R,0.03578528553740689,28
D4T,NRTI,V108I,0.03367447992191107,29
D4T,NRTI,T69D,0.031208569260544668,30
D4T,NRTI,R211K,0.02927129348170352,31
D4T,NRTI,I135T,0.02615646281488178,32
D4T,NRTI,T69N,0.026071441983651043,33
D4T,NRTI,T215F,0.02462753035993602,34
D4T,NRTI,V35T,0.02402628800038325,35
D4T,NRTI,S162D,0.023537325618228813,36
D4T,NRTI,D123E,0.023463543216648307,37
D4T,NRTI,Q174K,0.021742360972095854,38
D4T,NRTI,I135L,0.020982766993139945,39
D4T,NRTI,V75T,0.020833812626866916,40
D4T,NRTI,R83K,0.02078651997062677,41
D4T,NRTI,G190A,0.020453068409336736,42
D4T,NRTI,K49R,0.018375171977211606,43
D4T,NRTI,T39A,0.018289452651615256,44
D4T,NRTI,V35I,0.018171197013413395,45
D4T,NRTI,V106A,0.017175137312878723,46
D4T,NRTI,A98G,0.016165642082070074,47
D4T,NRTI,K219R,0.016085902962776767,48
D4T,NRTI,D67G,0.014267925070710676,49
D4T,NRTI,I142V,0.01387283109744486,50
D4T,NRTI,P225H,0.013389593771820491,51
D4T,NRTI,T200A,0.012235183973441525,52
D4T,NRTI,H221Y,0.01200186496010835,53
D4T,NRTI,D123N,0.01195103890912159,54
D4T,NRTI,K219Q,0.011657959889311276,55
D4T,NRTI,I178L,0.011620621764238606,56
D4T,NRTI,K103S,0.011501697171199437,57
D4T,NRTI,K219N,0.011231419923070916,58
D4T,NRTI,E122P,0.010682288557769594,59
D4T,NRTI,S68G,0.010190335193468798,60
D4T,NRTI,K65R,0.01015518916669757,61
D4T,NRTI,E122Q,0.010102151807981153,62
D4T,NRTI,D177G,0.009309532995588898,63
D4T,NRTI,I135M,0.008572458601819728,64
D4T,NRTI,A62V,0.008347616026855605,65
D4T,NRTI,K43N,0.00830298282616637,66
D4T,NRTI,I202V,0.008235546561346877,67
D4T,NRTI,V35R,0.007717186142398274,68
D4T,NRTI,K43E,0.007670953604746893,69
D4T,NRTI,V90I,0.0070331253924112835,70
D4T,NRTI,F116Y,0.006948655671266193,71
D4T,NRTI,K173E,0.006714169502672931,72
D4T,NRTI,I135V,0.006196687823924272,73
D4T,NRTI,A98S,0.0057746116213495905,74
D4T,NRTI,K103R,0.00572256823176318,75
D4T,NRTI,V75M,0.0056815209885977555,76
D4T,NRTI,V111I,0.0055218199322146656,77
D4T,NRTI,V106M,0.004984839912122528,78
D4T,NRTI,Y181C,0.003952175180307832,79
D4T,NRTI,I47V,0.003735759552182372,80
D4T,NRTI,K32T,0.003735759552182372,81
D4T,NRTI,V179I,0.0034052010093794877,82
D4T,NRTI,V35K,0.0029049262721786663,83
D4T,NRTI,R211T,0.0029049262721786663,84
D4T,NRTI,Q207K,0.0029049262721786663,85
D4T,NRTI,E169D,0.002801055661414936,86
D4T,NRTI,R172K,0.0026032024826572685,87
D4T,NRTI,I142T,0.0024771830340317175,88
D4T,NRTI,P1L,0.002156942548166196,89
D4T,NRTI,Y115F,0.002156942548166196,90
D4T,NRTI,V75I,0.0020057704102128446,91
D4T,NRTI,K223T,0.0020057704102128446,92
D4T,NRTI,T39D,0.0020057704102128446,93
D4T,NRTI,E194D,0.0020057704102128446,94
D4T,NRTI,E203V,0.0020057704102128446,95
D4T,NRTI,E79D,0.0020057704102128446,96
D4T,NRTI,R211A,0.0019666693127450346,97
D4T,NRTI,D192N,0.0019666693127450346,98
D4T,NRTI,A33G,0.0019666693127450346,99
D4T,NRTI,E203K,0.0019666693127450346,100
D4T,NRTI,P4T,0.0019666693127450346,101
D4T,NRTI,E138A,0.0019666693127450346,102
D4T,NRTI,E203D,0.0019373607485391145,103
D4T,NRTI,T107S,0.0019373607485391145,104
D4T,NRTI,T200K,0.0019373607485391145,105
D4T,NRTI,Y181G,0.0019372535722259002,106
D4T,NRTI,T27S,0.0019372535722259002,107
D4T,NRTI,K223Q,0.0019372535722259002,108
D4T,NRTI,E44A,0.0019372535722259002,109
D4T,NRTI,A158S,0.001933693488828923,110
D4T,NRTI,T107A,0.001908267995189236,111
D4T,NRTI,I178V,0.001908267995189236,112
D4T,NRTI,I195L,0.001855841386149328,113
D4T,NRTI,E169K,0.001855841386149328,114
D4T,NRTI,I178M,0.0017397058838965996,115
D4T,NRTI,Q145M,0.0016432304446775084,116
D4T,NRTI,K102Q,0.0016432304446775084,117
D4T,NRTI,L228H,0.0016418307877941788,118
D4T,NRTI,T39S,0.0016418307877941788,119
D4T,NRTI,Q174R,0.0015901616013610004,120
D4T,NRTI,R211N,0.0015835230202705696,121
D4T,NRTI,Q207D,0.001503200672716995,122
D4T,NRTI,V179E,0.001503200672716995,123
D4T,NRTI,E138G,0.001503200672716995,124
D4T,NRTI,D123S,0.001503200672716995,125
D4T,NRTI,K173I,0.001503200672716995,126
D4T,NRTI,P176A,0.001503200672716995,127
D4T,NRTI,K173Q,0.0013696803018027526,128
D4T,NRTI,S162A,0.0013488160570247097,129
D4T,NRTI,V35L,0.001267404221446093,130
D4T,NRTI,Y188L,0.0012089807910602376,131
D4T,NRTI,K43Q,0.0011487296726573623,132
D4T,NRTI,K101H,0.0011487296726573623,133
D4T,NRTI,K219E,0.0010198172225546883,134
D4T,NRTI,G196R,0.0010160147346454564,135
D4T,NRTI,K64R,0.0009270982441445861,136
D4T,NRTI,K173N,0.0008386369177189793,137
D4T,NRTI,S162Y,0.0008301617967331725,138
D4T,NRTI,T200I,0.0008009278350440745,139
D4T,NRTI,V21I,0.0006660847877587215,140
D4T,NRTI,Q207A,0.0004542778863156425,141
D4T,NRTI,T39Q,0.0004542778863156425,142
D4T,NRTI,R211S,0.0004542778863156425,143
D4T,NRTI,K11T,0.0004542778863156425,144
D4T,NRTI,K173A,0.0004542778863156425,145
D4T,NRTI,E28A,0.0004542778863156425,146
D4T,NRTI,E6D,5.823722365404641e-05,147
DDI,NRTI,Q151M,0.2548050495701861,1
DDI,NRTI,F214L,0.23939288939248585,2
DDI,NRTI,L74V,0.20650343374069402,3
DDI,NRTI,V60I,0.19016504528237171,4
DDI,NRTI,E138K,0.16379144668229564,5
DDI,NRTI,F227C,0.12436095512542134,6
DDI,NRTI,D123E,0.11883362914345791,7
DDI,NRTI,K70R,0.09096269774417663,8
DDI,NRTI,R211K,0.0854132060588973,9
DDI,NRTI,D67N,0.08110193909898072,10
DDI,NRTI,K101E,0.07768705242875655,11
DDI,NRTI,D218E,0.06713968772652489,12
DDI,NRTI,T39A,0.06537698715713013,13
DDI,NRTI,S162C,0.06353927151631207,14
DDI,NRTI,G196E,0.05906285881835313,15
DDI,NRTI,E44D,0.05871028733348535,16
DDI,NRTI,V118I,0.05532803529099459,17
DDI,NRTI,L228R,0.0542746184248012,18
DDI,NRTI,M184I,0.05246479282025814,19
DDI,NRTI,M184V,0.051360763394780136,20
DDI,NRTI,V35I,0.0474985252615532,21
DDI,NRTI,Q207E,0.045919413191733885,22
DDI,NRTI,G190A,0.0390496385422524,23
DDI,NRTI,K103N,0.03843206939256377,24
DDI,NRTI,I142V,0.03465187963002945,25
DDI,NRTI,V35R,0.034370291363286724,26
DDI,NRTI,I135V,0.032445327987598825,27
DDI,NRTI,L74I,0.03216808323945249,28
DDI,NRTI,S162D,0.031233984608429122,29
DDI,NRTI,T69D,0.030866197394374243,30
DDI,NRTI,K49R,0.02956710909910669,31
DDI,NRTI,V35T,0.029368762287497942,32
DDI,NRTI,T215F,0.027480418754042862,33
DDI,NRTI,V189I,0.027314865565042833,34
DDI,NRTI,Q174K,0.02668751180979997,35
DDI,NRTI,R83K,0.02323542621422206,36
DDI,NRTI,K65R,0.022714626565061714,37
DDI,NRTI,D67G,0.021721285463756002,38
DDI,NRTI,V106A,0.02082572282841197,39
DDI,NRTI,V106I,0.020807448887259064,40
DDI,NRTI,Q174R,0.01926478555965392,41
DDI,NRTI,P225H,0.019118534168680087,42
DDI,NRTI,M41L,0.018978839794404286,43
DDI,NRTI,E122P,0.018813383505303313,44
DDI,NRTI,A98G,0.0186268471571238,45
DDI,NRTI,H221Y,0.016668090611698414,46
DDI,NRTI,K103S,0.016571849362746964,47
DDI,NRTI,I135L,0.016493036598470602,48
DDI,NRTI,D123N,0.015720967083446866,49
DDI,NRTI,K43N,0.015235132794177639,50
DDI,NRTI,D177E,0.015111032268645842,51
DDI,NRTI,V90I,0.015050703274632671,52
DDI,NRTI,T200A,0.014176461803586123,53
DDI,NRTI,I178L,0.013077077120396678,54
DDI,NRTI,S68G,0.012938255565191443,55
DDI,NRTI,K219N,0.012934380328193877,56
DDI,NRTI,Y188L,0.012898715567335078,57
DDI,NRTI,Y181C,0.012451308860354709,58
DDI,NRTI,K173N,0.012195097858305477,59
DDI,NRTI,T69N,0.0120056684477967,60
DDI,NRTI,V75T,0.011675095112694371,61
DDI,NRTI,K219R,0.010996422628070244,62
DDI,NRTI,V179I,0.010828493063384246,63
DDI,NRTI,K219E,0.01043323607401322,64
DDI,NRTI,E122Q,0.010184991043652204,65
DDI,NRTI,V111I,0.009767368610683426,66
DDI,NRTI,K173E,0.008730576370591657,67
DDI,NRTI,T215Y,0.008157792862969455,68
DDI,NRTI,F116Y,0.008055677789113164,69
DDI,NRTI,E6D,0.007795370764071052,70
DDI,NRTI,K43E,0.007761880338856926,71
DDI,NRTI,V21I,0.007446963158896222,72
DDI,NRTI,D177G,0.007365918813849248,73
DDI,NRTI,H208Y,0.007053495663335193,74
DDI,NRTI,A62V,0.006985895553532907,75
DDI,NRTI,V106M,0.0068696774680310595,76
DDI,NRTI,S162A,0.006799753569845591,77
DDI,NRTI,I142T,0.006548525959685791,78
DDI,NRTI,A158S,0.006256794291138813,79
DDI,NRTI,T200K,0.006110707116209197,80
DDI,NRTI,T107S,0.006110707116209197,81
DDI,NRTI,E203D,0.006110707116209197,82
DDI,NRTI,I135M,0.005801158177756726,83
DDI,NRTI,Q207K,0.005481535001847659,84
DDI,NRTI,R211T,0.005481535001847659,85
DDI,NRTI,V35K,0.005481535001847659,86
DDI,NRTI,A98S,0.005459525476216074,87
DDI,NRTI,L210W,0.0049590637427497355,88
DDI,NRTI,K43Q,0.004914453643005978,89
DDI,NRTI,K101H,0.004914453643005978,90
DDI,NRTI,K103R,0.004597098725514227,91
DDI,NRTI,I47V,0.004343016383984836,92
DDI,NRTI,K32T,0.004343016383984836,93
DDI,NRTI,K219Q,0.004274452139834757,94
DDI,NRTI,R172K,0.004213053099566329,95
DDI,NRTI,I135T,0.004035682315906582,96
DDI,NRTI,K20R,0.0033271090774850236,97
DDI,NRTI,Q207D,0.002862098340678804,98
DDI,NRTI,V179E,0.002862098340678804,99
DDI,NRTI,E138G,0.002862098340678804,100
DDI,NRTI,K173I,0.002862098340678804,101
DDI,NRTI,D123S,0.002862098340678804,102
DDI,NRTI,P176A,0.002862098340678804,103
DDI,NRTI,Y115F,0.0028054334770672,104
DDI,NRTI,P1L,0.0028054334770672,105
DDI,NRTI,E169D,0.002775014629811445,106
DDI,NRTI,V75I,0.002518797934460619,107
DDI,NRTI,K223T,0.002518797934460619,108
DDI,NRTI,E203V,0.002518797934460619,109
DDI,NRTI,E79D,0.002518797934460619,110
DDI,NRTI,T39D,0.002518797934460619,111
DDI,NRTI,E194D,0.002518797934460619,112
DDI,NRTI,R211N,0.0024978580630853594,113
DDI,NRTI,L228H,0.0024644153562354055,114
DDI,NRTI,T39S,0.0024644153562354055,115
DDI,NRTI,K64R,0.002396785121793169,116
DDI,NRTI,E44A,0.002190165516480448,117
DDI,NRTI,Y181G,0.002190165516480448,118
DDI,NRTI,K223Q,0.002190165516480448,119
DDI,NRTI,T27S,0.002190165516480448,120
DDI,NRTI,I178M,0.0021770745411406798,121
DDI,NRTI,T200I,0.0020029608268990963,122
DDI,NRTI,V108I,0.0019001362972271675,123
DDI,NRTI,D192N,0.001747292165371768,124
DDI,NRTI,A33G,0.001747292165371768,125
DDI,NRTI,E203K,0.001747292165371768,126
DDI,NRTI,E138A,0.001747292165371768,127
DDI,NRTI,P4T,0.001747292165371768,128
DDI,NRTI,R211A,0.001747292165371768,129
DDI,NRTI,G196R,0.0017065149863824478,130
DDI,NRTI,K173Q,0.001657216335873341,131
DDI,NRTI,E169K,0.0016387696332595604,132
DDI,NRTI,I195L,0.0016387696332595604,133
DDI,NRTI,K102Q,0.0015620656509811683,134
DDI,NRTI,Q145M,0.0015620656509811683,135
DDI,NRTI,S162Y,0.0014165748299122636,136
DDI,NRTI,T107A,0.001409689752773356,137
DDI,NRTI,I178V,0.001409689752773356,138
DDI,NRTI,V35L,0.0013935580623239733,139
DDI,NRTI,V75M,0.001244407563319426,140
DDI,NRTI,Q207A,0.00043151150387121394,141
DDI,NRTI,T39Q,0.00043151150387121394,142
DDI,NRTI,R211S,0.00043151150387121394,143
DDI,NRTI,K173A,0.00043151150387121394,144
DDI,NRTI,K11T,0.00043151150387121394,145
DDI,NRTI,E28A,0.00043151150387121394,146
DDI,NRTI,I202V,0.0003353283051049296,147
3TC,NRTI,M184V,0.9377608765704175,1
3TC,NRTI,D67N,0.3124993471466746,2
3TC,NRTI,M184I,0.294156782335201,3
3TC,NRTI,M41L,0.27762539025915706,4
3TC,NRTI,T215Y,0.20879550528504714,5
3TC,NRTI,V118I,0.13010026895162352,6
3TC,NRTI,L210W,0.10924924767357075,7
3TC,NRTI,D123E,0.09416251844288942,8
3TC,NRTI,I142V,0.09356388039799364,9
3TC,NRTI,K70R,0.09147865539885097,10
3TC,NRTI,K101E,0.0679372208040163,11
3TC,NRTI,V106I,0.06441719466457706,12
3TC,NRTI,T69N,0.060098268138924604,13
3TC,NRTI,K103N,0.05565882679337016,14
3TC,NRTI,L74V,0.05485245134295688,15
3TC,NRTI,R211K,0.053793133442158074,16
3TC,NRTI,K65R,0.052784429093913836,17
3TC,NRTI,Q151M,0.047654695117681174,18
3TC,NRTI,S162C,0.03935230853855244,19
3TC,NRTI,V35T,0.03189126995968418,20
3TC,NRTI,T200A,0.030612991762030722,21
3TC,NRTI,H221Y,0.03052336600128103,22
3TC,NRTI,V60I,0.02867437291057091,23
3TC,NRTI,I202V,0.025737512255811973,24
3TC,NRTI,I178L,0.02522464519106652,25
3TC,NRTI,A98G,0.025216088604125275,26
3TC,NRTI,E138K,0.023928053605921016,27
3TC,NRTI,A98S,0.022810591359643025,28
3TC,NRTI,I135L,0.022476946674628094,29
3TC,NRTI,F214L,0.021394401413028997,30
3TC,NRTI,I135V,0.021362438500625993,31
3TC,NRTI,Q174K,0.021258294669702013,32
3TC,NRTI,E122P,0.019997980193679453,33
3TC,NRTI,E44D,0.019908648895209487,34
3TC,NRTI,D177E,0.018012798526466704,35
3TC,NRTI,I135T,0.017672588203250347,36
3TC,NRTI,Y181C,0.017260952364387752,37
3TC,NRTI,H208Y,0.01725556509177505,38
3TC,NRTI,V106A,0.01691815242495977,39
3TC,NRTI,V90I,0.016854967237516387,40
3TC,NRTI,L228R,0.015445624212148021,41
3TC,NRTI,L74I,0.015438642112363805,42
3TC,NRTI,V179I,0.014447890826787246,43
3TC,NRTI,Q174R,0.014043107897256006,44
3TC,NRTI,T215F,0.0137641203794635,45
3TC,NRTI,K173E,0.013121115959158871,46
3TC,NRTI,G196E,0.013052509410777336,47
3TC,NRTI,D177G,0.013017524194677787,48
3TC,NRTI,V189I,0.012143849853959998,49
3TC,NRTI,Q207E,0.011610074087347782,50
3TC,NRTI,I135M,0.010436768798688148,51
3TC,NRTI,T69D,0.010145041555004269,52
3TC,NRTI,E169D,0.009385931093765504,53
3TC,NRTI,V35I,0.008825645484167345,54
3TC,NRTI,S68G,0.007998702743866236,55
3TC,NRTI,V75T,0.007817391979734982,56
3TC,NRTI,K219Q,0.007739424669089468,57
3TC,NRTI,D67G,0.007719586478130957,58
3TC,NRTI,V21I,0.007077807417982277,59
3TC,NRTI,K173N,0.007006500494405023,60
3TC,NRTI,S162A,0.006230792440630156,61
3TC,NRTI,V106M,0.00591617709091019,62
3TC,NRTI,F116Y,0.0054880848449089924,63
3TC,NRTI,A158S,0.005486727088059798,64
3TC,NRTI,D218E,0.005194998421202385,65
3TC,NRTI,P225H,0.005130994484098376,66
3TC,NRTI,K103R,0.0051050739350558885,67
3TC,NRTI,D123N,0.0050414938016289865,68
3TC,NRTI,V108I,0.005038682023678106,69
3TC,NRTI,K219R,0.004954567532480476,70
3TC,NRTI,A62V,0.004931509986330454,71
3TC,NRTI,R211N,0.00464708917009312,72
3TC,NRTI,K20R,0.004487223502590876,73
3TC,NRTI,V35R,0.004430024008711975,74
3TC,NRTI,G190A,0.0044123006753691105,75
3TC,NRTI,T200I,0.0042033089710016396,76
3TC,NRTI,F227C,0.004099634289151608,77
3TC,NRTI,K43N,0.0039921057465148345,78
3TC,NRTI,K219N,0.0038001156047876372,79
3TC,NRTI,K64R,0.0037600530099909453,80
3TC,NRTI,S162Y,0.003562666388807607,81
3TC,NRTI,I178M,0.003555168960474053,82
3TC,NRTI,K102Q,0.003412977825133426,83
3TC,NRTI,Q145M,0.003412977825133426,84
3TC,NRTI,K219E,0.0030594181597557836,85
3TC,NRTI,R83K,0.0029748036768574536,86
3TC,NRTI,K103S,0.002732445911692846,87
3TC,NRTI,V35L,0.002674036833644831,88
3TC,NRTI,S162D,0.002575732030605133,89
3TC,NRTI,K49R,0.002559419452689815,90
3TC,NRTI,I195L,0.002344877100281518,91
3TC,NRTI,E169K,0.002344877100281518,92
3TC,NRTI,R172K,0.0023120577811955078,93
3TC,NRTI,D123S,0.0022348757459025297,94
3TC,NRTI,K173I,0.0022348757459025297,95
3TC,NRTI,Q207D,0.0022348757459025297,96
3TC,NRTI,P176A,0.0022348757459025297,97
3TC,NRTI,V179E,0.0022348757459025297,98
3TC,NRTI,E138G,0.0022348757459025297,99
3TC,NRTI,G196R,0.0021056189776548443,100
3TC,NRTI,V75M,0.00209008332563785,101
3TC,NRTI,I178V,0.0018163556206983221,102
3TC,NRTI,T107A,0.0018163556206983221,103
3TC,NRTI,E6D,0.0016511411130845414,104
3TC,NRTI,T39Q,0.0015069650088543,105
3TC,NRTI,K11T,0.0015069650088543,106
3TC,NRTI,R211S,0.0015069650088543,107
3TC,NRTI,Q207A,0.0015069650088543,108
3TC,NRTI,E28A,0.0015069650088543,109
3TC,NRTI,K173A,0.0015069650088543,110
3TC,NRTI,E122Q,0.0014844571843899564,111
3TC,NRTI,Y115F,0.0014586163923003298,112
3TC,NRTI,P1L,0.0014586163923003298,113
3TC,NRTI,K32T,0.0014569152553293562,114
3TC,NRTI,I47V,0.0014569152553293562,115
3TC,NRTI,Y188L,0.0014159004983818274,116
3TC,NRTI,K173Q,0.0012763699676363197,117
3TC,NRTI,K43E,0.0010522765797314562,118
3TC,NRTI,T39A,0.00096218980736215,119
3TC,NRTI,I142T,0.0007573192166343546,120
3TC,NRTI,K223Q,0.0004625308919868487,121
3TC,NRTI,Y181G,0.0004625308919868487,122
3TC,NRTI,T27S,0.0004625308919868487,123
3TC,NRTI,E44A,0.0004625308919868487,124
3TC,NRTI,E203K,0.0003714638539078941,125
3TC,NRTI,A33G,0.0003714638539078941,126
3TC,NRTI,P4T,0.0003714638539078941,127
3TC,NRTI,D192N,0.0003714638539078941,128
3TC,NRTI,E138A,0.0003714638539078941,129
3TC,NRTI,R211A,0.0003714638539078941,130
3TC,NRTI,V111I,0.00019050439082269582,131
3TC,NRTI,E203V,0.00017846617659280275,132
3TC,NRTI,V75I,0.00017846617659280275,133
3TC,NRTI,T39D,0.00017846617659280275,134
3TC,NRTI,E79D,0.00017846617659280275,135
3TC,NRTI,K223T,0.00017846617659280275,136
3TC,NRTI,E194D,0.00017846617659280275,137
3TC,NRTI,V35K,0.00012647761583511614,138
3TC,NRTI,R211T,0.00012647761583511614,139
3TC,NRTI,Q207K,0.00012647761583511614,140
3TC,NRTI,K43Q,0.00012092797592578263,141
3TC,NRTI,K101H,0.00012092797592578263,142
3TC,NRTI,T39S,8.670196390283973e-05,143
3TC,NRTI,L228H,8.670196390283973e-05,144
3TC,NRTI,T107S,6.89761559387338e-05,145
3TC,NRTI,T200K,6.89761559387338e-05,146
3TC,NRTI,E203D,6.89761559387338e-05,147
TDF,NRTI,D67N,0.6472872924612076,1
TDF,NRTI,M41L,0.36737986358965086,2
TDF,NRTI,T215Y,0.27661951669887924,3
TDF,NRTI,M184V,0.23571845241978942,4
TDF,NRTI,D123E,0.21526915660744791,5
TDF,NRTI,F214L,0.17602031262563755,6
TDF,NRTI,K219Q,0.13953231467810878,7
TDF,NRTI,T69N,0.133473075142252,8
TDF,NRTI,I135T,0.13322211499795547,9
TDF,NRTI,V118I,0.10415294192349242,10
TDF,NRTI,T39A,0.10006926067291261,11
TDF,NRTI,T200A,0.08391386518044493,12
TDF,NRTI,R211K,0.0812528420814103,13
TDF,NRTI,I142V,0.07864245814959149,14
TDF,NRTI,K70R,0.07797773634616209,15
TDF,NRTI,L74I,0.07401073900957934,16
TDF,NRTI,K103N,0.07067460064884375,17
TDF,NRTI,E138K,0.06267660931386992,18
TDF,NRTI,S162C,0.060483427846117224,19
TDF,NRTI,V60I,0.05976810962529683,20
TDF,NRTI,A98S,0.057697986206925594,21
TDF,NRTI,Q207E,0.052393886582183684,22
TDF,NRTI,L210W,0.05179352192414901,23
TDF,NRTI,K20R,0.05076988004995511,24
TDF,NRTI,G196E,0.04861975781154213,25
TDF,NRTI,L228R,0.04852466850524393,26
TDF,NRTI,T215F,0.04708127867955634,27
TDF,NRTI,I135V,0.046902636879607364,28
TDF,NRTI,H221Y,0.044834279926043,29
TDF,NRTI,D177E,0.040143473648648655,30
TDF,NRTI,H208Y,0.03666799511689773,31
TDF,NRTI,T69D,0.03495212421541698,32
TDF,NRTI,D218E,0.03329840797901169,33
TDF,NRTI,L74V,0.03073328942256124,34
TDF,NRTI,K101E,0.03022992003728523,35
TDF,NRTI,Y181C,0.029748110463824126,36
TDF,NRTI,F227C,0.028104189051067527,37
TDF,NRTI,I135L,0.026459012593251896,38
TDF,NRTI,V106I,0.025492319797004507,39
TDF,NRTI,M184I,0.024895810094948297,40
TDF,NRTI,S162D,0.024190983343591436,41
TDF,NRTI,K103R,0.02296594223764068,42
TDF,NRTI,Q174K,0.022450799175394245,43
TDF,NRTI,V35I,0.021074975657921425,44
TDF,NRTI,V189I,0.02004816321385375,45
TDF,NRTI,V35T,0.019806747256019677,46
TDF,NRTI,D123N,0.015546773655827802,47
TDF,NRTI,V75T,0.015535898309653766,48
TDF,NRTI,R83K,0.015094150469519237,49
TDF,NRTI,V90I,0.01477925976780446,50
TDF,NRTI,V106A,0.013270197458552393,51
TDF,NRTI,K103S,0.012890161828625821,52
TDF,NRTI,Q151M,0.011555386466738782,53
TDF,NRTI,V75M,0.010942222729935489,54
TDF,NRTI,K219N,0.009595147119151026,55
TDF,NRTI,E122Q,0.008067972722403399,56
TDF,NRTI,S162A,0.00799852071638653,57
TDF,NRTI,E44D,0.007960442004731737,58
TDF,NRTI,I178V,0.007796414309850417,59
TDF,NRTI,T107A,0.007796414309850417,60
TDF,NRTI,K43E,0.007419242181781696,61
TDF,NRTI,I135M,0.0073658777439777655,62
TDF,NRTI,K219E,0.007040785163800369,63
TDF,NRTI,Q174R,0.00698990678434992,64
TDF,NRTI,E6D,0.0067238322714047935,65
TDF,NRTI,V179I,0.006393726455904646,66
TDF,NRTI,V35R,0.006383117379498404,67
TDF,NRTI,D177G,0.00615493821583501,68
TDF,NRTI,K32T,0.006154004102038084,69
TDF,NRTI,I47V,0.006154004102038084,70
TDF,NRTI,K219R,0.006103698660285983,71
TDF,NRTI,K43N,0.00591088882953934,72
TDF,NRTI,I202V,0.005795524335558514,73
TDF,NRTI,I178L,0.00568861569450673,74
TDF,NRTI,R211N,0.005298359400042998,75
TDF,NRTI,K43Q,0.005137872392731083,76
TDF,NRTI,K101H,0.005137872392731083,77
TDF,NRTI,D67G,0.005022724542409877,78
TDF,NRTI,E122P,0.004933746571319288,79
TDF,NRTI,R211T,0.004154772681101914,80
TDF,NRTI,Q207K,0.004154772681101914,81
TDF,NRTI,V35K,0.004154772681101914,82
TDF,NRTI,V21I,0.004150837513726049,83
TDF,NRTI,A98G,0.004073542638355357,84
TDF,NRTI,G190A,0.004035713375029454,85
TDF,NRTI,P225H,0.003941302068895981,86
TDF,NRTI,A158S,0.0038400092454253356,87
TDF,NRTI,R172K,0.003533516248341757,88
TDF,NRTI,L228H,0.0034079483409626,89
TDF,NRTI,T39S,0.0034079483409626,90
TDF,NRTI,K49R,0.003123761267372192,91
TDF,NRTI,V108I,0.0024834892173505644,92
TDF,NRTI,T107S,0.0024399986571065116,93
TDF,NRTI,T200K,0.0024399986571065116,94
TDF,NRTI,E203D,0.0024399986571065116,95
TDF,NRTI,K173Q,0.002269754291130146,96
TDF,NRTI,E169D,0.0022616580665242663,97
TDF,NRTI,D192N,0.002088745692171235,98
TDF,NRTI,A33G,0.002088745692171235,99
TDF,NRTI,E138A,0.002088745692171235,100
TDF,NRTI,E203K,0.002088745692171235,101
TDF,NRTI,R211A,0.002088745692171235,102
TDF,NRTI,P4T,0.002088745692171235,103
TDF,NRTI,K65R,0.0020065625874606144,104
TDF,NRTI,I142T,0.001903573471630764,105
TDF,NRTI,K173E,0.0015852834883887648,106
TDF,NRTI,V75I,0.001525670138705896,107
TDF,NRTI,E203V,0.001525670138705896,108
TDF,NRTI,E79D,0.001525670138705896,109
TDF,NRTI,E194D,0.001525670138705896,110
TDF,NRTI,K223T,0.001525670138705896,111
TDF,NRTI,T39D,0.001525670138705896,112
TDF,NRTI,S68G,0.0013275232288876755,113
TDF,NRTI,Y181G,0.0013074757102220027,114
TDF,NRTI,E44A,0.0013074757102220027,115
TDF,NRTI,K223Q,0.0013074757102220027,116
TDF,NRTI,T27S,0.0013074757102220027,117
TDF,NRTI,Y188L,0.0012260700480967988,118
TDF,NRTI,A62V,0.0012025280744970613,119
TDF,NRTI,V106M,0.0011607896491463822,120
TDF,NRTI,S162Y,0.0009447648276319935,121
TDF,NRTI,K102Q,0.0007542361448092548,122
TDF,NRTI,Q145M,0.0007542361448092548,123
TDF,NRTI,D123S,0.0007511847022151205,124
TDF,NRTI,E138G,0.0007511847022151205,125
TDF,NRTI,V179E,0.0007511847022151205,126
TDF,NRTI,P176A,0.0007511847022151205,127
TDF,NRTI,K173I,0.0007511847022151205,128
TDF,NRTI,Q207D,0.0007511847022151205,129
TDF,NRTI,I178M,0.0007468856365947282,130
TDF,NRTI,F116Y,0.000692075995383349,131
TDF,NRTI,T200I,0.000647670358258455,132
TDF,NRTI,K64R,0.0005958447066835144,133
TDF,NRTI,E169K,0.0005286288067671176,134
TDF,NRTI,I195L,0.0005286288067671176,135
TDF,NRTI,K11T,0.0005102473086342186,136
TDF,NRTI,E28A,0.0005102473086342186,137
TDF,NRTI,T39Q,0.0005102473086342186,138
TDF,NRTI,Q207A,0.0005102473086342186,139
TDF,NRTI,R211S,0.0005102473086342186,140
TDF,NRTI,K173A,0.0005102473086342186,141
TDF,NRTI,V35L,0.0004619086121856513,142
TDF,NRTI,V111I,0.0004505255985034394,143
TDF,NRTI,G196R,0.00020879052158196,144
TDF,NRTI,Y115F,0.00014836661422227258,145
TDF,NRTI,P1L,0.00014836661422227258,146
TDF,NRTI,K173N,0.0001226678409284261,147
EFV,NNRTI,K103N,0.4962704068965256,1
EFV,NNRTI,M41L,0.3417316105068817,2
EFV,NNRTI,R211K,0.3194969222048664,3
EFV,NNRTI,Y181C,0.20000642358185858,4
EFV,NNRTI,G190A,0.19844258464660056,5
EFV,NNRTI,M184V,0.1897505068350625,6
EFV,NNRTI,T200A,0.18678922535239934,7
EFV,NNRTI,L100I,0.17856632194863,8
EFV,NNRTI,D177E,0.15652685582764772,9
EFV,NNRTI,K70R,0.14542802529324278,10
EFV,NNRTI,D67N,0.1331684460014745,11
EFV,NNRTI,Q207E,0.12130731475029177,12
EFV,NNRTI,E138K,0.11197990317511815,13
EFV,NNRTI,K103S,0.11002576840573378,14
EFV,NNRTI,T215Y,0.10929332385841452,15
EFV,NNRTI,F214L,0.10162369232204917,16
EFV,NNRTI,I135T,0.09706876049446843,17
EFV,NNRTI,V179D,0.0952079868910694,18
EFV,NNRTI,I202V,0.0842433011514184,19
EFV,NNRTI,Y188L,0.08011612999655808,20
EFV,NNRTI,K219Q,0.0743999668749483,21
EFV,NNRTI,G196E,0.06237027284081382,22
EFV,NNRTI,D123E,0.06134194586443538,23
EFV,NNRTI,I178M,0.06104901056295448,24
EFV,NNRTI,V35I,0.060342221139549276,25
EFV,NNRTI,S162C,0.058703131570001045,26
EFV,NNRTI,K103R,0.058127094280791915,27
EFV,NNRTI,K219E,0.05554516827894245,28
EFV,NNRTI,D67G,0.045981722289395864,29
EFV,NNRTI,T39A,0.044195282135294604,30
EFV,NNRTI,T215F,0.04325378655569308,31
EFV,NNRTI,I135V,0.0429256615264236,32
EFV,NNRTI,T200I,0.04222027598375628,33
EFV,NNRTI,V35T,0.039096152912180465,34
EFV,NNRTI,M230L,0.039042568657990266,35
EFV,NNRTI,V90I,0.0337962693891023,36
EFV,NNRTI,H221Y,0.033297675135333854,37
EFV,NNRTI,K101P,0.03183089990172221,38
EFV,NNRTI,T215D,0.03085559021393713,39
EFV,NNRTI,K101H,0.03048207295877803,40
EFV,NNRTI,V106M,0.029442560595899843,41
EFV,NNRTI,S68G,0.028869284024295724,42
EFV,NNRTI,D123N,0.02781038493323339,43
EFV,NNRTI,K101E,0.025365932213038955,44
EFV,NNRTI,V179I,0.024089738850935283,45
EFV,NNRTI,K173E,0.02344095712482533,46
EFV,NNRTI,S162A,0.022316763130346858,47
EFV,NNRTI,T200E,0.021623577687659795,48
EFV,NNRTI,K70E,0.019301168655505508,49
EFV,NNRTI,L210W,0.018641068889452658,50
EFV,NNRTI,R211A,0.018528197558995877,51
EFV,NNRTI,K20R,0.018051570988799597,52
EFV,NNRTI,S162F,0.01799192838466671,53
EFV,NNRTI,M184I,0.017444113053963154,54
EFV,NNRTI,T69D,0.017115101377382803,55
EFV,NNRTI,K43E,0.017105093639443677,56
EFV,NNRTI,L228H,0.017044338903882735,57
EFV,NNRTI,Q207K,0.016037034938273204,58
EFV,NNRTI,I135L,0.015100529405194556,59
EFV,NNRTI,V75T,0.013438271727710784,60
EFV,NNRTI,E138A,0.013130884860823892,61
EFV,NNRTI,V179F,0.013022569682712424,62
EFV,NNRTI,K102Q,0.012815606364514525,63
EFV,NNRTI,G190E,0.01200281929128865,64
EFV,NNRTI,A98S,0.01190318303381719,65
EFV,NNRTI,V35M,0.011707295062769572,66
EFV,NNRTI,Q174K,0.011324232078370213,67
EFV,NNRTI,D237E,0.011174669897038329,68
EFV,NNRTI,R83K,0.010589424708465167,69
EFV,NNRTI,L74I,0.010170202874804652,70
EFV,NNRTI,P4S,0.009999805798522563,71
EFV,NNRTI,Q174G,0.009971866592109427,72
EFV,NNRTI,V35L,0.009807563557392237,73
EFV,NNRTI,E44D,0.009670922344613784,74
EFV,NNRTI,E122P,0.008597626099047706,75
EFV,NNRTI,V118I,0.00844172625135357,76
EFV,NNRTI,E203D,0.007870338777140792,77
EFV,NNRTI,H208Y,0.007488662954983889,78
EFV,NNRTI,D218E,0.007257798658707709,79
EFV,NNRTI,Y181V,0.007015033086031058,80
EFV,NNRTI,K64H,0.006867460733249272,81
EFV,NNRTI,D121H,0.006306000567365191,82
EFV,NNRTI,W88C,0.006306000567365191,83
EFV,NNRTI,T69N,0.006074852188183376,84
EFV,NNRTI,I135R,0.006032596004965677,85
EFV,NNRTI,K173Q,0.005955673137274897,86
EFV,NNRTI,K49R,0.005612924866834771,87
EFV,NNRTI,K173T,0.005439185324516096,88
EFV,NNRTI,K43N,0.00538346410909252,89
EFV,NNRTI,E138G,0.0053681019601860246,90
EFV,NNRTI,V179L,0.005026014723166415,91
EFV,NNRTI,R211Q,0.004954774772885064,92
EFV,NNRTI,Q174R,0.004954774772885064,93
EFV,NNRTI,F171Y,0.0049439093109672734,94
EFV,NNRTI,Y181I,0.004784402208821642,95
EFV,NNRTI,S162H,0.004757243959078774,96
EFV,NNRTI,E169D,0.004631136195756719,97
EFV,NNRTI,I142V,0.004392364182892688,98
EFV,NNRTI,E6K,0.004128608777027678,99
EFV,NNRTI,A158S,0.004080173123124867,100
EFV,NNRTI,G196D,0.004080173123124867,101
EFV,NNRTI,V60I,0.004067437082763896,102
EFV,NNRTI,S48T,0.00405225546419287,103
EFV,NNRTI,E204Q,0.004027878995589899,104
EFV,NNRTI,Y188H,0.004020605426971037,105
EFV,NNRTI,K11T,0.004020605426971037,106
EFV,NNRTI,K65R,0.004020605426971037,107
EFV,NNRTI,E40K,0.004020605426971037,108
EFV,NNRTI,K219H,0.004008746579390871,109
EFV,NNRTI,D121E,0.003934611976216576,110
EFV,NNRTI,E224D,0.0038045250323636426,111
EFV,NNRTI,L74V,0.003786444765768957,112
EFV,NNRTI,I142M,0.003592122290556215,113
EFV,NNRTI,E6D,0.0034927339456006863,114
EFV,NNRTI,I31V,0.003349779181443086,115
EFV,NNRTI,I178L,0.003311398513867267,116
EFV,NNRTI,D192N,0.0032528651233481396,117
EFV,NNRTI,K64R,0.003244915708246629,118
EFV,NNRTI,R172K,0.003244915708246629,119
EFV,NNRTI,G190S,0.0032263977979634824,120
EFV,NNRTI,Q207A,0.0032263977979634824,121
EFV,NNRTI,D121Y,0.0032263977979634824,122
EFV,NNRTI,I178R,0.0032236405956934146,123
EFV,NNRTI,L228R,0.0031833792056188237,124
EFV,NNRTI,H198E,0.0030890623419327196,125
EFV,NNRTI,L80I,0.0030890623419327196,126
EFV,NNRTI,T165I,0.0028516640242450047,127
EFV,NNRTI,S162Y,0.00281702865822637,128
EFV,NNRTI,A98G,0.00281702865822637,129
EFV,NNRTI,I135M,0.0027701485985966797,130
EFV,NNRTI,D177N,0.0025403836807303287,131
EFV,NNRTI,V179E,0.0025403836807303287,132
EFV,NNRTI,I142T,0.0025360734338130573,133
EFV,NNRTI,Y115F,0.00252138278004125,134
EFV,NNRTI,K70G,0.002294569388999759,135
EFV,NNRTI,S162N,0.002290789705137246,136
EFV,NNRTI,F227C,0.0020066427415120713,137
EFV,NNRTI,D123G,0.0019390742982891135,138
EFV,NNRTI,V106I,0.0018886624178061587,139
EFV,NNRTI,K173A,0.001859593179410593,140
EFV,NNRTI,K101Q,0.001859593179410593,141
EFV,NNRTI,I135K,0.001859593179410593,142
EFV,NNRTI,D123S,0.001859593179410593,143
EFV,NNRTI,E53D,0.001859593179410593,144
EFV,NNRTI,T39E,0.001859593179410593,145
EFV,NNRTI,K46T,0.001859593179410593,146
EFV,NNRTI,T215V,0.0018050947671832528,147
EFV,NNRTI,L210F,0.0017749261434668337,148
EFV,NNRTI,K43Q,0.001729279611842769,149
EFV,NNRTI,E203K,0.001729279611842769,150
EFV,NNRTI,V35R,0.0017189058043491309,151
EFV,NNRTI,V189I,0.0017189058043491309,152
EFV,NNRTI,E122Q,0.0017189058043491309,153
EFV,NNRTI,S162D,0.0017189058043491309,154
EFV,NNRTI,V108I,0.0017189058043491309,155
EFV,NNRTI,V75M,0.0016347179068998826,156
EFV,NNRTI,V179T,0.001600925167544542,157
EFV,NNRTI,K32E,0.001600925167544542,158
EFV,NNRTI,E203V,0.001600925167544542,159
EFV,NNRTI,E44A,0.001600925167544542,160
EFV,NNRTI,T39K,0.001600925167544542,161
EFV,NNRTI,K219N,0.0015759667664348984,162
EFV,NNRTI,K22R,0.0015070775488432136,163
EFV,NNRTI,K166R,0.0014246743656103633,164
EFV,NNRTI,V106A,0.0012942750970074124,165
EFV,NNRTI,K43R,0.0012942750970074124,166
EFV,NNRTI,K64Y,0.0012942750970074124,167
EFV,NNRTI,R211S,0.0012942750970074124,168
EFV,NNRTI,Q207N,0.0011956083514915007,169
EFV,NNRTI,T240K,0.0011737551341388889,170
EFV,NNRTI,Q151M,0.0011609428940207811,171
EFV,NNRTI,K102R,0.0011609428940207811,172
EFV,NNRTI,K101R,0.0011349664636313983,173
EFV,NNRTI,E204N,0.0011349664636313983,174
EFV,NNRTI,D177G,0.0010283626134346274,175
EFV,NNRTI,I195K,0.000991935695333629,176
EFV,NNRTI,P4T,0.000991935695333629,177
EFV,NNRTI,T39S,0.0009558371022753142,178
EFV,NNRTI,E28K,0.0006085903199590594,179
EFV,NNRTI,K82R,0.00021478246700913972,180
EFV,NNRTI,I195L,0.00015308875613313073,181
ETR,NNRTI,Y181C,0.4922388147249294,1
ETR,NNRTI,M184V,0.19861760014169247,2
ETR,NNRTI,K101E,0.18907194068627706,3
ETR,NNRTI,R83K,0.16762841830694458,4
ETR,NNRTI,E138K,0.1516626507417862,5
ETR,NNRTI,V60I,0.1507812895185568,6
ETR,NNRTI,M41L,0.1455911253927698,7
ETR,NNRTI,K103N,0.13891159394771038,8
ETR,NNRTI,D67G,0.11202051215990139,9
ETR,NNRTI,L100I,0.11071003393902,10
ETR,NNRTI,F214L,0.10264722226035096,11
ETR,NNRTI,I135T,0.1025079469324573,12
ETR,NNRTI,V90I,0.08993948057921931,13
ETR,NNRTI,V35T,0.08651928921458732,14
ETR,NNRTI,V179I,0.0830306277206439,15
ETR,NNRTI,S162C,0.07828571929500171,16
ETR,NNRTI,E138A,0.0751426666937134,17
ETR,NNRTI,V179D,0.07484577096279095,18
ETR,NNRTI,K219E,0.07264820118465072,19
ETR,NNRTI,K101P,0.06932511648062156,20
ETR,NNRTI,V35I,0.0688713134289291,21
ETR,NNRTI,R211K,0.06546375010934394,22
ETR,NNRTI,I178M,0.06420145503930445,23
ETR,NNRTI,V118I,0.06038169359380199,24
ETR,NNRTI,T69N,0.0592010751882553,25
ETR,NNRTI,M230L,0.05125371694376066,26
ETR,NNRTI,K103S,0.04941034645351988,27
ETR,NNRTI,K103R,0.046474216344348306,28
ETR,NNRTI,T200A,0.04516817294704148,29
ETR,NNRTI,K219Q,0.04406963491039702,30
ETR,NNRTI,L210W,0.04025132080986156,31
ETR,NNRTI,M184I,0.038822598402873,32
ETR,NNRTI,T215Y,0.038143371947408765,33
ETR,NNRTI,K173Q,0.03782774976033441,34
ETR,NNRTI,L74V,0.036516728129575876,35
ETR,NNRTI,V35M,0.03612612109783078,36
ETR,NNRTI,H221Y,0.035844430117477386,37
ETR,NNRTI,D67N,0.03421948719731772,38
ETR,NNRTI,D177E,0.031057475148443432,39
ETR,NNRTI,K102Q,0.027906026173335454,40
ETR,NNRTI,I135L,0.027486782180673474,41
ETR,NNRTI,K70R,0.026672899767919166,42
ETR,NNRTI,E169D,0.025834445257753785,43
ETR,NNRTI,Y181V,0.023258861371152822,44
ETR,NNRTI,R211A,0.022229437233776923,45
ETR,NNRTI,K219N,0.020841894024598812,46
ETR,NNRTI,T39A,0.02082335946551299,47
ETR,NNRTI,G196E,0.02054623434979517,48
ETR,NNRTI,K64H,0.02010703333902594,49
ETR,NNRTI,I142V,0.01965314030565758,50
ETR,NNRTI,T200I,0.01941828251304724,51
ETR,NNRTI,D123E,0.018818645904550957,52
ETR,NNRTI,E6D,0.018742274530210344,53
ETR,NNRTI,D218E,0.01764824782718608,54
ETR,NNRTI,K101H,0.016924339416411145,55
ETR,NNRTI,A98S,0.016150267923874154,56
ETR,NNRTI,K49R,0.016004229931665476,57
ETR,NNRTI,S68G,0.01560255550630841,58
ETR,NNRTI,E44D,0.015442693155025172,59
ETR,NNRTI,T215F,0.014903441785446649,60
ETR,NNRTI,H208Y,0.014737912589040558,61
ETR,NNRTI,S162A,0.014650164011855144,62
ETR,NNRTI,I135V,0.013754962697153759,63
ETR,NNRTI,G190E,0.013173335604529823,64
ETR,NNRTI,V35L,0.012699907989852863,65
ETR,NNRTI,K173E,0.01238732237702709,66
ETR,NNRTI,E28K,0.011588298703167885,67
ETR,NNRTI,T39S,0.011287829845386283,68
ETR,NNRTI,Q174K,0.011258779840149214,69
ETR,NNRTI,T69D,0.011214399216997137,70
ETR,NNRTI,G190A,0.010872091553512507,71
ETR,NNRTI,E203D,0.010811837989787803,72
ETR,NNRTI,T215D,0.010454297060880309,73
ETR,NNRTI,Y181I,0.009303689817100834,74
ETR,NNRTI,Q207E,0.009271640192949336,75
ETR,NNRTI,T200E,0.009146944364346416,76
ETR,NNRTI,Q207K,0.008692395108674872,77
ETR,NNRTI,K43E,0.008637803568618254,78
ETR,NNRTI,I202V,0.008374207599624879,79
ETR,NNRTI,L228R,0.008075822053556695,80
ETR,NNRTI,V75M,0.008018272567710781,81
ETR,NNRTI,L74I,0.007754782827247612,82
ETR,NNRTI,V75T,0.007740754633588813,83
ETR,NNRTI,E204Q,0.0076885908068022235,84
ETR,NNRTI,I195L,0.007649033656286785,85
ETR,NNRTI,V179E,0.0075201268870101635,86
ETR,NNRTI,D177N,0.0075201268870101635,87
ETR,NNRTI,S162N,0.0075062123713456105,88
ETR,NNRTI,L210F,0.0073646554992594215,89
ETR,NNRTI,D237E,0.007311440831285992,90
ETR,NNRTI,E122P,0.0072803827484992974,91
ETR,NNRTI,D123G,0.00726438677622868,92
ETR,NNRTI,P4S,0.00719523754612812,93
ETR,NNRTI,Y188L,0.006913110390278028,94
ETR,NNRTI,I142T,0.006894166687095804,95
ETR,NNRTI,V106M,0.006876114281845947,96
ETR,NNRTI,S162F,0.0067349734362703575,97
ETR,NNRTI,D121E,0.00612389462404659,98
ETR,NNRTI,I135M,0.006095585052444701,99
ETR,NNRTI,K219H,0.005882385606047146,100
ETR,NNRTI,D123N,0.005487546555626452,101
ETR,NNRTI,E6K,0.005457037019920855,102
ETR,NNRTI,E203V,0.005177602306675499,103
ETR,NNRTI,V179T,0.005177602306675499,104
ETR,NNRTI,T39K,0.005177602306675499,105
ETR,NNRTI,K32E,0.005177602306675499,106
ETR,NNRTI,E44A,0.005177602306675499,107
ETR,NNRTI,V179F,0.00495572224968291,108
ETR,NNRTI,D192N,0.004878166316344063,109
ETR,NNRTI,G190S,0.0047162838009995375,110
ETR,NNRTI,Q207A,0.0047162838009995375,111
ETR,NNRTI,D121Y,0.0047162838009995375,112
ETR,NNRTI,D177G,0.004692552188707728,113
ETR,NNRTI,S48T,0.0044706788639944485,114
ETR,NNRTI,K101R,0.004307200549608061,115
ETR,NNRTI,E204N,0.004307200549608061,116
ETR,NNRTI,K64R,0.004136535736826687,117
ETR,NNRTI,R172K,0.004136535736826687,118
ETR,NNRTI,E138G,0.004090836046348708,119
ETR,NNRTI,I135R,0.003697402496455191,120
ETR,NNRTI,K65R,0.003377988800466757,121
ETR,NNRTI,K11T,0.003377988800466757,122
ETR,NNRTI,E40K,0.003377988800466757,123
ETR,NNRTI,Y188H,0.003377988800466757,124
ETR,NNRTI,V179L,0.0033681525662571155,125
ETR,NNRTI,F171Y,0.0033507637881427838,126
ETR,NNRTI,K102R,0.003294910052400424,127
ETR,NNRTI,Q151M,0.003294910052400424,128
ETR,NNRTI,Y115F,0.003162178194480481,129
ETR,NNRTI,W88C,0.003044560587330977,130
ETR,NNRTI,D121H,0.003044560587330977,131
ETR,NNRTI,I31V,0.0029359242126449693,132
ETR,NNRTI,I142M,0.002784467295799763,133
ETR,NNRTI,F227C,0.002743435598529296,134
ETR,NNRTI,I178R,0.0027123521823922956,135
ETR,NNRTI,Q174G,0.0026422322455838415,136
ETR,NNRTI,T215V,0.0025940613033543325,137
ETR,NNRTI,H198E,0.002579411703957457,138
ETR,NNRTI,L80I,0.002579411703957457,139
ETR,NNRTI,S162H,0.0024999252550352517,140
ETR,NNRTI,I195K,0.0024773156980807515,141
ETR,NNRTI,P4T,0.0024773156980807515,142
ETR,NNRTI,T240K,0.002340817561496683,143
ETR,NNRTI,K43N,0.0022665474194215013,144
ETR,NNRTI,K173T,0.002262205567401747,145
ETR,NNRTI,G196D,0.0022587073166425334,146
ETR,NNRTI,A158S,0.0022587073166425334,147
ETR,NNRTI,V106A,0.0021799081740189706,148
ETR,NNRTI,R211S,0.0021799081740189706,149
ETR,NNRTI,K43R,0.0021799081740189706,150
ETR,NNRTI,K64Y,0.0021799081740189706,151
ETR,NNRTI,Q207N,0.0021636693467642484,152
ETR,NNRTI,T165I,0.0020909824184797187,153
ETR,NNRTI,I178L,0.0020555782193168977,154
ETR,NNRTI,Q174R,0.0020186520811800225,155
ETR,NNRTI,R211Q,0.0020186520811800225,156
ETR,NNRTI,V106I,0.001998065977085084,157
ETR,NNRTI,K82R,0.0019210038476057383,158
ETR,NNRTI,L228H,0.0016731521429279193,159
ETR,NNRTI,E122Q,0.0016361857640034027,160
ETR,NNRTI,V189I,0.0016361857640034027,161
ETR,NNRTI,V35R,0.0016361857640034027,162
ETR,NNRTI,S162D,0.0016361857640034027,163
ETR,NNRTI,V108I,0.0016361857640034027,164
ETR,NNRTI,K22R,0.0016184554196830084,165
ETR,NNRTI,E224D,0.0012566160899063381,166
ETR,NNRTI,T39E,0.001130698472724849,167
ETR,NNRTI,D123S,0.001130698472724849,168
ETR,NNRTI,I135K,0.001130698472724849,169
ETR,NNRTI,E53D,0.001130698472724849,170
ETR,NNRTI,K46T,0.001130698472724849,171
ETR,NNRTI,K173A,0.001130698472724849,172
ETR,NNRTI,K101Q,0.001130698472724849,173
ETR,NNRTI,K166R,0.0010663935297458573,174
ETR,NNRTI,S162Y,0.0008396603165425376,175
ETR,NNRTI,A98G,0.0008396603165425376,176
ETR,NNRTI,K70G,0.0007570994725454111,177
ETR,NNRTI,K70E,0.0007044864061597538,178
ETR,NNRTI,K43Q,0.000646712007158401,179
ETR,NNRTI,E203K,0.000646712007158401,180
ETR,NNRTI,K20R,0.0005704112312244575,181
NVP,NNRTI,K103N,0.458755216333995,1
NVP,NNRTI,Y181C,0.3756716971390017,2
NVP,NNRTI,M41L,0.3408193250365494,3
NVP,NNRTI,K101E,0.24978349230378666,4
NVP,NNRTI,M184V,0.23728078244655434,5
NVP,NNRTI,R211K,0.18832018639668247,6
NVP,NNRTI,I135T,0.15657943551124018,7
NVP,NNRTI,G196E,0.15523476085875315,8
NVP,NNRTI,F214L,0.14006576143803257,9
NVP,NNRTI,T200A,0.13087322183813055,10
NVP,NNRTI,T215Y,0.1251306417488263,11
NVP,NNRTI,G190A,0.113721384800963,12
NVP,NNRTI,K70R,0.1135360551282224,13
NVP,NNRTI,K103S,0.11225157391916696,14
NVP,NNRTI,I135V,0.10757770183608885,15
NVP,NNRTI,V179D,0.10214614169707673,16
NVP,NNRTI,D67G,0.08976588881116142,17
NVP,NNRTI,E138K,0.08759354072438484,18
NVP,NNRTI,D177E,0.08341969761249256,19
NVP,NNRTI,R83K,0.07985451362983827,20
NVP,NNRTI,V60I,0.07955051799480349,21
NVP,NNRTI,Y188L,0.073991879378626,22
NVP,NNRTI,K219Q,0.07283838443680056,23
NVP,NNRTI,I178M,0.07217724658427421,24
NVP,NNRTI,Q207E,0.06840798469150551,25
NVP,NNRTI,V90I,0.060939304335320583,26
NVP,NNRTI,S162C,0.05347125128482483,27
NVP,NNRTI,T39A,0.05309408047116154,28
NVP,NNRTI,V35T,0.04851399585616849,29
NVP,NNRTI,T215F,0.0480035876791938,30
NVP,NNRTI,I202V,0.04797654851265652,31
NVP,NNRTI,K219E,0.04041623642414023,32
NVP,NNRTI,V179I,0.040393179601651064,33
NVP,NNRTI,S68G,0.03979533085687309,34
NVP,NNRTI,M184I,0.03951630016269339,35
NVP,NNRTI,L100I,0.03646080135731254,36
NVP,NNRTI,I178L,0.03313719204838614,37
NVP,NNRTI,E6D,0.027536720375616972,38
NVP,NNRTI,V35M,0.02644237238335575,39
NVP,NNRTI,M230L,0.02555933339258219,40
NVP,NNRTI,T215D,0.025483715406595876,41
NVP,NNRTI,K102Q,0.024360698101464223,42
NVP,NNRTI,T69D,0.02375282554909398,43
NVP,NNRTI,H221Y,0.022749250964414464,44
NVP,NNRTI,D123E,0.022652149689647308,45
NVP,NNRTI,V106M,0.02227424139452776,46
NVP,NNRTI,V35L,0.021457532030778423,47
NVP,NNRTI,L74V,0.021423963128522187,48
NVP,NNRTI,K101H,0.02062277358772051,49
NVP,NNRTI,K101P,0.01952944268053626,50
NVP,NNRTI,K20R,0.01862283199736249,51
NVP,NNRTI,E203D,0.017602792660122248,52
NVP,NNRTI,I195L,0.017456650570035728,53
NVP,NNRTI,L228H,0.017426713780714188,54
NVP,NNRTI,T200I,0.016316578442872386,55
NVP,NNRTI,V75T,0.0159338307796057,56
NVP,NNRTI,T200E,0.01590649579581862,57
NVP,NNRTI,P4S,0.014740994625718137,58
NVP,NNRTI,D237E,0.014610565833085853,59
NVP,NNRTI,K70E,0.013804396130287729,60
NVP,NNRTI,Q207K,0.013218257742254276,61
NVP,NNRTI,A98S,0.012667202903902304,62
NVP,NNRTI,D123N,0.01250169412397423,63
NVP,NNRTI,V179F,0.01247296144524448,64
NVP,NNRTI,K64H,0.011300251590969963,65
NVP,NNRTI,V118I,0.010926247891443279,66
NVP,NNRTI,K166R,0.010680226167507276,67
NVP,NNRTI,T69N,0.010565263849473438,68
NVP,NNRTI,E28K,0.010353415529340701,69
NVP,NNRTI,K219N,0.00963864225082955,70
NVP,NNRTI,V35I,0.009535739016396184,71
NVP,NNRTI,R211A,0.009265539033374945,72
NVP,NNRTI,Y181V,0.009142270786330847,73
NVP,NNRTI,Q174G,0.009028618777346155,74
NVP,NNRTI,G190E,0.008819882835073954,75
NVP,NNRTI,E138A,0.00861138138380798,76
NVP,NNRTI,E6K,0.008186041451711323,77
NVP,NNRTI,K103R,0.007946492993360045,78
NVP,NNRTI,V75M,0.0078841095709338,79
NVP,NNRTI,I142T,0.007826127174935908,80
NVP,NNRTI,I135L,0.007813650958805625,81
NVP,NNRTI,L74I,0.007634431294927678,82
NVP,NNRTI,S162A,0.007599822660679644,83
NVP,NNRTI,V179L,0.006625121223846034,84
NVP,NNRTI,K43E,0.00656690171443503,85
NVP,NNRTI,K173T,0.0065617697527490595,86
NVP,NNRTI,E44D,0.006119748998503475,87
NVP,NNRTI,S162F,0.005972398968560884,88
NVP,NNRTI,K173E,0.0058468642600674366,89
NVP,NNRTI,K49R,0.0055523512129705375,90
NVP,NNRTI,F171Y,0.005452327955697813,91
NVP,NNRTI,L210F,0.005339540457334941,92
NVP,NNRTI,E138G,0.00495846347465325,93
NVP,NNRTI,D218E,0.004927372291349177,94
NVP,NNRTI,D123G,0.004509280351985801,95
NVP,NNRTI,I142M,0.004301666399141533,96
NVP,NNRTI,E122P,0.004182013261480988,97
NVP,NNRTI,Q174K,0.004160529781189052,98
NVP,NNRTI,I31V,0.0041409385537097875,99
NVP,NNRTI,I142V,0.004132986522470178,100
NVP,NNRTI,S48T,0.004019607568140624,101
NVP,NNRTI,S162H,0.003952262889784461,102
NVP,NNRTI,I178R,0.003918249810742416,103
NVP,NNRTI,E224D,0.003827300596338491,104
NVP,NNRTI,G196D,0.003741308061940955,105
NVP,NNRTI,A158S,0.003741308061940955,106
NVP,NNRTI,R211Q,0.003556537902346399,107
NVP,NNRTI,Q174R,0.003556537902346399,108
NVP,NNRTI,W88C,0.0035478646110869124,109
NVP,NNRTI,D121H,0.0035478646110869124,110
NVP,NNRTI,E169D,0.003539450983074934,111
NVP,NNRTI,L80I,0.0034712182595658795,112
NVP,NNRTI,H198E,0.0034712182595658795,113
NVP,NNRTI,L228R,0.0033388854900535127,114
NVP,NNRTI,Y181I,0.003285767310358933,115
NVP,NNRTI,K70G,0.003238888066063136,116
NVP,NNRTI,E204Q,0.0031844458994746264,117
NVP,NNRTI,K173Q,0.0029413660463760926,118
NVP,NNRTI,D121E,0.002773418769101489,119
NVP,NNRTI,H208Y,0.00260078957332303,120
NVP,NNRTI,I135M,0.002443009287562766,121
NVP,NNRTI,D177N,0.002341626754932929,122
NVP,NNRTI,V179E,0.002341626754932929,123
NVP,NNRTI,K64R,0.002313920289544612,124
NVP,NNRTI,R172K,0.002313920289544612,125
NVP,NNRTI,E204N,0.0020583721123829863,126
NVP,NNRTI,K101R,0.0020583721123829863,127
NVP,NNRTI,L210W,0.0020487055017412905,128
NVP,NNRTI,V189I,0.0020352284517994655,129
NVP,NNRTI,E122Q,0.0020352284517994655,130
NVP,NNRTI,V35R,0.0020352284517994655,131
NVP,NNRTI,V108I,0.0020352284517994655,132
NVP,NNRTI,S162D,0.0020352284517994655,133
NVP,NNRTI,K22R,0.0020230541263182114,134
NVP,NNRTI,E40K,0.001975579362151294,135
NVP,NNRTI,K11T,0.001975579362151294,136
NVP,NNRTI,K65R,0.001975579362151294,137
NVP,NNRTI,Y188H,0.001975579362151294,138
NVP,NNRTI,T215V,0.001921631103354426,139
NVP,NNRTI,T39S,0.0018082652444029923,140
NVP,NNRTI,T165I,0.0017557492047028823,141
NVP,NNRTI,Y115F,0.0016796700439517657,142
NVP,NNRTI,D123S,0.001650966483922632,143
NVP,NNRTI,E53D,0.001650966483922632,144
NVP,NNRTI,I135K,0.001650966483922632,145
NVP,NNRTI,K173A,0.001650966483922632,146
NVP,NNRTI,K46T,0.001650966483922632,147
NVP,NNRTI,K101Q,0.001650966483922632,148
NVP,NNRTI,T39E,0.001650966483922632,149
NVP,NNRTI,R211S,0.0014905719961524674,150
NVP,NNRTI,K64Y,0.0014905719961524674,151
NVP,NNRTI,V106A,0.0014905719961524674,152
NVP,NNRTI,K43R,0.0014905719961524674,153
NVP,NNRTI,F227C,0.001412475669498688,154
NVP,NNRTI,D192N,0.0013982368777003221,155
NVP,NNRTI,D121Y,0.0013685587225004691,156
NVP,NNRTI,Q207A,0.0013685587225004691,157
NVP,NNRTI,G190S,0.0013685587225004691,158
NVP,NNRTI,K219H,0.0013036317444443599,159
NVP,NNRTI,Q207N,0.0012995070887775817,160
NVP,NNRTI,V106I,0.0011768956964897125,161
NVP,NNRTI,K43Q,0.0011210807792884012,162
NVP,NNRTI,E203K,0.0011210807792884012,163
NVP,NNRTI,S162N,0.0008951012344512167,164
NVP,NNRTI,T240K,0.0008894913804844696,165
NVP,NNRTI,I135R,0.0008066277445041664,166
NVP,NNRTI,K43N,0.000665339633642168,167
NVP,NNRTI,V179T,0.0006483244875771172,168
NVP,NNRTI,T39K,0.0006483244875771172,169
NVP,NNRTI,E203V,0.0006483244875771172,170
NVP,NNRTI,K32E,0.0006483244875771172,171
NVP,NNRTI,E44A,0.0006483244875771172,172
NVP,NNRTI,K102R,0.0006477135323082105,173
NVP,NNRTI,Q151M,0.0006477135323082105,174
NVP,NNRTI,S162Y,0.0006350897963308951,175
NVP,NNRTI,A98G,0.0006350897963308951,176
NVP,NNRTI,D177G,0.000566424665570024,177
NVP,NNRTI,I195K,0.00021721737318381674,178
NVP,NNRTI,P4T,0.00021721737318381674,179
NVP,NNRTI,D67N,0.0001821021740936025,180
NVP,NNRTI,K82R,0.0001079114520847779,181
RPV,NNRTI,K101E,0.28899847270729806,1
RPV,NNRTI,Y181C,0.2542615862848416,2
RPV,NNRTI,R83K,0.16102309480716248,3
RPV,NNRTI,K103N,0.15294674444828874,4
RPV,NNRTI,G196E,0.15018088975825467,5
RPV,NNRTI,Y188L,0.1207954914160447,6
RPV,NNRTI,L100I,0.11665673805406235,7
RPV,NNRTI,M41L,0.09248409815378357,8
RPV,NNRTI,F214L,0.0909381077390289,9
RPV,NNRTI,V60I,0.08444377175144974,10
RPV,NNRTI,D67N,0.082398343074941,11
RPV,NNRTI,V179D,0.08171219309305221,12
RPV,NNRTI,K219E,0.0810170704525689,13
RPV,NNRTI,K101P,0.07914967526167181,14
RPV,NNRTI,K20R,0.0788302857559201,15
RPV,NNRTI,D123E,0.07506293584954925,16
RPV,NNRTI,S162C,0.07054764223716173,17
RPV,NNRTI,E138K,0.0681209853832018,18
RPV,NNRTI,T69N,0.062302344595886135,19
RPV,NNRTI,T200A,0.061122792055931754,20
RPV,NNRTI,V179I,0.060680572620601066,21
RPV,NNRTI,S162A,0.060095460726789715,22
RPV,NNRTI,G190A,0.05970263766974071,23
RPV,NNRTI,K219Q,0.05762381537974817,24
RPV,NNRTI,I135V,0.056343444447691536,25
RPV,NNRTI,I202V,0.056281568762208335,26
RPV,NNRTI,M230L,0.054832629496966545,27
RPV,NNRTI,K49R,0.0534659617308421,28
RPV,NNRTI,L210W,0.05287870637049208,29
RPV,NNRTI,K103R,0.0520384406842588,30
RPV,NNRTI,H221Y,0.05104691770010901,31
RPV,NNRTI,M184I,0.049378053082566334,32
RPV,NNRTI,V118I,0.04854435741005842,33
RPV,NNRTI,T200E,0.04742394919464323,34
RPV,NNRTI,I135T,0.046863956157900816,35
RPV,NNRTI,E138A,0.04460721111611219,36
RPV,NNRTI,D67G,0.04395713729548669,37
RPV,NNRTI,L74V,0.043852011151329195,38
RPV,NNRTI,V35I,0.041928090349124016,39
RPV,NNRTI,K103S,0.038915450356373,40
RPV,NNRTI,T215D,0.03593501711010936,41
RPV,NNRTI,E6D,0.034898827997235544,42
RPV,NNRTI,K70R,0.03304545177549967,43
RPV,NNRTI,K173Q,0.03143134635312107,44
RPV,NNRTI,K70E,0.03119923077389938,45
RPV,NNRTI,V90I,0.030950906536591268,46
RPV,NNRTI,V35L,0.02885647178308583,47
RPV,NNRTI,K219N,0.02874737354228561,48
RPV,NNRTI,I135L,0.02849481205846433,49
RPV,NNRTI,D177E,0.0276694282985517,50
RPV,NNRTI,I178M,0.026789105250962744,51
RPV,NNRTI,L228R,0.026475469805838498,52
RPV,NNRTI,T39A,0.02627181428511492,53
RPV,NNRTI,V35M,0.023627182560608025,54
RPV,NNRTI,Y181V,0.023055552711921497,55
RPV,NNRTI,S68G,0.02282773157868309,56
RPV,NNRTI,K101H,0.020248841100996277,57
RPV,NNRTI,T200I,0.020142331160340317,58
RPV,NNRTI,V179F,0.01926165184682347,59
RPV,NNRTI,V35T,0.018400118878996778,60
RPV,NNRTI,I142V,0.018298351761900596,61
RPV,NNRTI,T215Y,0.0182427223309702,62
RPV,NNRTI,V106M,0.018196438096042197,63
RPV,NNRTI,G190E,0.017960449444627758,64
RPV,NNRTI,H208Y,0.017498331421480464,65
RPV,NNRTI,S162F,0.01715042364733699,66
RPV,NNRTI,K173E,0.016055585086324615,67
RPV,NNRTI,E28K,0.0138796536564628,68
RPV,NNRTI,Q207K,0.013407998435972063,69
RPV,NNRTI,I195L,0.012632942979879474,70
RPV,NNRTI,V75M,0.012154733809995407,71
RPV,NNRTI,Q174G,0.011411863968073649,72
RPV,NNRTI,M184V,0.01096112441894033,73
RPV,NNRTI,E203D,0.010698004775862396,74
RPV,NNRTI,I142T,0.010056835334065296,75
RPV,NNRTI,E122P,0.009627209099691576,76
RPV,NNRTI,D218E,0.008933242046873737,77
RPV,NNRTI,P4S,0.00861907653355781,78
RPV,NNRTI,K102Q,0.008301499722095654,79
RPV,NNRTI,V75T,0.008228266830419662,80
RPV,NNRTI,K166R,0.008184732243502666,81
RPV,NNRTI,L228H,0.00815162228931114,82
RPV,NNRTI,D121E,0.008021044465214395,83
RPV,NNRTI,Y181I,0.007921336933454103,84
RPV,NNRTI,R211A,0.007770797114464894,85
RPV,NNRTI,T69D,0.007372697078657432,86
RPV,NNRTI,E44D,0.007113343538260368,87
RPV,NNRTI,D192N,0.007100730762070589,88
RPV,NNRTI,K43E,0.00699800202700215,89
RPV,NNRTI,D237E,0.006895138925402192,90
RPV,NNRTI,E204Q,0.006804535659758942,91
RPV,NNRTI,K82R,0.006751703986804731,92
RPV,NNRTI,A158S,0.006364428899793784,93
RPV,NNRTI,G196D,0.006364428899793784,94
RPV,NNRTI,D177G,0.006107158501895148,95
RPV,NNRTI,T215F,0.006030719351392949,96
RPV,NNRTI,V106I,0.005946139044848815,97
RPV,NNRTI,Q207E,0.0058673536652345095,98
RPV,NNRTI,W88C,0.0057442019038166404,99
RPV,NNRTI,D121H,0.0057442019038166404,100
RPV,NNRTI,Q174K,0.005736047194889522,101
RPV,NNRTI,L210F,0.005484214923776428,102
RPV,NNRTI,A98S,0.005300085547615875,103
RPV,NNRTI,V179T,0.0052945588084478265,104
RPV,NNRTI,T39K,0.0052945588084478265,105
RPV,NNRTI,K32E,0.0052945588084478265,106
RPV,NNRTI,E203V,0.0052945588084478265,107
RPV,NNRTI,E44A,0.0052945588084478265,108
RPV,NNRTI,L74I,0.005144840535364416,109
RPV,NNRTI,I178L,0.005008811671162004,110
RPV,NNRTI,K219H,0.004982175690833212,111
RPV,NNRTI,Q151M,0.004948759091001474,112
RPV,NNRTI,K102R,0.004948759091001474,113
RPV,NNRTI,H198E,0.004919899389820796,114
RPV,NNRTI,L80I,0.004919899389820796,115
RPV,NNRTI,S48T,0.004886532396281784,116
RPV,NNRTI,G190S,0.004703327285789304,117
RPV,NNRTI,Q207A,0.004703327285789304,118
RPV,NNRTI,D121Y,0.004703327285789304,119
RPV,NNRTI,K101R,0.0046252415275294615,120
RPV,NNRTI,E204N,0.0046252415275294615,121
RPV,NNRTI,K64H,0.004580216036134458,122
RPV,NNRTI,V189I,0.004465265282414974,123
RPV,NNRTI,E122Q,0.004465265282414974,124
RPV,NNRTI,V108I,0.004465265282414974,125
RPV,NNRTI,S162D,0.004465265282414974,126
RPV,NNRTI,V35R,0.004465265282414974,127
RPV,NNRTI,S162N,0.004108895442523255,128
RPV,NNRTI,Y188H,0.004081004678190317,129
RPV,NNRTI,K11T,0.004081004678190317,130
RPV,NNRTI,E40K,0.004081004678190317,131
RPV,NNRTI,K65R,0.004081004678190317,132
RPV,NNRTI,E6K,0.004079723449671679,133
RPV,NNRTI,K173T,0.00381819118220115,134
RPV,NNRTI,I135M,0.003756685838092999,135
RPV,NNRTI,K64R,0.0036184172772648236,136
RPV,NNRTI,R172K,0.0036184172772648236,137
RPV,NNRTI,F227C,0.003608021518259158,138
RPV,NNRTI,E138G,0.0036036346590132586,139
RPV,NNRTI,K43N,0.003543884103422399,140
RPV,NNRTI,E169D,0.0033974347775681587,141
RPV,NNRTI,V179L,0.0032571432643259475,142
RPV,NNRTI,D123G,0.003234636863745677,143
RPV,NNRTI,K64Y,0.003041135549520403,144
RPV,NNRTI,V106A,0.003041135549520403,145
RPV,NNRTI,R211S,0.003041135549520403,146
RPV,NNRTI,K43R,0.003041135549520403,147
RPV,NNRTI,T240K,0.0030019100698691764,148
RPV,NNRTI,F171Y,0.002931251202686001,149
RPV,NNRTI,T165I,0.002906764217313793,150
RPV,NNRTI,D177N,0.0027082565798982818,151
RPV,NNRTI,V179E,0.0027082565798982818,152
RPV,NNRTI,I142M,0.002703636218399088,153
RPV,NNRTI,R211K,0.0026423194361662066,154
RPV,NNRTI,E224D,0.002490818337580377,155
RPV,NNRTI,D123N,0.002437576383080182,156
RPV,NNRTI,Q207N,0.002302051317842095,157
RPV,NNRTI,I31V,0.002216177831673672,158
RPV,NNRTI,I135R,0.0020106654423593436,159
RPV,NNRTI,K46T,0.0019603425001441617,160
RPV,NNRTI,D123S,0.0019603425001441617,161
RPV,NNRTI,K101Q,0.0019603425001441617,162
RPV,NNRTI,T39E,0.0019603425001441617,163
RPV,NNRTI,E53D,0.0019603425001441617,164
RPV,NNRTI,I135K,0.0019603425001441617,165
RPV,NNRTI,K173A,0.0019603425001441617,166
RPV,NNRTI,Y115F,0.0019514573090786702,167
RPV,NNRTI,I195K,0.001789532053538082,168
RPV,NNRTI,P4T,0.001789532053538082,169
RPV,NNRTI,S162H,0.0016232010881070131,170
RPV,NNRTI,I178R,0.001590761169260914,171
RPV,NNRTI,T39S,0.0015839089424805046,172
RPV,NNRTI,R211Q,0.0015308269065838003,173
RPV,NNRTI,Q174R,0.0015308269065838003,174
RPV,NNRTI,K70G,0.001266570911259065,175
RPV,NNRTI,A98G,0.001235027984070236,176
RPV,NNRTI,S162Y,0.001235027984070236,177
RPV,NNRTI,E203K,0.0011868129102078399,178
RPV,NNRTI,K43Q,0.0011868129102078399,179
RPV,NNRTI,K22R,0.0009936975144762504,180
RPV,NNRTI,T215V,7.762024059067888e-05,181
