seq_id,drug,drug_class,rank,position,amino_acid,combined_score
115749,ATV,PI,1,54,S,1.0000000119155534
115749,ATV,PI,2,48,M,0.1322470905131068
115749,ATV,PI,3,63,L,0.03324249553966233
115749,ATV,PI,4,43,T,0.010961670622320724
115749,ATV,PI,5,12,T,0.0037017793927524574
115749,ATV,PI,6,53,F,0.0023909034534802106
115749,ATV,PI,7,82,A,0.002150215817374331
115749,ATV,PI,8,46,M,0.002062698974039813
115749,ATV,PI,9,19,L,0.0018474826513822503
115749,ATV,PI,10,20,R,0.0015538930475569562
206435,ATV,PI,1,54,I,0.9997735737793851
206435,ATV,PI,2,69,Q,0.8687634994275761
206435,ATV,PI,3,57,G,0.5170754799347599
206435,ATV,PI,4,12,T,0.473006147775912
206435,ATV,PI,5,10,L,0.25562398275519854
206435,ATV,PI,6,53,F,0.2516336442607194
206435,ATV,PI,7,63,P,0.24213019920863688
206435,ATV,PI,8,19,L,0.23483167707033875
206435,ATV,PI,9,46,M,0.18389719290084963
206435,ATV,PI,10,14,K,0.1576622147310384
187171,ATV,PI,1,12,S,1.0000000119081853
187171,ATV,PI,2,14,R,0.15629766001676765
187171,ATV,PI,3,54,I,0.051676547102048276
187171,ATV,PI,4,64,M,0.040166147087581636
187171,ATV,PI,5,19,L,0.017295525691550302
187171,ATV,PI,6,53,F,0.01344526555968421
187171,ATV,PI,7,10,L,0.012882372953209487
187171,ATV,PI,8,63,P,0.010929122705803821
187171,ATV,PI,9,46,M,0.008555685877798829
187171,ATV,PI,10,21,E,0.007393998749392712
615360,ATV,PI,1,50,L,0.9999999522936811
615360,ATV,PI,2,45,R,0.5196285258847579
615360,ATV,PI,3,54,I,0.17494912043172242
615360,ATV,PI,4,33,V,0.15427403357506086
615360,ATV,PI,5,12,T,0.09559547704724795
615360,ATV,PI,6,63,P,0.04939539118475009
615360,ATV,PI,7,10,L,0.04688913136812159
615360,ATV,PI,8,53,F,0.04578671199946383
615360,ATV,PI,9,19,L,0.04570899559386066
615360,ATV,PI,10,46,M,0.03355059128819923
235725,ATV,PI,1,36,T,0.9999999522643912
235725,ATV,PI,2,54,I,0.4571702685844153
235725,ATV,PI,3,37,E,0.2876922678363917
235725,ATV,PI,4,12,T,0.24009433719432502
235725,ATV,PI,5,57,G,0.231902391895767
235725,ATV,PI,6,19,L,0.1219009130247716
235725,ATV,PI,7,53,F,0.12187870931252842
235725,ATV,PI,8,10,L,0.12036710809987541
235725,ATV,PI,9,63,P,0.11850442842419685
235725,ATV,PI,10,14,K,0.07873334220131756
615254,ATV,PI,1,66,L,0.999999952298275
615254,ATV,PI,2,54,V,0.43287860379592713
615254,ATV,PI,3,72,L,0.42883362669145536
615254,ATV,PI,4,82,T,0.15723274637502332
615254,ATV,PI,5,10,F,0.07498688807995862
615254,ATV,PI,6,11,I,0.06492236776411298
615254,ATV,PI,7,12,T,0.06117906652202405
615254,ATV,PI,8,46,I,0.05579564049904126
615254,ATV,PI,9,71,I,0.053823392185909036
615254,ATV,PI,10,57,K,0.047248212133389894
615042,ATV,PI,1,54,M,0.999999952302089
615042,ATV,PI,2,63,L,0.2715888473651419
615042,ATV,PI,3,34,D,0.1344802742415263
615042,ATV,PI,4,47,V,0.037673688814287135
615042,ATV,PI,5,16,E,0.03312344302164961
615042,ATV,PI,6,12,T,0.025344637807906207
615042,ATV,PI,7,58,E,0.020912448359402588
615042,ATV,PI,8,53,F,0.01459551035912144
615042,ATV,PI,9,10,L,0.01309991958915984
615042,ATV,PI,10,19,L,0.012215073808087003
116912,ATV,PI,1,14,R,0.9999999522854768
116912,ATV,PI,2,54,I,0.306679796870197
116912,ATV,PI,3,16,A,0.2586256836031956
116912,ATV,PI,4,12,T,0.15635716960229595
116912,ATV,PI,5,19,L,0.09254584920624967
116912,ATV,PI,6,37,D,0.08543797636090149
116912,ATV,PI,7,53,F,0.08456601399201139
116912,ATV,PI,8,10,L,0.07606266459881703
116912,ATV,PI,9,63,P,0.07316973677528679
116912,ATV,PI,10,46,M,0.05126114492964394
614736,ATV,PI,1,63,A,0.9999999522944577
614736,ATV,PI,2,54,I,0.1443073885657213
614736,ATV,PI,3,12,T,0.06547804792436177
614736,ATV,PI,4,53,F,0.0381491823262742
614736,ATV,PI,5,10,L,0.03528275215568047
614736,ATV,PI,6,19,L,0.032794995367098075
614736,ATV,PI,7,14,K,0.021178578795993025
614736,ATV,PI,8,46,M,0.02111659353488537
614736,ATV,PI,9,21,E,0.018541327586378244
614736,ATV,PI,10,55,K,0.018410446868218903
187129,ATV,PI,1,19,Q,1.000000011903368
187129,ATV,PI,2,63,L,0.37109336877703286
187129,ATV,PI,3,54,V,0.28921557685081406
187129,ATV,PI,4,93,M,0.08421129109582305
187129,ATV,PI,5,60,E,0.050891217870006854
187129,ATV,PI,6,12,T,0.044623780157716654
187129,ATV,PI,7,53,F,0.023377418969833696
187129,ATV,PI,8,82,A,0.01692764398404323
187129,ATV,PI,9,46,M,0.015597831958500095
187129,ATV,PI,10,21,E,0.014087122698965438
615440,ATV,PI,1,63,S,1.0000000119075985
615440,ATV,PI,2,54,I,0.03143411102889893
615440,ATV,PI,3,12,T,0.014224136191507902
615440,ATV,PI,4,53,F,0.008043995073367343
615440,ATV,PI,5,10,L,0.007845223775078618
615440,ATV,PI,6,19,L,0.0075068769011438444
615440,ATV,PI,7,46,M,0.005151841973025612
615440,ATV,PI,8,14,K,0.004486399542859079
615440,ATV,PI,9,21,E,0.004234518520263823
615440,ATV,PI,10,55,K,0.004103014019921788
615432,ATV,PI,1,48,A,1.000000011913716
615432,ATV,PI,2,54,V,0.24770535343528646
615432,ATV,PI,3,91,N,0.19232928750424447
615432,ATV,PI,4,45,I,0.17861131614644307
615432,ATV,PI,5,83,D,0.12866238083356998
615432,ATV,PI,6,12,T,0.02617911070562798
615432,ATV,PI,7,53,F,0.0176907569275412
615432,ATV,PI,8,37,D,0.017253133025096234
615432,ATV,PI,9,46,M,0.015994927988732796
615432,ATV,PI,10,63,P,0.015017343225477984
615488,ATV,PI,1,61,E,0.999999952301987
615488,ATV,PI,2,54,I,0.10819438014218373
615488,ATV,PI,3,60,E,0.06552296774109434
615488,ATV,PI,4,12,T,0.0558984704074451
615488,ATV,PI,5,53,F,0.028330453460321696
615488,ATV,PI,6,10,L,0.026910164428117517
615488,ATV,PI,7,19,L,0.02676146622886859
615488,ATV,PI,8,63,P,0.02392974624725564
615488,ATV,PI,9,46,M,0.01785634627471692
615488,ATV,PI,10,14,K,0.017573100978333322
148089,ATV,PI,1,72,T,0.9652950882612136
148089,ATV,PI,2,79,D,0.9578157334482837
148089,ATV,PI,3,54,I,0.2762509153927219
148089,ATV,PI,4,60,E,0.15802828062988308
148089,ATV,PI,5,12,T,0.14280609198085736
148089,ATV,PI,6,57,K,0.11706492199648875
148089,ATV,PI,7,53,F,0.07998863487851876
148089,ATV,PI,8,63,P,0.07358564747083324
148089,ATV,PI,9,10,L,0.07085021823384219
148089,ATV,PI,10,19,L,0.0670352135542198
614780,ATV,PI,1,54,V,0.999999952284959
614780,ATV,PI,2,30,N,0.2949723608060734
614780,ATV,PI,3,36,V,0.24967649358165053
614780,ATV,PI,4,37,E,0.23966865199663506
614780,ATV,PI,5,60,E,0.15153376283375944
614780,ATV,PI,6,10,F,0.14047856771130302
614780,ATV,PI,7,12,T,0.1367863351020649
614780,ATV,PI,8,57,K,0.0997761938177785
614780,ATV,PI,9,88,D,0.07649751936177941
614780,ATV,PI,10,53,F,0.069152625827625
116511,ATV,PI,1,55,R,0.9999999522813059
116511,ATV,PI,2,54,I,0.37569304757802224
116511,ATV,PI,3,69,Q,0.35686519593275556
116511,ATV,PI,4,12,T,0.17334015720744106
116511,ATV,PI,5,22,V,0.17102521852666247
116511,ATV,PI,6,11,I,0.17039962118811314
116511,ATV,PI,7,46,I,0.14747470580664604
116511,ATV,PI,8,53,F,0.10134282496933011
116511,ATV,PI,9,19,L,0.09250339427707362
116511,ATV,PI,10,63,P,0.07985523343182357
117037,ATV,PI,1,53,L,1.0000000119131458
117037,ATV,PI,2,74,P,0.3354805271935068
117037,ATV,PI,3,54,I,0.08525862394983373
117037,ATV,PI,4,43,T,0.07441742328726042
117037,ATV,PI,5,16,A,0.056839501934437375
117037,ATV,PI,6,24,F,0.032402816714857195
117037,ATV,PI,7,46,I,0.031442809401928715
117037,ATV,PI,8,12,T,0.026654863282430132
117037,ATV,PI,9,82,A,0.01668928416327615
117037,ATV,PI,10,63,P,0.01633080698360317
615054,ATV,PI,1,72,L,0.9326471805291654
615054,ATV,PI,2,54,V,0.8913339313389897
615054,ATV,PI,3,18,H,0.740201304829653
615054,ATV,PI,4,19,I,0.49415525619706907
615054,ATV,PI,5,73,A,0.4543327681999961
615054,ATV,PI,6,71,T,0.20556840853517622
615054,ATV,PI,7,34,Q,0.18009363065181505
615054,ATV,PI,8,76,V,0.17473667321114644
615054,ATV,PI,9,20,M,0.13286760578602805
615054,ATV,PI,10,12,T,0.12829974863058377
117073,ATV,PI,1,54,V,0.9999999522766368
117073,ATV,PI,2,72,V,0.26618436453834776
117073,ATV,PI,3,12,T,0.1358345803904074
117073,ATV,PI,4,10,L,0.07104268753680952
117073,ATV,PI,5,53,F,0.0705792832228245
117073,ATV,PI,6,63,P,0.06596021695724111
117073,ATV,PI,7,19,L,0.06397981852777802
117073,ATV,PI,8,82,A,0.05832689176475024
117073,ATV,PI,9,46,M,0.052712122358490474
117073,ATV,PI,10,14,K,0.04309449780973523
109462,ATV,PI,1,63,L,0.9999999522911802
109462,ATV,PI,2,37,T,0.269066443487709
109462,ATV,PI,3,54,I,0.233325280208083
109462,ATV,PI,4,12,T,0.1074576426040902
109462,ATV,PI,5,53,F,0.058768632162623076
109462,ATV,PI,6,10,L,0.055368599417507935
109462,ATV,PI,7,19,L,0.049946629166224776
109462,ATV,PI,8,14,K,0.034161000625151455
109462,ATV,PI,9,46,M,0.03371455681061292
109462,ATV,PI,10,21,E,0.030882374336688313
147991,ATV,PI,1,54,V,0.9999999522862122
147991,ATV,PI,2,71,T,0.2565585509180533
147991,ATV,PI,3,60,E,0.17938824093282243
147991,ATV,PI,4,35,G,0.15678824321504983
147991,ATV,PI,5,12,T,0.12875453987418264
147991,ATV,PI,6,58,E,0.10390657992532176
147991,ATV,PI,7,53,F,0.07410331312306213
147991,ATV,PI,8,63,P,0.07294762766387172
147991,ATV,PI,9,19,L,0.06510006325271683
147991,ATV,PI,10,46,M,0.05160185541370425
614794,ATV,PI,1,63,A,0.9999999522994711
614794,ATV,PI,2,54,I,0.13602143410298656
614794,ATV,PI,3,16,E,0.06699649523078115
614794,ATV,PI,4,12,T,0.06348065556466158
614794,ATV,PI,5,53,F,0.03518410403536129
614794,ATV,PI,6,10,L,0.03299672276317436
614794,ATV,PI,7,19,L,0.03131038381886018
614794,ATV,PI,8,14,K,0.021431258750606405
614794,ATV,PI,9,46,M,0.020888415251871552
614794,ATV,PI,10,21,E,0.01748534064101939
614886,ATV,PI,1,54,I,0.9999999522378299
614886,ATV,PI,2,71,T,0.7755114658423042
614886,ATV,PI,3,12,T,0.5000257468200184
614886,ATV,PI,4,10,L,0.25739617254074904
614886,ATV,PI,5,53,F,0.2558530100138542
614886,ATV,PI,6,19,L,0.23902972871295003
614886,ATV,PI,7,63,P,0.23603326218956006
614886,ATV,PI,8,46,M,0.16818813502080363
614886,ATV,PI,9,14,K,0.1613914937685394
614886,ATV,PI,10,21,E,0.1499625854379168
105320,ATV,PI,1,54,V,0.9999999522884869
105320,ATV,PI,2,88,S,0.3860277531101082
105320,ATV,PI,3,71,T,0.21120435243233393
105320,ATV,PI,4,12,T,0.1450028872422316
105320,ATV,PI,5,46,I,0.1230074310927564
105320,ATV,PI,6,20,T,0.10088471133044527
105320,ATV,PI,7,58,E,0.10031423011621574
105320,ATV,PI,8,19,L,0.0746585291636282
105320,ATV,PI,9,53,F,0.07227160987046281
105320,ATV,PI,10,63,P,0.06993603965680853
614606,ATV,PI,1,54,V,0.9573299565140608
614606,ATV,PI,2,46,L,0.8526714563100634
614606,ATV,PI,3,23,I,0.5009837858619145
614606,ATV,PI,4,82,T,0.3193428932067635
614606,ATV,PI,5,43,T,0.29473317582150466
614606,ATV,PI,6,16,A,0.22050106054550914
614606,ATV,PI,7,12,T,0.11286731281176139
614606,ATV,PI,8,53,F,0.07443052291254382
614606,ATV,PI,9,37,D,0.0687354259059434
614606,ATV,PI,10,63,P,0.06646637428456226
143350,ATV,PI,1,63,L,0.9999999522830116
143350,ATV,PI,2,54,V,0.7294908015033327
143350,ATV,PI,3,39,T,0.7285748903141349
143350,ATV,PI,4,14,R,0.6707786919367494
143350,ATV,PI,5,19,I,0.3553479605481515
143350,ATV,PI,6,69,K,0.34664054199049554
143350,ATV,PI,7,74,S,0.3140341051013796
143350,ATV,PI,8,66,F,0.31070007668823363
143350,ATV,PI,9,10,V,0.2204658865747266
143350,ATV,PI,10,16,E,0.11101008236992356
117071,ATV,PI,1,54,V,0.9999999523037598
117071,ATV,PI,2,24,F,0.12374848205385668
117071,ATV,PI,3,12,T,0.11787334151839447
117071,ATV,PI,4,53,F,0.08167558570435451
117071,ATV,PI,5,82,A,0.07003719024906378
117071,ATV,PI,6,63,P,0.06838955399428058
117071,ATV,PI,7,19,L,0.06311099728007458
117071,ATV,PI,8,46,M,0.061488601545866814
117071,ATV,PI,9,55,K,0.049715186630871974
117071,ATV,PI,10,14,K,0.04406457898534421
206421,ATV,PI,1,30,N,0.9999999522640998
206421,ATV,PI,2,54,I,0.8139737388180284
206421,ATV,PI,3,12,T,0.39825417287204706
206421,ATV,PI,4,57,G,0.3928468971190217
206421,ATV,PI,5,58,E,0.3173834820532404
206421,ATV,PI,6,20,T,0.28549901387638577
206421,ATV,PI,7,88,D,0.2140838580619181
206421,ATV,PI,8,19,L,0.20954476351899973
206421,ATV,PI,9,53,F,0.20798383826613615
206421,ATV,PI,10,10,L,0.19965595283761267
206413,ATV,PI,1,63,L,0.9999999522892362
206413,ATV,PI,2,54,I,0.24319728121419337
206413,ATV,PI,3,57,G,0.12352551734229514
206413,ATV,PI,4,12,T,0.10243485737514099
206413,ATV,PI,5,53,F,0.06131807242142734
206413,ATV,PI,6,10,L,0.05607853658050485
206413,ATV,PI,7,19,L,0.051324975809727655
206413,ATV,PI,8,46,M,0.038090731347397044
206413,ATV,PI,9,14,K,0.034907397450656116
206413,ATV,PI,10,55,K,0.034626742237229516
615402,ATV,PI,1,63,L,0.9999999522890487
615402,ATV,PI,2,72,V,0.25419111147341594
615402,ATV,PI,3,54,I,0.22916322529082156
615402,ATV,PI,4,12,T,0.10525534589751029
615402,ATV,PI,5,53,F,0.058879455640086675
615402,ATV,PI,6,10,L,0.055084754692944965
615402,ATV,PI,7,19,L,0.04940399866966421
615402,ATV,PI,8,14,K,0.03529118030723511
615402,ATV,PI,9,46,M,0.03216397495959149
615402,ATV,PI,10,21,E,0.030373392880141195
615024,ATV,PI,1,53,L,0.9073448896224905
615024,ATV,PI,2,12,P,0.766368723746673
615024,ATV,PI,3,46,L,0.15978092487335535
615024,ATV,PI,4,55,R,0.14137672243725935
615024,ATV,PI,5,54,I,0.05490658541346183
615024,ATV,PI,6,76,V,0.03679430048532561
615024,ATV,PI,7,60,E,0.027145736712932588
615024,ATV,PI,8,57,K,0.01845779594471416
615024,ATV,PI,9,20,T,0.01799020577757325
615024,ATV,PI,10,19,L,0.01607282131859842
614684,ATV,PI,1,63,V,1.0000000119097272
614684,ATV,PI,2,54,V,0.13650526309999425
614684,ATV,PI,3,76,V,0.0273100018058166
614684,ATV,PI,4,12,T,0.017736838066825907
614684,ATV,PI,5,89,M,0.01632058620489334
614684,ATV,PI,6,46,I,0.015303796054871994
614684,ATV,PI,7,53,F,0.01098982983783238
614684,ATV,PI,8,19,L,0.009972397494030966
614684,ATV,PI,9,37,D,0.009651453242453634
614684,ATV,PI,10,82,A,0.008346842523478299
257947,ATV,PI,1,63,H,1.000000011910072
257947,ATV,PI,2,43,R,0.2036020316100481
257947,ATV,PI,3,37,A,0.11949895669666535
257947,ATV,PI,4,89,I,0.03906774314699083
257947,ATV,PI,5,54,I,0.03491099181905806
257947,ATV,PI,6,20,M,0.018131168075050313
257947,ATV,PI,7,12,T,0.01785598656941835
257947,ATV,PI,8,57,K,0.0125965974779582
257947,ATV,PI,9,19,L,0.010379653226669696
257947,ATV,PI,10,53,F,0.010288606971665558
259227,ATV,PI,1,63,T,0.9999999523013412
259227,ATV,PI,2,72,T,0.2370445605887132
259227,ATV,PI,3,74,S,0.09720652371196234
259227,ATV,PI,4,19,I,0.09165158370646556
259227,ATV,PI,5,54,I,0.0698365088748115
259227,ATV,PI,6,57,G,0.03061377130070469
259227,ATV,PI,7,35,G,0.028641476372757366
259227,ATV,PI,8,12,T,0.027437068783625975
259227,ATV,PI,9,20,T,0.024604159032497946
259227,ATV,PI,10,10,L,0.01785791355008808
148055,ATV,PI,1,63,A,0.9999999522898215
148055,ATV,PI,2,70,R,0.6436996475325941
148055,ATV,PI,3,54,I,0.1476210691325445
148055,ATV,PI,4,12,T,0.07756346329786643
148055,ATV,PI,5,53,F,0.04118321937462386
148055,ATV,PI,6,10,L,0.03846168930089691
148055,ATV,PI,7,19,L,0.03805220580849
148055,ATV,PI,8,46,M,0.024299715302290935
148055,ATV,PI,9,14,K,0.024097520763896478
148055,ATV,PI,10,21,E,0.02168848910247161
205601,ATV,PI,1,72,E,0.9999999522989322
205601,ATV,PI,2,70,R,0.3545489370746985
205601,ATV,PI,3,73,C,0.1180439334461523
205601,ATV,PI,4,54,I,0.07617894065601748
205601,ATV,PI,5,60,E,0.053397113261532
205601,ATV,PI,6,12,T,0.039627649872173716
205601,ATV,PI,7,57,G,0.039328320696910245
205601,ATV,PI,8,46,I,0.033185181692172515
205601,ATV,PI,9,63,P,0.026914089349146696
205601,ATV,PI,10,53,F,0.019386805238849916
614868,ATV,PI,1,54,I,0.9999999522484713
614868,ATV,PI,2,12,T,0.4917865898779139
614868,ATV,PI,3,53,F,0.25839919438393044
614868,ATV,PI,4,10,L,0.25146743912038927
614868,ATV,PI,5,19,L,0.23091483425162973
614868,ATV,PI,6,63,P,0.22742433361668232
614868,ATV,PI,7,46,M,0.16103897273664933
614868,ATV,PI,8,14,K,0.15718645015901983
614868,ATV,PI,9,21,E,0.14539741719565874
614868,ATV,PI,10,55,K,0.1343311360842489
145194,ATV,PI,1,12,S,1.0000000119069923
145194,ATV,PI,2,54,I,0.054064319008010446
145194,ATV,PI,3,72,V,0.052689300739925254
145194,ATV,PI,4,19,L,0.016103261801689004
145194,ATV,PI,5,10,L,0.013908223148285749
145194,ATV,PI,6,53,F,0.01369237095479576
145194,ATV,PI,7,63,P,0.011349701266953404
145194,ATV,PI,8,46,M,0.009134005177217755
145194,ATV,PI,9,14,K,0.008673581432376756
145194,ATV,PI,10,21,E,0.007917364137652915
198541,ATV,PI,1,37,T,0.9874031926296977
198541,ATV,PI,2,54,I,0.7822479128033819
198541,ATV,PI,3,12,T,0.432105788298787
198541,ATV,PI,4,53,F,0.22731142016131572
198541,ATV,PI,5,19,L,0.21340388726682646
198541,ATV,PI,6,10,L,0.2129756644651708
198541,ATV,PI,7,63,P,0.18990993900731895
198541,ATV,PI,8,14,K,0.14668596762122116
198541,ATV,PI,9,46,M,0.1433860010935627
198541,ATV,PI,10,21,E,0.12752162675184633
123041,ATV,PI,1,54,T,1.0000000119164558
123041,ATV,PI,2,48,V,0.0725631428251732
123041,ATV,PI,3,69,R,0.02072827135464985
123041,ATV,PI,4,43,T,0.013755659449184016
123041,ATV,PI,5,12,T,0.0049753516941482
123041,ATV,PI,6,71,I,0.003762844387416062
123041,ATV,PI,7,82,A,0.0030238147679751883
123041,ATV,PI,8,53,F,0.0029587233794016415
123041,ATV,PI,9,63,P,0.002782556194468481
123041,ATV,PI,10,19,L,0.002746537713476788
143463,ATV,PI,1,54,V,0.9999999522867571
143463,ATV,PI,2,12,T,0.16799459136420009
143463,ATV,PI,3,10,F,0.16132831474056328
143463,ATV,PI,4,71,I,0.10498422123457658
143463,ATV,PI,5,19,L,0.07768065367127355
143463,ATV,PI,6,53,F,0.07477216148215643
143463,ATV,PI,7,63,P,0.06792006405802287
143463,ATV,PI,8,21,E,0.053680360539795295
143463,ATV,PI,9,46,M,0.0532665355794672
143463,ATV,PI,10,14,K,0.052286997294559295
172136,ATV,PI,1,72,Y,0.9999999523026339
172136,ATV,PI,2,54,I,0.07643793291820114
172136,ATV,PI,3,47,V,0.06310232213751747
172136,ATV,PI,4,12,T,0.04278165502264822
172136,ATV,PI,5,46,I,0.032688774772775084
172136,ATV,PI,6,63,P,0.02963456284131766
172136,ATV,PI,7,53,F,0.021444966435099543
172136,ATV,PI,8,10,L,0.020700025699399126
172136,ATV,PI,9,19,L,0.020134755258414315
172136,ATV,PI,10,14,K,0.013544431833868994
235701,ATV,PI,1,54,M,0.9999999523022434
235701,ATV,PI,2,11,L,0.25984922516036363
235701,ATV,PI,3,82,I,0.17946842252204576
235701,ATV,PI,4,34,S,0.14888701711786115
235701,ATV,PI,5,77,T,0.09762526407191974
235701,ATV,PI,6,36,V,0.053738279797963584
235701,ATV,PI,7,47,V,0.037037921570448044
235701,ATV,PI,8,12,T,0.02417665007088944
235701,ATV,PI,9,46,I,0.023596887944034813
235701,ATV,PI,10,89,M,0.02351423594888965
187155,ATV,PI,1,72,M,0.9999999522927363
187155,ATV,PI,2,54,V,0.5414526443877196
187155,ATV,PI,3,18,H,0.46983620218251043
187155,ATV,PI,4,12,T,0.08081377386681578
187155,ATV,PI,5,11,I,0.07367422316420995
187155,ATV,PI,6,46,I,0.06520943502774405
187155,ATV,PI,7,19,L,0.05143368013906353
187155,ATV,PI,8,20,I,0.04550147646615352
187155,ATV,PI,9,63,P,0.04377881461560854
187155,ATV,PI,10,53,F,0.03933620391902337
216617,ATV,PI,1,63,A,0.9999999522934183
216617,ATV,PI,2,54,I,0.14673506558795346
216617,ATV,PI,3,57,G,0.07373997245533391
216617,ATV,PI,4,12,T,0.06562789112814688
216617,ATV,PI,5,53,F,0.037925575562104956
216617,ATV,PI,6,10,L,0.03627172120481072
216617,ATV,PI,7,19,L,0.03389920825689317
216617,ATV,PI,8,46,M,0.02530610349657196
216617,ATV,PI,9,14,K,0.02134065211651169
216617,ATV,PI,10,55,K,0.021067596973557746
614970,ATV,PI,1,54,V,0.9381926275274244
614970,ATV,PI,2,72,L,0.8555752753998946
614970,ATV,PI,3,83,S,0.7248645703264864
614970,ATV,PI,4,12,T,0.13752635047573586
614970,ATV,PI,5,10,F,0.12860959984212234
614970,ATV,PI,6,22,V,0.12741187817769684
614970,ATV,PI,7,35,G,0.1259015022148417
614970,ATV,PI,8,63,P,0.07572930056680141
614970,ATV,PI,9,19,L,0.06717655254310405
614970,ATV,PI,10,53,F,0.06327473119074735
614474,ATV,PI,1,12,I,1.000000011908597
614474,ATV,PI,2,54,I,0.06300140671917648
614474,ATV,PI,3,57,K,0.021900221883304413
614474,ATV,PI,4,53,F,0.019352001930141232
614474,ATV,PI,5,19,L,0.017261980088434402
614474,ATV,PI,6,10,L,0.016756918336752205
614474,ATV,PI,7,63,P,0.013821593580453349
614474,ATV,PI,8,14,K,0.011627810033850517
614474,ATV,PI,9,46,M,0.011103575385425881
614474,ATV,PI,10,55,K,0.00928766435429282
615074,ATV,PI,1,50,L,0.9999999522980098
615074,ATV,PI,2,72,T,0.5966447651817577
615074,ATV,PI,3,54,I,0.16336574554534114
615074,ATV,PI,4,71,T,0.1303272568708263
615074,ATV,PI,5,12,T,0.09332188736167185
615074,ATV,PI,6,57,K,0.07210367527352543
615074,ATV,PI,7,63,P,0.0524200635519913
615074,ATV,PI,8,53,F,0.04701961151587676
615074,ATV,PI,9,10,L,0.04563193595601972
615074,ATV,PI,10,19,L,0.04369625305861221
615270,ATV,PI,1,54,I,0.9999999522584315
615270,ATV,PI,2,12,T,0.48248491085825573
615270,ATV,PI,3,53,F,0.26044967629688587
615270,ATV,PI,4,10,L,0.24660522199518353
615270,ATV,PI,5,19,L,0.2290431010842217
615270,ATV,PI,6,63,P,0.2272278853250786
615270,ATV,PI,7,14,K,0.157170242820378
615270,ATV,PI,8,46,M,0.14992585798891056
615270,ATV,PI,9,21,E,0.13932840024442888
615270,ATV,PI,10,55,K,0.1297889313512319
259207,ATV,PI,1,12,S,1.0000000119063763
259207,ATV,PI,2,19,I,0.08546599116015285
259207,ATV,PI,3,54,I,0.058312749837181155
259207,ATV,PI,4,69,Q,0.04890656114460719
259207,ATV,PI,5,57,K,0.02044204751716207
259207,ATV,PI,6,53,F,0.01623463813369945
259207,ATV,PI,7,10,L,0.015681289436190255
259207,ATV,PI,8,63,P,0.011867060198924945
259207,ATV,PI,9,46,M,0.010616037939898983
259207,ATV,PI,10,14,K,0.00966754267233163
615536,ATV,PI,1,63,C,0.9999999522957586
615536,ATV,PI,2,46,L,0.248619541657217
615536,ATV,PI,3,55,R,0.21353884039268897
615536,ATV,PI,4,74,S,0.11069852512542373
615536,ATV,PI,5,82,T,0.09131000581485332
615536,ATV,PI,6,54,I,0.08089245070501794
615536,ATV,PI,7,12,T,0.03557267664627578
615536,ATV,PI,8,53,F,0.024235402546252845
615536,ATV,PI,9,19,L,0.01911173908375588
615536,ATV,PI,10,10,I,0.013121844757213797
145208,ATV,PI,1,14,R,0.9999999522835978
145208,ATV,PI,2,54,I,0.3096389586335047
145208,ATV,PI,3,12,T,0.1677813909846568
145208,ATV,PI,4,19,L,0.09274320032258987
145208,ATV,PI,5,53,F,0.08409842392920697
145208,ATV,PI,6,10,L,0.07661980338454864
145208,ATV,PI,7,63,P,0.06989626357366081
145208,ATV,PI,8,46,M,0.050094528012910436
145208,ATV,PI,9,21,E,0.04538405049066698
145208,ATV,PI,10,55,K,0.04257942511376578
89952,ATV,PI,1,54,M,0.9999999523022032
89952,ATV,PI,2,70,T,0.8695725332591278
89952,ATV,PI,3,89,F,0.08547707070458375
89952,ATV,PI,4,82,T,0.060449829490206414
89952,ATV,PI,5,33,M,0.0449309795303118
89952,ATV,PI,6,47,V,0.03855537584995358
89952,ATV,PI,7,12,T,0.027995169232016514
89952,ATV,PI,8,46,I,0.022066462232343993
89952,ATV,PI,9,63,P,0.019123809016714722
89952,ATV,PI,10,58,E,0.018147203964320045
615206,ATV,PI,1,74,A,0.9808415694404727
615206,ATV,PI,2,61,E,0.9694554328706914
615206,ATV,PI,3,48,V,0.9294452273909162
615206,ATV,PI,4,54,V,0.5980462975800128
615206,ATV,PI,5,46,L,0.46487314187346357
615206,ATV,PI,6,91,S,0.23914807567667537
615206,ATV,PI,7,43,T,0.1679549230844457
615206,ATV,PI,8,10,V,0.13722848990307876
615206,ATV,PI,9,12,T,0.060354194814484896
615206,ATV,PI,10,53,F,0.042116435966607864
614494,ATV,PI,1,62,M,0.9999999522835987
614494,ATV,PI,2,66,F,0.39850096694236536
614494,ATV,PI,3,54,I,0.318393954179602
614494,ATV,PI,4,69,Q,0.2941328820424206
614494,ATV,PI,5,64,L,0.16699039621726855
614494,ATV,PI,6,12,T,0.13099545411602323
614494,ATV,PI,7,53,F,0.08700076788514541
614494,ATV,PI,8,63,P,0.07218649518043951
614494,ATV,PI,9,19,L,0.06752023876545261
614494,ATV,PI,10,46,M,0.05945468369092992
614988,ATV,PI,1,69,Y,0.9999999522851103
614988,ATV,PI,2,39,Q,0.6365414248987398
614988,ATV,PI,3,54,I,0.2443645821005498
614988,ATV,PI,4,12,T,0.12652825526190367
614988,ATV,PI,5,53,F,0.0670187877294548
614988,ATV,PI,6,10,L,0.06588278372123738
614988,ATV,PI,7,19,L,0.061980922346179926
614988,ATV,PI,8,63,P,0.05957728188631284
614988,ATV,PI,9,46,M,0.04399053512252415
614988,ATV,PI,10,14,K,0.040986191254462664
614662,ATV,PI,1,63,T,1.000000011909438
614662,ATV,PI,2,72,V,0.06272419629318686
614662,ATV,PI,3,54,I,0.05731976350774427
614662,ATV,PI,4,16,E,0.02852147119940711
614662,ATV,PI,5,12,T,0.025785574324972305
614662,ATV,PI,6,53,F,0.015848331328472156
614662,ATV,PI,7,19,L,0.014277659030289398
614662,ATV,PI,8,10,I,0.009846758602753377
614662,ATV,PI,9,14,K,0.009474741997088034
614662,ATV,PI,10,46,M,0.00882376015012896
614452,ATV,PI,1,70,R,0.9999999522860589
614452,ATV,PI,2,79,A,0.9161773109223323
614452,ATV,PI,3,72,L,0.7331958221023431
614452,ATV,PI,4,54,V,0.701250669775355
614452,ATV,PI,5,46,L,0.6143609593834176
614452,ATV,PI,6,83,H,0.4591826559243494
614452,ATV,PI,7,16,A,0.19020517116624228
614452,ATV,PI,8,10,F,0.11523860059214913
614452,ATV,PI,9,12,T,0.11097452234796161
614452,ATV,PI,10,11,I,0.09504210863043469
614840,ATV,PI,1,54,I,0.9277063130639039
614840,ATV,PI,2,33,V,0.7780468155280074
614840,ATV,PI,3,60,E,0.598796374121675
614840,ATV,PI,4,12,T,0.5188263432629533
614840,ATV,PI,5,53,F,0.25015325266820626
614840,ATV,PI,6,10,L,0.2452177911723925
614840,ATV,PI,7,19,L,0.24445759568799236
614840,ATV,PI,8,63,P,0.2280718966547082
614840,ATV,PI,9,14,K,0.1644673465309723
614840,ATV,PI,10,46,M,0.15846327220609494
614828,ATV,PI,1,8,Q,0.9999999522829917
614828,ATV,PI,2,54,V,0.5376802667873439
614828,ATV,PI,3,46,L,0.5280298487654665
614828,ATV,PI,4,55,R,0.42622677832996697
614828,ATV,PI,5,30,N,0.2101388783182614
614828,ATV,PI,6,12,T,0.09062946668933959
614828,ATV,PI,7,10,F,0.08740352952510566
614828,ATV,PI,8,58,E,0.05388434589675942
614828,ATV,PI,9,53,F,0.045656355001582855
614828,ATV,PI,10,19,L,0.044594985107221416
614826,ATV,PI,1,54,I,0.9999999522417472
614826,ATV,PI,2,12,T,0.4882775315725416
614826,ATV,PI,3,53,F,0.2541988966407953
614826,ATV,PI,4,10,L,0.250705951423176
614826,ATV,PI,5,19,L,0.23122171489388824
614826,ATV,PI,6,63,P,0.22881432132384813
614826,ATV,PI,7,46,M,0.16608718267798092
614826,ATV,PI,8,14,K,0.15658165852707046
614826,ATV,PI,9,21,E,0.1449558739576887
614826,ATV,PI,10,55,K,0.13234106869432238
615482,ATV,PI,1,54,M,1.0000000119116432
615482,ATV,PI,2,72,V,0.043284535135150994
615482,ATV,PI,3,64,L,0.025861458551144696
615482,ATV,PI,4,46,I,0.024307736931933464
615482,ATV,PI,5,12,T,0.023324334377849
615482,ATV,PI,6,53,F,0.014386629073391045
615482,ATV,PI,7,37,D,0.013973245202752118
615482,ATV,PI,8,24,I,0.013110229613176618
615482,ATV,PI,9,19,L,0.012396975380396708
615482,ATV,PI,10,63,P,0.011906012901524151
113058,ATV,PI,1,54,L,1.0000000119113654
113058,ATV,PI,2,48,I,0.24817863262760154
113058,ATV,PI,3,55,R,0.07928744209674762
113058,ATV,PI,4,76,V,0.022328575691421774
113058,ATV,PI,5,20,V,0.02004564086485651
113058,ATV,PI,6,10,F,0.016664127184095164
113058,ATV,PI,7,12,T,0.016120267352916932
113058,ATV,PI,8,11,I,0.01364768089782755
113058,ATV,PI,9,71,I,0.012749569376116831
113058,ATV,PI,10,58,E,0.01087672846566747
615226,ATV,PI,1,54,L,1.000000011912013
615226,ATV,PI,2,19,I,0.06805086241383286
615226,ATV,PI,3,37,E,0.029955995114169277
615226,ATV,PI,4,76,V,0.023188556417909262
615226,ATV,PI,5,10,F,0.018770874513923196
615226,ATV,PI,6,12,T,0.018318883558932086
615226,ATV,PI,7,46,I,0.01405473333103783
615226,ATV,PI,8,58,E,0.011754771050637259
615226,ATV,PI,9,63,P,0.007594687072299604
615226,ATV,PI,10,53,F,0.0074258273300749885
107981,ATV,PI,1,50,L,0.9999999523030157
107981,ATV,PI,2,54,V,0.6090655910491118
107981,ATV,PI,3,72,L,0.5387223051148631
107981,ATV,PI,4,55,R,0.45094626883483035
107981,ATV,PI,5,73,T,0.3411011949921437
107981,ATV,PI,6,95,F,0.2867979007438523
107981,ATV,PI,7,43,T,0.20035517313643303
107981,ATV,PI,8,12,T,0.07672434633277384
107981,ATV,PI,9,46,I,0.07528358212346478
107981,ATV,PI,10,63,P,0.05081712196303152
615194,ATV,PI,1,19,V,1.0000000118963128
615194,ATV,PI,2,46,L,0.24435649871438525
615194,ATV,PI,3,54,V,0.24360636622897758
615194,ATV,PI,4,14,R,0.18691533810647695
615194,ATV,PI,5,36,L,0.1317365543483505
615194,ATV,PI,6,91,S,0.10443012711730323
615194,ATV,PI,7,10,V,0.06840782444736702
615194,ATV,PI,8,12,T,0.03439235046228542
615194,ATV,PI,9,53,F,0.02112183765969364
615194,ATV,PI,10,63,P,0.01566603528575944
206437,ATV,PI,1,12,P,1.000000011910705
206437,ATV,PI,2,54,V,0.3749065290137472
206437,ATV,PI,3,79,D,0.3566762517928538
206437,ATV,PI,4,57,G,0.04515341280881538
206437,ATV,PI,5,34,Q,0.044754661335743455
206437,ATV,PI,6,10,F,0.042638350707244796
206437,ATV,PI,7,46,I,0.042256032375634175
206437,ATV,PI,8,24,F,0.041827882391832674
206437,ATV,PI,9,53,F,0.03037982057041272
206437,ATV,PI,10,19,L,0.027819104830275193
615166,ATV,PI,1,53,L,0.999999952299781
615166,ATV,PI,2,54,V,0.2354366326503156
615166,ATV,PI,3,55,R,0.19940215909602121
615166,ATV,PI,4,36,L,0.1208978979163288
615166,ATV,PI,5,82,T,0.07659373526689715
615166,ATV,PI,6,10,V,0.07103401442147536
615166,ATV,PI,7,47,V,0.04751309870687514
615166,ATV,PI,8,20,M,0.034540187987576985
615166,ATV,PI,9,12,T,0.03146686562736434
615166,ATV,PI,10,46,I,0.02867283926128545
615540,ATV,PI,1,54,L,1.0000000119146955
615540,ATV,PI,2,50,V,0.15296798401728998
615540,ATV,PI,3,11,L,0.15076128712553485
615540,ATV,PI,4,55,R,0.0806951530283648
615540,ATV,PI,5,37,E,0.023863411930130335
615540,ATV,PI,6,10,F,0.01673587565674265
615540,ATV,PI,7,60,E,0.01637746355710604
615540,ATV,PI,8,58,E,0.014884972610074279
615540,ATV,PI,9,12,T,0.014732377981938747
615540,ATV,PI,10,46,I,0.014329314179294183
187169,ATV,PI,1,12,S,1.0000000119072388
187169,ATV,PI,2,7,R,0.2727509014148752
187169,ATV,PI,3,14,R,0.15366615369420394
187169,ATV,PI,4,54,I,0.050046022805013385
187169,ATV,PI,5,64,M,0.03892461991138261
187169,ATV,PI,6,19,L,0.01689138185511161
187169,ATV,PI,7,53,F,0.013163514185316505
187169,ATV,PI,8,10,L,0.013045828586450984
187169,ATV,PI,9,63,P,0.010734068200066931
187169,ATV,PI,10,46,M,0.00830654840918009
147550,ATV,PI,1,12,K,0.9974397614752983
147550,ATV,PI,2,54,M,0.7080307721960697
147550,ATV,PI,3,66,V,0.09964743577195703
147550,ATV,PI,4,47,V,0.024500206810331625
147550,ATV,PI,5,20,V,0.021696178519037167
147550,ATV,PI,6,46,I,0.0127987995865056
147550,ATV,PI,7,35,G,0.012717119820098748
147550,ATV,PI,8,11,I,0.01255837942577069
147550,ATV,PI,9,19,L,0.01171457769248243
147550,ATV,PI,10,58,E,0.011155956799002666
187147,ATV,PI,1,63,L,0.9999999522937175
187147,ATV,PI,2,54,I,0.23909999291252945
187147,ATV,PI,3,12,T,0.10910431182539154
187147,ATV,PI,4,53,F,0.06086890096218284
187147,ATV,PI,5,10,L,0.057202346315359615
187147,ATV,PI,6,19,L,0.051636672222654334
187147,ATV,PI,7,14,K,0.035024522409140404
187147,ATV,PI,8,46,M,0.03454820985708468
187147,ATV,PI,9,21,E,0.032284588215705574
187147,ATV,PI,10,55,K,0.030178816287738917
205691,ATV,PI,1,54,I,0.9999999522380191
205691,ATV,PI,2,57,G,0.5249803924806971
205691,ATV,PI,3,12,T,0.456392949599362
205691,ATV,PI,4,63,P,0.2669736618471614
205691,ATV,PI,5,53,F,0.24959393254235424
205691,ATV,PI,6,19,L,0.23308395474845228
205691,ATV,PI,7,10,I,0.18210449810475804
205691,ATV,PI,8,46,M,0.18097740394055525
205691,ATV,PI,9,71,V,0.16000857548428085
205691,ATV,PI,10,14,K,0.1506936547150905
257941,ATV,PI,1,14,R,0.9999999522801463
257941,ATV,PI,2,54,I,0.2910587050178713
257941,ATV,PI,3,72,V,0.27103622953163353
257941,ATV,PI,4,64,L,0.19070467313024142
257941,ATV,PI,5,12,T,0.1563920952752978
257941,ATV,PI,6,57,G,0.14271204626273626
257941,ATV,PI,7,19,L,0.08942917759507198
257941,ATV,PI,8,53,F,0.0767837889037081
257941,ATV,PI,9,10,L,0.07105073701719365
257941,ATV,PI,10,63,P,0.0679796890818484
109412,ATV,PI,1,63,L,0.9999999522899633
109412,ATV,PI,2,54,I,0.24391173418449408
109412,ATV,PI,3,12,T,0.1147506662367842
109412,ATV,PI,4,53,F,0.06232410884582766
109412,ATV,PI,5,10,L,0.059024035549526926
109412,ATV,PI,6,19,L,0.05381211363642794
109412,ATV,PI,7,14,K,0.0360710742572912
109412,ATV,PI,8,46,M,0.03590044628130839
109412,ATV,PI,9,21,E,0.03335012764170612
109412,ATV,PI,10,55,K,0.03102555496689794
615172,ATV,PI,1,54,L,0.9999999523035195
615172,ATV,PI,2,53,L,0.43629204225492824
615172,ATV,PI,3,4,P,0.2231272911714812
615172,ATV,PI,4,14,R,0.12876477557147012
615172,ATV,PI,5,74,S,0.05339457654283497
615172,ATV,PI,6,37,T,0.048488161837127786
615172,ATV,PI,7,12,T,0.02056440766041624
615172,ATV,PI,8,10,F,0.018978314508285462
615172,ATV,PI,9,46,I,0.013077631072503386
615172,ATV,PI,10,71,I,0.012232620500937843
259199,ATV,PI,1,12,P,1.0000000119035406
259199,ATV,PI,2,63,A,0.5086549616622776
259199,ATV,PI,3,54,I,0.08593287074049168
259199,ATV,PI,4,72,V,0.07577327935509978
259199,ATV,PI,5,57,G,0.03701246880281282
259199,ATV,PI,6,10,L,0.027226311889182366
259199,ATV,PI,7,19,L,0.02539111901523066
259199,ATV,PI,8,53,F,0.022812002655348523
259199,ATV,PI,9,46,M,0.016652593956740187
259199,ATV,PI,10,14,K,0.01440462359595407
614914,ATV,PI,1,50,V,0.9631055116336259
614914,ATV,PI,2,63,L,0.8357174131766679
614914,ATV,PI,3,54,V,0.6323038991915192
614914,ATV,PI,4,69,R,0.3164129153129745
614914,ATV,PI,5,12,T,0.0787426383995914
614914,ATV,PI,6,89,M,0.07651766567240398
614914,ATV,PI,7,46,I,0.07509768887759818
614914,ATV,PI,8,53,F,0.04780650138981878
614914,ATV,PI,9,10,L,0.044403802795826106
614914,ATV,PI,10,19,L,0.03881361605532627
614588,ATV,PI,1,63,L,0.9999999522922902
614588,ATV,PI,2,54,I,0.2370974397077422
614588,ATV,PI,3,12,T,0.10855765252688855
614588,ATV,PI,4,53,F,0.05968479989041062
614588,ATV,PI,5,10,L,0.05634163115481419
614588,ATV,PI,6,19,L,0.05130677700048024
614588,ATV,PI,7,46,M,0.03455175772092349
614588,ATV,PI,8,14,K,0.034515168698115044
614588,ATV,PI,9,21,E,0.031879138096683204
614588,ATV,PI,10,55,K,0.029465300203272655
614980,ATV,PI,1,63,C,0.9999999522932466
614980,ATV,PI,2,65,D,0.783048321313367
614980,ATV,PI,3,50,L,0.4429381556404305
614980,ATV,PI,4,82,M,0.3516214271857912
614980,ATV,PI,5,45,I,0.16563156265497656
614980,ATV,PI,6,69,K,0.10800373609834397
614980,ATV,PI,7,54,I,0.06968906328389869
614980,ATV,PI,8,16,E,0.036728530198745696
614980,ATV,PI,9,12,T,0.030142220877931045
614980,ATV,PI,10,35,G,0.029551266030922733
614770,ATV,PI,1,54,L,1.0000000119130945
614770,ATV,PI,2,72,L,0.08628410691260273
614770,ATV,PI,3,19,I,0.0691902304786291
614770,ATV,PI,4,69,R,0.05116070772492739
614770,ATV,PI,5,67,F,0.03077834153972284
614770,ATV,PI,6,33,M,0.028961201927328564
614770,ATV,PI,7,12,T,0.019770072286788995
614770,ATV,PI,8,10,F,0.01920789820177457
614770,ATV,PI,9,88,D,0.011634811893090225
614770,ATV,PI,10,63,P,0.01024344112268669
116527,ATV,PI,1,54,L,0.9999999523009471
116527,ATV,PI,2,53,L,0.4101367787789024
116527,ATV,PI,3,39,S,0.13337607832381912
116527,ATV,PI,4,36,A,0.08051297100806581
116527,ATV,PI,5,34,Q,0.023958410648562502
116527,ATV,PI,6,46,I,0.014548676740523224
116527,ATV,PI,7,12,T,0.012473694310750294
116527,ATV,PI,8,63,P,0.007062612837336304
116527,ATV,PI,9,10,L,0.006869978749931647
116527,ATV,PI,10,19,L,0.00612851149889126
117055,ATV,PI,1,30,N,0.9824797629773282
117055,ATV,PI,2,54,I,0.8115640147725994
117055,ATV,PI,3,64,L,0.5161201985005868
117055,ATV,PI,4,12,T,0.41930792418808316
117055,ATV,PI,5,88,D,0.23965510033860254
117055,ATV,PI,6,53,F,0.21651342823396327
117055,ATV,PI,7,19,L,0.2054031601158789
117055,ATV,PI,8,10,L,0.20226537394376246
117055,ATV,PI,9,63,P,0.1972489972736602
117055,ATV,PI,10,46,M,0.14070501761754817
147979,ATV,PI,1,63,L,0.9999999522924189
147979,ATV,PI,2,72,V,0.2658318504229527
147979,ATV,PI,3,54,I,0.24190609132183033
147979,ATV,PI,4,12,T,0.11627982976371884
147979,ATV,PI,5,53,F,0.06230296071640682
147979,ATV,PI,6,10,L,0.05843557510564096
147979,ATV,PI,7,19,L,0.054591003284439735
147979,ATV,PI,8,14,K,0.03850284211976547
147979,ATV,PI,9,46,M,0.036525977202266954
147979,ATV,PI,10,21,E,0.03429284477576823
205632,ATV,PI,1,54,V,0.999999952290894
205632,ATV,PI,2,60,E,0.20080936238821973
205632,ATV,PI,3,20,M,0.16587914924432584
205632,ATV,PI,4,57,G,0.16317906499641807
205632,ATV,PI,5,12,T,0.16201032430096365
205632,ATV,PI,6,35,G,0.1584863305507813
205632,ATV,PI,7,19,L,0.09801107627196232
205632,ATV,PI,8,88,D,0.09020119764285237
205632,ATV,PI,9,63,P,0.08538338038248444
205632,ATV,PI,10,53,F,0.07964817814191716
117003,ATV,PI,1,54,I,0.9999998926215252
117003,ATV,PI,2,71,T,0.8498989425828033
117003,ATV,PI,3,10,F,0.5996331222965563
117003,ATV,PI,4,12,T,0.552004298734733
117003,ATV,PI,5,46,I,0.4584320980913132
117003,ATV,PI,6,57,K,0.4033215593593273
117003,ATV,PI,7,53,F,0.2865690429208018
117003,ATV,PI,8,19,L,0.24967834332160543
117003,ATV,PI,9,63,P,0.24869337389912768
117003,ATV,PI,10,21,E,0.1836168402216692
146948,ATV,PI,1,79,A,0.9999999522918774
146948,ATV,PI,2,14,R,0.7050728794603728
146948,ATV,PI,3,54,I,0.22577876927075233
146948,ATV,PI,4,20,V,0.14300726092226484
146948,ATV,PI,5,12,T,0.12954418031838372
146948,ATV,PI,6,11,I,0.10167194563422965
146948,ATV,PI,7,71,I,0.09993167439486002
146948,ATV,PI,8,19,L,0.0710320313237634
146948,ATV,PI,9,53,F,0.05556409081135897
146948,ATV,PI,10,63,P,0.0527649599163443
148115,ATV,PI,1,54,I,0.9999999522537636
148115,ATV,PI,2,12,T,0.4833292951067312
148115,ATV,PI,3,53,F,0.24983538412746065
148115,ATV,PI,4,10,L,0.24609659021309777
148115,ATV,PI,5,19,L,0.23179573196521275
148115,ATV,PI,6,63,P,0.23154193166815565
148115,ATV,PI,7,46,M,0.1651321001316894
148115,ATV,PI,8,14,K,0.15793165403189285
148115,ATV,PI,9,21,E,0.1427097309808086
148115,ATV,PI,10,55,K,0.13047577122939955
115755,ATV,PI,1,53,L,0.9999999522967167
115755,ATV,PI,2,70,E,0.9289971253138984
115755,ATV,PI,3,48,Q,0.638274150290518
115755,ATV,PI,4,72,M,0.4143124521003478
115755,ATV,PI,5,54,V,0.24868007806108816
115755,ATV,PI,6,19,I,0.1187365948447762
115755,ATV,PI,7,12,T,0.03366980470306238
115755,ATV,PI,8,20,M,0.03171231343149134
115755,ATV,PI,9,63,P,0.02413224989460979
115755,ATV,PI,10,24,I,0.017730216515735326
614760,ATV,PI,1,10,V,0.9745507954910966
614760,ATV,PI,2,54,I,0.8691579991438552
614760,ATV,PI,3,12,T,0.4857729114573195
614760,ATV,PI,4,53,F,0.2416467923521869
614760,ATV,PI,5,19,L,0.2372522957482281
614760,ATV,PI,6,63,P,0.22028752883922922
614760,ATV,PI,7,14,K,0.15404200386318934
614760,ATV,PI,8,46,M,0.15074871337087342
614760,ATV,PI,9,21,E,0.14476447403627987
614760,ATV,PI,10,55,K,0.12404261723061336
615502,ATV,PI,1,54,V,0.9807323336184992
615502,ATV,PI,2,46,L,0.8797004183087127
615502,ATV,PI,3,72,L,0.8042201314860034
615502,ATV,PI,4,55,R,0.7694464258504912
615502,ATV,PI,5,92,K,0.3648156654342163
615502,ATV,PI,6,12,T,0.14056132349121497
615502,ATV,PI,7,19,L,0.08656844946416851
615502,ATV,PI,8,20,I,0.07776348448662584
615502,ATV,PI,9,53,F,0.07744811464470555
615502,ATV,PI,10,24,I,0.07442622936579718
615468,ATV,PI,1,12,E,1.0000000119095929
615468,ATV,PI,2,19,I,0.03232729401537408
615468,ATV,PI,3,54,I,0.022544684706349495
615468,ATV,PI,4,64,L,0.015194868337873441
615468,ATV,PI,5,10,L,0.006418405100201684
615468,ATV,PI,6,53,F,0.0062189549018745564
615468,ATV,PI,7,63,P,0.004445161479859203
615468,ATV,PI,8,46,M,0.0041723179816165615
615468,ATV,PI,9,21,E,0.004102083698878534
615468,ATV,PI,10,14,K,0.0035604452003752014
615518,ATV,PI,1,95,L,0.9999999523031565
615518,ATV,PI,2,54,V,0.7279939273800244
615518,ATV,PI,3,46,L,0.6271931232908786
615518,ATV,PI,4,67,F,0.1440037914712235
615518,ATV,PI,5,12,T,0.09327513044892285
615518,ATV,PI,6,58,E,0.08896279638771543
615518,ATV,PI,7,53,F,0.06434848451523917
615518,ATV,PI,8,82,A,0.05740239587955772
615518,ATV,PI,9,63,P,0.05440656154601304
615518,ATV,PI,10,37,D,0.052218409446260515
147551,ATV,PI,1,20,L,0.9999999522930051
147551,ATV,PI,2,92,K,0.33603946286687386
147551,ATV,PI,3,74,S,0.3295768429588516
147551,ATV,PI,4,88,S,0.2886644310356588
147551,ATV,PI,5,54,I,0.20938397171228237
147551,ATV,PI,6,71,T,0.16868349565936339
147551,ATV,PI,7,12,T,0.10172035551501875
147551,ATV,PI,8,46,I,0.08739307157194384
147551,ATV,PI,9,58,E,0.07455874306061108
147551,ATV,PI,10,19,L,0.060398726053095604
614934,ATV,PI,1,63,L,0.9999999522926101
614934,ATV,PI,2,10,V,0.26547784329329993
614934,ATV,PI,3,54,I,0.23837566720024994
614934,ATV,PI,4,12,T,0.11482423243157018
614934,ATV,PI,5,53,F,0.061369172006384365
614934,ATV,PI,6,19,L,0.05575976981631757
614934,ATV,PI,7,14,K,0.035456689329835644
614934,ATV,PI,8,21,E,0.03479184833576046
614934,ATV,PI,9,46,M,0.034430622519509395
614934,ATV,PI,10,55,K,0.030370107722235914
206409,ATV,PI,1,12,I,1.0000000119030974
206409,ATV,PI,2,54,I,0.06521589983413913
206409,ATV,PI,3,53,F,0.018814831716157686
206409,ATV,PI,4,19,L,0.017401960210062826
206409,ATV,PI,5,10,L,0.01679724143686328
206409,ATV,PI,6,37,D,0.0165590060308671
206409,ATV,PI,7,63,P,0.014052253903303868
206409,ATV,PI,8,46,M,0.011706284567738676
206409,ATV,PI,9,14,K,0.010761458787927234
206409,ATV,PI,10,55,K,0.009291206836424612
615216,ATV,PI,1,54,V,0.9999999522849886
615216,ATV,PI,2,43,T,0.32753136762830753
615216,ATV,PI,3,60,E,0.153502107607179
615216,ATV,PI,4,12,T,0.12409332123943298
615216,ATV,PI,5,57,K,0.10183329946861591
615216,ATV,PI,6,37,D,0.08299850212035421
615216,ATV,PI,7,53,F,0.07551431250090586
615216,ATV,PI,8,10,L,0.06817843591049613
615216,ATV,PI,9,19,L,0.06154916853895949
615216,ATV,PI,10,63,P,0.05900258927863102
115071,ATV,PI,1,63,L,0.9999999522954437
115071,ATV,PI,2,14,R,0.6965478020054976
115071,ATV,PI,3,77,T,0.49277814463975933
115071,ATV,PI,4,54,I,0.3021250991676482
115071,ATV,PI,5,10,V,0.2736499526021308
115071,ATV,PI,6,37,E,0.20274423015855444
115071,ATV,PI,7,16,E,0.12800686246849385
115071,ATV,PI,8,46,I,0.11750156366931198
115071,ATV,PI,9,12,T,0.10040419371125908
115071,ATV,PI,10,57,K,0.09714173459679892
615316,ATV,PI,1,54,M,1.0000000119131023
615316,ATV,PI,2,45,R,0.15219975205513359
615316,ATV,PI,3,72,V,0.05038820258767971
615316,ATV,PI,4,67,F,0.039843181848781606
615316,ATV,PI,5,12,T,0.02169403689023235
615316,ATV,PI,6,20,T,0.018240704551609664
615316,ATV,PI,7,71,I,0.01749065142826319
615316,ATV,PI,8,53,F,0.014978610200584587
615316,ATV,PI,9,63,P,0.013234557804199198
615316,ATV,PI,10,10,L,0.011891790719689313
614788,ATV,PI,1,54,I,0.9999999522537636
614788,ATV,PI,2,12,T,0.4833292951067312
614788,ATV,PI,3,53,F,0.24983538412746065
614788,ATV,PI,4,10,L,0.24609659021309777
614788,ATV,PI,5,19,L,0.23179573196521275
614788,ATV,PI,6,63,P,0.23154193166815565
614788,ATV,PI,7,46,M,0.1651321001316894
614788,ATV,PI,8,14,K,0.15793165403189285
614788,ATV,PI,9,21,E,0.1427097309808086
614788,ATV,PI,10,55,K,0.13047577122939955
115749,DRV,PI,1,63,L,0.9999999523060346
115749,DRV,PI,2,48,M,0.7063752758804906
115749,DRV,PI,3,54,S,0.6451741593116118
115749,DRV,PI,4,33,F,0.10205319238096539
115749,DRV,PI,5,43,T,0.042869365575557136
115749,DRV,PI,6,24,L,0.029215191804737188
115749,DRV,PI,7,61,Q,0.023223135158192805
115749,DRV,PI,8,65,E,0.017811026613623257
115749,DRV,PI,9,35,D,0.01507740497108957
115749,DRV,PI,10,20,R,0.014861596796011012
206435,DRV,PI,1,63,P,0.9999999522722849
206435,DRV,PI,2,57,G,0.6926085340297169
206435,DRV,PI,3,69,Q,0.6424937818760779
206435,DRV,PI,4,61,Q,0.2326168595448537
206435,DRV,PI,5,24,L,0.13442077984127535
206435,DRV,PI,6,65,E,0.12174472305495562
206435,DRV,PI,7,35,D,0.118581183985016
206435,DRV,PI,8,33,L,0.11637149186722306
206435,DRV,PI,9,58,Q,0.09709756262619776
206435,DRV,PI,10,12,T,0.09700846360498071
187171,DRV,PI,1,12,S,0.9494235038588822
187171,DRV,PI,2,64,M,0.9428528946151367
187171,DRV,PI,3,63,P,0.14189706022701865
187171,DRV,PI,4,14,R,0.12371932672586598
187171,DRV,PI,5,61,Q,0.03141506828813431
187171,DRV,PI,6,65,E,0.023356091064949715
187171,DRV,PI,7,24,L,0.023053378786400926
187171,DRV,PI,8,33,L,0.017442041254140644
187171,DRV,PI,9,19,L,0.015481584507215138
187171,DRV,PI,10,62,V,0.012495420844078134
615360,DRV,PI,1,33,V,0.9999999523003749
615360,DRV,PI,2,63,P,0.22377913046601097
615360,DRV,PI,3,45,R,0.16135366818066563
615360,DRV,PI,4,61,Q,0.0491353840760956
615360,DRV,PI,5,50,L,0.04221706750377529
615360,DRV,PI,6,73,S,0.038256506056669574
615360,DRV,PI,7,24,L,0.029891713411096844
615360,DRV,PI,8,65,E,0.029152997895125043
615360,DRV,PI,9,12,T,0.025114899662577538
615360,DRV,PI,10,64,I,0.020175739305135283
235725,DRV,PI,1,36,T,0.9999999522761132
235725,DRV,PI,2,63,P,0.6458191239329848
235725,DRV,PI,3,57,G,0.36802970424109605
235725,DRV,PI,4,37,E,0.2786011547434342
235725,DRV,PI,5,61,Q,0.14963282173353148
235725,DRV,PI,6,65,E,0.09309847406801676
235725,DRV,PI,7,24,L,0.09262838035268507
235725,DRV,PI,8,12,T,0.0758710891642648
235725,DRV,PI,9,33,L,0.06540526836835737
235725,DRV,PI,10,35,D,0.06351411762844446
615254,DRV,PI,1,66,L,0.99999995229182
615254,DRV,PI,2,33,I,0.7029188573265532
615254,DRV,PI,3,11,I,0.4148582940589097
615254,DRV,PI,4,72,L,0.37856772156365587
615254,DRV,PI,5,63,P,0.376546879802401
615254,DRV,PI,6,10,F,0.1387434035645191
615254,DRV,PI,7,82,T,0.11860061344418413
615254,DRV,PI,8,57,K,0.11443531088755364
615254,DRV,PI,9,20,T,0.09385907672605515
615254,DRV,PI,10,46,I,0.0918256797798591
615042,DRV,PI,1,63,L,0.9999999523035887
615042,DRV,PI,2,34,D,0.4593075272611734
615042,DRV,PI,3,33,F,0.08335712548125014
615042,DRV,PI,4,54,M,0.06749783994901926
615042,DRV,PI,5,58,E,0.04157975841299785
615042,DRV,PI,6,32,I,0.03915630162403591
615042,DRV,PI,7,16,E,0.036053799227041654
615042,DRV,PI,8,61,Q,0.026502796044882954
615042,DRV,PI,9,47,V,0.02003382760676994
615042,DRV,PI,10,65,E,0.013423579240428342
116912,DRV,PI,1,63,P,0.9020717858934483
116912,DRV,PI,2,16,A,0.7727877085460308
116912,DRV,PI,3,14,R,0.759870911978449
116912,DRV,PI,4,37,D,0.23332605899413392
116912,DRV,PI,5,61,Q,0.18450451558475633
116912,DRV,PI,6,65,E,0.13506643988434258
116912,DRV,PI,7,24,L,0.12183214217085349
116912,DRV,PI,8,13,V,0.11481368610207827
116912,DRV,PI,9,35,D,0.09741490284912882
116912,DRV,PI,10,33,L,0.09708635204188736
614736,DRV,PI,1,63,A,1.0000000119123498
614736,DRV,PI,2,61,Q,0.008053922706251892
614736,DRV,PI,3,65,E,0.0049389155571150055
614736,DRV,PI,4,24,L,0.004837233436872304
614736,DRV,PI,5,33,L,0.004111510398167179
614736,DRV,PI,6,62,V,0.003548118438276058
614736,DRV,PI,7,12,T,0.003334976336989451
614736,DRV,PI,8,15,V,0.00327833517949308
614736,DRV,PI,9,64,I,0.0032386707823101445
614736,DRV,PI,10,58,Q,0.0022534421937646255
187129,DRV,PI,1,63,L,0.9726833224180501
187129,DRV,PI,2,19,Q,0.9416131202682041
187129,DRV,PI,3,93,M,0.13889634372474222
187129,DRV,PI,4,60,E,0.042888067030508584
187129,DRV,PI,5,61,Q,0.027798074381739007
187129,DRV,PI,6,65,E,0.01415348001438485
187129,DRV,PI,7,24,L,0.013958994459119252
187129,DRV,PI,8,12,T,0.012262292252262632
187129,DRV,PI,9,54,V,0.01064153227745626
187129,DRV,PI,10,33,L,0.010280182171101488
615440,DRV,PI,1,63,S,1.0000000119130006
615440,DRV,PI,2,64,V,0.0052028878993030945
615440,DRV,PI,3,61,Q,0.0020946526874626404
615440,DRV,PI,4,77,I,0.0012656337757218483
615440,DRV,PI,5,24,L,0.001250665721817745
615440,DRV,PI,6,65,E,0.0012119854408410564
615440,DRV,PI,7,33,L,0.0009989641870996767
615440,DRV,PI,8,12,T,0.0008635257817409452
615440,DRV,PI,9,62,I,0.0008072783273657946
615440,DRV,PI,10,46,M,0.0005652533286268936
615432,DRV,PI,1,48,A,0.9999999523087719
615432,DRV,PI,2,83,D,0.47059869508672353
615432,DRV,PI,3,91,N,0.31989755701107425
615432,DRV,PI,4,45,I,0.18905043136660246
615432,DRV,PI,5,63,P,0.11115292749897632
615432,DRV,PI,6,33,F,0.09758630842839607
615432,DRV,PI,7,64,V,0.07069533863004136
615432,DRV,PI,8,37,D,0.04594647365868192
615432,DRV,PI,9,24,L,0.035861574536748646
615432,DRV,PI,10,61,Q,0.025651759392913906
615488,DRV,PI,1,61,E,1.0000000119127557
615488,DRV,PI,2,63,P,0.08730423739394032
615488,DRV,PI,3,60,E,0.03634931470893954
615488,DRV,PI,4,24,L,0.01392067363292121
615488,DRV,PI,5,77,I,0.012754279076392299
615488,DRV,PI,6,65,E,0.012267844667040024
615488,DRV,PI,7,12,T,0.010652417524787999
615488,DRV,PI,8,33,L,0.00969364699402234
615488,DRV,PI,9,62,I,0.007486638211322367
615488,DRV,PI,10,64,I,0.007399631250520438
148089,DRV,PI,1,72,T,0.9999999522899179
148089,DRV,PI,2,79,D,0.6601706381125362
148089,DRV,PI,3,63,P,0.604480367163411
148089,DRV,PI,4,60,E,0.2603080690607755
148089,DRV,PI,5,57,K,0.19303137042014032
148089,DRV,PI,6,61,Q,0.17080295119116318
148089,DRV,PI,7,24,L,0.09189552014029845
148089,DRV,PI,8,65,E,0.083710890435771
148089,DRV,PI,9,12,T,0.0689634535406194
148089,DRV,PI,10,20,R,0.06674473613848933
614780,DRV,PI,1,63,P,0.825352680635485
614780,DRV,PI,2,36,V,0.7801990452428098
614780,DRV,PI,3,33,F,0.7477019452656581
614780,DRV,PI,4,37,E,0.6231292846500729
614780,DRV,PI,5,60,E,0.45678793276701996
614780,DRV,PI,6,10,F,0.32570106718702674
614780,DRV,PI,7,30,N,0.31056246134372206
614780,DRV,PI,8,57,K,0.3100812449110351
614780,DRV,PI,9,88,D,0.2614827909977865
614780,DRV,PI,10,61,Q,0.21587155714166129
116511,DRV,PI,1,22,V,0.9371269537015335
116511,DRV,PI,2,11,I,0.8118689774985893
116511,DRV,PI,3,55,R,0.7183268327355121
116511,DRV,PI,4,63,P,0.6771320148232202
116511,DRV,PI,5,69,Q,0.42495830277948976
116511,DRV,PI,6,64,V,0.41248124152861054
116511,DRV,PI,7,32,I,0.335757193164453
116511,DRV,PI,8,46,I,0.18271749542156485
116511,DRV,PI,9,61,Q,0.14219973168575664
116511,DRV,PI,10,24,L,0.14078116264922147
117037,DRV,PI,1,24,F,1.0000000119152461
117037,DRV,PI,2,74,P,0.40650547733972303
117037,DRV,PI,3,63,P,0.07122984445279842
117037,DRV,PI,4,33,F,0.06852522093376383
117037,DRV,PI,5,16,A,0.06555427440310341
117037,DRV,PI,6,53,L,0.05570457029335348
117037,DRV,PI,7,32,I,0.03861603058341774
117037,DRV,PI,8,43,T,0.028193646408034574
117037,DRV,PI,9,46,I,0.02156531012975694
117037,DRV,PI,10,61,Q,0.018271156008309378
615054,DRV,PI,1,73,A,0.9999999522983437
615054,DRV,PI,2,34,Q,0.45165644462252186
615054,DRV,PI,3,18,H,0.4155312121119914
615054,DRV,PI,4,63,P,0.3401726261419893
615054,DRV,PI,5,19,I,0.3270325235428946
615054,DRV,PI,6,72,L,0.26553881141032354
615054,DRV,PI,7,76,V,0.15773874364779755
615054,DRV,PI,8,20,M,0.13189310714448027
615054,DRV,PI,9,61,Q,0.07650345733920706
615054,DRV,PI,10,89,V,0.06653878164155211
117073,DRV,PI,1,63,P,0.9999999522689834
117073,DRV,PI,2,72,V,0.678558162563635
117073,DRV,PI,3,61,Q,0.21589697892257542
117073,DRV,PI,4,24,L,0.13419372089169498
117073,DRV,PI,5,54,V,0.13284334530839484
117073,DRV,PI,6,33,L,0.12402729822654646
117073,DRV,PI,7,65,E,0.11099499676094769
117073,DRV,PI,8,12,T,0.09783933221777973
117073,DRV,PI,9,82,A,0.09065044552765497
117073,DRV,PI,10,62,I,0.08340193904541555
109462,DRV,PI,1,63,L,1.0000000119110837
109462,DRV,PI,2,37,T,0.0829989184196067
109462,DRV,PI,3,61,Q,0.026255701149307184
109462,DRV,PI,4,65,E,0.015481862599204201
109462,DRV,PI,5,24,L,0.014046943544634774
109462,DRV,PI,6,33,L,0.011530172248112414
109462,DRV,PI,7,64,I,0.010672270100126363
109462,DRV,PI,8,62,V,0.010296665117116174
109462,DRV,PI,9,12,T,0.00989731759277328
109462,DRV,PI,10,72,I,0.006762815166997381
147991,DRV,PI,1,33,I,0.9401331066675168
147991,DRV,PI,2,63,P,0.6711866453064024
147991,DRV,PI,3,58,E,0.332207130085038
147991,DRV,PI,4,35,G,0.33137051607248713
147991,DRV,PI,5,60,E,0.2732999955060287
147991,DRV,PI,6,61,Q,0.17576732279027382
147991,DRV,PI,7,71,T,0.14715102078596
147991,DRV,PI,8,73,S,0.12086697853674529
147991,DRV,PI,9,24,L,0.11519201413939639
147991,DRV,PI,10,65,E,0.0912538635669016
614794,DRV,PI,1,63,A,1.0000000119143526
614794,DRV,PI,2,16,E,0.01513423146163595
614794,DRV,PI,3,61,Q,0.00783320898831132
614794,DRV,PI,4,24,L,0.004920344167164678
614794,DRV,PI,5,65,E,0.0048333177294631845
614794,DRV,PI,6,33,L,0.003915016560187612
614794,DRV,PI,7,12,T,0.003490618274189587
614794,DRV,PI,8,62,V,0.003089899940591188
614794,DRV,PI,9,64,I,0.0030892333400619988
614794,DRV,PI,10,19,L,0.00215094793038613
614886,DRV,PI,1,63,P,0.9999999522841758
614886,DRV,PI,2,71,T,0.2594075311183832
614886,DRV,PI,3,61,Q,0.2217855297788024
614886,DRV,PI,4,24,L,0.14217609953095156
614886,DRV,PI,5,35,D,0.1260532541360557
614886,DRV,PI,6,33,L,0.12179248286708545
614886,DRV,PI,7,65,E,0.11462217485507914
614886,DRV,PI,8,12,T,0.1037761103448514
614886,DRV,PI,9,62,I,0.07950028322578545
614886,DRV,PI,10,64,I,0.07753654983130728
105320,DRV,PI,1,88,S,0.8352623902923717
105320,DRV,PI,2,63,P,0.8296612619986574
105320,DRV,PI,3,85,V,0.779838633775489
105320,DRV,PI,4,58,E,0.4311112194333606
105320,DRV,PI,5,46,I,0.23774124880761202
105320,DRV,PI,6,20,T,0.23277164955969062
105320,DRV,PI,7,61,Q,0.20840140384394187
105320,DRV,PI,8,71,T,0.1695049454978888
105320,DRV,PI,9,24,L,0.13343794909845863
105320,DRV,PI,10,65,E,0.10401154505049559
614606,DRV,PI,1,23,I,0.9999999523064953
614606,DRV,PI,2,33,I,0.21182220189597006
614606,DRV,PI,3,63,P,0.14291395052275804
614606,DRV,PI,4,46,L,0.11410633826271806
614606,DRV,PI,5,16,A,0.1039509149069282
614606,DRV,PI,6,82,T,0.04647950631304827
614606,DRV,PI,7,43,T,0.04502724825344606
614606,DRV,PI,8,37,D,0.035988466281500674
614606,DRV,PI,9,89,V,0.03330775671353296
614606,DRV,PI,10,24,L,0.02726598739221986
143350,DRV,PI,1,63,L,0.9999999523038807
143350,DRV,PI,2,39,T,0.1999676858933916
143350,DRV,PI,3,66,F,0.17551236311215734
143350,DRV,PI,4,74,S,0.13732426080387633
143350,DRV,PI,5,19,I,0.11589416048275393
143350,DRV,PI,6,14,R,0.08608261529899702
143350,DRV,PI,7,69,K,0.07134821301379857
143350,DRV,PI,8,89,M,0.06430508756943751
143350,DRV,PI,9,16,E,0.040309365698816435
143350,DRV,PI,10,10,V,0.03704945664635276
117071,DRV,PI,1,24,F,1.000000011916475
117071,DRV,PI,2,63,P,0.08115074086627759
117071,DRV,PI,3,33,F,0.06223042117526452
117071,DRV,PI,4,61,Q,0.017150939030134323
117071,DRV,PI,5,73,S,0.015184147520793029
117071,DRV,PI,6,65,E,0.013347000545673272
117071,DRV,PI,7,12,T,0.01167344065920399
117071,DRV,PI,8,54,V,0.011159469016136818
117071,DRV,PI,9,82,A,0.010247339112746064
117071,DRV,PI,10,35,D,0.01023937772394621
206421,DRV,PI,1,63,P,0.9643086909930103
206421,DRV,PI,2,58,E,0.6844961088927702
206421,DRV,PI,3,57,G,0.6421311515803025
206421,DRV,PI,4,30,N,0.4269955282473184
206421,DRV,PI,5,20,T,0.30877948052207554
206421,DRV,PI,6,88,D,0.3086661050727105
206421,DRV,PI,7,61,Q,0.23745196484797765
206421,DRV,PI,8,24,L,0.15536222793249113
206421,DRV,PI,9,77,I,0.14071561932455987
206421,DRV,PI,10,65,E,0.12556030551624842
206413,DRV,PI,1,63,L,1.0000000119099177
206413,DRV,PI,2,57,G,0.053327674650048486
206413,DRV,PI,3,61,Q,0.028313242675724597
206413,DRV,PI,4,65,E,0.01561345179828258
206413,DRV,PI,5,24,L,0.013578611111043606
206413,DRV,PI,6,33,L,0.011170652277608276
206413,DRV,PI,7,35,D,0.010673583582216355
206413,DRV,PI,8,64,I,0.010613433311120395
206413,DRV,PI,9,12,T,0.009791287378642408
206413,DRV,PI,10,62,I,0.009742226681116871
615402,DRV,PI,1,63,L,1.0000000119103114
615402,DRV,PI,2,72,V,0.06828725819322148
615402,DRV,PI,3,61,Q,0.026891288813673593
615402,DRV,PI,4,65,E,0.016210428333161955
615402,DRV,PI,5,24,L,0.014653797767361962
615402,DRV,PI,6,13,V,0.012403449859329096
615402,DRV,PI,7,33,L,0.011840705716436218
615402,DRV,PI,8,64,I,0.010684332891254504
615402,DRV,PI,9,62,V,0.010504236972273777
615402,DRV,PI,10,12,T,0.00982925662412534
615024,DRV,PI,1,24,I,0.9527157068007157
615024,DRV,PI,2,12,P,0.9181257999320945
615024,DRV,PI,3,33,F,0.2026321040443611
615024,DRV,PI,4,55,R,0.20196876130908498
615024,DRV,PI,5,63,P,0.20181199076422635
615024,DRV,PI,6,53,L,0.14784856795453796
615024,DRV,PI,7,46,L,0.13539330639621
615024,DRV,PI,8,64,V,0.12360837337218569
615024,DRV,PI,9,76,V,0.11543791431358856
615024,DRV,PI,10,60,E,0.09268992484746424
614684,DRV,PI,1,63,V,1.0000000119152463
614684,DRV,PI,2,89,M,0.008407039548694775
614684,DRV,PI,3,76,V,0.0068205538006468214
614684,DRV,PI,4,61,Q,0.003165266377471457
614684,DRV,PI,5,37,D,0.003033557741622684
614684,DRV,PI,6,46,I,0.0027539677568781096
614684,DRV,PI,7,24,L,0.0020235571077711675
614684,DRV,PI,8,65,E,0.0019314765430286914
614684,DRV,PI,9,33,L,0.0015527608422316193
614684,DRV,PI,10,64,I,0.0014621517828739181
257947,DRV,PI,1,63,H,1.0000000119158623
257947,DRV,PI,2,37,A,0.023344257839399894
257947,DRV,PI,3,89,I,0.020448292388853054
257947,DRV,PI,4,43,R,0.01740978371012703
257947,DRV,PI,5,33,I,0.01491351270034492
257947,DRV,PI,6,20,M,0.003629089539988377
257947,DRV,PI,7,57,K,0.0025054487518795326
257947,DRV,PI,8,61,Q,0.0024265420234244914
257947,DRV,PI,9,24,L,0.0014595433596144025
257947,DRV,PI,10,65,E,0.001398558907660777
259227,DRV,PI,1,63,T,1.0000000119139805
259227,DRV,PI,2,72,T,0.049673464510225016
259227,DRV,PI,3,74,S,0.03631841688984553
259227,DRV,PI,4,19,I,0.02777612874566844
259227,DRV,PI,5,64,V,0.01466094416276537
259227,DRV,PI,6,57,G,0.01364219329135695
259227,DRV,PI,7,35,G,0.013451333198054308
259227,DRV,PI,8,20,T,0.007023195173706668
259227,DRV,PI,9,61,Q,0.005734542698393715
259227,DRV,PI,10,24,L,0.005005755848592019
148055,DRV,PI,1,63,A,1.0000000119126724
148055,DRV,PI,2,70,R,0.036374652246139325
148055,DRV,PI,3,64,V,0.022924519558368266
148055,DRV,PI,4,61,Q,0.00834360733398105
148055,DRV,PI,5,65,E,0.004899000620931473
148055,DRV,PI,6,24,L,0.004802279615151774
148055,DRV,PI,7,33,L,0.0037971963409273897
148055,DRV,PI,8,15,V,0.003494304435979031
148055,DRV,PI,9,12,T,0.003357081460307697
148055,DRV,PI,10,62,I,0.0033403429872173084
205601,DRV,PI,1,72,E,0.9999999523003342
205601,DRV,PI,2,73,C,0.3853591545318731
205601,DRV,PI,3,70,R,0.18741870073181457
205601,DRV,PI,4,63,P,0.14578659863522409
205601,DRV,PI,5,64,V,0.09200042311025626
205601,DRV,PI,6,57,G,0.08043783185973494
205601,DRV,PI,7,60,E,0.06589485597206947
205601,DRV,PI,8,46,I,0.04151663822046071
205601,DRV,PI,9,61,Q,0.03877643013772751
205601,DRV,PI,10,65,E,0.02620322338363297
614868,DRV,PI,1,63,P,0.9999999522859324
614868,DRV,PI,2,61,Q,0.21744021497864058
614868,DRV,PI,3,24,L,0.14333932978994532
614868,DRV,PI,4,35,D,0.129794712695439
614868,DRV,PI,5,33,L,0.1237713687303926
614868,DRV,PI,6,65,E,0.11875899977116178
614868,DRV,PI,7,12,T,0.10406339330129366
614868,DRV,PI,8,64,I,0.08072243508562142
614868,DRV,PI,9,62,I,0.08062581392685304
614868,DRV,PI,10,46,M,0.07349136122638
145194,DRV,PI,1,12,S,0.9999999523017076
145194,DRV,PI,2,63,P,0.17050792753584182
145194,DRV,PI,3,72,V,0.09458724549289116
145194,DRV,PI,4,61,Q,0.03748248883033291
145194,DRV,PI,5,77,I,0.025941626960225277
145194,DRV,PI,6,24,L,0.02518948913032808
145194,DRV,PI,7,65,E,0.022091785898039937
145194,DRV,PI,8,33,L,0.01949014807739118
145194,DRV,PI,9,19,L,0.015308804180340063
145194,DRV,PI,10,62,I,0.013646917812263296
198541,DRV,PI,1,63,P,0.8989767551029413
198541,DRV,PI,2,37,T,0.7341131409004205
198541,DRV,PI,3,64,V,0.6160911580770323
198541,DRV,PI,4,61,Q,0.20032943344021964
198541,DRV,PI,5,24,L,0.1236734594117072
198541,DRV,PI,6,13,V,0.12006422340670726
198541,DRV,PI,7,65,E,0.11857033436484357
198541,DRV,PI,8,33,L,0.09852244238542165
198541,DRV,PI,9,35,D,0.09655098395193967
198541,DRV,PI,10,12,T,0.09496562959138191
123041,DRV,PI,1,54,T,0.9999999523058877
123041,DRV,PI,2,48,V,0.734810571744368
123041,DRV,PI,3,33,F,0.21387044768072605
123041,DRV,PI,4,63,P,0.20523955602155813
123041,DRV,PI,5,69,R,0.15255707774618624
123041,DRV,PI,6,43,T,0.09393012747850898
123041,DRV,PI,7,24,L,0.0669704870110919
123041,DRV,PI,8,71,I,0.05417008235312152
123041,DRV,PI,9,61,Q,0.04885231996799077
123041,DRV,PI,10,65,E,0.03654313283053261
143463,DRV,PI,1,33,I,0.9999999522806148
143463,DRV,PI,2,63,P,0.5841623855849476
143463,DRV,PI,3,85,V,0.47910968910362717
143463,DRV,PI,4,32,I,0.32901769547013016
143463,DRV,PI,5,10,F,0.1953640734408199
143463,DRV,PI,6,61,Q,0.1507732391929256
143463,DRV,PI,7,71,I,0.11987524239984874
143463,DRV,PI,8,24,L,0.09129470429480666
143463,DRV,PI,9,13,V,0.0758782237122271
143463,DRV,PI,10,65,E,0.07502054680140356
172136,DRV,PI,1,72,Y,0.999999952302753
172136,DRV,PI,2,63,P,0.2689968338000065
172136,DRV,PI,3,32,I,0.08742618056279074
172136,DRV,PI,4,61,Q,0.05568184686354296
172136,DRV,PI,5,47,V,0.052940869236133246
172136,DRV,PI,6,46,I,0.0470905691655277
172136,DRV,PI,7,73,S,0.03412131727868398
172136,DRV,PI,8,65,E,0.030187598658741724
172136,DRV,PI,9,24,L,0.02940440568903914
172136,DRV,PI,10,77,I,0.02747026831765606
235701,DRV,PI,1,34,S,0.9999999522952345
235701,DRV,PI,2,11,L,0.8748566173878298
235701,DRV,PI,3,82,I,0.34511210032379946
235701,DRV,PI,4,77,T,0.23203745344844184
235701,DRV,PI,5,33,F,0.18408528089161777
235701,DRV,PI,6,36,V,0.17340706314056942
235701,DRV,PI,7,85,V,0.16474812170895137
235701,DRV,PI,8,63,P,0.16467929099885878
235701,DRV,PI,9,54,M,0.14993305529141449
235701,DRV,PI,10,89,M,0.12926141943591887
187155,DRV,PI,1,72,M,0.9999999522944332
187155,DRV,PI,2,18,H,0.4315976924178816
187155,DRV,PI,3,11,I,0.36321505814288935
187155,DRV,PI,4,63,P,0.3228222109339822
187155,DRV,PI,5,20,I,0.11771435889011045
187155,DRV,PI,6,46,I,0.07416817707976889
187155,DRV,PI,7,61,Q,0.0699040839008146
187155,DRV,PI,8,24,L,0.05282001737668629
187155,DRV,PI,9,73,S,0.05059762182830794
187155,DRV,PI,10,12,T,0.03947192830112673
216617,DRV,PI,1,63,A,1.0000000119116257
216617,DRV,PI,2,57,G,0.01897040146904852
216617,DRV,PI,3,61,Q,0.008719046899627318
216617,DRV,PI,4,65,E,0.005163694670086247
216617,DRV,PI,5,24,L,0.005046389189159176
216617,DRV,PI,6,33,L,0.00430396085056688
216617,DRV,PI,7,12,T,0.003467633140444493
216617,DRV,PI,8,62,I,0.00330694496956444
216617,DRV,PI,9,64,I,0.0031813112225902345
216617,DRV,PI,10,58,Q,0.002951013358797768
614970,DRV,PI,1,83,S,0.9999999523044354
614970,DRV,PI,2,22,V,0.3857340464658553
614970,DRV,PI,3,63,P,0.3293052417423087
614970,DRV,PI,4,72,L,0.2815494785558
614970,DRV,PI,5,85,V,0.2186309147265708
614970,DRV,PI,6,35,G,0.14338192662446875
614970,DRV,PI,7,10,F,0.09049071827815688
614970,DRV,PI,8,61,Q,0.07138230796847819
614970,DRV,PI,9,24,L,0.052663025183277784
614970,DRV,PI,10,73,S,0.0510205417353409
614474,DRV,PI,1,12,I,1.0000000119110442
614474,DRV,PI,2,63,P,0.11029481093499402
614474,DRV,PI,3,57,K,0.03674689967305579
614474,DRV,PI,4,61,Q,0.025188319706653268
614474,DRV,PI,5,24,L,0.018133625929665814
614474,DRV,PI,6,65,E,0.014746489500590015
614474,DRV,PI,7,33,L,0.013403738384924604
614474,DRV,PI,8,64,I,0.00954420333828097
614474,DRV,PI,9,62,I,0.009384364436622853
614474,DRV,PI,10,19,L,0.008791514579743417
615074,DRV,PI,1,72,T,0.9999999522888163
615074,DRV,PI,2,63,P,0.7231551174807729
615074,DRV,PI,3,57,K,0.20866383220459034
615074,DRV,PI,4,61,Q,0.17607026739886322
615074,DRV,PI,5,50,L,0.1458452767251623
615074,DRV,PI,6,71,T,0.1265145475382441
615074,DRV,PI,7,24,L,0.09897425913187843
615074,DRV,PI,8,65,E,0.0954323613964789
615074,DRV,PI,9,12,T,0.0798025606700428
615074,DRV,PI,10,35,D,0.07583696150921282
615270,DRV,PI,1,63,P,0.999999952290572
615270,DRV,PI,2,61,Q,0.2190183183037961
615270,DRV,PI,3,24,L,0.14457250810396854
615270,DRV,PI,4,33,L,0.12499367938234851
615270,DRV,PI,5,65,E,0.11431490451028853
615270,DRV,PI,6,12,T,0.1018783051007891
615270,DRV,PI,7,64,I,0.08065792392970914
615270,DRV,PI,8,62,I,0.08032038841653233
615270,DRV,PI,9,46,M,0.06637022089781831
615270,DRV,PI,10,58,Q,0.06383273480752238
259207,DRV,PI,1,12,S,0.9999999522993358
259207,DRV,PI,2,19,I,0.1999155043473019
259207,DRV,PI,3,63,P,0.17234594467809805
259207,DRV,PI,4,69,Q,0.09616118935950907
259207,DRV,PI,5,57,K,0.05843389147177876
259207,DRV,PI,6,61,Q,0.036343710304778586
259207,DRV,PI,7,24,L,0.02561694714490277
259207,DRV,PI,8,65,E,0.023459196470547738
259207,DRV,PI,9,35,D,0.019306709870592388
259207,DRV,PI,10,33,L,0.0192565004830411
615536,DRV,PI,1,63,C,1.0000000119135197
615536,DRV,PI,2,74,S,0.030271700013583536
615536,DRV,PI,3,33,F,0.024148207920849065
615536,DRV,PI,4,55,R,0.01817488970441957
615536,DRV,PI,5,46,L,0.01407778091091545
615536,DRV,PI,6,64,V,0.012732349645520058
615536,DRV,PI,7,32,I,0.010987358097929193
615536,DRV,PI,8,82,T,0.006725072528610523
615536,DRV,PI,9,61,Q,0.004847730401102735
615536,DRV,PI,10,24,L,0.0030655006661567943
145208,DRV,PI,1,63,P,0.90562791820915
145208,DRV,PI,2,14,R,0.7650659516161584
145208,DRV,PI,3,61,Q,0.20321281380832118
145208,DRV,PI,4,65,E,0.14008742146557554
145208,DRV,PI,5,24,L,0.13208974633603598
145208,DRV,PI,6,33,L,0.10377521948602045
145208,DRV,PI,7,12,T,0.1014025576638006
145208,DRV,PI,8,15,V,0.10110434144086529
145208,DRV,PI,9,64,I,0.07564196925757811
145208,DRV,PI,10,19,L,0.07467756593318911
89952,DRV,PI,1,33,M,0.999999952304669
89952,DRV,PI,2,89,F,0.4405823331332577
89952,DRV,PI,3,70,T,0.42951269621870186
89952,DRV,PI,4,63,P,0.13609409376743323
89952,DRV,PI,5,54,M,0.0977534237416054
89952,DRV,PI,6,58,E,0.06985288141689497
89952,DRV,PI,7,32,I,0.06393431756459361
89952,DRV,PI,8,82,T,0.03941489332130814
89952,DRV,PI,9,47,V,0.036366018281148424
89952,DRV,PI,10,61,Q,0.03289443919339267
615206,DRV,PI,1,61,E,0.8606699437671365
615206,DRV,PI,2,74,A,0.8389579772844953
615206,DRV,PI,3,48,V,0.29323754934110813
615206,DRV,PI,4,91,S,0.1547095660219913
615206,DRV,PI,5,33,F,0.1174538787888561
615206,DRV,PI,6,46,L,0.10833154457154351
615206,DRV,PI,7,63,P,0.09324310515306068
615206,DRV,PI,8,10,V,0.046506274452733615
615206,DRV,PI,9,43,T,0.04037811802516813
615206,DRV,PI,10,24,L,0.030141849716810817
614494,DRV,PI,1,62,M,0.9999999522996759
614494,DRV,PI,2,64,L,0.31117692876043307
614494,DRV,PI,3,66,F,0.2931671234156561
614494,DRV,PI,4,33,F,0.16684982493040196
614494,DRV,PI,5,63,P,0.14097885720695583
614494,DRV,PI,6,69,Q,0.10111874242534576
614494,DRV,PI,7,61,Q,0.03185513197568787
614494,DRV,PI,8,24,L,0.025555821232817716
614494,DRV,PI,9,65,E,0.022101944235031312
614494,DRV,PI,10,13,V,0.019814977666584653
614988,DRV,PI,1,39,Q,0.9999999522919907
614988,DRV,PI,2,69,Y,0.6305487201630593
614988,DRV,PI,3,63,P,0.3314172562158955
614988,DRV,PI,4,61,Q,0.07470305854835868
614988,DRV,PI,5,24,L,0.04962113856431691
614988,DRV,PI,6,65,E,0.04446600598505068
614988,DRV,PI,7,33,L,0.04087461625772566
614988,DRV,PI,8,12,T,0.03844401925423719
614988,DRV,PI,9,62,V,0.02933744136496168
614988,DRV,PI,10,64,I,0.029113947820480414
614662,DRV,PI,1,63,T,1.0000000119151387
614662,DRV,PI,2,72,V,0.014363477878667777
614662,DRV,PI,3,16,E,0.008672173875525348
614662,DRV,PI,4,61,Q,0.00593492419703273
614662,DRV,PI,5,65,E,0.0033584430220726393
614662,DRV,PI,6,24,L,0.0032016459584595465
614662,DRV,PI,7,20,R,0.002548276504594941
614662,DRV,PI,8,13,V,0.0024789831966157395
614662,DRV,PI,9,33,L,0.00229618052126147
614662,DRV,PI,10,64,I,0.0022589336730944472
614452,DRV,PI,1,83,H,0.9999999522968304
614452,DRV,PI,2,79,A,0.5432257494993983
614452,DRV,PI,3,63,P,0.47388163796996885
614452,DRV,PI,4,70,R,0.420019433767482
614452,DRV,PI,5,11,I,0.4105408452543687
614452,DRV,PI,6,72,L,0.35715211486028076
614452,DRV,PI,7,16,A,0.29935261343518527
614452,DRV,PI,8,46,L,0.25607117061570783
614452,DRV,PI,9,20,I,0.13715590332969696
614452,DRV,PI,10,10,F,0.12759654773080975
614840,DRV,PI,1,33,V,1.0000000119066939
614840,DRV,PI,2,63,P,0.22626868785937929
614840,DRV,PI,3,60,E,0.09716987953999226
614840,DRV,PI,4,61,Q,0.0625779247337263
614840,DRV,PI,5,24,L,0.03225543646182519
614840,DRV,PI,6,65,E,0.032006402026809135
614840,DRV,PI,7,12,T,0.027815974023282473
614840,DRV,PI,8,64,I,0.020613131470272092
614840,DRV,PI,9,62,V,0.019213858038083585
614840,DRV,PI,10,46,M,0.01777308266359772
614828,DRV,PI,1,8,Q,0.9999999522880015
614828,DRV,PI,2,33,I,0.6988046263279493
614828,DRV,PI,3,63,P,0.4519746221867635
614828,DRV,PI,4,55,R,0.408398671081756
614828,DRV,PI,5,46,L,0.3938339335579163
614828,DRV,PI,6,58,E,0.23897847306652106
614828,DRV,PI,7,30,N,0.17879637714770563
614828,DRV,PI,8,10,F,0.1387346384153462
614828,DRV,PI,9,88,D,0.12058068104617795
614828,DRV,PI,10,61,Q,0.11663733232578938
614826,DRV,PI,1,63,P,0.9999999522830502
614826,DRV,PI,2,61,Q,0.21487815575186264
614826,DRV,PI,3,24,L,0.13870044359768763
614826,DRV,PI,4,35,D,0.12554952594004545
614826,DRV,PI,5,33,L,0.12180259197717556
614826,DRV,PI,6,65,E,0.11799741360758928
614826,DRV,PI,7,12,T,0.10242193409046874
614826,DRV,PI,8,62,I,0.08004321943896917
614826,DRV,PI,9,64,I,0.07930606980916668
614826,DRV,PI,10,46,M,0.0756092444858849
615482,DRV,PI,1,24,I,0.9999999523000509
615482,DRV,PI,2,64,L,0.4301757905127246
615482,DRV,PI,3,33,F,0.20765735478432187
615482,DRV,PI,4,54,M,0.2054424168488555
615482,DRV,PI,5,63,P,0.20399696028962738
615482,DRV,PI,6,72,V,0.13785161354761277
615482,DRV,PI,7,46,I,0.06707463081835477
615482,DRV,PI,8,37,D,0.059361643508081284
615482,DRV,PI,9,61,Q,0.04545464376517791
615482,DRV,PI,10,65,E,0.032588923710710455
113058,DRV,PI,1,48,I,0.9999999522991604
113058,DRV,PI,2,11,I,0.24330033154877587
113058,DRV,PI,3,63,P,0.1939968883911691
113058,DRV,PI,4,55,R,0.17357612367363184
113058,DRV,PI,5,54,L,0.17315137495637795
113058,DRV,PI,6,76,V,0.11801574368646135
113058,DRV,PI,7,20,V,0.10619458743920987
113058,DRV,PI,8,58,E,0.09706990205820376
113058,DRV,PI,9,10,F,0.0805570531284185
113058,DRV,PI,10,71,I,0.04792678130050641
615226,DRV,PI,1,19,I,0.8958637411875946
615226,DRV,PI,2,63,P,0.7643368959009474
615226,DRV,PI,3,54,L,0.6940416981078376
615226,DRV,PI,4,37,E,0.532126223825235
615226,DRV,PI,5,76,V,0.4210921480687767
615226,DRV,PI,6,58,E,0.4191908548492055
615226,DRV,PI,7,32,I,0.39530296880486165
615226,DRV,PI,8,10,F,0.2806391717441121
615226,DRV,PI,9,46,I,0.19743948980480944
615226,DRV,PI,10,61,Q,0.1835473174642778
107981,DRV,PI,1,95,F,0.9999999523044201
107981,DRV,PI,2,73,T,0.8100424533579893
107981,DRV,PI,3,55,R,0.36577813901365686
107981,DRV,PI,4,72,L,0.33843064880706586
107981,DRV,PI,5,33,F,0.30629471986214946
107981,DRV,PI,6,63,P,0.2950670657672284
107981,DRV,PI,7,50,L,0.11057930613315345
107981,DRV,PI,8,43,T,0.10800741296395329
107981,DRV,PI,9,24,L,0.08898285646330129
107981,DRV,PI,10,46,I,0.0847134979358733
615194,DRV,PI,1,19,V,0.9999999522976233
615194,DRV,PI,2,24,I,0.4966151116718476
615194,DRV,PI,3,91,S,0.1683364984549729
615194,DRV,PI,4,63,P,0.11491295376517352
615194,DRV,PI,5,36,L,0.11133454850752147
615194,DRV,PI,6,33,F,0.09906762321426088
615194,DRV,PI,7,14,R,0.09677684274715864
615194,DRV,PI,8,46,L,0.08704138880490477
615194,DRV,PI,9,10,V,0.04460895336871602
615194,DRV,PI,10,61,Q,0.02562080090510726
206437,DRV,PI,1,24,F,1.0000000119160644
206437,DRV,PI,2,12,P,0.325864137063159
206437,DRV,PI,3,34,Q,0.13100416175759663
206437,DRV,PI,4,79,D,0.09188899447124345
206437,DRV,PI,5,63,P,0.06645692696586952
206437,DRV,PI,6,33,F,0.06024031467119886
206437,DRV,PI,7,57,G,0.043609279003264625
206437,DRV,PI,8,10,F,0.024926929125687086
206437,DRV,PI,9,46,I,0.02052846671361576
206437,DRV,PI,10,61,Q,0.01474080556878038
615166,DRV,PI,1,63,P,0.8897667645993294
615166,DRV,PI,2,55,R,0.8317551230314226
615166,DRV,PI,3,36,L,0.7726684203068425
615166,DRV,PI,4,33,F,0.7017196176526701
615166,DRV,PI,5,53,L,0.6150610869685508
615166,DRV,PI,6,32,I,0.3937803300798558
615166,DRV,PI,7,20,M,0.3544779056091218
615166,DRV,PI,8,10,V,0.30665253878851223
615166,DRV,PI,9,82,T,0.265072317467158
615166,DRV,PI,10,47,V,0.2284754283434622
615540,DRV,PI,1,11,L,0.999999952307155
615540,DRV,PI,2,55,R,0.19166702448818784
615540,DRV,PI,3,63,P,0.1727187710173042
615540,DRV,PI,4,54,L,0.16992913485903174
615540,DRV,PI,5,33,F,0.160882553224511
615540,DRV,PI,6,37,E,0.12324368041858286
615540,DRV,PI,7,58,E,0.12098136449252535
615540,DRV,PI,8,60,E,0.09734939047649374
615540,DRV,PI,9,50,V,0.09727600358412801
615540,DRV,PI,10,10,F,0.07328015021235433
187169,DRV,PI,1,12,S,0.9569516897028535
187169,DRV,PI,2,64,M,0.942463494292228
187169,DRV,PI,3,7,R,0.525948201946954
187169,DRV,PI,4,63,P,0.14202352669704
187169,DRV,PI,5,14,R,0.1230062091851365
187169,DRV,PI,6,61,Q,0.03171380202706598
187169,DRV,PI,7,65,E,0.023241021182330387
187169,DRV,PI,8,24,L,0.023003723703091554
187169,DRV,PI,9,33,L,0.016888955308550987
187169,DRV,PI,10,19,L,0.015397478169044118
147550,DRV,PI,1,12,K,1.0000000119117192
147550,DRV,PI,2,66,V,0.1510165335339247
147550,DRV,PI,3,11,I,0.1021854527549209
147550,DRV,PI,4,63,P,0.07066744809626578
147550,DRV,PI,5,33,F,0.07048887839208869
147550,DRV,PI,6,54,M,0.06564618711879745
147550,DRV,PI,7,35,G,0.04468557992788076
147550,DRV,PI,8,64,V,0.04268459778997238
147550,DRV,PI,9,20,V,0.04236194347005283
147550,DRV,PI,10,32,I,0.041432121600903676
187147,DRV,PI,1,63,L,1.0000000119121335
187147,DRV,PI,2,61,Q,0.028817423438618997
187147,DRV,PI,3,65,E,0.01517924899896526
187147,DRV,PI,4,24,L,0.013908467483123962
187147,DRV,PI,5,33,L,0.011065567136945679
187147,DRV,PI,6,64,I,0.010594648518621831
187147,DRV,PI,7,12,T,0.009828087020886455
187147,DRV,PI,8,62,I,0.009614198721812319
187147,DRV,PI,9,72,I,0.006633605846151149
187147,DRV,PI,10,46,M,0.006028202162897813
205691,DRV,PI,1,63,P,0.9999999522786421
205691,DRV,PI,2,57,G,0.6548705466227063
205691,DRV,PI,3,61,Q,0.21870816200882826
205691,DRV,PI,4,73,S,0.21210166551168033
205691,DRV,PI,5,24,L,0.15570566671636063
205691,DRV,PI,6,65,E,0.1295868938529572
205691,DRV,PI,7,35,D,0.12472911414239742
205691,DRV,PI,8,10,I,0.1208839048879936
205691,DRV,PI,9,33,L,0.12058009676917186
205691,DRV,PI,10,12,T,0.10247809817452044
257941,DRV,PI,1,64,L,0.9999999522867957
257941,DRV,PI,2,63,P,0.44674379277955656
257941,DRV,PI,3,14,R,0.36631942254009564
257941,DRV,PI,4,57,G,0.2520969382938113
257941,DRV,PI,5,72,V,0.24436212705652263
257941,DRV,PI,6,61,Q,0.1105008821748929
257941,DRV,PI,7,65,E,0.07175245522083364
257941,DRV,PI,8,24,L,0.06743542624319156
257941,DRV,PI,9,77,I,0.05984567435032539
257941,DRV,PI,10,12,T,0.05620451538318939
109412,DRV,PI,1,63,L,1.0000000119104626
109412,DRV,PI,2,64,V,0.06879832788184549
109412,DRV,PI,3,61,Q,0.02911339146310666
109412,DRV,PI,4,65,E,0.015255723457638794
109412,DRV,PI,5,24,L,0.014321972793836
109412,DRV,PI,6,33,L,0.011211610324210353
109412,DRV,PI,7,12,T,0.010277362986718889
109412,DRV,PI,8,62,I,0.010229825751551515
109412,DRV,PI,9,72,I,0.006957762210129666
109412,DRV,PI,10,46,M,0.0065208951423433355
615172,DRV,PI,1,4,P,0.999999952284844
615172,DRV,PI,2,74,S,0.5724384511470042
615172,DRV,PI,3,63,P,0.3427734406713013
615172,DRV,PI,4,85,V,0.2722928325451914
615172,DRV,PI,5,14,R,0.27092856472064164
615172,DRV,PI,6,37,T,0.2683799305702416
615172,DRV,PI,7,54,L,0.26758123500439535
615172,DRV,PI,8,53,L,0.2540972911363928
615172,DRV,PI,9,20,I,0.12734896786622804
615172,DRV,PI,10,10,F,0.12324615063604573
259199,DRV,PI,1,63,A,1.0000000119136643
259199,DRV,PI,2,12,P,0.15193965309676005
259199,DRV,PI,3,72,V,0.021768178475423432
259199,DRV,PI,4,57,G,0.019655032386527035
259199,DRV,PI,5,61,Q,0.008643437622765683
259199,DRV,PI,6,24,L,0.008056918217313
259199,DRV,PI,7,33,L,0.00570205636082172
259199,DRV,PI,8,65,E,0.005691547125403097
259199,DRV,PI,9,77,I,0.00543236081685531
259199,DRV,PI,10,19,L,0.0035768389074397793
614914,DRV,PI,1,63,L,1.0000000119100145
614914,DRV,PI,2,89,M,0.07216037853379725
614914,DRV,PI,3,69,R,0.05567420773124926
614914,DRV,PI,4,50,V,0.041927448200844764
614914,DRV,PI,5,61,Q,0.02554284428407421
614914,DRV,PI,6,46,I,0.0215249352331303
614914,DRV,PI,7,24,L,0.015195529018297613
614914,DRV,PI,8,65,E,0.014265939649167555
614914,DRV,PI,9,54,V,0.01210706596018523
614914,DRV,PI,10,33,L,0.011861445181952696
614588,DRV,PI,1,63,L,1.0000000119115442
614588,DRV,PI,2,61,Q,0.02862519167015211
614588,DRV,PI,3,65,E,0.015021375789732404
614588,DRV,PI,4,24,L,0.013712580594234774
614588,DRV,PI,5,33,L,0.010918604736163566
614588,DRV,PI,6,64,I,0.01052185505047752
614588,DRV,PI,7,12,T,0.00973291282607621
614588,DRV,PI,8,62,I,0.009610954098534897
614588,DRV,PI,9,72,I,0.006593319431969862
614588,DRV,PI,10,46,M,0.006089749800358717
614980,DRV,PI,1,63,C,1.000000011912401
614980,DRV,PI,2,65,D,0.4762838647507496
614980,DRV,PI,3,82,M,0.03792359163823743
614980,DRV,PI,4,45,I,0.020561976544465035
614980,DRV,PI,5,69,K,0.014703346803765185
614980,DRV,PI,6,35,G,0.010187766972499254
614980,DRV,PI,7,16,E,0.008267054202463682
614980,DRV,PI,8,20,I,0.007470595385757698
614980,DRV,PI,9,89,V,0.005231649594331704
614980,DRV,PI,10,50,L,0.005192325731220229
614770,DRV,PI,1,33,M,0.9999999523068347
614770,DRV,PI,2,67,F,0.26936313342573703
614770,DRV,PI,3,19,I,0.1326184158209766
614770,DRV,PI,4,63,P,0.13026318038425136
614770,DRV,PI,5,72,L,0.11510452569872473
614770,DRV,PI,6,85,V,0.09001425998877116
614770,DRV,PI,7,54,L,0.08939585848568435
614770,DRV,PI,8,69,R,0.06609592727691721
614770,DRV,PI,9,32,I,0.053554431267795605
614770,DRV,PI,10,10,F,0.04149669857902293
116527,DRV,PI,1,39,S,0.9819883226965339
116527,DRV,PI,2,36,A,0.9383874264736075
116527,DRV,PI,3,34,Q,0.6839620444910294
116527,DRV,PI,4,33,F,0.3541356194134172
116527,DRV,PI,5,63,P,0.31033386091841664
116527,DRV,PI,6,54,L,0.2774391772608556
116527,DRV,PI,7,53,L,0.2580245997202314
116527,DRV,PI,8,32,I,0.16258683651440992
116527,DRV,PI,9,46,I,0.08169947110400265
116527,DRV,PI,10,61,Q,0.06573084772198372
117055,DRV,PI,1,64,L,0.9999999522946493
117055,DRV,PI,2,63,P,0.4218416784784289
117055,DRV,PI,3,33,F,0.37877195969346467
117055,DRV,PI,4,30,N,0.15018276360796312
117055,DRV,PI,5,88,D,0.12456116416159341
117055,DRV,PI,6,61,Q,0.09463163787896045
117055,DRV,PI,7,24,L,0.06961817588705409
117055,DRV,PI,8,77,I,0.06722562594817921
117055,DRV,PI,9,65,E,0.062035980246905514
117055,DRV,PI,10,12,T,0.05254882199815042
147979,DRV,PI,1,63,L,1.00000001191161
147979,DRV,PI,2,64,V,0.06884840590824307
147979,DRV,PI,3,72,V,0.06684129613633137
147979,DRV,PI,4,61,Q,0.029462317048950075
147979,DRV,PI,5,65,E,0.015646472507270102
147979,DRV,PI,6,24,L,0.014683934595984252
147979,DRV,PI,7,13,V,0.012721594346301993
147979,DRV,PI,8,33,L,0.011333991854025265
147979,DRV,PI,9,62,I,0.010453075221090262
147979,DRV,PI,10,12,T,0.010007862691512697
205632,DRV,PI,1,63,P,0.9999998926835847
205632,DRV,PI,2,57,G,0.6771299157107491
205632,DRV,PI,3,35,G,0.5924032989502208
205632,DRV,PI,4,60,E,0.5554130079310673
205632,DRV,PI,5,20,M,0.5024595181239142
205632,DRV,PI,6,61,Q,0.29197127699538794
205632,DRV,PI,7,88,D,0.2744278618951529
205632,DRV,PI,8,24,L,0.18177798604384732
205632,DRV,PI,9,54,V,0.14709062337425438
205632,DRV,PI,10,13,V,0.1462194992368455
117003,DRV,PI,1,63,P,0.999999892672155
117003,DRV,PI,2,10,F,0.4308395240717172
117003,DRV,PI,3,57,K,0.3979025189310704
117003,DRV,PI,4,46,I,0.30433730099306305
117003,DRV,PI,5,71,T,0.25197464471901543
117003,DRV,PI,6,61,Q,0.20380580747230015
117003,DRV,PI,7,24,L,0.1590667161197236
117003,DRV,PI,8,33,L,0.14341793309172024
117003,DRV,PI,9,84,V,0.14213641827488152
117003,DRV,PI,10,65,E,0.11879831673651559
146948,DRV,PI,1,79,A,0.9999999522874142
146948,DRV,PI,2,11,I,0.7679827948440406
146948,DRV,PI,3,63,P,0.6441504974665809
146948,DRV,PI,4,14,R,0.48942282932479103
146948,DRV,PI,5,20,V,0.3156792951202677
146948,DRV,PI,6,89,V,0.15821458894670343
146948,DRV,PI,7,71,I,0.15348117960494237
146948,DRV,PI,8,61,Q,0.13024975893086532
146948,DRV,PI,9,73,S,0.12856311577375712
146948,DRV,PI,10,24,L,0.10377355458580033
148115,DRV,PI,1,63,P,0.9999999522891578
148115,DRV,PI,2,61,Q,0.21026619431028645
148115,DRV,PI,3,77,I,0.16816045398338694
148115,DRV,PI,4,24,L,0.14114506773013444
148115,DRV,PI,5,33,L,0.12199963411062745
148115,DRV,PI,6,65,E,0.11414691442278382
148115,DRV,PI,7,12,T,0.09842709528910391
148115,DRV,PI,8,62,I,0.08057118747844863
148115,DRV,PI,9,64,I,0.0785278657776643
148115,DRV,PI,10,46,M,0.07262864774034658
115755,DRV,PI,1,48,Q,0.9999999522989915
115755,DRV,PI,2,24,I,0.7766249452002048
115755,DRV,PI,3,70,E,0.6087410628566169
115755,DRV,PI,4,72,M,0.5774004948936774
115755,DRV,PI,5,19,I,0.19937029499485712
115755,DRV,PI,6,63,P,0.17372253317139272
115755,DRV,PI,7,53,L,0.15611159963800786
115755,DRV,PI,8,20,M,0.0758714596941675
115755,DRV,PI,9,61,Q,0.05020525072135079
115755,DRV,PI,10,65,E,0.02988932300693389
614760,DRV,PI,1,63,P,0.991884064643068
614760,DRV,PI,2,64,V,0.7343051281118131
614760,DRV,PI,3,10,V,0.4350274614629106
614760,DRV,PI,4,61,Q,0.21238340537941744
614760,DRV,PI,5,24,L,0.144238507714196
614760,DRV,PI,6,65,E,0.13063793679363733
614760,DRV,PI,7,33,L,0.11210857093949139
614760,DRV,PI,8,12,T,0.11182177325783371
614760,DRV,PI,9,62,V,0.09101734394272709
614760,DRV,PI,10,46,M,0.07274495596762676
615502,DRV,PI,1,24,I,0.9999999522972283
615502,DRV,PI,2,63,P,0.28789629662442107
615502,DRV,PI,3,72,L,0.254244954325833
615502,DRV,PI,4,92,K,0.23304948697467712
615502,DRV,PI,5,55,R,0.2198725766491221
615502,DRV,PI,6,46,L,0.19185508967672638
615502,DRV,PI,7,20,I,0.09596296535024425
615502,DRV,PI,8,61,Q,0.07239485396778812
615502,DRV,PI,9,12,T,0.03486702135750575
615502,DRV,PI,10,65,E,0.03337465456715835
615468,DRV,PI,1,12,E,1.0000000119101027
615468,DRV,PI,2,64,L,0.13041239042089484
615468,DRV,PI,3,63,P,0.05596225593854684
615468,DRV,PI,4,19,I,0.046434497223244275
615468,DRV,PI,5,61,Q,0.013995735751722688
615468,DRV,PI,6,24,L,0.009862619104454618
615468,DRV,PI,7,65,E,0.008019478762900512
615468,DRV,PI,8,33,L,0.007205681876931028
615468,DRV,PI,9,62,I,0.005012053692324042
615468,DRV,PI,10,46,M,0.004960829231670755
615518,DRV,PI,1,67,F,0.9788014411807746
615518,DRV,PI,2,95,L,0.8696415412056359
615518,DRV,PI,3,33,I,0.6672508063305613
615518,DRV,PI,4,63,P,0.3353788966055819
615518,DRV,PI,5,46,L,0.27669724655704675
615518,DRV,PI,6,58,E,0.21821389763808827
615518,DRV,PI,7,37,D,0.11091820592433252
615518,DRV,PI,8,24,L,0.10255456780721481
615518,DRV,PI,9,61,Q,0.07202533032686188
615518,DRV,PI,10,73,S,0.0679319835007913
147551,DRV,PI,1,74,S,0.9410688399947111
147551,DRV,PI,2,20,L,0.9313634790217764
147551,DRV,PI,3,92,K,0.651597543235428
147551,DRV,PI,4,88,S,0.6197326885452666
147551,DRV,PI,5,63,P,0.5599088406604922
147551,DRV,PI,6,58,E,0.26356761949023544
147551,DRV,PI,7,61,Q,0.13922821258381732
147551,DRV,PI,8,46,I,0.1358642468848648
147551,DRV,PI,9,71,T,0.12202486352846938
147551,DRV,PI,10,24,L,0.08948057971958132
614934,DRV,PI,1,63,L,1.0000000119120709
614934,DRV,PI,2,10,V,0.039749224856102404
614934,DRV,PI,3,61,Q,0.028843712013155692
614934,DRV,PI,4,65,E,0.015179525565565495
614934,DRV,PI,5,24,L,0.013974956811102248
614934,DRV,PI,6,33,L,0.010897394908349553
614934,DRV,PI,7,64,I,0.010542904440988755
614934,DRV,PI,8,12,T,0.010342521038923188
614934,DRV,PI,9,62,I,0.009592680945327628
614934,DRV,PI,10,72,I,0.00651971033351066
206409,DRV,PI,1,12,I,1.000000011906406
206409,DRV,PI,2,63,P,0.11104821284029998
206409,DRV,PI,3,37,D,0.029651763845025055
206409,DRV,PI,4,61,Q,0.024276154951224177
206409,DRV,PI,5,24,L,0.017689030375029176
206409,DRV,PI,6,65,E,0.015396564380234394
206409,DRV,PI,7,33,L,0.013029881903854863
206409,DRV,PI,8,35,D,0.012706561778061051
206409,DRV,PI,9,15,V,0.011235025837988365
206409,DRV,PI,10,64,I,0.009448840248000162
615216,DRV,PI,1,63,P,0.9999999522697472
615216,DRV,PI,2,64,V,0.7035890152676517
615216,DRV,PI,3,60,E,0.525883222115769
615216,DRV,PI,4,43,T,0.39876525247918737
615216,DRV,PI,5,57,K,0.3848124592359223
615216,DRV,PI,6,37,D,0.3288478307209878
615216,DRV,PI,7,61,Q,0.26146642873990444
615216,DRV,PI,8,24,L,0.16195362437407024
615216,DRV,PI,9,20,R,0.14287891374721687
615216,DRV,PI,10,54,V,0.13027002619409936
115071,DRV,PI,1,63,L,0.9999999523079138
115071,DRV,PI,2,77,T,0.13620500924082238
115071,DRV,PI,3,33,F,0.1132859717273957
115071,DRV,PI,4,14,R,0.08768571095258855
115071,DRV,PI,5,37,E,0.07458545371381871
115071,DRV,PI,6,32,I,0.06121130693612302
115071,DRV,PI,7,16,E,0.049311531875169845
115071,DRV,PI,8,10,V,0.04667781265653776
115071,DRV,PI,9,57,K,0.03213723079809442
115071,DRV,PI,10,24,L,0.027768704579594482
615316,DRV,PI,1,67,F,0.9999999523027061
615316,DRV,PI,2,45,R,0.3554759631621086
615316,DRV,PI,3,63,P,0.33375059527523204
615316,DRV,PI,4,54,M,0.3323514577212486
615316,DRV,PI,5,72,V,0.2340014224217014
615316,DRV,PI,6,20,T,0.10214439558257324
615316,DRV,PI,7,71,I,0.09255347797088179
615316,DRV,PI,8,24,L,0.08704387427806037
615316,DRV,PI,9,73,S,0.06997873769964359
615316,DRV,PI,10,61,Q,0.06988652135073915
614788,DRV,PI,1,63,P,0.9999999522891578
614788,DRV,PI,2,61,Q,0.21026619431028645
614788,DRV,PI,3,77,I,0.16816045398338694
614788,DRV,PI,4,24,L,0.14114506773013444
614788,DRV,PI,5,33,L,0.12199963411062745
614788,DRV,PI,6,65,E,0.11414691442278382
614788,DRV,PI,7,12,T,0.09842709528910391
614788,DRV,PI,8,62,I,0.08057118747844863
614788,DRV,PI,9,64,I,0.0785278657776643
614788,DRV,PI,10,46,M,0.07262864774034658
115749,FPV,PI,1,54,S,1.0000000119165071
115749,FPV,PI,2,48,M,0.058659405285825125
115749,FPV,PI,3,63,L,0.01729282988054867
115749,FPV,PI,4,43,T,0.011555173951947825
115749,FPV,PI,5,20,R,0.0082059912670879
115749,FPV,PI,6,82,A,0.00539846865078631
115749,FPV,PI,7,10,I,0.0016138739013888074
115749,FPV,PI,8,33,F,0.0015901816832574094
115749,FPV,PI,9,12,T,0.0014810391164878554
115749,FPV,PI,10,62,V,0.001361811423434009
206435,FPV,PI,1,69,Q,0.9999999522552104
206435,FPV,PI,2,54,I,0.5475961369939261
206435,FPV,PI,3,57,G,0.3179149260870954
206435,FPV,PI,4,71,A,0.14408050680928514
206435,FPV,PI,5,63,P,0.14392340061022668
206435,FPV,PI,6,35,D,0.11727054762616415
206435,FPV,PI,7,12,T,0.11510722532668907
206435,FPV,PI,8,82,V,0.11165428363289806
206435,FPV,PI,9,10,L,0.10113769669110788
206435,FPV,PI,10,64,I,0.09333230262843262
187171,FPV,PI,1,64,M,0.9999999523028139
187171,FPV,PI,2,12,S,0.45208479419075975
187171,FPV,PI,3,54,I,0.05591292741437032
187171,FPV,PI,4,14,R,0.0475340284289007
187171,FPV,PI,5,63,P,0.014635949229291286
187171,FPV,PI,6,71,A,0.012731034000980761
187171,FPV,PI,7,82,V,0.011335900688257872
187171,FPV,PI,8,62,V,0.010569832921970718
187171,FPV,PI,9,10,L,0.010184302476176578
187171,FPV,PI,10,19,L,0.009716623596743407
615360,FPV,PI,1,45,R,0.9999999522851306
615360,FPV,PI,2,33,V,0.71944169025942
615360,FPV,PI,3,50,L,0.4377632586535274
615360,FPV,PI,4,54,I,0.211428222430427
615360,FPV,PI,5,71,V,0.06718755257000902
615360,FPV,PI,6,63,P,0.053606333342708555
615360,FPV,PI,7,12,T,0.04711699853129967
615360,FPV,PI,8,73,S,0.0448545758672792
615360,FPV,PI,9,82,V,0.042714089317550094
615360,FPV,PI,10,10,L,0.038285578739230455
235725,FPV,PI,1,36,T,0.9999999522939045
235725,FPV,PI,2,54,I,0.1412541314941329
235725,FPV,PI,3,37,E,0.1383995858554572
235725,FPV,PI,4,57,G,0.084930134943436
235725,FPV,PI,5,63,P,0.04072960669029364
235725,FPV,PI,6,71,A,0.03453133438387643
235725,FPV,PI,7,12,T,0.0323818486625989
235725,FPV,PI,8,62,V,0.030165237711162782
235725,FPV,PI,9,82,V,0.029370701412870202
235725,FPV,PI,10,64,I,0.029096152579100972
615254,FPV,PI,1,82,T,0.9949262857137644
615254,FPV,PI,2,66,L,0.9355097030601023
615254,FPV,PI,3,54,V,0.7890316872262176
615254,FPV,PI,4,20,T,0.7798087435781866
615254,FPV,PI,5,72,L,0.285363715578446
615254,FPV,PI,6,10,F,0.17305925043806322
615254,FPV,PI,7,71,I,0.13510728251286105
615254,FPV,PI,8,37,D,0.11835840113634892
615254,FPV,PI,9,33,I,0.11402397691882873
615254,FPV,PI,10,11,I,0.08593153974396683
615042,FPV,PI,1,34,D,0.9999999523001998
615042,FPV,PI,2,54,M,0.8532836843467229
615042,FPV,PI,3,63,L,0.16076676227525316
615042,FPV,PI,4,47,V,0.07550496309037161
615042,FPV,PI,5,58,E,0.0293537508115845
615042,FPV,PI,6,71,V,0.01548508399146446
615042,FPV,PI,7,32,I,0.014852519962504822
615042,FPV,PI,8,16,E,0.01218159910884807
615042,FPV,PI,9,33,F,0.010413463012701619
615042,FPV,PI,10,12,T,0.01003186868578281
116912,FPV,PI,1,54,I,0.9879476546401001
116912,FPV,PI,2,14,R,0.9842009143096984
116912,FPV,PI,3,16,A,0.6247902435941501
116912,FPV,PI,4,37,D,0.5786240297862161
116912,FPV,PI,5,63,P,0.258612474798396
116912,FPV,PI,6,12,T,0.24609385848169885
116912,FPV,PI,7,71,A,0.2292540304686243
116912,FPV,PI,8,35,D,0.21257057962664977
116912,FPV,PI,9,13,V,0.21019479018132892
116912,FPV,PI,10,82,V,0.2035282572574252
614736,FPV,PI,1,63,A,0.9999999522979056
614736,FPV,PI,2,54,I,0.11388555982112421
614736,FPV,PI,3,62,V,0.026218676653695632
614736,FPV,PI,4,71,A,0.025125845919600032
614736,FPV,PI,5,82,V,0.02211825765768772
614736,FPV,PI,6,12,T,0.02124635124456517
614736,FPV,PI,7,15,V,0.020198248581671047
614736,FPV,PI,8,64,I,0.019428202655382257
614736,FPV,PI,9,10,L,0.018741117353703814
614736,FPV,PI,10,25,D,0.015510468680990031
187129,FPV,PI,1,19,Q,0.9999999523045544
187129,FPV,PI,2,54,V,0.21868450689400193
187129,FPV,PI,3,63,L,0.1558234786180761
187129,FPV,PI,4,93,M,0.13080951947361877
187129,FPV,PI,5,60,E,0.04776552423765437
187129,FPV,PI,6,82,A,0.04768966654967191
187129,FPV,PI,7,71,V,0.01738498317570971
187129,FPV,PI,8,12,T,0.015259076954358413
187129,FPV,PI,9,10,I,0.013867665318122094
187129,FPV,PI,10,62,V,0.013432190144407627
615440,FPV,PI,1,63,S,1.0000000119089518
615440,FPV,PI,2,64,V,0.05842049496537999
615440,FPV,PI,3,54,I,0.025210889236794307
615440,FPV,PI,4,71,A,0.0055396524216222605
615440,FPV,PI,5,82,V,0.004986429082156156
615440,FPV,PI,6,12,T,0.0045206906530852065
615440,FPV,PI,7,10,L,0.004284255142544101
615440,FPV,PI,8,25,D,0.0034545019413824655
615440,FPV,PI,9,46,M,0.003182246683770789
615440,FPV,PI,10,61,Q,0.0030537881732011093
615432,FPV,PI,1,48,A,0.9999999523067544
615432,FPV,PI,2,54,V,0.5075468556409283
615432,FPV,PI,3,83,D,0.44003627378818166
615432,FPV,PI,4,45,I,0.4353501251563422
615432,FPV,PI,5,91,N,0.23917380420326068
615432,FPV,PI,6,64,V,0.13580228587615104
615432,FPV,PI,7,82,A,0.07700999926559149
615432,FPV,PI,8,37,D,0.044485682730795575
615432,FPV,PI,9,10,I,0.022360743679319596
615432,FPV,PI,10,63,P,0.02231943575470531
615488,FPV,PI,1,61,E,0.9999999523025036
615488,FPV,PI,2,54,I,0.10388128909565628
615488,FPV,PI,3,60,E,0.09499764832153755
615488,FPV,PI,4,63,P,0.02439686164381406
615488,FPV,PI,5,71,A,0.024032430307010005
615488,FPV,PI,6,12,T,0.02352851634829052
615488,FPV,PI,7,82,V,0.02260201239835731
615488,FPV,PI,8,10,L,0.019267853272400774
615488,FPV,PI,9,64,I,0.018848331284675064
615488,FPV,PI,10,25,D,0.016966525826111793
148089,FPV,PI,1,72,T,0.9999999522957581
148089,FPV,PI,2,79,D,0.49583553825350396
148089,FPV,PI,3,20,R,0.2653125226920028
148089,FPV,PI,4,54,I,0.2069614647292591
148089,FPV,PI,5,60,E,0.16648605804933497
148089,FPV,PI,6,57,K,0.0854240524273495
148089,FPV,PI,7,71,V,0.06406983807421801
148089,FPV,PI,8,63,P,0.05739362842808732
148089,FPV,PI,9,82,V,0.048171242732950974
148089,FPV,PI,10,62,V,0.043267647095572334
614780,FPV,PI,1,54,V,0.9999999522838411
614780,FPV,PI,2,36,V,0.5825307746214926
614780,FPV,PI,3,30,N,0.32344104715910593
614780,FPV,PI,4,20,R,0.2973565108409339
614780,FPV,PI,5,37,E,0.25681533471049844
614780,FPV,PI,6,10,F,0.20384618515443684
614780,FPV,PI,7,82,A,0.18797577423624712
614780,FPV,PI,8,60,E,0.17832212568256678
614780,FPV,PI,9,88,D,0.10343516035845263
614780,FPV,PI,10,57,K,0.0825411755813991
116511,FPV,PI,1,55,R,0.9672942280205371
116511,FPV,PI,2,64,V,0.9537329232933671
116511,FPV,PI,3,69,Q,0.8875077694558122
116511,FPV,PI,4,54,I,0.5597454988878703
116511,FPV,PI,5,22,V,0.4929096537470483
116511,FPV,PI,6,82,A,0.4217627443203953
116511,FPV,PI,7,11,I,0.22137064096250458
116511,FPV,PI,8,46,I,0.16551842147535784
116511,FPV,PI,9,71,V,0.14820891871384412
116511,FPV,PI,10,84,V,0.14732567015777465
117037,FPV,PI,1,53,L,0.9608568072134878
117037,FPV,PI,2,74,P,0.7799681664896557
117037,FPV,PI,3,54,I,0.4652898096884771
117037,FPV,PI,4,43,T,0.44164084172385293
117037,FPV,PI,5,82,A,0.23563650096586058
117037,FPV,PI,6,16,A,0.11541403169704362
117037,FPV,PI,7,24,F,0.1017974832400203
117037,FPV,PI,8,46,I,0.08452778625593592
117037,FPV,PI,9,32,I,0.0668506883129277
117037,FPV,PI,10,71,V,0.058304287853330077
615054,FPV,PI,1,34,Q,0.9999999522901101
615054,FPV,PI,2,18,H,0.8554795919871703
615054,FPV,PI,3,20,M,0.599084660491404
615054,FPV,PI,4,54,V,0.5409841013921682
615054,FPV,PI,5,73,A,0.43381946857127723
615054,FPV,PI,6,71,T,0.24826177285586273
615054,FPV,PI,7,72,L,0.23610539902324404
615054,FPV,PI,8,19,I,0.208559409489724
615054,FPV,PI,9,82,A,0.11390872829084561
615054,FPV,PI,10,76,V,0.0918144708274424
117073,FPV,PI,1,54,V,0.9999999522811595
117073,FPV,PI,2,72,V,0.2952715700036948
117073,FPV,PI,3,82,A,0.19785850880880412
117073,FPV,PI,4,71,V,0.06833449758556429
117073,FPV,PI,5,63,P,0.058013154597458226
117073,FPV,PI,6,12,T,0.048093177058941824
117073,FPV,PI,7,10,L,0.0402457628299283
117073,FPV,PI,8,46,M,0.034394446556265154
117073,FPV,PI,9,25,D,0.03418035260034478
117073,FPV,PI,10,64,I,0.03185793895818997
109462,FPV,PI,1,63,L,0.9999999522817296
109462,FPV,PI,2,37,T,0.8302345301738921
109462,FPV,PI,3,54,I,0.30823117469084704
109462,FPV,PI,4,71,A,0.07782221509352849
109462,FPV,PI,5,62,V,0.07651366318898706
109462,FPV,PI,6,12,T,0.06645025625370186
109462,FPV,PI,7,64,I,0.06489376573461887
109462,FPV,PI,8,82,V,0.06274484522842863
109462,FPV,PI,9,10,L,0.056984947068681444
109462,FPV,PI,10,61,Q,0.049691796184783005
147991,FPV,PI,1,54,V,0.9999999522896137
147991,FPV,PI,2,71,T,0.437065293221387
147991,FPV,PI,3,60,E,0.20031973339826686
147991,FPV,PI,4,35,G,0.15957575399702154
147991,FPV,PI,5,33,I,0.12356716401846085
147991,FPV,PI,6,58,E,0.11763486080795309
147991,FPV,PI,7,84,V,0.0637284737282317
147991,FPV,PI,8,63,P,0.05682682679873512
147991,FPV,PI,9,10,I,0.05504158261731168
147991,FPV,PI,10,12,T,0.048201650508125714
614794,FPV,PI,1,63,A,0.9999999523025317
614794,FPV,PI,2,54,I,0.10871446037208156
614794,FPV,PI,3,16,E,0.02844144741661049
614794,FPV,PI,4,62,V,0.026825685045315503
614794,FPV,PI,5,71,A,0.025663949448338875
614794,FPV,PI,6,82,V,0.021744175180274578
614794,FPV,PI,7,12,T,0.02161148679635396
614794,FPV,PI,8,64,I,0.019750874886166656
614794,FPV,PI,9,10,L,0.018528794092380216
614794,FPV,PI,10,25,D,0.016420798084131733
614886,FPV,PI,1,71,T,0.9999999522745631
614886,FPV,PI,2,54,I,0.46463532627181564
614886,FPV,PI,3,63,P,0.1184471618348236
614886,FPV,PI,4,12,T,0.10417181242193543
614886,FPV,PI,5,35,D,0.10024562148965667
614886,FPV,PI,6,82,V,0.09632417522173192
614886,FPV,PI,7,10,L,0.08773566715750655
614886,FPV,PI,8,25,D,0.07565260375120908
614886,FPV,PI,9,64,I,0.07450113219577743
614886,FPV,PI,10,46,M,0.07094169613188972
105320,FPV,PI,1,20,T,0.9892594337184029
105320,FPV,PI,2,54,V,0.9390659016980797
105320,FPV,PI,3,71,T,0.4609742505450944
105320,FPV,PI,4,88,S,0.4317368328234676
105320,FPV,PI,5,58,E,0.13355415915669955
105320,FPV,PI,6,46,I,0.08174300506398331
105320,FPV,PI,7,85,V,0.07187270425812306
105320,FPV,PI,8,63,P,0.06196829983540616
105320,FPV,PI,9,10,I,0.055649247056297826
105320,FPV,PI,10,12,T,0.05193965451890168
614606,FPV,PI,1,82,T,0.9879656553046873
614606,FPV,PI,2,54,V,0.9167531336585574
614606,FPV,PI,3,23,I,0.4153464104902993
614606,FPV,PI,4,43,T,0.29472121918537253
614606,FPV,PI,5,20,R,0.2848969693842536
614606,FPV,PI,6,46,L,0.2703718397162139
614606,FPV,PI,7,33,I,0.10234214264064656
614606,FPV,PI,8,37,D,0.09590012297507536
614606,FPV,PI,9,16,A,0.0846382864569227
614606,FPV,PI,10,71,V,0.0502151224311978
143350,FPV,PI,1,39,T,0.9999999522844952
143350,FPV,PI,2,54,V,0.6154180665998565
143350,FPV,PI,3,63,L,0.467620783374469
143350,FPV,PI,4,66,F,0.3579278649797653
143350,FPV,PI,5,69,K,0.314888666601607
143350,FPV,PI,6,10,V,0.2443352270850726
143350,FPV,PI,7,19,I,0.21447861634243076
143350,FPV,PI,8,74,S,0.1860322841230654
143350,FPV,PI,9,14,R,0.1282156435785326
143350,FPV,PI,10,89,M,0.07802419198567465
117071,FPV,PI,1,54,V,0.9999999523070512
117071,FPV,PI,2,82,A,0.16310824920768502
117071,FPV,PI,3,24,F,0.08825933800754969
117071,FPV,PI,4,33,F,0.04381458263577046
117071,FPV,PI,5,10,I,0.04352061664768269
117071,FPV,PI,6,71,V,0.04317094993007212
117071,FPV,PI,7,63,P,0.04197292419868845
117071,FPV,PI,8,12,T,0.037230310695800954
117071,FPV,PI,9,35,D,0.031462180912765904
117071,FPV,PI,10,25,D,0.03000501180012163
206421,FPV,PI,1,20,T,0.9999999522952343
206421,FPV,PI,2,30,N,0.3885218968083167
206421,FPV,PI,3,54,I,0.2156101913391946
206421,FPV,PI,4,58,E,0.15175645609204677
206421,FPV,PI,5,57,G,0.1378585814597208
206421,FPV,PI,6,88,D,0.10700365828677452
206421,FPV,PI,7,63,P,0.05922639725966171
206421,FPV,PI,8,71,A,0.04800033764745521
206421,FPV,PI,9,12,T,0.04689953264225589
206421,FPV,PI,10,35,D,0.04503181076590184
206413,FPV,PI,1,63,L,0.9999999522802347
206413,FPV,PI,2,54,I,0.31140512438496326
206413,FPV,PI,3,57,G,0.18870422700138503
206413,FPV,PI,4,71,A,0.08171040394379142
206413,FPV,PI,5,35,D,0.07050604674930042
206413,FPV,PI,6,12,T,0.06778806760760045
206413,FPV,PI,7,82,V,0.06491336046073012
206413,FPV,PI,8,15,V,0.06186706501545969
206413,FPV,PI,9,64,I,0.0609815535816117
206413,FPV,PI,10,10,L,0.056881277802127046
615402,FPV,PI,1,63,L,0.9999999522801486
615402,FPV,PI,2,72,V,0.4484318614822103
615402,FPV,PI,3,54,I,0.31103193872554386
615402,FPV,PI,4,71,A,0.0797563077861381
615402,FPV,PI,5,62,V,0.0789877405290488
615402,FPV,PI,6,12,T,0.07024627664714736
615402,FPV,PI,7,13,V,0.06495000092120208
615402,FPV,PI,8,82,V,0.06228358827214145
615402,FPV,PI,9,64,I,0.061983952470945784
615402,FPV,PI,10,10,L,0.056872611280606306
615024,FPV,PI,1,12,P,0.9796083841944716
615024,FPV,PI,2,20,T,0.7353411435664937
615024,FPV,PI,3,53,L,0.6911945502724426
615024,FPV,PI,4,55,R,0.3419639320459962
615024,FPV,PI,5,64,V,0.3207061705948986
615024,FPV,PI,6,46,L,0.2558621798647715
615024,FPV,PI,7,54,I,0.238503448525203
615024,FPV,PI,8,82,A,0.16365555426034342
615024,FPV,PI,9,60,E,0.12835896313202727
615024,FPV,PI,10,76,V,0.11574149154745993
614684,FPV,PI,1,63,V,1.0000000119106156
614684,FPV,PI,2,54,V,0.13929213773756333
614684,FPV,PI,3,82,A,0.03015638179312973
614684,FPV,PI,4,76,V,0.020842830334751795
614684,FPV,PI,5,37,D,0.017400367575431334
614684,FPV,PI,6,89,M,0.013267011525830236
614684,FPV,PI,7,46,I,0.010146006213420765
614684,FPV,PI,8,71,V,0.009128852751922791
614684,FPV,PI,9,10,I,0.007809356282006005
614684,FPV,PI,10,12,T,0.006628850096545213
257947,FPV,PI,1,63,H,1.0000000119104535
257947,FPV,PI,2,37,A,0.19789080293297176
257947,FPV,PI,3,43,R,0.1516991909888807
257947,FPV,PI,4,20,M,0.14332298315228842
257947,FPV,PI,5,89,I,0.03874398807858304
257947,FPV,PI,6,54,I,0.029381809646100324
257947,FPV,PI,7,33,I,0.017458811550644056
257947,FPV,PI,8,57,K,0.010985557116761246
257947,FPV,PI,9,12,T,0.007152991206989243
257947,FPV,PI,10,71,A,0.0062713138769306806
259227,FPV,PI,1,63,T,0.999999952303235
259227,FPV,PI,2,72,T,0.2186654239525076
259227,FPV,PI,3,20,T,0.19315758065127242
259227,FPV,PI,4,64,V,0.09224596868794704
259227,FPV,PI,5,19,I,0.058244929338026545
259227,FPV,PI,6,74,S,0.0526538637873891
259227,FPV,PI,7,54,I,0.05236515382067303
259227,FPV,PI,8,35,G,0.029808092917059277
259227,FPV,PI,9,57,G,0.02584460247280295
259227,FPV,PI,10,71,A,0.010383353372982258
148055,FPV,PI,1,63,A,0.9999999522943904
148055,FPV,PI,2,70,R,0.37438836780610274
148055,FPV,PI,3,64,V,0.27864508511138225
148055,FPV,PI,4,54,I,0.10897439042950086
148055,FPV,PI,5,71,A,0.025406981346284552
148055,FPV,PI,6,12,T,0.022265677602778818
148055,FPV,PI,7,82,V,0.02188302879870954
148055,FPV,PI,8,15,V,0.02058160369345828
148055,FPV,PI,9,10,L,0.019143639772798756
148055,FPV,PI,10,25,D,0.016570623101964502
205601,FPV,PI,1,72,E,0.9999999522957871
205601,FPV,PI,2,70,R,0.3410112790387283
205601,FPV,PI,3,73,C,0.2326115779131206
205601,FPV,PI,4,64,V,0.18714027114151482
205601,FPV,PI,5,54,I,0.09405028102533232
205601,FPV,PI,6,60,E,0.09257547258930164
205601,FPV,PI,7,57,G,0.0543573750873305
205601,FPV,PI,8,46,I,0.03317382548007725
205601,FPV,PI,9,63,P,0.0305939634322463
205601,FPV,PI,10,71,A,0.02731721338681945
614868,FPV,PI,1,54,I,0.9999999522457648
614868,FPV,PI,2,63,P,0.2505955637867241
614868,FPV,PI,3,71,A,0.22768955444628117
614868,FPV,PI,4,12,T,0.21741197773991866
614868,FPV,PI,5,35,D,0.21616833780667077
614868,FPV,PI,6,82,V,0.20311164079682353
614868,FPV,PI,7,10,L,0.1835797146572484
614868,FPV,PI,8,64,I,0.17578844936407528
614868,FPV,PI,9,25,D,0.15939085172654519
614868,FPV,PI,10,46,M,0.14419716449762104
145194,FPV,PI,1,12,S,0.9999999522960081
145194,FPV,PI,2,72,V,0.15471936930995245
145194,FPV,PI,3,54,I,0.1268784597552079
145194,FPV,PI,4,63,P,0.03205279450493559
145194,FPV,PI,5,71,A,0.027662037883898778
145194,FPV,PI,6,82,V,0.026396463595916228
145194,FPV,PI,7,10,L,0.02300741551897425
145194,FPV,PI,8,19,L,0.021000708770949176
145194,FPV,PI,9,64,I,0.020027513420982697
145194,FPV,PI,10,25,D,0.018681040478558127
198541,FPV,PI,1,37,T,0.9322405273495202
198541,FPV,PI,2,64,V,0.8908349990420122
198541,FPV,PI,3,54,I,0.3480817220016117
198541,FPV,PI,4,63,P,0.09580720593493117
198541,FPV,PI,5,12,T,0.08308342933226504
198541,FPV,PI,6,71,A,0.07928601274230226
198541,FPV,PI,7,13,V,0.07435322597304388
198541,FPV,PI,8,82,V,0.06951487615935088
198541,FPV,PI,9,35,D,0.06900555538143308
198541,FPV,PI,10,10,L,0.0655063304398717
123041,FPV,PI,1,54,T,1.0000000119172792
123041,FPV,PI,2,48,V,0.03008359792893181
123041,FPV,PI,3,43,T,0.012727563744808152
123041,FPV,PI,4,69,R,0.011857677808665897
123041,FPV,PI,5,82,A,0.005876208584234955
123041,FPV,PI,6,71,I,0.004497802636317846
123041,FPV,PI,7,84,V,0.0017561134292484572
123041,FPV,PI,8,10,I,0.001723314928808129
123041,FPV,PI,9,33,F,0.001723056785573246
123041,FPV,PI,10,63,P,0.0015695403801315793
143463,FPV,PI,1,54,V,0.9999999522885399
143463,FPV,PI,2,10,F,0.2560049299485477
143463,FPV,PI,3,71,I,0.19373768109953954
143463,FPV,PI,4,33,I,0.13496613612250644
143463,FPV,PI,5,32,I,0.08560944160493456
143463,FPV,PI,6,85,V,0.07638367553833122
143463,FPV,PI,7,12,T,0.0646023527203193
143463,FPV,PI,8,63,P,0.059703600334443635
143463,FPV,PI,9,13,V,0.053685015448989674
143463,FPV,PI,10,82,V,0.0529837573305118
172136,FPV,PI,1,72,Y,0.9999999523012022
172136,FPV,PI,2,47,V,0.15919720659050163
172136,FPV,PI,3,54,I,0.09732184583746226
172136,FPV,PI,4,63,P,0.03394384344597465
172136,FPV,PI,5,46,I,0.03279467873365562
172136,FPV,PI,6,32,I,0.025150470313800088
172136,FPV,PI,7,71,A,0.02382994968049399
172136,FPV,PI,8,12,T,0.021750812100836417
172136,FPV,PI,9,82,V,0.02126991158022592
172136,FPV,PI,10,73,S,0.02002418481416813
235701,FPV,PI,1,34,S,0.9999999523013645
235701,FPV,PI,2,54,M,0.7308623784364285
235701,FPV,PI,3,82,I,0.42835894740549935
235701,FPV,PI,4,36,V,0.0881680234161938
235701,FPV,PI,5,77,T,0.08565224921529496
235701,FPV,PI,6,11,L,0.08492481011230028
235701,FPV,PI,7,47,V,0.05206549946398811
235701,FPV,PI,8,20,R,0.039485749886172254
235701,FPV,PI,9,71,I,0.022795972470134953
235701,FPV,PI,10,58,E,0.019018451780117213
187155,FPV,PI,1,18,H,0.9477986919519421
187155,FPV,PI,2,72,M,0.9150852679881597
187155,FPV,PI,3,54,V,0.7116507281500265
187155,FPV,PI,4,20,I,0.43501494032843835
187155,FPV,PI,5,11,I,0.06750547545072892
187155,FPV,PI,6,46,I,0.05131761671211215
187155,FPV,PI,7,84,V,0.048950210506006654
187155,FPV,PI,8,71,V,0.048238347583084054
187155,FPV,PI,9,63,P,0.04287815334609175
187155,FPV,PI,10,12,T,0.03995809978872414
216617,FPV,PI,1,63,A,0.9999999522962204
216617,FPV,PI,2,54,I,0.11859491196896733
216617,FPV,PI,3,57,G,0.06748225494832746
216617,FPV,PI,4,71,A,0.026993865946418387
216617,FPV,PI,5,82,V,0.023731680922619014
216617,FPV,PI,6,12,T,0.022117068209317636
216617,FPV,PI,7,10,L,0.020172124484937447
216617,FPV,PI,8,64,I,0.01916707630481109
216617,FPV,PI,9,61,Q,0.017191803295096234
216617,FPV,PI,10,46,M,0.017004138682317142
614970,FPV,PI,1,83,S,0.9999999523037232
614970,FPV,PI,2,54,V,0.5682428401857834
614970,FPV,PI,3,72,L,0.200183276579954
614970,FPV,PI,4,22,V,0.13080364297480856
614970,FPV,PI,5,10,F,0.11004825277694401
614970,FPV,PI,6,35,G,0.08304078311539809
614970,FPV,PI,7,63,P,0.03781978719756993
614970,FPV,PI,8,71,V,0.03609646798095793
614970,FPV,PI,9,84,V,0.03518123876398769
614970,FPV,PI,10,85,V,0.03438270915671805
614474,FPV,PI,1,12,I,0.9999999522973053
614474,FPV,PI,2,54,I,0.1563332011138283
614474,FPV,PI,3,57,K,0.05307241751205974
614474,FPV,PI,4,63,P,0.03845655288786705
614474,FPV,PI,5,71,A,0.03510450150747312
614474,FPV,PI,6,82,V,0.03458326702055941
614474,FPV,PI,7,10,L,0.030658006639126177
614474,FPV,PI,8,64,I,0.028028066398546637
614474,FPV,PI,9,25,D,0.027006190149330693
614474,FPV,PI,10,46,M,0.02399385075893035
615074,FPV,PI,1,72,T,0.9999999522944009
615074,FPV,PI,2,50,L,0.4493258640502602
615074,FPV,PI,3,71,T,0.42984533332406344
615074,FPV,PI,4,54,I,0.21166930430584063
615074,FPV,PI,5,57,K,0.07652673572322907
615074,FPV,PI,6,63,P,0.061895060894956166
615074,FPV,PI,7,12,T,0.04403587193724127
615074,FPV,PI,8,35,D,0.04287519547116945
615074,FPV,PI,9,82,V,0.04092618493336844
615074,FPV,PI,10,10,L,0.03708676818253976
615270,FPV,PI,1,54,I,0.9999999522597565
615270,FPV,PI,2,63,P,0.24160160681677112
615270,FPV,PI,3,71,A,0.22284387324674898
615270,FPV,PI,4,12,T,0.2049441013086785
615270,FPV,PI,5,82,V,0.19883534208223147
615270,FPV,PI,6,10,L,0.17665278800892065
615270,FPV,PI,7,64,I,0.1694762918845958
615270,FPV,PI,8,25,D,0.15049352185333437
615270,FPV,PI,9,46,M,0.13279338903883825
615270,FPV,PI,10,61,Q,0.12620476175705828
259207,FPV,PI,1,12,S,0.99999995229299
259207,FPV,PI,2,69,Q,0.22661592746192577
259207,FPV,PI,3,19,I,0.1964486092690042
259207,FPV,PI,4,54,I,0.1420955655381303
259207,FPV,PI,5,57,K,0.04888296111034657
259207,FPV,PI,6,71,A,0.03323014625201892
259207,FPV,PI,7,63,P,0.03251866229527632
259207,FPV,PI,8,82,V,0.027694309363518906
259207,FPV,PI,9,35,D,0.026691374495142355
259207,FPV,PI,10,10,L,0.02504481825857271
615536,FPV,PI,1,63,C,0.9999999522954913
615536,FPV,PI,2,82,T,0.4396693069167132
615536,FPV,PI,3,55,R,0.15463262431281138
615536,FPV,PI,4,64,V,0.1450421009330324
615536,FPV,PI,5,46,L,0.11182668185690763
615536,FPV,PI,6,74,S,0.09103404781080193
615536,FPV,PI,7,54,I,0.08415624795489121
615536,FPV,PI,8,84,V,0.025071481794675804
615536,FPV,PI,9,71,V,0.023888367493725766
615536,FPV,PI,10,32,I,0.020850077832482657
145208,FPV,PI,1,54,I,0.9999999522302639
145208,FPV,PI,2,14,R,0.8919407861316292
145208,FPV,PI,3,63,P,0.2576720741119947
145208,FPV,PI,4,12,T,0.23340228128137636
145208,FPV,PI,5,71,A,0.23251512558836565
145208,FPV,PI,6,82,V,0.21002951734385022
145208,FPV,PI,7,15,V,0.1912662310268798
145208,FPV,PI,8,64,I,0.19010135589657018
145208,FPV,PI,9,10,L,0.18659919743181302
145208,FPV,PI,10,25,D,0.16592284889368902
89952,FPV,PI,1,70,T,0.9999999523003938
89952,FPV,PI,2,54,M,0.9933962708505889
89952,FPV,PI,3,82,T,0.28232206095906226
89952,FPV,PI,4,33,M,0.162134870430506
89952,FPV,PI,5,89,F,0.10973760349298135
89952,FPV,PI,6,47,V,0.08443610110372284
89952,FPV,PI,7,58,E,0.028370248736207727
89952,FPV,PI,8,46,I,0.01849522396599481
89952,FPV,PI,9,71,V,0.0176864419071887
89952,FPV,PI,10,32,I,0.017356109591788935
615206,FPV,PI,1,61,E,0.9218568992137843
615206,FPV,PI,2,54,V,0.8494365930379673
615206,FPV,PI,3,48,V,0.5818684432921322
615206,FPV,PI,4,74,A,0.5719553084551268
615206,FPV,PI,5,43,T,0.2206898513561885
615206,FPV,PI,6,10,V,0.20264480998077167
615206,FPV,PI,7,91,S,0.2019508304196191
615206,FPV,PI,8,46,L,0.17843746214864645
615206,FPV,PI,9,82,A,0.11807240396769537
615206,FPV,PI,10,84,V,0.03491819914923304
614494,FPV,PI,1,62,M,0.999999952293114
614494,FPV,PI,2,64,L,0.5460875799790907
614494,FPV,PI,3,66,F,0.2692896557167172
614494,FPV,PI,4,69,Q,0.2040169607757054
614494,FPV,PI,5,54,I,0.1553492196364201
614494,FPV,PI,6,71,V,0.03438761523340986
614494,FPV,PI,7,84,V,0.03413899886307592
614494,FPV,PI,8,63,P,0.02890864912507659
614494,FPV,PI,9,33,F,0.028499529013503097
614494,FPV,PI,10,10,I,0.02721782813318438
614988,FPV,PI,1,39,Q,0.9999999522855342
614988,FPV,PI,2,69,Y,0.8921073966716152
614988,FPV,PI,3,54,I,0.17608690942471905
614988,FPV,PI,4,63,P,0.04603835439565542
614988,FPV,PI,5,12,T,0.03901154554418699
614988,FPV,PI,6,71,A,0.03821232081283868
614988,FPV,PI,7,82,V,0.03734520233547499
614988,FPV,PI,8,62,V,0.0348062404150367
614988,FPV,PI,9,10,L,0.033351833848057955
614988,FPV,PI,10,64,I,0.0312271431793091
614662,FPV,PI,1,63,T,1.0000000119111978
614662,FPV,PI,2,20,R,0.0650221016117036
614662,FPV,PI,3,72,V,0.056873864948553156
614662,FPV,PI,4,54,I,0.04473927990731473
614662,FPV,PI,5,16,E,0.011628436614261748
614662,FPV,PI,6,10,I,0.010965237358083501
614662,FPV,PI,7,71,A,0.010078195832353455
614662,FPV,PI,8,82,V,0.009042638063331089
614662,FPV,PI,9,12,T,0.009018310374112583
614662,FPV,PI,10,64,I,0.008002628546255738
614452,FPV,PI,1,83,H,0.9965642809604022
614452,FPV,PI,2,54,V,0.8145584420105147
614452,FPV,PI,3,70,R,0.702921646596538
614452,FPV,PI,4,79,A,0.5971916889714133
614452,FPV,PI,5,20,I,0.5902070978704893
614452,FPV,PI,6,72,L,0.32292337366921253
614452,FPV,PI,7,46,L,0.27398591122429566
614452,FPV,PI,8,10,F,0.19474733637884664
614452,FPV,PI,9,16,A,0.1222251375441846
614452,FPV,PI,10,11,I,0.0939428582768619
614840,FPV,PI,1,33,V,0.9999999522889769
614840,FPV,PI,2,54,I,0.2728153561165297
614840,FPV,PI,3,60,E,0.25901996092005675
614840,FPV,PI,4,63,P,0.07810725103136433
614840,FPV,PI,5,12,T,0.0705337751556948
614840,FPV,PI,6,71,A,0.0685638037810959
614840,FPV,PI,7,62,V,0.06432854584570635
614840,FPV,PI,8,64,I,0.060064709278267875
614840,FPV,PI,9,82,V,0.058869967356755426
614840,FPV,PI,10,10,L,0.05499582138878935
614828,FPV,PI,1,8,Q,0.9817865782480729
614828,FPV,PI,2,54,V,0.9557690143188564
614828,FPV,PI,3,55,R,0.4836871743896929
614828,FPV,PI,4,30,N,0.40379592966218697
614828,FPV,PI,5,46,L,0.37694755604386665
614828,FPV,PI,6,10,F,0.23863354228188943
614828,FPV,PI,7,58,E,0.1305975473653982
614828,FPV,PI,8,33,I,0.12464210431912506
614828,FPV,PI,9,88,D,0.11089454121508321
614828,FPV,PI,10,71,V,0.07018298489661062
614826,FPV,PI,1,54,I,0.9999999522363057
614826,FPV,PI,2,63,P,0.25372544628791
614826,FPV,PI,3,71,A,0.22816685208396328
614826,FPV,PI,4,12,T,0.21653134907746627
614826,FPV,PI,5,35,D,0.21528136950571272
614826,FPV,PI,6,82,V,0.202943531300957
614826,FPV,PI,7,10,L,0.18222728817341063
614826,FPV,PI,8,64,I,0.1756465272556852
614826,FPV,PI,9,25,D,0.15780356080796554
614826,FPV,PI,10,46,M,0.14842559480858122
615482,FPV,PI,1,54,M,1.0000000119115338
615482,FPV,PI,2,64,L,0.210965860953221
615482,FPV,PI,3,72,V,0.04711610384382843
615482,FPV,PI,4,82,A,0.036982864479338955
615482,FPV,PI,5,37,D,0.022638609331789128
615482,FPV,PI,6,46,I,0.014796919305716963
615482,FPV,PI,7,24,I,0.010800181604088896
615482,FPV,PI,8,10,I,0.010225017601333404
615482,FPV,PI,9,71,V,0.01010459990900927
615482,FPV,PI,10,63,P,0.010004621537318565
113058,FPV,PI,1,54,L,0.9999999523023554
113058,FPV,PI,2,20,V,0.3451936578649696
113058,FPV,PI,3,48,I,0.25264500195406164
113058,FPV,PI,4,55,R,0.09411174252060295
113058,FPV,PI,5,10,F,0.045126882343185425
113058,FPV,PI,6,71,I,0.035602854513097935
113058,FPV,PI,7,76,V,0.03482532812143957
113058,FPV,PI,8,58,E,0.031082309321389428
113058,FPV,PI,9,11,I,0.02266066440176437
113058,FPV,PI,10,84,V,0.01389797599704062
615226,FPV,PI,1,54,L,0.9999999523052194
615226,FPV,PI,2,19,I,0.07476804914965819
615226,FPV,PI,3,20,R,0.06653655199342534
615226,FPV,PI,4,37,E,0.0601601043130781
615226,FPV,PI,5,10,F,0.04570026709550335
615226,FPV,PI,6,82,A,0.04225732206617293
615226,FPV,PI,7,76,V,0.03447576828500262
615226,FPV,PI,8,58,E,0.02931425061347362
615226,FPV,PI,9,46,I,0.01800947903632894
615226,FPV,PI,10,71,V,0.013870762431699227
107981,FPV,PI,1,54,V,0.999999952301292
107981,FPV,PI,2,73,T,0.5299548298746111
107981,FPV,PI,3,50,L,0.43325886439779376
107981,FPV,PI,4,55,R,0.40403878457882175
107981,FPV,PI,5,43,T,0.3371943872132243
107981,FPV,PI,6,95,F,0.29765222070569436
107981,FPV,PI,7,72,L,0.24373806216207042
107981,FPV,PI,8,82,A,0.17426515838934428
107981,FPV,PI,9,46,I,0.06231422644640731
107981,FPV,PI,10,33,F,0.050593845837621144
615194,FPV,PI,1,19,V,0.9999999522980482
615194,FPV,PI,2,54,V,0.26997553418944426
615194,FPV,PI,3,36,L,0.11676183563275794
615194,FPV,PI,4,91,S,0.10560074211789763
615194,FPV,PI,5,10,V,0.09533887393011257
615194,FPV,PI,6,46,L,0.0811680127617945
615194,FPV,PI,7,82,A,0.050472632586976304
615194,FPV,PI,8,14,R,0.044426341848568765
615194,FPV,PI,9,71,V,0.015323178945071993
615194,FPV,PI,10,12,T,0.013757143191181417
206437,FPV,PI,1,34,Q,0.9999999523046399
206437,FPV,PI,2,54,V,0.7029681868479272
206437,FPV,PI,3,12,P,0.6636784038905577
206437,FPV,PI,4,79,D,0.3513163576333392
206437,FPV,PI,5,10,F,0.10870214310320683
206437,FPV,PI,6,24,F,0.061805246010592466
206437,FPV,PI,7,57,G,0.060710292613629306
206437,FPV,PI,8,46,I,0.04177215961301939
206437,FPV,PI,9,82,V,0.03690535532111011
206437,FPV,PI,10,71,V,0.033169469024177625
615166,FPV,PI,1,82,T,0.9999999522802904
615166,FPV,PI,2,54,V,0.8829921301158574
615166,FPV,PI,3,20,M,0.8123229707721488
615166,FPV,PI,4,53,L,0.6619468611606901
615166,FPV,PI,5,55,R,0.38936055999261354
615166,FPV,PI,6,36,L,0.376151252696016
615166,FPV,PI,7,47,V,0.2930031181987439
615166,FPV,PI,8,10,V,0.2910379474457538
615166,FPV,PI,9,46,I,0.06872967387101026
615166,FPV,PI,10,32,I,0.05934300208773922
615540,FPV,PI,1,54,L,1.0000000119143602
615540,FPV,PI,2,50,V,0.1986638254521155
615540,FPV,PI,3,11,L,0.1053705400992275
615540,FPV,PI,4,55,R,0.08343557788263303
615540,FPV,PI,5,20,R,0.05164268734953687
615540,FPV,PI,6,37,E,0.03956907816855225
615540,FPV,PI,7,82,A,0.035421692814988734
615540,FPV,PI,8,10,F,0.032477045685258804
615540,FPV,PI,9,60,E,0.02992612639123581
615540,FPV,PI,10,58,E,0.024568175344622502
187169,FPV,PI,1,64,M,0.9999999523031033
187169,FPV,PI,2,12,S,0.4536289694354665
187169,FPV,PI,3,7,R,0.20764776396372642
187169,FPV,PI,4,54,I,0.05442672784966669
187169,FPV,PI,5,14,R,0.04685859366507608
187169,FPV,PI,6,63,P,0.014512947210900474
187169,FPV,PI,7,71,A,0.012656510822112532
187169,FPV,PI,8,82,V,0.011338808688345253
187169,FPV,PI,9,62,V,0.010676722044392174
187169,FPV,PI,10,10,L,0.010544062381186842
147550,FPV,PI,1,54,M,0.9970727682000289
147550,FPV,PI,2,12,K,0.6972493389575429
147550,FPV,PI,3,20,V,0.2546356797552113
147550,FPV,PI,4,66,V,0.18327440340498832
147550,FPV,PI,5,47,V,0.061704952806317354
147550,FPV,PI,6,64,V,0.05974148203561103
147550,FPV,PI,7,35,G,0.02680939637570826
147550,FPV,PI,8,37,D,0.022653531984815685
147550,FPV,PI,9,58,E,0.019776898507048012
147550,FPV,PI,10,11,I,0.017365807566981025
187147,FPV,PI,1,63,L,0.9999999522876815
187147,FPV,PI,2,54,I,0.3146875874022292
187147,FPV,PI,3,71,A,0.08013430898353194
187147,FPV,PI,4,12,T,0.06901737621560955
187147,FPV,PI,5,82,V,0.06670585650473776
187147,FPV,PI,6,64,I,0.06453521489155846
187147,FPV,PI,7,10,L,0.05905038461085503
187147,FPV,PI,8,61,Q,0.05344210590707484
187147,FPV,PI,9,25,D,0.053173495342219976
187147,FPV,PI,10,46,M,0.04383071914474792
205691,FPV,PI,1,54,I,0.9999999522351691
205691,FPV,PI,2,57,G,0.548748618674137
205691,FPV,PI,3,71,V,0.3155942794520553
205691,FPV,PI,4,63,P,0.2537185099627261
205691,FPV,PI,5,10,I,0.24817689128078518
205691,FPV,PI,6,82,V,0.2121878123729099
205691,FPV,PI,7,12,T,0.20324396480299656
205691,FPV,PI,8,35,D,0.20257929392721188
205691,FPV,PI,9,73,S,0.1885276062080588
205691,FPV,PI,10,62,V,0.17357625514837763
257941,FPV,PI,1,64,L,0.9999999522960431
257941,FPV,PI,2,72,V,0.16677591766138672
257941,FPV,PI,3,54,I,0.1307846900370852
257941,FPV,PI,4,14,R,0.10995583411169535
257941,FPV,PI,5,57,G,0.07508717837742121
257941,FPV,PI,6,63,P,0.036607761528318336
257941,FPV,PI,7,71,A,0.03164219292080362
257941,FPV,PI,8,12,T,0.029263852630992702
257941,FPV,PI,9,82,V,0.027186101405962698
257941,FPV,PI,10,10,L,0.02433093855178755
109412,FPV,PI,1,63,L,0.9999999522782533
109412,FPV,PI,2,64,V,0.8323771187383324
109412,FPV,PI,3,54,I,0.3130176614894655
109412,FPV,PI,4,71,A,0.08002927233067345
109412,FPV,PI,5,12,T,0.06835120023198142
109412,FPV,PI,6,82,V,0.06435078687826418
109412,FPV,PI,7,10,L,0.05808770992387854
109412,FPV,PI,8,61,Q,0.05299847065402217
109412,FPV,PI,9,25,D,0.05027609674497871
109412,FPV,PI,10,46,M,0.043507294802769395
615172,FPV,PI,1,54,L,0.9999999523026443
615172,FPV,PI,2,4,P,0.2690448324721448
615172,FPV,PI,3,53,L,0.1528961613183226
615172,FPV,PI,4,37,T,0.13695737289851428
615172,FPV,PI,5,20,I,0.12923751068280592
615172,FPV,PI,6,74,S,0.07135451301235385
615172,FPV,PI,7,10,F,0.052044963145515086
615172,FPV,PI,8,14,R,0.04356718533649724
615172,FPV,PI,9,71,I,0.037251770406216474
615172,FPV,PI,10,46,I,0.016929378452331924
259199,FPV,PI,1,63,A,0.9999999522985759
259199,FPV,PI,2,12,P,0.6756717084898727
259199,FPV,PI,3,72,V,0.15021798264956884
259199,FPV,PI,4,54,I,0.14846466057013646
259199,FPV,PI,5,57,G,0.07044692148110845
259199,FPV,PI,6,82,V,0.02889724030485652
259199,FPV,PI,7,10,L,0.026394949836028556
259199,FPV,PI,8,71,A,0.02496779918126216
259199,FPV,PI,9,19,L,0.022561148793038346
259199,FPV,PI,10,34,E,0.018504074252496814
614914,FPV,PI,1,50,V,0.9999999522876704
614914,FPV,PI,2,54,V,0.8583991936459017
614914,FPV,PI,3,63,L,0.5951770992060788
614914,FPV,PI,4,69,R,0.3418881877414416
614914,FPV,PI,5,82,A,0.16839881054766132
614914,FPV,PI,6,89,M,0.09208996218104909
614914,FPV,PI,7,46,I,0.06648707206256917
614914,FPV,PI,8,71,V,0.06219260794719498
614914,FPV,PI,9,12,T,0.0372806303872706
614914,FPV,PI,10,10,L,0.03224977996548678
614588,FPV,PI,1,63,L,0.9999999522859759
614588,FPV,PI,2,54,I,0.3117378453847513
614588,FPV,PI,3,71,A,0.07928215879338665
614588,FPV,PI,4,12,T,0.06820527035785243
614588,FPV,PI,5,82,V,0.06571077500406387
614588,FPV,PI,6,64,I,0.06401081045007889
614588,FPV,PI,7,10,L,0.05743611868092023
614588,FPV,PI,8,61,Q,0.05318499621772305
614588,FPV,PI,9,25,D,0.051629196913066104
614588,FPV,PI,10,46,M,0.04392343722187944
614980,FPV,PI,1,65,D,0.9851379625295957
614980,FPV,PI,2,82,M,0.919513416269304
614980,FPV,PI,3,63,C,0.7618159487454438
614980,FPV,PI,4,45,I,0.22063226325343946
614980,FPV,PI,5,20,I,0.14177317819511212
614980,FPV,PI,6,50,L,0.1209719041564681
614980,FPV,PI,7,69,K,0.10831424237264003
614980,FPV,PI,8,54,I,0.054101641169850785
614980,FPV,PI,9,35,G,0.033188572514384604
614980,FPV,PI,10,16,E,0.015331245339419321
614770,FPV,PI,1,54,L,0.9999999523055514
614770,FPV,PI,2,33,M,0.16894499893312437
614770,FPV,PI,3,69,R,0.09444130622541633
614770,FPV,PI,4,72,L,0.0937491842230509
614770,FPV,PI,5,19,I,0.08284460783602858
614770,FPV,PI,6,67,F,0.0553679300121102
614770,FPV,PI,7,10,F,0.05427016995239268
614770,FPV,PI,8,37,D,0.03488545031120881
614770,FPV,PI,9,88,D,0.02465033718238506
614770,FPV,PI,10,63,P,0.01905633747954714
116527,FPV,PI,1,54,L,0.9999999522978071
116527,FPV,PI,2,34,Q,0.3284072953076575
116527,FPV,PI,3,39,S,0.31984978723622065
116527,FPV,PI,4,36,A,0.24327282049506477
116527,FPV,PI,5,53,L,0.1351529684206163
116527,FPV,PI,6,46,I,0.01547585445565329
116527,FPV,PI,7,32,I,0.012722917879416405
116527,FPV,PI,8,84,V,0.012002795825475617
116527,FPV,PI,9,71,V,0.011671685208231702
116527,FPV,PI,10,63,P,0.01019928296813812
117055,FPV,PI,1,64,L,0.9999999523009295
117055,FPV,PI,2,30,N,0.2129440527508452
117055,FPV,PI,3,54,I,0.13389155870517847
117055,FPV,PI,4,88,D,0.06268965376832801
117055,FPV,PI,5,63,P,0.035085932697830315
117055,FPV,PI,6,33,F,0.031150680982092387
117055,FPV,PI,7,71,A,0.02832342148219201
117055,FPV,PI,8,12,T,0.028269835178813527
117055,FPV,PI,9,82,V,0.027577298738748916
117055,FPV,PI,10,62,V,0.02526949870067006
147979,FPV,PI,1,63,L,0.9999999522806076
147979,FPV,PI,2,64,V,0.8230101623401279
147979,FPV,PI,3,72,V,0.4424737742416669
147979,FPV,PI,4,54,I,0.31534558196835283
147979,FPV,PI,5,71,A,0.08284118243239103
147979,FPV,PI,6,12,T,0.07334319227478753
147979,FPV,PI,7,13,V,0.06530382190025835
147979,FPV,PI,8,82,V,0.0637008844653432
147979,FPV,PI,9,10,L,0.058964507504718544
147979,FPV,PI,10,61,Q,0.054461126627354556
205632,FPV,PI,1,20,M,0.9999999522976319
205632,FPV,PI,2,54,V,0.7660099539066776
205632,FPV,PI,3,60,E,0.21031165985717232
205632,FPV,PI,4,35,G,0.14483449176876956
205632,FPV,PI,5,57,G,0.12681255971882932
205632,FPV,PI,6,88,D,0.09399790138347502
205632,FPV,PI,7,71,V,0.06564607792012031
205632,FPV,PI,8,63,P,0.0571201133904581
205632,FPV,PI,9,10,I,0.054037147281877196
205632,FPV,PI,10,12,T,0.05314002301707486
117003,FPV,PI,1,71,T,0.9999999522622895
117003,FPV,PI,2,54,I,0.5368564482920934
117003,FPV,PI,3,10,F,0.5346377099330202
117003,FPV,PI,4,57,K,0.2017085654385805
117003,FPV,PI,5,46,I,0.1828568487805503
117003,FPV,PI,6,84,V,0.16119676106590888
117003,FPV,PI,7,63,P,0.13611970018903322
117003,FPV,PI,8,12,T,0.12120187476894764
117003,FPV,PI,9,82,V,0.11392709683609195
117003,FPV,PI,10,62,V,0.09690700735378324
146948,FPV,PI,1,20,V,0.9999999522969096
146948,FPV,PI,2,79,A,0.4467028352002339
146948,FPV,PI,3,54,I,0.14812670636025832
146948,FPV,PI,4,14,R,0.11851544185395771
146948,FPV,PI,5,71,I,0.10922588766468558
146948,FPV,PI,6,11,I,0.06397347755630259
146948,FPV,PI,7,84,V,0.04233420070720359
146948,FPV,PI,8,12,T,0.037910783637242755
146948,FPV,PI,9,10,I,0.03680841333999604
146948,FPV,PI,10,63,P,0.03644339058628973
148115,FPV,PI,1,54,I,0.999999952252816
148115,FPV,PI,2,63,P,0.2566314163508403
148115,FPV,PI,3,71,A,0.2181760016324651
148115,FPV,PI,4,12,T,0.20977646719288173
148115,FPV,PI,5,82,V,0.20565033060968968
148115,FPV,PI,6,10,L,0.1787742761530975
148115,FPV,PI,7,64,I,0.1693142315784631
148115,FPV,PI,8,25,D,0.15026509782017924
148115,FPV,PI,9,46,M,0.1455574912365103
148115,FPV,PI,10,61,Q,0.1299642913780925
115755,FPV,PI,1,70,E,0.9805046725364753
115755,FPV,PI,2,48,Q,0.8925954818497159
115755,FPV,PI,3,72,M,0.5438048255280467
115755,FPV,PI,4,54,V,0.5239278863372285
115755,FPV,PI,5,20,M,0.4267136043241021
115755,FPV,PI,6,53,L,0.34755737415153826
115755,FPV,PI,7,19,I,0.1308796981362346
115755,FPV,PI,8,82,A,0.07877762000158485
115755,FPV,PI,9,71,V,0.030972918656420163
115755,FPV,PI,10,63,P,0.02956820757895505
614760,FPV,PI,1,64,V,0.9999999522851226
614760,FPV,PI,2,10,V,0.6207361370082125
614760,FPV,PI,3,54,I,0.35171527602685987
614760,FPV,PI,4,63,P,0.10195927246519981
614760,FPV,PI,5,71,A,0.08152733004418979
614760,FPV,PI,6,12,T,0.07963981061642222
614760,FPV,PI,7,62,V,0.0743345638796544
614760,FPV,PI,8,82,V,0.07140285358621423
614760,FPV,PI,9,25,D,0.0553849253592196
614760,FPV,PI,10,46,M,0.05015635764709447
615502,FPV,PI,1,54,V,0.9999999522821521
615502,FPV,PI,2,20,I,0.6854734696063663
615502,FPV,PI,3,55,R,0.4601205846554153
615502,FPV,PI,4,92,K,0.393742310572618
615502,FPV,PI,5,72,L,0.3622354862150472
615502,FPV,PI,6,46,L,0.35426900045530646
615502,FPV,PI,7,82,A,0.19740493946568777
615502,FPV,PI,8,71,V,0.07458949250925437
615502,FPV,PI,9,63,P,0.0627165485108104
615502,FPV,PI,10,24,I,0.057691959174770255
615468,FPV,PI,1,12,E,1.0000000119004508
615468,FPV,PI,2,64,L,0.46091485634506246
615468,FPV,PI,3,19,I,0.08028334124344243
615468,FPV,PI,4,54,I,0.06698460225929981
615468,FPV,PI,5,63,P,0.015912856954884085
615468,FPV,PI,6,71,A,0.015160918183858396
615468,FPV,PI,7,82,V,0.014733031005214225
615468,FPV,PI,8,10,L,0.013919411876962967
615468,FPV,PI,9,25,D,0.011036754372408662
615468,FPV,PI,10,46,M,0.010641262735776303
615518,FPV,PI,1,54,V,0.9999999523042193
615518,FPV,PI,2,95,L,0.35017520931873897
615518,FPV,PI,3,20,R,0.2933316927966573
615518,FPV,PI,4,46,L,0.24484304507827906
615518,FPV,PI,5,82,A,0.17374179047246308
615518,FPV,PI,6,67,F,0.15799406050038306
615518,FPV,PI,7,37,D,0.10133804898304206
615518,FPV,PI,8,33,I,0.10045407758341823
615518,FPV,PI,9,58,E,0.0994804125737051
615518,FPV,PI,10,10,I,0.05173135775199856
147551,FPV,PI,1,20,L,1.000000011909017
147551,FPV,PI,2,71,T,0.11357820301459462
147551,FPV,PI,3,88,S,0.10691137622435645
147551,FPV,PI,4,92,K,0.10113961347377229
147551,FPV,PI,5,74,S,0.07270124517430168
147551,FPV,PI,6,54,I,0.04867591260540839
147551,FPV,PI,7,58,E,0.027786689240111476
147551,FPV,PI,8,46,I,0.01657028792656788
147551,FPV,PI,9,63,P,0.014635068120842223
147551,FPV,PI,10,12,T,0.012773536754083853
614934,FPV,PI,1,63,L,0.9999999522841699
614934,FPV,PI,2,10,V,0.5569255277542396
614934,FPV,PI,3,54,I,0.3104995352667845
614934,FPV,PI,4,71,A,0.0793124063479823
614934,FPV,PI,5,12,T,0.07248401161937564
614934,FPV,PI,6,82,V,0.06748225972672317
614934,FPV,PI,7,64,I,0.06539818660675766
614934,FPV,PI,8,25,D,0.0546502223534978
614934,FPV,PI,9,61,Q,0.05336714225798724
614934,FPV,PI,10,46,M,0.043899602000149876
206409,FPV,PI,1,12,I,0.9999999522878527
206409,FPV,PI,2,54,I,0.1538067994762576
206409,FPV,PI,3,37,D,0.0776521801686604
206409,FPV,PI,4,63,P,0.038740271875054536
206409,FPV,PI,5,82,V,0.034488913631643796
206409,FPV,PI,6,71,A,0.03440715899678739
206409,FPV,PI,7,35,D,0.03138130955750806
206409,FPV,PI,8,10,L,0.03006918155234456
206409,FPV,PI,9,15,V,0.028451651103848993
206409,FPV,PI,10,64,I,0.027512099244647772
615216,FPV,PI,1,54,V,0.9999999522820483
615216,FPV,PI,2,64,V,0.4881575707026959
615216,FPV,PI,3,43,T,0.36895696946456125
615216,FPV,PI,4,20,R,0.29551235736123516
615216,FPV,PI,5,60,E,0.18117700152685576
615216,FPV,PI,6,82,A,0.17295472352279787
615216,FPV,PI,7,37,D,0.11526968978743232
615216,FPV,PI,8,57,K,0.07935490674575317
615216,FPV,PI,9,63,P,0.053012941755383604
615216,FPV,PI,10,71,A,0.042274299891579784
115071,FPV,PI,1,63,L,0.9744488375791389
115071,FPV,PI,2,77,T,0.9532935738191151
115071,FPV,PI,3,10,V,0.6717930627525388
115071,FPV,PI,4,54,I,0.5836968845489594
115071,FPV,PI,5,20,R,0.557496684541685
115071,FPV,PI,6,37,E,0.4026189178300245
115071,FPV,PI,7,82,A,0.3830215774018183
115071,FPV,PI,8,14,R,0.31628465688912405
115071,FPV,PI,9,71,I,0.26004873923805555
115071,FPV,PI,10,57,K,0.14831399988114882
615316,FPV,PI,1,54,M,1.0000000119132655
615316,FPV,PI,2,45,R,0.19584676054282008
615316,FPV,PI,3,20,T,0.15014195410564005
615316,FPV,PI,4,72,V,0.04572190012004475
615316,FPV,PI,5,67,F,0.03614661604756793
615316,FPV,PI,6,71,I,0.027922897389451633
615316,FPV,PI,7,63,P,0.00993142235033809
615316,FPV,PI,8,82,V,0.009107374291223574
615316,FPV,PI,9,84,V,0.009008806022706553
615316,FPV,PI,10,12,T,0.008376179795542591
614788,FPV,PI,1,54,I,0.999999952252816
614788,FPV,PI,2,63,P,0.2566314163508403
614788,FPV,PI,3,71,A,0.2181760016324651
614788,FPV,PI,4,12,T,0.20977646719288173
614788,FPV,PI,5,82,V,0.20565033060968968
614788,FPV,PI,6,10,L,0.1787742761530975
614788,FPV,PI,7,64,I,0.1693142315784631
614788,FPV,PI,8,25,D,0.15026509782017924
614788,FPV,PI,9,46,M,0.1455574912365103
614788,FPV,PI,10,61,Q,0.1299642913780925
115749,IDV,PI,1,20,R,0.9529568440788913
115749,IDV,PI,2,48,M,0.8634297966840208
115749,IDV,PI,3,63,L,0.2848221082716277
115749,IDV,PI,4,54,S,0.24654911430968024
115749,IDV,PI,5,90,L,0.19504632905206476
115749,IDV,PI,6,43,T,0.04068314615001255
115749,IDV,PI,7,71,A,0.021284269821048574
115749,IDV,PI,8,33,F,0.01667054226109349
115749,IDV,PI,9,13,V,0.014527539841597732
115749,IDV,PI,10,22,A,0.011025993305521077
206435,IDV,PI,1,90,L,0.9999999522818437
206435,IDV,PI,2,69,Q,0.5244474125526993
206435,IDV,PI,3,20,K,0.4041246621986757
206435,IDV,PI,4,63,P,0.25198784079640363
206435,IDV,PI,5,71,A,0.15453750157931184
206435,IDV,PI,6,57,G,0.10411318722716513
206435,IDV,PI,7,22,A,0.053528905557410356
206435,IDV,PI,8,73,G,0.03719405590040682
206435,IDV,PI,9,46,M,0.035017135964128414
206435,IDV,PI,10,64,I,0.034245757660818964
187171,IDV,PI,1,64,M,0.9999999523041339
187171,IDV,PI,2,90,L,0.1358800100492663
187171,IDV,PI,3,12,S,0.0640074274916431
187171,IDV,PI,4,20,K,0.06094858720604903
187171,IDV,PI,5,14,R,0.03556501174817764
187171,IDV,PI,6,63,P,0.03537328373945429
187171,IDV,PI,7,71,A,0.018954609858285773
187171,IDV,PI,8,62,V,0.008361335320058672
187171,IDV,PI,9,22,A,0.008089461981285259
187171,IDV,PI,10,73,G,0.005543405127887414
615360,IDV,PI,1,90,M,0.9999999523025037
615360,IDV,PI,2,33,V,0.2259000391681206
615360,IDV,PI,3,45,R,0.16661173653509864
615360,IDV,PI,4,20,K,0.06968873726389518
615360,IDV,PI,5,63,P,0.04827523242732091
615360,IDV,PI,6,73,S,0.04436127786518457
615360,IDV,PI,7,50,L,0.04346893930374324
615360,IDV,PI,8,71,V,0.032853855276969324
615360,IDV,PI,9,22,A,0.00997495027530302
615360,IDV,PI,10,64,I,0.006618686218247233
235725,IDV,PI,1,36,T,0.8693120862773592
235725,IDV,PI,2,90,L,0.8298706531173583
235725,IDV,PI,3,20,K,0.36924881435316254
235725,IDV,PI,4,63,P,0.2372661885553045
235725,IDV,PI,5,37,E,0.2141746029265346
235725,IDV,PI,6,71,A,0.12192756404576593
235725,IDV,PI,7,15,V,0.09381363439173764
235725,IDV,PI,8,57,G,0.08154981533048862
235725,IDV,PI,9,22,A,0.05151212820427685
235725,IDV,PI,10,62,V,0.05025638909410926
615254,IDV,PI,1,20,T,0.9999999523031515
615254,IDV,PI,2,90,M,0.46265646702349406
615254,IDV,PI,3,66,L,0.20664399524946364
615254,IDV,PI,4,89,V,0.06038501873187238
615254,IDV,PI,5,71,I,0.04002605896252624
615254,IDV,PI,6,63,P,0.024293715054579706
615254,IDV,PI,7,33,I,0.021055273635239555
615254,IDV,PI,8,73,S,0.018686910616593454
615254,IDV,PI,9,11,I,0.016259395777184334
615254,IDV,PI,10,72,L,0.0155601675989593
615042,IDV,PI,1,63,L,0.9999999522840113
615042,IDV,PI,2,90,L,0.514849853248125
615042,IDV,PI,3,34,D,0.30243502970694386
615042,IDV,PI,4,20,K,0.23795401645082853
615042,IDV,PI,5,54,M,0.23566263844781637
615042,IDV,PI,6,47,V,0.22412803571867113
615042,IDV,PI,7,16,E,0.09736922115261144
615042,IDV,PI,8,71,V,0.08689393806066008
615042,IDV,PI,9,33,F,0.06796553168535929
615042,IDV,PI,10,58,E,0.047591876102721475
116912,IDV,PI,1,90,L,0.9999999522852223
116912,IDV,PI,2,20,K,0.5470200679818499
116912,IDV,PI,3,16,A,0.45874270883773266
116912,IDV,PI,4,14,R,0.30816166191801986
116912,IDV,PI,5,63,P,0.28593777244509744
116912,IDV,PI,6,71,A,0.14422360785957644
116912,IDV,PI,7,37,D,0.14057566367714788
116912,IDV,PI,8,15,V,0.11502315520528246
116912,IDV,PI,9,13,V,0.10183472168633063
116912,IDV,PI,10,22,A,0.06400884636264609
614736,IDV,PI,1,63,A,1.0000000119051977
614736,IDV,PI,2,90,L,0.15590086744330495
614736,IDV,PI,3,20,K,0.07405998799694041
614736,IDV,PI,4,71,A,0.020739446913801963
614736,IDV,PI,5,15,V,0.017505171526966797
614736,IDV,PI,6,62,V,0.011645054295699533
614736,IDV,PI,7,22,A,0.008953084911213653
614736,IDV,PI,8,73,G,0.006266944226223566
614736,IDV,PI,9,64,I,0.006044175407989991
614736,IDV,PI,10,89,L,0.005410500245590319
187129,IDV,PI,1,93,M,0.9999999523056109
187129,IDV,PI,2,63,L,0.2559802875893305
187129,IDV,PI,3,19,Q,0.19796354034721125
187129,IDV,PI,4,90,L,0.1291236487339344
187129,IDV,PI,5,20,K,0.054736104832558884
187129,IDV,PI,6,71,V,0.023797253267076438
187129,IDV,PI,7,60,E,0.017974714719347487
187129,IDV,PI,8,62,V,0.0103223309212901
187129,IDV,PI,9,22,A,0.008038069060363948
187129,IDV,PI,10,64,I,0.006646271390862023
615440,IDV,PI,1,63,S,1.00000001190892
615440,IDV,PI,2,90,L,0.046503893447806505
615440,IDV,PI,3,64,V,0.021914431973979426
615440,IDV,PI,4,20,K,0.019624366134724323
615440,IDV,PI,5,71,A,0.006272735393892813
615440,IDV,PI,6,22,A,0.002839901404321994
615440,IDV,PI,7,77,I,0.0024251193095060973
615440,IDV,PI,8,73,G,0.0018975602144431273
615440,IDV,PI,9,89,L,0.0017771515246351732
615440,IDV,PI,10,24,L,0.001634349677359634
615432,IDV,PI,1,48,A,0.9999999523044119
615432,IDV,PI,2,91,N,0.853963886170592
615432,IDV,PI,3,90,L,0.400594998498624
615432,IDV,PI,4,45,I,0.2391497224359447
615432,IDV,PI,5,83,D,0.23887345146379135
615432,IDV,PI,6,20,K,0.12606173299795895
615432,IDV,PI,7,64,V,0.11809928424549453
615432,IDV,PI,8,63,P,0.07013389226558298
615432,IDV,PI,9,71,A,0.044342914008484585
615432,IDV,PI,10,37,D,0.04201545895699943
615488,IDV,PI,1,90,L,0.9999999522891782
615488,IDV,PI,2,61,E,0.827689712377411
615488,IDV,PI,3,20,K,0.43844737709422604
615488,IDV,PI,4,63,P,0.2947724943873407
615488,IDV,PI,5,60,E,0.15576238592459415
615488,IDV,PI,6,71,A,0.14483770564967496
615488,IDV,PI,7,22,A,0.061219186433580264
615488,IDV,PI,8,77,I,0.0534809496594444
615488,IDV,PI,9,73,G,0.03904066286313626
615488,IDV,PI,10,89,L,0.038344350779397816
148089,IDV,PI,1,20,R,0.9999999523051522
148089,IDV,PI,2,90,L,0.18634725906753896
148089,IDV,PI,3,72,T,0.09998693876970441
148089,IDV,PI,4,79,D,0.07513850300623395
148089,IDV,PI,5,63,P,0.050908075346819424
148089,IDV,PI,6,71,V,0.02912015261832808
148089,IDV,PI,7,60,E,0.024704931526532317
148089,IDV,PI,8,93,L,0.014294967823584998
148089,IDV,PI,9,62,V,0.012010741694176087
148089,IDV,PI,10,57,K,0.011538577589338695
614780,IDV,PI,1,20,R,0.9999999523015779
614780,IDV,PI,2,90,L,0.18906919778543207
614780,IDV,PI,3,36,V,0.0974944948197706
614780,IDV,PI,4,37,E,0.05479708953807429
614780,IDV,PI,5,63,P,0.048057641022291805
614780,IDV,PI,6,30,N,0.04762837560615718
614780,IDV,PI,7,71,V,0.029271390695933177
614780,IDV,PI,8,88,D,0.025435362188208275
614780,IDV,PI,9,60,E,0.02411747222237203
614780,IDV,PI,10,10,F,0.022028199769642265
116511,IDV,PI,1,22,V,1.0000000119053876
116511,IDV,PI,2,90,L,0.17477846594709234
116511,IDV,PI,3,64,V,0.08394241923257323
116511,IDV,PI,4,69,Q,0.0797943384757088
116511,IDV,PI,5,20,K,0.07611905590973803
116511,IDV,PI,6,63,P,0.05335182613382439
116511,IDV,PI,7,11,I,0.035399361762632454
116511,IDV,PI,8,55,R,0.03509072467908591
116511,IDV,PI,9,71,V,0.030662094013266215
116511,IDV,PI,10,84,V,0.026881905685993586
117037,IDV,PI,1,90,M,0.9999999523089514
117037,IDV,PI,2,24,F,0.32623670593318654
117037,IDV,PI,3,74,P,0.2361439062769187
117037,IDV,PI,4,16,A,0.061895048082501174
117037,IDV,PI,5,20,K,0.061201135257205594
117037,IDV,PI,6,43,T,0.034792921816136024
117037,IDV,PI,7,63,P,0.033596073212077825
117037,IDV,PI,8,71,V,0.021759775790115562
117037,IDV,PI,9,33,F,0.016956125590902538
117037,IDV,PI,10,53,L,0.015113166889616662
615054,IDV,PI,1,20,M,1.000000011912287
615054,IDV,PI,2,73,A,0.17944881439701285
615054,IDV,PI,3,90,M,0.17794511218158635
615054,IDV,PI,4,18,H,0.04106251372512339
615054,IDV,PI,5,71,T,0.03502950671440476
615054,IDV,PI,6,89,V,0.028191457507219783
615054,IDV,PI,7,76,V,0.012769767231151505
615054,IDV,PI,8,63,P,0.011006339290119706
615054,IDV,PI,9,72,L,0.0064344001266970945
615054,IDV,PI,10,19,I,0.006410206400231183
117073,IDV,PI,1,90,L,0.9999999522779615
117073,IDV,PI,2,20,K,0.42208069262738757
117073,IDV,PI,3,63,P,0.26584565165674084
117073,IDV,PI,4,71,V,0.18079723999362196
117073,IDV,PI,5,72,V,0.16715979915744614
117073,IDV,PI,6,22,A,0.053621918136980126
117073,IDV,PI,7,54,V,0.042449763132788775
117073,IDV,PI,8,73,G,0.03685263158606554
117073,IDV,PI,9,89,L,0.03673401183209194
117073,IDV,PI,10,85,I,0.03413649480802296
109462,IDV,PI,1,63,L,0.9999999522868901
109462,IDV,PI,2,90,L,0.5075890781579643
109462,IDV,PI,3,37,T,0.2790514023660534
109462,IDV,PI,4,20,K,0.2439569280763973
109462,IDV,PI,5,71,A,0.07038139664982988
109462,IDV,PI,6,62,V,0.03998172156390007
109462,IDV,PI,7,22,A,0.03321008149510509
109462,IDV,PI,8,64,I,0.02545571055414554
109462,IDV,PI,9,73,G,0.02113138383188188
109462,IDV,PI,10,65,E,0.020958974632706965
147991,IDV,PI,1,90,M,0.9999999523045409
147991,IDV,PI,2,71,T,0.1636075870663596
147991,IDV,PI,3,20,K,0.05688258434846211
147991,IDV,PI,4,63,P,0.042632647270204264
147991,IDV,PI,5,73,S,0.042114356041983936
147991,IDV,PI,6,33,I,0.03548542966548517
147991,IDV,PI,7,35,G,0.026508491051398048
147991,IDV,PI,8,84,V,0.024291756011268612
147991,IDV,PI,9,60,E,0.021779068742196026
147991,IDV,PI,10,13,V,0.014467652562541053
614794,IDV,PI,1,63,A,1.0000000119089647
614794,IDV,PI,2,90,L,0.14972879544880957
614794,IDV,PI,3,20,K,0.07944177833039302
614794,IDV,PI,4,16,E,0.02496973594642281
614794,IDV,PI,5,71,A,0.020847597661133553
614794,IDV,PI,6,62,V,0.011696582321775463
614794,IDV,PI,7,22,A,0.01013864044255514
614794,IDV,PI,8,64,I,0.006080973819204721
614794,IDV,PI,9,73,G,0.006026800014947599
614794,IDV,PI,10,89,L,0.005649990066993219
614886,IDV,PI,1,71,T,0.9085030576643289
614886,IDV,PI,2,90,L,0.873994719948976
614886,IDV,PI,3,20,K,0.36970482958603357
614886,IDV,PI,4,63,P,0.25381517266300646
614886,IDV,PI,5,22,A,0.05199239638182998
614886,IDV,PI,6,73,G,0.03456872441468013
614886,IDV,PI,7,89,L,0.031970063316153215
614886,IDV,PI,8,64,I,0.03167218678440683
614886,IDV,PI,9,46,M,0.031201043851440048
614886,IDV,PI,10,24,L,0.030785601240827833
105320,IDV,PI,1,20,T,1.000000011907998
105320,IDV,PI,2,90,M,0.4413802737643461
105320,IDV,PI,3,85,V,0.10339241998481578
105320,IDV,PI,4,71,T,0.06658269758199035
105320,IDV,PI,5,88,S,0.03337237907031139
105320,IDV,PI,6,63,P,0.024000437876186484
105320,IDV,PI,7,15,V,0.007722231031816171
105320,IDV,PI,8,58,E,0.006487471866938823
105320,IDV,PI,9,46,I,0.004933412152325951
105320,IDV,PI,10,62,V,0.004434449909546399
614606,IDV,PI,1,90,M,0.9727640867103355
614606,IDV,PI,2,20,R,0.8739798017736469
614606,IDV,PI,3,23,I,0.47604805243081166
614606,IDV,PI,4,89,V,0.11164424871385038
614606,IDV,PI,5,16,A,0.059363549359900215
614606,IDV,PI,6,63,P,0.04222772900161737
614606,IDV,PI,7,43,T,0.037801584998203255
614606,IDV,PI,8,73,S,0.03729603887358947
614606,IDV,PI,9,33,I,0.03323373279561836
614606,IDV,PI,10,46,L,0.031078008896951243
143350,IDV,PI,1,89,M,0.9999999522930684
143350,IDV,PI,2,63,L,0.589173854699081
143350,IDV,PI,3,39,T,0.5569157384110153
143350,IDV,PI,4,66,F,0.5099379674737947
143350,IDV,PI,5,90,L,0.2647792101255116
143350,IDV,PI,6,69,K,0.23827606643547822
143350,IDV,PI,7,20,K,0.14029858845150484
143350,IDV,PI,8,14,R,0.09733483563269882
143350,IDV,PI,9,74,S,0.08970892287414481
143350,IDV,PI,10,10,V,0.05941223844692102
117071,IDV,PI,1,90,M,1.0000000119143138
117071,IDV,PI,2,24,F,0.3361631677413753
117071,IDV,PI,3,20,K,0.061453917647624846
117071,IDV,PI,4,63,P,0.037352056933180375
117071,IDV,PI,5,73,S,0.03515380119325276
117071,IDV,PI,6,71,V,0.02533947427416269
117071,IDV,PI,7,33,F,0.01654878090223382
117071,IDV,PI,8,93,L,0.011373211467392282
117071,IDV,PI,9,22,A,0.009817287068169978
117071,IDV,PI,10,62,V,0.008169834584331872
206421,IDV,PI,1,20,T,1.000000011911681
206421,IDV,PI,2,90,L,0.08325427282685377
206421,IDV,PI,3,30,N,0.024768130859464117
206421,IDV,PI,4,63,P,0.023534875005650865
206421,IDV,PI,5,88,D,0.013151853980398951
206421,IDV,PI,6,71,A,0.011647053239518992
206421,IDV,PI,7,57,G,0.009999093599052138
206421,IDV,PI,8,15,V,0.008730809974994994
206421,IDV,PI,9,58,E,0.007780958164811294
206421,IDV,PI,10,62,V,0.004844553046983962
206413,IDV,PI,1,63,L,0.9999999522847146
206413,IDV,PI,2,90,L,0.5330298673234886
206413,IDV,PI,3,20,K,0.24788743708758793
206413,IDV,PI,4,71,A,0.07225123681406594
206413,IDV,PI,5,15,V,0.0623274146699032
206413,IDV,PI,6,57,G,0.05086058932846747
206413,IDV,PI,7,22,A,0.03367697396768393
206413,IDV,PI,8,64,I,0.02452675491888953
206413,IDV,PI,9,65,E,0.021955481036642535
206413,IDV,PI,10,73,G,0.020711693280230658
615402,IDV,PI,1,63,L,0.9999999522828747
615402,IDV,PI,2,90,L,0.5381677471027188
615402,IDV,PI,3,20,K,0.2718666599587658
615402,IDV,PI,4,72,V,0.12177450896683889
615402,IDV,PI,5,71,A,0.07756332669112706
615402,IDV,PI,6,13,V,0.05537725092516353
615402,IDV,PI,7,62,V,0.04242745168984501
615402,IDV,PI,8,22,A,0.03557404526399659
615402,IDV,PI,9,64,I,0.026420178538928148
615402,IDV,PI,10,65,E,0.022271631008347267
615024,IDV,PI,1,20,T,1.0000000119099413
615024,IDV,PI,2,90,L,0.08649196262784764
615024,IDV,PI,3,12,P,0.061077219866792015
615024,IDV,PI,4,24,I,0.055944512552148475
615024,IDV,PI,5,64,V,0.04054446550828561
615024,IDV,PI,6,76,V,0.026035877801761812
615024,IDV,PI,7,63,P,0.024172840884197966
615024,IDV,PI,8,46,L,0.018959907648536847
615024,IDV,PI,9,55,R,0.015491651980316818
615024,IDV,PI,10,71,V,0.013461191397833317
614684,IDV,PI,1,63,V,1.0000000119099632
614684,IDV,PI,2,89,M,0.20800289126083277
614684,IDV,PI,3,90,L,0.055669266287365585
614684,IDV,PI,4,20,K,0.023341727251647085
614684,IDV,PI,5,76,V,0.016817271846623797
614684,IDV,PI,6,71,V,0.008168351807920813
614684,IDV,PI,7,37,D,0.006692614721129375
614684,IDV,PI,8,15,V,0.005980285925553103
614684,IDV,PI,9,93,L,0.004323264767579738
614684,IDV,PI,10,22,A,0.003355790569775234
257947,IDV,PI,1,20,M,0.9939648032069569
257947,IDV,PI,2,63,H,0.928103448819914
257947,IDV,PI,3,89,I,0.1245824737152342
257947,IDV,PI,4,37,A,0.044802213090937626
257947,IDV,PI,5,43,R,0.043814953348317066
257947,IDV,PI,6,90,L,0.0271902547992375
257947,IDV,PI,7,33,I,0.005144502599846116
257947,IDV,PI,8,71,A,0.0035952497988044983
257947,IDV,PI,9,13,V,0.00260194048884459
257947,IDV,PI,10,22,A,0.0019402282764262716
259227,IDV,PI,1,20,T,0.9999999522997032
259227,IDV,PI,2,63,T,0.768895800866551
259227,IDV,PI,3,90,M,0.48849891770422793
259227,IDV,PI,4,72,T,0.03913135671923673
259227,IDV,PI,5,64,V,0.03074707656685896
259227,IDV,PI,6,74,S,0.019677153241808073
259227,IDV,PI,7,35,G,0.01097488762847958
259227,IDV,PI,8,19,I,0.01070285639211755
259227,IDV,PI,9,71,A,0.008734857232138989
259227,IDV,PI,10,57,G,0.006656028142101634
148055,IDV,PI,1,63,A,1.0000000119056762
148055,IDV,PI,2,90,L,0.14696869675708565
148055,IDV,PI,3,70,R,0.07878156885271984
148055,IDV,PI,4,64,V,0.07242521455166219
148055,IDV,PI,5,20,K,0.0709115904477087
148055,IDV,PI,6,71,A,0.019503963235664168
148055,IDV,PI,7,15,V,0.017876741570740026
148055,IDV,PI,8,22,A,0.009089403395254346
148055,IDV,PI,9,73,G,0.006039733250128947
148055,IDV,PI,10,89,L,0.005658698749793151
205601,IDV,PI,1,90,M,0.9984713315807772
205601,IDV,PI,2,73,C,0.7883934379818128
205601,IDV,PI,3,72,E,0.19789728501700857
205601,IDV,PI,4,70,R,0.10404401889074531
205601,IDV,PI,5,64,V,0.07620304928610667
205601,IDV,PI,6,20,K,0.05562168136706245
205601,IDV,PI,7,63,P,0.04963895474364285
205601,IDV,PI,8,71,A,0.025470778587210256
205601,IDV,PI,9,60,E,0.022040741378457802
205601,IDV,PI,10,57,G,0.01608146290474868
614868,IDV,PI,1,90,L,0.9999999522890437
614868,IDV,PI,2,20,K,0.4239368671466348
614868,IDV,PI,3,63,P,0.27200885305837896
614868,IDV,PI,4,71,A,0.1422001190819259
614868,IDV,PI,5,22,A,0.057201976511720515
614868,IDV,PI,6,73,G,0.038278616341148416
614868,IDV,PI,7,89,L,0.03625261174995888
614868,IDV,PI,8,64,I,0.03519454496801162
614868,IDV,PI,9,35,D,0.034682962915431145
614868,IDV,PI,10,24,L,0.03298115729548771
145194,IDV,PI,1,90,L,0.9999999522833765
145194,IDV,PI,2,12,S,0.4697186611964513
145194,IDV,PI,3,20,K,0.4054990741239992
145194,IDV,PI,4,63,P,0.25183037855093227
145194,IDV,PI,5,72,V,0.14809742760663225
145194,IDV,PI,6,71,A,0.13739526826604825
145194,IDV,PI,7,93,L,0.07818356568577371
145194,IDV,PI,8,22,A,0.05539462512357812
145194,IDV,PI,9,77,I,0.05057267796477498
145194,IDV,PI,10,89,L,0.03800195366041487
198541,IDV,PI,1,90,L,0.999999952280337
198541,IDV,PI,2,37,T,0.5260694448702041
198541,IDV,PI,3,64,V,0.5014375763851465
198541,IDV,PI,4,20,K,0.4674404051490167
198541,IDV,PI,5,63,P,0.29447213440599085
198541,IDV,PI,6,71,A,0.14489177932185188
198541,IDV,PI,7,13,V,0.10476502557856368
198541,IDV,PI,8,22,A,0.061673619215315195
198541,IDV,PI,9,73,G,0.04227396339567894
198541,IDV,PI,10,89,L,0.037786771853350734
123041,IDV,PI,1,54,T,0.9999999522989501
123041,IDV,PI,2,48,V,0.7950376170426579
123041,IDV,PI,3,90,L,0.772936040938865
123041,IDV,PI,4,69,R,0.4213134539406048
123041,IDV,PI,5,71,I,0.3211619140914971
123041,IDV,PI,6,20,K,0.28665443181072525
123041,IDV,PI,7,43,T,0.150621877688707
123041,IDV,PI,8,63,P,0.1285126989443108
123041,IDV,PI,9,84,V,0.11011860926871454
123041,IDV,PI,10,33,F,0.07124254039396002
143463,IDV,PI,1,90,M,0.9999999523023189
143463,IDV,PI,2,85,V,0.2418437101707734
143463,IDV,PI,3,71,I,0.09352742322863598
143463,IDV,PI,4,20,K,0.06861503347315406
143463,IDV,PI,5,63,P,0.04546347687097466
143463,IDV,PI,6,33,I,0.04437717632058166
143463,IDV,PI,7,10,F,0.02166215048501648
143463,IDV,PI,8,13,V,0.0167150368551959
143463,IDV,PI,9,22,A,0.011129832090502858
143463,IDV,PI,10,32,I,0.007992729823389473
172136,IDV,PI,1,72,Y,0.990407989326106
172136,IDV,PI,2,90,L,0.7620973705913592
172136,IDV,PI,3,47,V,0.3435092082656819
172136,IDV,PI,4,20,K,0.30410450258567195
172136,IDV,PI,5,63,P,0.29118022599138993
172136,IDV,PI,6,73,S,0.2092996023449837
172136,IDV,PI,7,71,A,0.10828770978323603
172136,IDV,PI,8,93,L,0.054211615742783825
172136,IDV,PI,9,22,A,0.04769378307410917
172136,IDV,PI,10,62,V,0.046370841282887924
235701,IDV,PI,1,90,M,0.9809643745230134
235701,IDV,PI,2,20,R,0.9057874722020802
235701,IDV,PI,3,89,M,0.4977904816832232
235701,IDV,PI,4,85,V,0.20836028113291932
235701,IDV,PI,5,11,L,0.1590314875468745
235701,IDV,PI,6,77,T,0.12233145242250407
235701,IDV,PI,7,34,S,0.0890840841497568
235701,IDV,PI,8,36,V,0.0794794791932564
235701,IDV,PI,9,71,I,0.07757741159844621
235701,IDV,PI,10,47,V,0.07218379265815723
187155,IDV,PI,1,20,I,1.0000000119030064
187155,IDV,PI,2,90,M,0.6305169036666263
187155,IDV,PI,3,72,M,0.15793831480433923
187155,IDV,PI,4,18,H,0.10862232560928797
187155,IDV,PI,5,63,P,0.03288040701464916
187155,IDV,PI,6,73,S,0.02289373030163996
187155,IDV,PI,7,11,I,0.01970134925785685
187155,IDV,PI,8,71,V,0.0173641997410853
187155,IDV,PI,9,84,V,0.015180722099548443
187155,IDV,PI,10,13,V,0.010356940462346097
216617,IDV,PI,1,63,A,1.0000000119049266
216617,IDV,PI,2,90,L,0.16472136565299267
216617,IDV,PI,3,20,K,0.06957529903714706
216617,IDV,PI,4,71,A,0.02130838224737601
216617,IDV,PI,5,57,G,0.01360879869386868
216617,IDV,PI,6,22,A,0.009576162901599721
216617,IDV,PI,7,64,I,0.006271599827446159
216617,IDV,PI,8,73,G,0.0060862620299980165
216617,IDV,PI,9,89,L,0.005692869466600885
216617,IDV,PI,10,24,L,0.0056607262275345125
614970,IDV,PI,1,22,V,0.8576731843204295
614970,IDV,PI,2,90,M,0.8479684114345811
614970,IDV,PI,3,85,V,0.2143599004693197
614970,IDV,PI,4,83,S,0.10214440324197158
614970,IDV,PI,5,20,K,0.0638671135420304
614970,IDV,PI,6,63,P,0.044547110207507554
614970,IDV,PI,7,73,S,0.03694214060224983
614970,IDV,PI,8,71,V,0.02595311678411685
614970,IDV,PI,9,72,L,0.025950622126272065
614970,IDV,PI,10,35,G,0.022699235417843744
614474,IDV,PI,1,90,L,0.999999952291177
614474,IDV,PI,2,12,I,0.667309730396284
614474,IDV,PI,3,20,K,0.4303325340305708
614474,IDV,PI,4,63,P,0.269846983105919
614474,IDV,PI,5,71,A,0.14125153921392028
614474,IDV,PI,6,57,K,0.0592575274558866
614474,IDV,PI,7,22,A,0.059004803923933064
614474,IDV,PI,8,73,G,0.03845420015488904
614474,IDV,PI,9,89,L,0.03686485721449703
614474,IDV,PI,10,64,I,0.03538656568972757
615074,IDV,PI,1,71,T,0.9023864627316185
615074,IDV,PI,2,90,L,0.8788113116937238
615074,IDV,PI,3,72,T,0.4463403572767205
615074,IDV,PI,4,20,K,0.3870986106803556
615074,IDV,PI,5,50,L,0.26295509523251204
615074,IDV,PI,6,63,P,0.250054529289812
615074,IDV,PI,7,57,K,0.05115300283474279
615074,IDV,PI,8,22,A,0.05057360159070276
615074,IDV,PI,9,73,G,0.033266551502864165
615074,IDV,PI,10,89,L,0.033261415841524915
615270,IDV,PI,1,90,L,0.999999952292638
615270,IDV,PI,2,20,K,0.4279280340879268
615270,IDV,PI,3,63,P,0.2709188591400843
615270,IDV,PI,4,71,A,0.14009661429073267
615270,IDV,PI,5,22,A,0.05560476750389709
615270,IDV,PI,6,73,G,0.0379952519552785
615270,IDV,PI,7,89,L,0.03579119713740467
615270,IDV,PI,8,64,I,0.03446574912084022
615270,IDV,PI,9,24,L,0.033442417875787764
615270,IDV,PI,10,85,I,0.032728832223966726
259207,IDV,PI,1,90,L,0.9999999522825127
259207,IDV,PI,2,69,Q,0.5242873331459164
259207,IDV,PI,3,12,S,0.501711568871944
259207,IDV,PI,4,20,K,0.4498031309728707
259207,IDV,PI,5,63,P,0.25792853875790145
259207,IDV,PI,6,19,I,0.19903245237594885
259207,IDV,PI,7,71,A,0.15494197006347216
259207,IDV,PI,8,57,K,0.06155125402833742
259207,IDV,PI,9,22,A,0.057641880253351443
259207,IDV,PI,10,73,G,0.03854234596813221
615536,IDV,PI,1,63,C,1.0000000119085453
615536,IDV,PI,2,90,L,0.09470239174927367
615536,IDV,PI,3,64,V,0.0434136238747996
615536,IDV,PI,4,20,K,0.04080163970006864
615536,IDV,PI,5,74,S,0.029185388720411872
615536,IDV,PI,6,84,V,0.015998102386153144
615536,IDV,PI,7,46,L,0.01566543288357948
615536,IDV,PI,8,71,V,0.015601001152970797
615536,IDV,PI,9,55,R,0.014868469656493133
615536,IDV,PI,10,33,F,0.012105942154919249
145208,IDV,PI,1,90,L,0.9999999522846947
145208,IDV,PI,2,20,K,0.4734022500214996
145208,IDV,PI,3,63,P,0.27502740073839566
145208,IDV,PI,4,14,R,0.2713978647830547
145208,IDV,PI,5,71,A,0.14173223571355226
145208,IDV,PI,6,15,V,0.11260157324681282
145208,IDV,PI,7,22,A,0.06005489513902128
145208,IDV,PI,8,73,G,0.03876722352674793
145208,IDV,PI,9,89,L,0.03692797305461237
145208,IDV,PI,10,64,I,0.03503957253130552
89952,IDV,PI,1,89,F,0.9999999523013345
89952,IDV,PI,2,90,M,0.5669220116207584
89952,IDV,PI,3,33,M,0.34489600561599265
89952,IDV,PI,4,70,T,0.19049876225815793
89952,IDV,PI,5,54,M,0.045789516221552556
89952,IDV,PI,6,47,V,0.04394226579177104
89952,IDV,PI,7,20,K,0.042005078644133595
89952,IDV,PI,8,63,P,0.02696763951610434
89952,IDV,PI,9,71,V,0.017593795072678983
89952,IDV,PI,10,82,T,0.012219311334854516
615206,IDV,PI,1,74,A,0.999999952297431
615206,IDV,PI,2,91,S,0.6603160458814137
615206,IDV,PI,3,90,L,0.6144557779245117
615206,IDV,PI,4,48,V,0.5957018052335239
615206,IDV,PI,5,61,E,0.29484573612328774
615206,IDV,PI,6,20,K,0.24872717680035977
615206,IDV,PI,7,63,P,0.12456564400504874
615206,IDV,PI,8,43,T,0.10906925776853058
615206,IDV,PI,9,10,V,0.09877919476070893
615206,IDV,PI,10,46,L,0.08722809920204137
614494,IDV,PI,1,62,M,0.9999999523003317
614494,IDV,PI,2,66,F,0.2782001098256199
614494,IDV,PI,3,64,L,0.17456314634446068
614494,IDV,PI,4,90,L,0.1542030516726625
614494,IDV,PI,5,69,Q,0.07508828986237227
614494,IDV,PI,6,20,K,0.07263565344007333
614494,IDV,PI,7,63,P,0.04106606257825407
614494,IDV,PI,8,71,V,0.0259369654495514
614494,IDV,PI,9,84,V,0.024804344137200382
614494,IDV,PI,10,33,F,0.019637392717752764
614988,IDV,PI,1,69,Y,0.999999952285617
614988,IDV,PI,2,39,Q,0.8083072765881413
614988,IDV,PI,3,90,L,0.4574185770295347
614988,IDV,PI,4,20,K,0.194734623269071
614988,IDV,PI,5,63,P,0.12811486205819766
614988,IDV,PI,6,71,A,0.06328315835211885
614988,IDV,PI,7,22,A,0.029992095892627316
614988,IDV,PI,8,62,V,0.028244521970869955
614988,IDV,PI,9,73,G,0.019527929707353647
614988,IDV,PI,10,89,L,0.01744291991203419
614662,IDV,PI,1,63,T,1.0000000119056187
614662,IDV,PI,2,20,R,0.6565287249365308
614662,IDV,PI,3,90,L,0.08891988778522236
614662,IDV,PI,4,72,V,0.01776315878460994
614662,IDV,PI,5,16,E,0.014356977083917784
614662,IDV,PI,6,71,A,0.011468259810100908
614662,IDV,PI,7,13,V,0.007997723318616343
614662,IDV,PI,8,93,L,0.0066005081239720095
614662,IDV,PI,9,22,A,0.0061934154272785605
614662,IDV,PI,10,64,I,0.0037988517515199407
614452,IDV,PI,1,20,I,1.0000000119091594
614452,IDV,PI,2,90,M,0.6015056721590016
614452,IDV,PI,3,89,V,0.07645538148886176
614452,IDV,PI,4,83,H,0.0755408113623691
614452,IDV,PI,5,70,R,0.06050733270749841
614452,IDV,PI,6,16,A,0.045207604244228
614452,IDV,PI,7,79,A,0.042873496717022036
614452,IDV,PI,8,63,P,0.03487207280096404
614452,IDV,PI,9,73,S,0.025349423190884995
614452,IDV,PI,10,46,L,0.021755915538191662
614840,IDV,PI,1,33,V,0.9999999522830829
614840,IDV,PI,2,90,L,0.737259430142456
614840,IDV,PI,3,20,K,0.3592235433144808
614840,IDV,PI,4,63,P,0.21662226407724544
614840,IDV,PI,5,71,A,0.11368773933100448
614840,IDV,PI,6,60,E,0.0997019965626402
614840,IDV,PI,7,62,V,0.05810981537404372
614840,IDV,PI,8,22,A,0.052507639954305935
614840,IDV,PI,9,73,G,0.03223202575536392
614840,IDV,PI,10,64,I,0.03037223392320405
614828,IDV,PI,1,90,M,0.9999999523042675
614828,IDV,PI,2,8,Q,0.11609824033291143
614828,IDV,PI,3,20,K,0.0681040744533471
614828,IDV,PI,4,30,N,0.04225979334535007
614828,IDV,PI,5,63,P,0.04225755502590126
614828,IDV,PI,6,46,L,0.0384567224330939
614828,IDV,PI,7,33,I,0.0336464428976716
614828,IDV,PI,8,55,R,0.030494116046832675
614828,IDV,PI,9,71,V,0.028529522837561425
614828,IDV,PI,10,88,D,0.02405533626227331
614826,IDV,PI,1,90,L,0.9999999522861658
614826,IDV,PI,2,20,K,0.42283884668304167
614826,IDV,PI,3,63,P,0.2722461944896203
614826,IDV,PI,4,71,A,0.14138117906865438
614826,IDV,PI,5,22,A,0.05618967967384028
614826,IDV,PI,6,73,G,0.03786143968058502
614826,IDV,PI,7,89,L,0.035568857548813844
614826,IDV,PI,8,64,I,0.03460159085626388
614826,IDV,PI,9,35,D,0.03420288895596729
614826,IDV,PI,10,46,M,0.03359476348424181
615482,IDV,PI,1,90,L,0.984667491883502
615482,IDV,PI,2,64,L,0.9136248699758033
615482,IDV,PI,3,24,I,0.5715309005286311
615482,IDV,PI,4,54,M,0.4702509060809944
615482,IDV,PI,5,20,K,0.3647738510828224
615482,IDV,PI,6,63,P,0.19005433052589318
615482,IDV,PI,7,71,V,0.12551285323577807
615482,IDV,PI,8,37,D,0.12263745596578138
615482,IDV,PI,9,72,V,0.11869876994412742
615482,IDV,PI,10,33,F,0.10472834101075236
113058,IDV,PI,1,20,V,1.0000000119103514
113058,IDV,PI,2,90,M,0.2945843668078338
113058,IDV,PI,3,48,I,0.06684283016070776
113058,IDV,PI,4,71,I,0.02376008656081646
113058,IDV,PI,5,76,V,0.014440627397466486
113058,IDV,PI,6,63,P,0.013080020674466711
113058,IDV,PI,7,55,R,0.010050168977088051
113058,IDV,PI,8,73,S,0.009286934475400207
113058,IDV,PI,9,11,I,0.008914959470163004
113058,IDV,PI,10,54,L,0.008626096073692073
615226,IDV,PI,1,20,R,0.999999952303854
615226,IDV,PI,2,90,L,0.18133057079838139
615226,IDV,PI,3,76,V,0.05985183928364382
615226,IDV,PI,4,37,E,0.054641360864294684
615226,IDV,PI,5,63,P,0.04768730165640285
615226,IDV,PI,6,54,L,0.03633211137049511
615226,IDV,PI,7,19,I,0.02937641257686114
615226,IDV,PI,8,71,V,0.0275123558600358
615226,IDV,PI,9,10,F,0.02276310054580779
615226,IDV,PI,10,15,V,0.018477545350013558
107981,IDV,PI,1,90,M,0.9999999523075445
107981,IDV,PI,2,73,T,0.8396946062218709
107981,IDV,PI,3,95,F,0.6998505248369189
107981,IDV,PI,4,20,K,0.06460694045185345
107981,IDV,PI,5,50,L,0.059881451526020466
107981,IDV,PI,6,63,P,0.040162479925092504
107981,IDV,PI,7,43,T,0.039290096986735336
107981,IDV,PI,8,55,R,0.03719173766887441
107981,IDV,PI,9,72,L,0.026473140757781795
107981,IDV,PI,10,71,V,0.02623341508073669
615194,IDV,PI,1,19,V,0.9999999522789443
615194,IDV,PI,2,91,S,0.6120735306701124
615194,IDV,PI,3,90,L,0.549583448361584
615194,IDV,PI,4,24,I,0.3233248469831271
615194,IDV,PI,5,20,K,0.21165865372820253
615194,IDV,PI,6,36,L,0.20756855232967517
615194,IDV,PI,7,14,R,0.15001700845894192
615194,IDV,PI,8,63,P,0.12545694134143087
615194,IDV,PI,9,10,V,0.10136074220992555
615194,IDV,PI,10,46,L,0.09335090471711828
206437,IDV,PI,1,90,M,1.0000000119145607
206437,IDV,PI,2,24,F,0.3330721539503381
206437,IDV,PI,3,12,P,0.08804035051685158
206437,IDV,PI,4,20,K,0.06439913839611286
206437,IDV,PI,5,79,D,0.05692286264136131
206437,IDV,PI,6,73,S,0.036848076551265714
206437,IDV,PI,7,63,P,0.03469020896901047
206437,IDV,PI,8,84,V,0.028318502742274244
206437,IDV,PI,9,34,Q,0.026915134642178783
206437,IDV,PI,10,71,V,0.025373753913302793
615166,IDV,PI,1,20,M,1.0000000119110017
615166,IDV,PI,2,90,M,0.20759711390049054
615166,IDV,PI,3,36,L,0.018903898984086065
615166,IDV,PI,4,47,V,0.017465708856191003
615166,IDV,PI,5,63,P,0.01160841025666769
615166,IDV,PI,6,73,S,0.008417306489029852
615166,IDV,PI,7,55,R,0.008090899595050806
615166,IDV,PI,8,10,V,0.0071827498561895225
615166,IDV,PI,9,71,V,0.006857892721850563
615166,IDV,PI,10,82,T,0.005353822938940779
615540,IDV,PI,1,90,M,0.9999999523078644
615540,IDV,PI,2,20,R,0.7571654356738686
615540,IDV,PI,3,11,L,0.15281436005404658
615540,IDV,PI,4,50,V,0.13163306565352648
615540,IDV,PI,5,89,V,0.11051142150345589
615540,IDV,PI,6,37,E,0.04438655369218756
615540,IDV,PI,7,63,P,0.03994852073565153
615540,IDV,PI,8,73,S,0.036955446342701884
615540,IDV,PI,9,55,R,0.03482930003894829
615540,IDV,PI,10,54,L,0.03352216094908647
187169,IDV,PI,1,64,M,0.9999999523042583
187169,IDV,PI,2,7,R,0.16571796916472642
187169,IDV,PI,3,90,L,0.1337591704632985
187169,IDV,PI,4,12,S,0.06377709644640966
187169,IDV,PI,5,20,K,0.06052399656447519
187169,IDV,PI,6,14,R,0.035252533377796734
187169,IDV,PI,7,63,P,0.03500642683585686
187169,IDV,PI,8,71,A,0.018933080856285346
187169,IDV,PI,9,62,V,0.008286438529318601
187169,IDV,PI,10,22,A,0.00805529943625278
147550,IDV,PI,1,20,V,1.0000000119118853
147550,IDV,PI,2,90,M,0.2830670997577009
147550,IDV,PI,3,66,V,0.13329743948910486
147550,IDV,PI,4,12,K,0.059784394310653396
147550,IDV,PI,5,89,V,0.03064771317600041
147550,IDV,PI,6,54,M,0.02167504376403005
147550,IDV,PI,7,47,V,0.020286460446539763
147550,IDV,PI,8,64,V,0.019701830916701735
147550,IDV,PI,9,63,P,0.013150446777007567
147550,IDV,PI,10,73,S,0.010324552433871531
187147,IDV,PI,1,63,L,0.9999999522908244
187147,IDV,PI,2,90,L,0.5152567190343875
187147,IDV,PI,3,20,K,0.23980145485221888
187147,IDV,PI,4,71,A,0.07114959287342308
187147,IDV,PI,5,22,A,0.034128405600638734
187147,IDV,PI,6,64,I,0.025210307881287204
187147,IDV,PI,7,65,E,0.021191428143319445
187147,IDV,PI,8,73,G,0.020954389545176835
187147,IDV,PI,9,89,L,0.020123899477964627
187147,IDV,PI,10,24,L,0.01993081538970703
205691,IDV,PI,1,90,M,1.000000011908612
205691,IDV,PI,2,20,K,0.055708906733884504
205691,IDV,PI,3,63,P,0.04253082587536336
205691,IDV,PI,4,73,S,0.038592380469704216
205691,IDV,PI,5,71,V,0.02958394753796885
205691,IDV,PI,6,57,G,0.015982690750695083
205691,IDV,PI,7,93,L,0.011878617314275615
205691,IDV,PI,8,62,V,0.00860848806136831
205691,IDV,PI,9,22,A,0.007941931445123493
205691,IDV,PI,10,64,I,0.006185713923740629
257941,IDV,PI,1,64,L,0.9657919747794326
257941,IDV,PI,2,90,L,0.7747791528343732
257941,IDV,PI,3,20,K,0.3363826392947595
257941,IDV,PI,4,14,R,0.20936814630803124
257941,IDV,PI,5,63,P,0.20731998280075115
257941,IDV,PI,6,72,V,0.11476290533461088
257941,IDV,PI,7,71,A,0.1093367505713315
257941,IDV,PI,8,57,G,0.07412457819197694
257941,IDV,PI,9,22,A,0.04846131688485129
257941,IDV,PI,10,77,I,0.03858539974674723
109412,IDV,PI,1,63,L,0.9999999522848904
109412,IDV,PI,2,90,L,0.5075837762436901
109412,IDV,PI,3,64,V,0.27881642270664386
109412,IDV,PI,4,20,K,0.23858356722805812
109412,IDV,PI,5,71,A,0.0709388453980993
109412,IDV,PI,6,22,A,0.03351979992251857
109412,IDV,PI,7,73,G,0.021569665887744147
109412,IDV,PI,8,89,L,0.02057516415151756
109412,IDV,PI,9,65,E,0.020400555217002188
109412,IDV,PI,10,85,I,0.018976616363097505
615172,IDV,PI,1,20,I,0.998996274316922
615172,IDV,PI,2,90,M,0.6664579033681758
615172,IDV,PI,3,4,P,0.1616305832831226
615172,IDV,PI,4,85,V,0.13339717449466743
615172,IDV,PI,5,71,I,0.05000774602023071
615172,IDV,PI,6,37,T,0.04818093573471286
615172,IDV,PI,7,74,S,0.03397265086371534
615172,IDV,PI,8,63,P,0.029675310062825123
615172,IDV,PI,9,14,R,0.02635291257246207
615172,IDV,PI,10,54,L,0.023256931446246288
259199,IDV,PI,1,63,A,0.9999999523029385
259199,IDV,PI,2,90,L,0.212875508756237
259199,IDV,PI,3,12,P,0.11351855471304802
259199,IDV,PI,4,20,K,0.09472651672444848
259199,IDV,PI,5,72,V,0.029061487646077185
259199,IDV,PI,6,71,A,0.024077436654814988
259199,IDV,PI,7,57,G,0.016766065900143456
259199,IDV,PI,8,93,L,0.014352359248825278
259199,IDV,PI,9,22,A,0.014195350197702338
259199,IDV,PI,10,77,I,0.00976608998505021
614914,IDV,PI,1,89,M,0.9999999522960488
614914,IDV,PI,2,63,L,0.5338833671371664
614914,IDV,PI,3,90,L,0.2843672084282664
614914,IDV,PI,4,69,R,0.2015441010627882
614914,IDV,PI,5,50,V,0.18347762535934276
614914,IDV,PI,6,20,K,0.10431233600936379
614914,IDV,PI,7,71,V,0.04438011079273859
614914,IDV,PI,8,93,L,0.023508762319917817
614914,IDV,PI,9,22,A,0.014647703795487611
614914,IDV,PI,10,46,I,0.013673248090104641
614588,IDV,PI,1,63,L,0.9999999522891069
614588,IDV,PI,2,90,L,0.5157525883956484
614588,IDV,PI,3,20,K,0.24080870444467856
614588,IDV,PI,4,71,A,0.0708732260837599
614588,IDV,PI,5,22,A,0.03371689284256111
614588,IDV,PI,6,64,I,0.025197382681197755
614588,IDV,PI,7,65,E,0.020989348079412298
614588,IDV,PI,8,73,G,0.020806036355295855
614588,IDV,PI,9,89,L,0.019924634102042742
614588,IDV,PI,10,24,L,0.019636811633608142
614980,IDV,PI,1,63,C,0.9562984436672675
614980,IDV,PI,2,20,I,0.9457828521534499
614980,IDV,PI,3,65,D,0.627574070453841
614980,IDV,PI,4,82,M,0.08634766946698103
614980,IDV,PI,5,90,L,0.0829752855449329
614980,IDV,PI,6,89,V,0.06269060222140452
614980,IDV,PI,7,45,I,0.0574571079585479
614980,IDV,PI,8,69,K,0.054844207652509455
614980,IDV,PI,9,50,L,0.023040102812440805
614980,IDV,PI,10,16,E,0.015229566697165887
614770,IDV,PI,1,90,M,0.999999952302909
614770,IDV,PI,2,33,M,0.5738133896723843
614770,IDV,PI,3,85,V,0.2507469934178117
614770,IDV,PI,4,69,R,0.14664000239878625
614770,IDV,PI,5,67,F,0.14543851386641884
614770,IDV,PI,6,20,K,0.07407328952715117
614770,IDV,PI,7,63,P,0.04557891115602484
614770,IDV,PI,8,54,L,0.03209470948053089
614770,IDV,PI,9,72,L,0.0298024767655306
614770,IDV,PI,10,19,I,0.027912710857248314
116527,IDV,PI,1,90,M,0.9999999523020551
116527,IDV,PI,2,39,S,0.3124382875881653
116527,IDV,PI,3,36,A,0.21300173189031352
116527,IDV,PI,4,20,K,0.06841853313095363
116527,IDV,PI,5,63,P,0.03724298120903456
116527,IDV,PI,6,54,L,0.034713083779483664
116527,IDV,PI,7,34,Q,0.027915401449750896
116527,IDV,PI,8,71,V,0.0249182889822356
116527,IDV,PI,9,84,V,0.024358424149002928
116527,IDV,PI,10,33,F,0.019090113613771192
117055,IDV,PI,1,64,L,0.9694992848476143
117055,IDV,PI,2,90,L,0.8386156081862751
117055,IDV,PI,3,20,K,0.33289203810525503
117055,IDV,PI,4,63,P,0.21131336219421387
117055,IDV,PI,5,30,N,0.2065204728251832
117055,IDV,PI,6,88,D,0.10885181168008495
117055,IDV,PI,7,71,A,0.10380147571080864
117055,IDV,PI,8,33,F,0.09391342112820546
117055,IDV,PI,9,93,L,0.057659918833609464
117055,IDV,PI,10,22,A,0.051647440241967574
147979,IDV,PI,1,63,L,0.9999999522864054
147979,IDV,PI,2,90,L,0.5262122014004382
147979,IDV,PI,3,64,V,0.2863988970412039
147979,IDV,PI,4,20,K,0.27274487494627175
147979,IDV,PI,5,72,V,0.12102041451564859
147979,IDV,PI,6,71,A,0.07823515205389955
147979,IDV,PI,7,13,V,0.05459592238987905
147979,IDV,PI,8,22,A,0.037701849131171944
147979,IDV,PI,9,73,G,0.02197546001905775
147979,IDV,PI,10,65,E,0.021670428299021417
205632,IDV,PI,1,20,M,1.0000000119136387
205632,IDV,PI,2,90,M,0.213946540456186
205632,IDV,PI,3,63,P,0.010562478883347621
205632,IDV,PI,4,35,G,0.007010791499597221
205632,IDV,PI,5,71,V,0.006511811797515916
205632,IDV,PI,6,88,D,0.0061790877776103075
205632,IDV,PI,7,60,E,0.006109830394167644
205632,IDV,PI,8,57,G,0.004537556160089811
205632,IDV,PI,9,15,V,0.00427051327726297
205632,IDV,PI,10,13,V,0.003986410825267971
117003,IDV,PI,1,90,M,0.9999999523023657
117003,IDV,PI,2,71,T,0.1531641297487482
117003,IDV,PI,3,20,K,0.061255335425918093
117003,IDV,PI,4,63,P,0.04376166828411282
117003,IDV,PI,5,84,V,0.024953470154548955
117003,IDV,PI,6,10,F,0.021492219606522738
117003,IDV,PI,7,93,L,0.012004328620063417
117003,IDV,PI,8,57,K,0.010035968146871379
117003,IDV,PI,9,46,I,0.00982036769893703
117003,IDV,PI,10,62,V,0.009384281792336774
146948,IDV,PI,1,20,V,1.0000000119102042
146948,IDV,PI,2,90,M,0.28799179336697667
146948,IDV,PI,3,89,V,0.03604719006325259
146948,IDV,PI,4,71,I,0.02361689009604798
146948,IDV,PI,5,79,A,0.022046356772572148
146948,IDV,PI,6,63,P,0.01439469222214261
146948,IDV,PI,7,14,R,0.011963425433909113
146948,IDV,PI,8,73,S,0.010253808612591234
146948,IDV,PI,9,11,I,0.009362067948850191
146948,IDV,PI,10,84,V,0.0067577499383069005
148115,IDV,PI,1,90,L,0.999999952290281
148115,IDV,PI,2,20,K,0.3954115316593325
148115,IDV,PI,3,63,P,0.2575865815513432
148115,IDV,PI,4,71,A,0.13244008393135331
148115,IDV,PI,5,93,L,0.07854607840021674
148115,IDV,PI,6,22,A,0.055800954890822166
148115,IDV,PI,7,77,I,0.05074390129805532
148115,IDV,PI,8,89,L,0.038399661410210166
148115,IDV,PI,9,73,G,0.03477870942189067
148115,IDV,PI,10,46,M,0.032424289691541784
115755,IDV,PI,1,20,M,1.0000000119135894
115755,IDV,PI,2,48,Q,0.07440743198064452
115755,IDV,PI,3,70,E,0.06689504694352832
115755,IDV,PI,4,72,M,0.05968538716594511
115755,IDV,PI,5,90,L,0.03866542282278754
115755,IDV,PI,6,24,I,0.028964979487694036
115755,IDV,PI,7,63,P,0.014778962065989552
115755,IDV,PI,8,73,S,0.009061112068087787
115755,IDV,PI,9,19,I,0.007462591232547685
115755,IDV,PI,10,71,V,0.007074734894960409
614760,IDV,PI,1,90,L,0.9999999522856122
614760,IDV,PI,2,64,V,0.5200518702796457
614760,IDV,PI,3,20,K,0.4817932782173787
614760,IDV,PI,4,63,P,0.3120493299817224
614760,IDV,PI,5,10,V,0.23107179908263048
614760,IDV,PI,6,71,A,0.149411635047885
614760,IDV,PI,7,62,V,0.06645705611600948
614760,IDV,PI,8,22,A,0.06369266556582863
614760,IDV,PI,9,73,G,0.04309344729834916
614760,IDV,PI,10,89,L,0.039701669347513235
615502,IDV,PI,1,20,I,1.0000000119092898
615502,IDV,PI,2,90,L,0.11324733663817456
615502,IDV,PI,3,24,I,0.06976577886746534
615502,IDV,PI,4,92,K,0.052506112625885226
615502,IDV,PI,5,63,P,0.03170459658675446
615502,IDV,PI,6,46,L,0.02561952774680556
615502,IDV,PI,7,72,L,0.021417853894003365
615502,IDV,PI,8,55,R,0.02048077860591439
615502,IDV,PI,9,71,V,0.018011005498306844
615502,IDV,PI,10,15,V,0.01266425519384019
615468,IDV,PI,1,12,E,0.9999999522756531
615468,IDV,PI,2,64,L,0.7143786392740132
615468,IDV,PI,3,90,L,0.5846958256717121
615468,IDV,PI,4,20,K,0.26587148732953053
615468,IDV,PI,5,63,P,0.1601265625085506
615468,IDV,PI,6,19,I,0.09558656674432553
615468,IDV,PI,7,71,A,0.07842727464068497
615468,IDV,PI,8,22,A,0.039635205734983164
615468,IDV,PI,9,24,L,0.022504534921916584
615468,IDV,PI,10,73,G,0.02247881476480993
615518,IDV,PI,1,90,M,0.9999999523078282
615518,IDV,PI,2,20,R,0.6811864685539104
615518,IDV,PI,3,95,L,0.6082398166301402
615518,IDV,PI,4,67,F,0.13525613692616073
615518,IDV,PI,5,63,P,0.042543775995264994
615518,IDV,PI,6,73,S,0.038548186804286795
615518,IDV,PI,7,33,I,0.037980705473989206
615518,IDV,PI,8,46,L,0.027876856440088207
615518,IDV,PI,9,71,V,0.02698711396135991
615518,IDV,PI,10,37,D,0.02293131846612973
147551,IDV,PI,1,20,L,1.0000000119123578
147551,IDV,PI,2,90,M,0.12367486380708641
147551,IDV,PI,3,71,T,0.019793249203783957
147551,IDV,PI,4,92,K,0.011177226422808382
147551,IDV,PI,5,88,S,0.009279251124639174
147551,IDV,PI,6,74,S,0.007492968811544827
147551,IDV,PI,7,63,P,0.006754014685812337
147551,IDV,PI,8,13,V,0.0019777177398476614
147551,IDV,PI,9,58,E,0.0017622436321751923
147551,IDV,PI,10,62,V,0.0012870102378188402
614934,IDV,PI,1,63,L,0.9999999522889672
614934,IDV,PI,2,90,L,0.5109594575031412
614934,IDV,PI,3,20,K,0.2515837771331189
614934,IDV,PI,4,10,V,0.11502664894138317
614934,IDV,PI,5,71,A,0.070881788009507
614934,IDV,PI,6,22,A,0.03463772193352044
614934,IDV,PI,7,64,I,0.025373486869994487
614934,IDV,PI,8,65,E,0.021152411101741757
614934,IDV,PI,9,73,G,0.020730089129236313
614934,IDV,PI,10,89,L,0.02038635162834112
206409,IDV,PI,1,90,L,0.9999999522796961
206409,IDV,PI,2,12,I,0.6727490257363281
206409,IDV,PI,3,20,K,0.4387961665541904
206409,IDV,PI,4,63,P,0.2602800948681897
206409,IDV,PI,5,71,A,0.13960097777727523
206409,IDV,PI,6,37,D,0.13829781981915723
206409,IDV,PI,7,15,V,0.11234922428843953
206409,IDV,PI,8,22,A,0.05438122674544704
206409,IDV,PI,9,73,G,0.03722828045156533
206409,IDV,PI,10,89,L,0.034785711829272335
615216,IDV,PI,1,20,R,0.9999999523005156
615216,IDV,PI,2,90,L,0.17215966956757076
615216,IDV,PI,3,64,V,0.08245748677096695
615216,IDV,PI,4,43,T,0.05049259887980725
615216,IDV,PI,5,63,P,0.049783835941571646
615216,IDV,PI,6,60,E,0.023882382034012654
615216,IDV,PI,7,37,D,0.02341024059217728
615216,IDV,PI,8,71,A,0.022779579475456696
615216,IDV,PI,9,15,V,0.018857715282227183
615216,IDV,PI,10,57,K,0.011074889228624218
115071,IDV,PI,1,90,M,0.9959958314790193
115071,IDV,PI,2,20,R,0.8866691389206064
115071,IDV,PI,3,63,L,0.31673335772104805
115071,IDV,PI,4,77,T,0.11288570650739134
115071,IDV,PI,5,71,I,0.07174144838128543
115071,IDV,PI,6,37,E,0.042935764727538385
115071,IDV,PI,7,14,R,0.04257863528828636
115071,IDV,PI,8,16,E,0.02916226361595642
115071,IDV,PI,9,10,V,0.026931965647287007
115071,IDV,PI,10,84,V,0.023371059091269106
615316,IDV,PI,1,20,T,1.0000000119106853
615316,IDV,PI,2,90,M,0.5794671381609843
615316,IDV,PI,3,45,R,0.09188695234478138
615316,IDV,PI,4,67,F,0.07147002859799811
615316,IDV,PI,5,54,M,0.047798687335453297
615316,IDV,PI,6,71,I,0.046282271666465834
615316,IDV,PI,7,63,P,0.021753933837110235
615316,IDV,PI,8,73,S,0.018763327120797302
615316,IDV,PI,9,84,V,0.012911763721015952
615316,IDV,PI,10,72,V,0.012494007390469963
614788,IDV,PI,1,90,L,0.999999952290281
614788,IDV,PI,2,20,K,0.3954115316593325
614788,IDV,PI,3,63,P,0.2575865815513432
614788,IDV,PI,4,71,A,0.13244008393135331
614788,IDV,PI,5,93,L,0.07854607840021674
614788,IDV,PI,6,22,A,0.055800954890822166
614788,IDV,PI,7,77,I,0.05074390129805532
614788,IDV,PI,8,89,L,0.038399661410210166
614788,IDV,PI,9,73,G,0.03477870942189067
614788,IDV,PI,10,46,M,0.032424289691541784
115749,LPV,PI,1,20,R,0.9999999523039121
115749,LPV,PI,2,63,L,0.6174789100110879
115749,LPV,PI,3,54,S,0.4193386530506187
115749,LPV,PI,4,48,M,0.20086275940041404
115749,LPV,PI,5,43,T,0.06601248089866685
115749,LPV,PI,6,24,L,0.05774656863753555
115749,LPV,PI,7,33,F,0.03331213614256909
115749,LPV,PI,8,64,I,0.0244284970247201
115749,LPV,PI,9,71,A,0.023108082074259698
115749,LPV,PI,10,65,E,0.02044616973280893
206435,LPV,PI,1,69,Q,0.9999999522374414
206435,LPV,PI,2,63,P,0.7144685734592436
206435,LPV,PI,3,20,K,0.5698274078922361
206435,LPV,PI,4,24,L,0.38281272836055746
206435,LPV,PI,5,71,A,0.1772495091409262
206435,LPV,PI,6,57,G,0.15064094480977794
206435,LPV,PI,7,65,E,0.14647142710628988
206435,LPV,PI,8,64,I,0.13721196575604794
206435,LPV,PI,9,62,I,0.1299083142603127
206435,LPV,PI,10,73,G,0.10672954289649414
187171,LPV,PI,1,64,M,0.9999999522964099
187171,LPV,PI,2,12,S,0.3731530803893881
187171,LPV,PI,3,14,R,0.12063705607865555
187171,LPV,PI,4,63,P,0.10066995853184288
187171,LPV,PI,5,20,K,0.09044407585330907
187171,LPV,PI,6,24,L,0.06044255333040731
187171,LPV,PI,7,65,E,0.026083601352272882
187171,LPV,PI,8,71,A,0.02531272836810549
187171,LPV,PI,9,73,G,0.017769051806736377
187171,LPV,PI,10,62,V,0.016212228726669033
615360,LPV,PI,1,33,V,0.9999999522832649
615360,LPV,PI,2,45,R,0.37227478494080934
615360,LPV,PI,3,63,P,0.25521516940361433
615360,LPV,PI,4,73,S,0.25425039936049776
615360,LPV,PI,5,20,K,0.19420601610358246
615360,LPV,PI,6,24,L,0.13072312800052802
615360,LPV,PI,7,71,V,0.06902282115786693
615360,LPV,PI,8,50,L,0.05701908936433313
615360,LPV,PI,9,64,I,0.054821155622464625
615360,LPV,PI,10,65,E,0.04876507623704984
235725,LPV,PI,1,36,T,0.9999999522776942
235725,LPV,PI,2,63,P,0.322373813021159
235725,LPV,PI,3,20,K,0.27445576626352086
235725,LPV,PI,4,24,L,0.17496248265742936
235725,LPV,PI,5,37,E,0.15897940072924555
235725,LPV,PI,6,71,A,0.07485445513844668
235725,LPV,PI,7,64,I,0.06909977946144694
235725,LPV,PI,8,65,E,0.06469850355294426
235725,LPV,PI,9,57,G,0.06289670313170634
235725,LPV,PI,10,73,G,0.05206706615330354
615254,LPV,PI,1,20,T,1.0000000119105386
615254,LPV,PI,2,11,I,0.0987661959233508
615254,LPV,PI,3,66,L,0.09045245721820167
615254,LPV,PI,4,33,I,0.06441914396365549
615254,LPV,PI,5,71,I,0.06029957086809715
615254,LPV,PI,6,63,P,0.03468787608061071
615254,LPV,PI,7,73,S,0.031610512195364586
615254,LPV,PI,8,82,T,0.02731762682145149
615254,LPV,PI,9,72,L,0.02159786300246271
615254,LPV,PI,10,24,L,0.016488896450704817
615042,LPV,PI,1,63,L,0.9999999522921283
615042,LPV,PI,2,34,D,0.6389945801585194
615042,LPV,PI,3,20,K,0.08941553229652839
615042,LPV,PI,4,54,M,0.07936505294836073
615042,LPV,PI,5,24,L,0.06681839086190154
615042,LPV,PI,6,32,I,0.058091311968739304
615042,LPV,PI,7,33,F,0.0561698349539601
615042,LPV,PI,8,16,E,0.05383757929349903
615042,LPV,PI,9,62,I,0.03436587290806327
615042,LPV,PI,10,64,I,0.032070324791478075
116912,LPV,PI,1,14,R,0.9392132164038918
116912,LPV,PI,2,63,P,0.8429535745908853
116912,LPV,PI,3,20,K,0.7679592199325032
116912,LPV,PI,4,16,A,0.6328915784264121
116912,LPV,PI,5,24,L,0.4059098013785647
116912,LPV,PI,6,37,D,0.22053801787172864
116912,LPV,PI,7,65,E,0.1978808356830344
116912,LPV,PI,8,71,A,0.18251302930815533
116912,LPV,PI,9,13,V,0.17353714882728632
116912,LPV,PI,10,62,I,0.1572536898236591
614736,LPV,PI,1,63,A,1.0000000119071493
614736,LPV,PI,2,20,K,0.04386135439692307
614736,LPV,PI,3,24,L,0.024506461620022908
614736,LPV,PI,4,71,A,0.011511749846158608
614736,LPV,PI,5,62,V,0.010627506859256284
614736,LPV,PI,6,64,I,0.009960103875230015
614736,LPV,PI,7,65,E,0.009419906430721646
614736,LPV,PI,8,73,G,0.0074129682143188715
614736,LPV,PI,9,15,V,0.007017476322284374
614736,LPV,PI,10,13,I,0.006017494931732225
187129,LPV,PI,1,63,L,0.9999999522963143
187129,LPV,PI,2,19,Q,0.6795199081565761
187129,LPV,PI,3,93,M,0.3519884460145601
187129,LPV,PI,4,20,K,0.09978006285757188
187129,LPV,PI,5,24,L,0.06909333801297046
187129,LPV,PI,6,60,E,0.049119443058859485
187129,LPV,PI,7,64,I,0.0387268810982075
187129,LPV,PI,8,71,V,0.03581075810043486
187129,LPV,PI,9,62,V,0.03238548925144461
187129,LPV,PI,10,65,E,0.030069945123938145
615440,LPV,PI,1,63,S,1.000000011909544
615440,LPV,PI,2,64,V,0.011413935582706385
615440,LPV,PI,3,20,K,0.009904358506641198
615440,LPV,PI,4,24,L,0.006474902987368069
615440,LPV,PI,5,62,I,0.0033151338286482182
615440,LPV,PI,6,71,A,0.0028971550318334103
615440,LPV,PI,7,77,I,0.0025863244511416575
615440,LPV,PI,8,65,E,0.0021814849543621
615440,LPV,PI,9,73,G,0.0019216064662265567
615440,LPV,PI,10,13,I,0.001493981779188323
615432,LPV,PI,1,91,N,0.8717805667429643
615432,LPV,PI,2,45,I,0.8590412854940909
615432,LPV,PI,3,48,A,0.8531001623931631
615432,LPV,PI,4,83,D,0.33546489814424685
615432,LPV,PI,5,20,K,0.24912975689301314
615432,LPV,PI,6,64,V,0.2354901596614593
615432,LPV,PI,7,24,L,0.21623169687186894
615432,LPV,PI,8,63,P,0.20822443805536672
615432,LPV,PI,9,33,F,0.09609136094166679
615432,LPV,PI,10,37,D,0.08192941276706292
615488,LPV,PI,1,61,E,0.9999999522970188
615488,LPV,PI,2,63,P,0.15984741732932903
615488,LPV,PI,3,20,K,0.13379360540385707
615488,LPV,PI,4,24,L,0.09251236149048966
615488,LPV,PI,5,60,E,0.059672250874212025
615488,LPV,PI,6,62,I,0.03825918129798506
615488,LPV,PI,7,71,A,0.03769531546135824
615488,LPV,PI,8,65,E,0.034225689545144294
615488,LPV,PI,9,64,I,0.032809903748765905
615488,LPV,PI,10,77,I,0.032794225574531634
148089,LPV,PI,1,20,R,0.9999999523023287
148089,LPV,PI,2,72,T,0.21145274484881513
148089,LPV,PI,3,79,D,0.19571349947511538
148089,LPV,PI,4,63,P,0.11900782752385848
148089,LPV,PI,5,24,L,0.04915982126764572
148089,LPV,PI,6,60,E,0.038920793470461956
148089,LPV,PI,7,71,V,0.022703683883317866
148089,LPV,PI,8,65,E,0.022229063778261716
148089,LPV,PI,9,64,I,0.020132786992286964
148089,LPV,PI,10,62,V,0.017217513353287202
614780,LPV,PI,1,20,R,0.9999999522999597
614780,LPV,PI,2,30,N,0.12638031034432284
614780,LPV,PI,3,63,P,0.09434297144874844
614780,LPV,PI,4,36,V,0.09223545202563109
614780,LPV,PI,5,37,E,0.06570468723925887
614780,LPV,PI,6,24,L,0.049483059511535976
614780,LPV,PI,7,10,F,0.041251813549005215
614780,LPV,PI,8,60,E,0.036350687973003754
614780,LPV,PI,9,33,F,0.03585048384667557
614780,LPV,PI,10,88,D,0.026953973245031366
116511,LPV,PI,1,22,V,0.922063370635005
116511,LPV,PI,2,11,I,0.8849933862337092
116511,LPV,PI,3,69,Q,0.3201860388951975
116511,LPV,PI,4,63,P,0.2266564085530386
116511,LPV,PI,5,20,K,0.20997446744409884
116511,LPV,PI,6,64,V,0.1968507130057889
116511,LPV,PI,7,24,L,0.14508812483106348
116511,LPV,PI,8,55,R,0.11479040112726963
116511,LPV,PI,9,32,I,0.1131581044999132
116511,LPV,PI,10,71,V,0.05882213407332988
117037,LPV,PI,1,24,F,1.0000000119143064
117037,LPV,PI,2,74,P,0.19990896556822346
117037,LPV,PI,3,63,P,0.0325120054018015
117037,LPV,PI,4,16,A,0.030324747927592047
117037,LPV,PI,5,43,T,0.0283351340528342
117037,LPV,PI,6,20,K,0.02781915904799199
117037,LPV,PI,7,32,I,0.021021360367010203
117037,LPV,PI,8,33,F,0.016122568658853004
117037,LPV,PI,9,53,L,0.01108116947297028
117037,LPV,PI,10,71,V,0.008909823281833372
615054,LPV,PI,1,20,M,0.9999999523027919
615054,LPV,PI,2,73,A,0.7160263196751789
615054,LPV,PI,3,18,H,0.11597874775466283
615054,LPV,PI,4,71,T,0.10090300636201066
615054,LPV,PI,5,34,Q,0.05139984446055527
615054,LPV,PI,6,63,P,0.03984129238311925
615054,LPV,PI,7,19,I,0.02811549276665617
615054,LPV,PI,8,24,L,0.019956854344709986
615054,LPV,PI,9,72,L,0.018913381951361382
615054,LPV,PI,10,76,V,0.017603318795860586
117073,LPV,PI,1,63,P,0.999999952220481
117073,LPV,PI,2,20,K,0.8293231200169073
117073,LPV,PI,3,24,L,0.47568463940263317
117073,LPV,PI,4,72,V,0.40663068979579015
117073,LPV,PI,5,71,V,0.26132000046027887
117073,LPV,PI,6,62,I,0.18217937374135515
117073,LPV,PI,7,65,E,0.17392159393139053
117073,LPV,PI,8,64,I,0.16769745997827532
117073,LPV,PI,9,73,G,0.15575519124486945
117073,LPV,PI,10,13,I,0.11675124872417286
109462,LPV,PI,1,63,L,0.9999999522973411
109462,LPV,PI,2,37,T,0.15208330691301555
109462,LPV,PI,3,20,K,0.10534565076023325
109462,LPV,PI,4,24,L,0.0669218076095946
109462,LPV,PI,5,64,I,0.035554976733514945
109462,LPV,PI,6,65,E,0.03030221001896304
109462,LPV,PI,7,62,V,0.029479723923084497
109462,LPV,PI,8,71,A,0.028867955621603894
109462,LPV,PI,9,73,G,0.01996074513602347
109462,LPV,PI,10,13,I,0.014964973101289573
147991,LPV,PI,1,71,T,0.9999999522808809
147991,LPV,PI,2,33,I,0.559388542340333
147991,LPV,PI,3,73,S,0.31228847317662756
147991,LPV,PI,4,63,P,0.29839525033928116
147991,LPV,PI,5,20,K,0.23139707525185066
147991,LPV,PI,6,24,L,0.1565077889179465
147991,LPV,PI,7,35,G,0.15177967593843
147991,LPV,PI,8,60,E,0.1086885675457377
147991,LPV,PI,9,58,E,0.07309495582688624
147991,LPV,PI,10,64,I,0.06276783001865294
614794,LPV,PI,1,63,A,1.0000000119105565
614794,LPV,PI,2,20,K,0.04250374604342374
614794,LPV,PI,3,24,L,0.02569988723650269
614794,LPV,PI,4,16,E,0.019969205940040414
614794,LPV,PI,5,71,A,0.01089961482785585
614794,LPV,PI,6,62,V,0.01058431936737241
614794,LPV,PI,7,64,I,0.009936105809956717
614794,LPV,PI,8,65,E,0.00931346147291611
614794,LPV,PI,9,73,G,0.007168273618970459
614794,LPV,PI,10,13,I,0.005673229168665399
614886,LPV,PI,1,71,T,0.9999999522804912
614886,LPV,PI,2,63,P,0.36348775937465283
614886,LPV,PI,3,20,K,0.27146398284032935
614886,LPV,PI,4,24,L,0.17578071597904943
614886,LPV,PI,5,65,E,0.07104187529064487
614886,LPV,PI,6,64,I,0.06717788497392607
614886,LPV,PI,7,62,I,0.06540749215628973
614886,LPV,PI,8,73,G,0.05330931923767948
614886,LPV,PI,9,12,T,0.042694412862005926
614886,LPV,PI,10,13,I,0.041518672346099496
105320,LPV,PI,1,20,T,1.0000000119110664
105320,LPV,PI,2,71,T,0.07704804262653833
105320,LPV,PI,3,63,P,0.03727994593205742
105320,LPV,PI,4,88,S,0.027693028018800647
105320,LPV,PI,5,24,L,0.016601990125404455
105320,LPV,PI,6,85,V,0.014984188033922149
105320,LPV,PI,7,58,E,0.00901036841328827
105320,LPV,PI,8,46,I,0.007552271991102136
105320,LPV,PI,9,10,I,0.007304536553292882
105320,LPV,PI,10,65,E,0.006966023876885285
614606,LPV,PI,1,23,I,0.9929899096325056
614606,LPV,PI,2,20,R,0.9127591810335314
614606,LPV,PI,3,33,I,0.1424353301621575
614606,LPV,PI,4,63,P,0.0819380846343642
614606,LPV,PI,5,73,S,0.08048717789460737
614606,LPV,PI,6,82,T,0.06418851079809353
614606,LPV,PI,7,16,A,0.06119010524541555
614606,LPV,PI,8,43,T,0.05480098149435205
614606,LPV,PI,9,24,L,0.04475604801128939
614606,LPV,PI,10,46,L,0.03425432399149467
143350,LPV,PI,1,63,L,0.9999999522900495
143350,LPV,PI,2,39,T,0.5026019822922707
143350,LPV,PI,3,69,K,0.2012202294374667
143350,LPV,PI,4,66,F,0.18545951422278373
143350,LPV,PI,5,14,R,0.18152525323626667
143350,LPV,PI,6,74,S,0.14373884988479146
143350,LPV,PI,7,19,I,0.10987074093165303
143350,LPV,PI,8,20,K,0.10482891933998999
143350,LPV,PI,9,89,M,0.08990834655117601
143350,LPV,PI,10,24,L,0.07016797084736731
117071,LPV,PI,1,24,F,1.0000000119150099
117071,LPV,PI,2,73,S,0.04228355846319081
117071,LPV,PI,3,63,P,0.035013632246227056
117071,LPV,PI,4,20,K,0.0311311593453342
117071,LPV,PI,5,33,F,0.01641378727689161
117071,LPV,PI,6,71,V,0.011844363596969661
117071,LPV,PI,7,65,E,0.009341741078761352
117071,LPV,PI,8,64,I,0.008930760065900628
117071,LPV,PI,9,10,I,0.008606971742209193
117071,LPV,PI,10,62,V,0.00608704072286528
206421,LPV,PI,1,20,T,1.000000011911353
206421,LPV,PI,2,30,N,0.05037419349377122
206421,LPV,PI,3,63,P,0.03658152952106347
206421,LPV,PI,4,24,L,0.017617978507864573
206421,LPV,PI,5,88,D,0.011210051503523298
206421,LPV,PI,6,58,E,0.010085300362682095
206421,LPV,PI,7,57,G,0.008700780209549243
206421,LPV,PI,8,65,E,0.007259845445822378
206421,LPV,PI,9,64,I,0.007106036891888637
206421,LPV,PI,10,71,A,0.006897116958163986
206413,LPV,PI,1,63,L,0.999999952296225
206413,LPV,PI,2,20,K,0.11116806777342492
206413,LPV,PI,3,24,L,0.06431627167996382
206413,LPV,PI,4,64,I,0.03506501106769029
206413,LPV,PI,5,62,I,0.03444347634968137
206413,LPV,PI,6,65,E,0.029897540833534714
206413,LPV,PI,7,71,A,0.028952283061218186
206413,LPV,PI,8,57,G,0.0237447051027295
206413,LPV,PI,9,73,G,0.017733206844867073
206413,LPV,PI,10,15,V,0.017636642858247786
615402,LPV,PI,1,63,L,0.9999999522959102
615402,LPV,PI,2,20,K,0.11474528333213488
615402,LPV,PI,3,24,L,0.07053354925057018
615402,LPV,PI,4,72,V,0.06405023423751025
615402,LPV,PI,5,64,I,0.035058546643532855
615402,LPV,PI,6,65,E,0.032380159076844287
615402,LPV,PI,7,71,A,0.030685210596945657
615402,LPV,PI,8,62,V,0.03042384250546888
615402,LPV,PI,9,13,V,0.028747697658788717
615402,LPV,PI,10,73,G,0.020232291918855675
615024,LPV,PI,1,20,T,0.9999999523005485
615024,LPV,PI,2,24,I,0.7837468426655241
615024,LPV,PI,3,12,P,0.17563478675459
615024,LPV,PI,4,64,V,0.037945258716407554
615024,LPV,PI,5,63,P,0.03385433171110912
615024,LPV,PI,6,76,V,0.017698388849686678
615024,LPV,PI,7,55,R,0.016563540083099015
615024,LPV,PI,8,46,L,0.015789305084675027
615024,LPV,PI,9,33,F,0.015597452449511263
615024,LPV,PI,10,60,E,0.013147237223209597
614684,LPV,PI,1,63,V,1.0000000119118964
614684,LPV,PI,2,20,K,0.016227742407214432
614684,LPV,PI,3,89,M,0.013440938073806608
614684,LPV,PI,4,24,L,0.011039401772814136
614684,LPV,PI,5,76,V,0.009895729304322184
614684,LPV,PI,6,62,I,0.005220324129563546
614684,LPV,PI,7,64,I,0.00505014236656025
614684,LPV,PI,8,71,V,0.004760106909169486
614684,LPV,PI,9,37,D,0.004606321863825124
614684,LPV,PI,10,10,I,0.003917455507517502
257947,LPV,PI,1,63,H,1.0000000119113535
257947,LPV,PI,2,20,M,0.3538976973077223
257947,LPV,PI,3,89,I,0.03737441866027312
257947,LPV,PI,4,43,R,0.025995984030029954
257947,LPV,PI,5,37,A,0.02481088700920589
257947,LPV,PI,6,33,I,0.020399998903140565
257947,LPV,PI,7,24,L,0.0058211300673472795
257947,LPV,PI,8,64,I,0.0024975327328790914
257947,LPV,PI,9,62,I,0.0024828938532360225
257947,LPV,PI,10,71,A,0.002238245012140587
259227,LPV,PI,1,63,T,1.0000000119050971
259227,LPV,PI,2,20,T,0.7745484205624655
259227,LPV,PI,3,72,T,0.05291936695070163
259227,LPV,PI,4,74,S,0.021461174120280483
259227,LPV,PI,5,64,V,0.015994637715863572
259227,LPV,PI,6,19,I,0.014777918185341816
259227,LPV,PI,7,24,L,0.012753754058495381
259227,LPV,PI,8,35,G,0.008324503065647517
259227,LPV,PI,9,65,E,0.004613171805110284
259227,LPV,PI,10,71,A,0.004605810578733135
148055,LPV,PI,1,63,A,1.0000000119075352
148055,LPV,PI,2,70,R,0.04649703395071686
148055,LPV,PI,3,64,V,0.04601616769841742
148055,LPV,PI,4,20,K,0.04287187440544695
148055,LPV,PI,5,24,L,0.024911933484548184
148055,LPV,PI,6,62,I,0.012911710478937383
148055,LPV,PI,7,71,A,0.011260552523758908
148055,LPV,PI,8,65,E,0.009408759151612791
148055,LPV,PI,9,73,G,0.007257570117375745
148055,LPV,PI,10,15,V,0.00687466165370695
205601,LPV,PI,1,73,C,1.0000000119042314
205601,LPV,PI,2,72,E,0.29430941479149286
205601,LPV,PI,3,70,R,0.07405500044491647
205601,LPV,PI,4,63,P,0.061226253197109205
205601,LPV,PI,5,64,V,0.060431329568699337
205601,LPV,PI,6,20,K,0.04584599408616871
205601,LPV,PI,7,24,L,0.03552539726828899
205601,LPV,PI,8,60,E,0.023488590283101945
205601,LPV,PI,9,71,A,0.018355357161470513
205601,LPV,PI,10,65,E,0.015400445819178203
614868,LPV,PI,1,63,P,0.9969357966735544
614868,LPV,PI,2,20,K,0.8324544882586498
614868,LPV,PI,3,24,L,0.47897833460305456
614868,LPV,PI,4,71,A,0.2345973978148268
614868,LPV,PI,5,65,E,0.1901439147973662
614868,LPV,PI,6,62,I,0.1855761589684319
614868,LPV,PI,7,64,I,0.18520594767108295
614868,LPV,PI,8,73,G,0.14884887533455043
614868,LPV,PI,9,35,D,0.12276499610985632
614868,LPV,PI,10,13,I,0.11785148622050491
145194,LPV,PI,1,12,S,0.9999999522789692
145194,LPV,PI,2,63,P,0.2974707629524846
145194,LPV,PI,3,20,K,0.2336794913370322
145194,LPV,PI,4,24,L,0.16216159555890863
145194,LPV,PI,5,72,V,0.10367718713094723
145194,LPV,PI,6,71,A,0.06880769321552027
145194,LPV,PI,7,65,E,0.06077691136058076
145194,LPV,PI,8,77,I,0.059487513351182034
145194,LPV,PI,9,64,I,0.05706061029385818
145194,LPV,PI,10,62,I,0.056846260088954895
198541,LPV,PI,1,37,T,0.9999999522378453
198541,LPV,PI,2,63,P,0.7788777171850694
198541,LPV,PI,3,64,V,0.762572045065359
198541,LPV,PI,4,20,K,0.643930434824359
198541,LPV,PI,5,24,L,0.3935234948679891
198541,LPV,PI,6,71,A,0.181058602858456
198541,LPV,PI,7,13,V,0.16829795490374394
198541,LPV,PI,8,65,E,0.16525828457246494
198541,LPV,PI,9,62,I,0.16094704182714584
198541,LPV,PI,10,73,G,0.12810914842287519
123041,LPV,PI,1,54,T,0.9999999523048593
123041,LPV,PI,2,71,I,0.3126049471076795
123041,LPV,PI,3,69,R,0.29031081155445515
123041,LPV,PI,4,48,V,0.1502768385050907
123041,LPV,PI,5,20,K,0.1491994323572677
123041,LPV,PI,6,43,T,0.11632717788712607
123041,LPV,PI,7,63,P,0.11546468120858272
123041,LPV,PI,8,24,L,0.1134429762177411
123041,LPV,PI,9,33,F,0.06419309937629974
123041,LPV,PI,10,10,I,0.03361343575626392
143463,LPV,PI,1,33,I,0.9999999522691705
143463,LPV,PI,2,71,I,0.8564998274630349
143463,LPV,PI,3,63,P,0.43052902878672045
143463,LPV,PI,4,20,K,0.3574662574008824
143463,LPV,PI,5,32,I,0.25401840001438386
143463,LPV,PI,6,24,L,0.2342702649346406
143463,LPV,PI,7,85,V,0.17502520461891724
143463,LPV,PI,8,10,F,0.17195059125933387
143463,LPV,PI,9,13,V,0.08865909424674466
143463,LPV,PI,10,62,I,0.08440503964397186
172136,LPV,PI,1,72,Y,0.9999999522838182
172136,LPV,PI,2,63,P,0.3930969050660058
172136,LPV,PI,3,73,S,0.2959347982532
172136,LPV,PI,4,20,K,0.20560593773295155
172136,LPV,PI,5,24,L,0.15050332778253894
172136,LPV,PI,6,32,I,0.13151149016496166
172136,LPV,PI,7,71,A,0.07748247498419897
172136,LPV,PI,8,64,I,0.07239181754000706
172136,LPV,PI,9,65,E,0.06526892067818202
172136,LPV,PI,10,47,V,0.06366043846615749
235701,LPV,PI,1,20,R,0.999999952291303
235701,LPV,PI,2,11,L,0.8372822844174878
235701,LPV,PI,3,34,S,0.4501173950803032
235701,LPV,PI,4,82,I,0.2654244849073288
235701,LPV,PI,5,77,T,0.2144634533620234
235701,LPV,PI,6,71,I,0.15559896334473275
235701,LPV,PI,7,36,V,0.08390096912522801
235701,LPV,PI,8,63,P,0.08280300338648341
235701,LPV,PI,9,89,M,0.06993057830341745
235701,LPV,PI,10,54,M,0.06730403181183581
187155,LPV,PI,1,20,I,1.0000000119097952
187155,LPV,PI,2,18,H,0.10127080426966008
187155,LPV,PI,3,11,I,0.09319588281985558
187155,LPV,PI,4,72,M,0.07344426553975653
187155,LPV,PI,5,63,P,0.03428633099419617
187155,LPV,PI,6,73,S,0.028882769191960256
187155,LPV,PI,7,24,L,0.01719631119714249
187155,LPV,PI,8,71,V,0.007557031268235383
187155,LPV,PI,9,64,I,0.006487886992794276
187155,LPV,PI,10,10,I,0.00648776305583833
216617,LPV,PI,1,63,A,1.0000000119065489
216617,LPV,PI,2,20,K,0.03937348049082724
216617,LPV,PI,3,24,L,0.02525876541498208
216617,LPV,PI,4,62,I,0.012132371928980222
216617,LPV,PI,5,71,A,0.011427302485813274
216617,LPV,PI,6,64,I,0.010679681551799478
216617,LPV,PI,7,65,E,0.009498703858841811
216617,LPV,PI,8,57,G,0.009184404115986996
216617,LPV,PI,9,73,G,0.006863968124046698
216617,LPV,PI,10,13,I,0.005657745406645552
614970,LPV,PI,1,22,V,0.999999952294663
614970,LPV,PI,2,73,S,0.29761671616917906
614970,LPV,PI,3,63,P,0.28254227441062807
614970,LPV,PI,4,20,K,0.24569676763721957
614970,LPV,PI,5,83,S,0.2446609502118517
614970,LPV,PI,6,24,L,0.1652799469941534
614970,LPV,PI,7,72,L,0.13875914499956765
614970,LPV,PI,8,35,G,0.11617794231340765
614970,LPV,PI,9,10,F,0.10182897570910307
614970,LPV,PI,10,85,V,0.09399944424399634
614474,LPV,PI,1,12,I,0.9999999522975055
614474,LPV,PI,2,63,P,0.13991809923291706
614474,LPV,PI,3,20,K,0.11750107150218278
614474,LPV,PI,4,24,L,0.08077877475868941
614474,LPV,PI,5,71,A,0.03279091579565915
614474,LPV,PI,6,64,I,0.029367970249753496
614474,LPV,PI,7,65,E,0.028844557525392694
614474,LPV,PI,8,62,I,0.02808408189856431
614474,LPV,PI,9,73,G,0.02347521080274494
614474,LPV,PI,10,13,I,0.020992444042395274
615074,LPV,PI,1,71,T,0.999999952285727
615074,LPV,PI,2,72,T,0.6967304838238035
615074,LPV,PI,3,63,P,0.42524645943575934
615074,LPV,PI,4,20,K,0.2852675740892476
615074,LPV,PI,5,24,L,0.18528828159163674
615074,LPV,PI,6,50,L,0.0960620996051765
615074,LPV,PI,7,65,E,0.08036449424021537
615074,LPV,PI,8,62,I,0.06855623626398138
615074,LPV,PI,9,64,I,0.06671208076175893
615074,LPV,PI,10,73,G,0.0524088440473838
615270,LPV,PI,1,63,P,0.9999998926565578
615270,LPV,PI,2,20,K,0.8452839623236715
615270,LPV,PI,3,24,L,0.48778093879904005
615270,LPV,PI,4,71,A,0.23641611123125478
615270,LPV,PI,5,62,I,0.18566158053524207
615270,LPV,PI,6,65,E,0.18400148550360376
615270,LPV,PI,7,64,I,0.1823513076708895
615270,LPV,PI,8,73,G,0.14924077325587165
615270,LPV,PI,9,13,I,0.11910638053333812
615270,LPV,PI,10,12,T,0.10535622594488597
259207,LPV,PI,1,12,S,0.9999999522754647
259207,LPV,PI,2,69,Q,0.38063787047890396
259207,LPV,PI,3,63,P,0.2802139065444956
259207,LPV,PI,4,19,I,0.27372193604166545
259207,LPV,PI,5,20,K,0.23283832041325037
259207,LPV,PI,6,24,L,0.1561293800441152
259207,LPV,PI,7,71,A,0.06843175364978696
259207,LPV,PI,8,65,E,0.060943774978193574
259207,LPV,PI,9,62,I,0.05491569509480224
259207,LPV,PI,10,64,I,0.05381617595643333
615536,LPV,PI,1,63,C,1.0000000119096968
615536,LPV,PI,2,74,S,0.03034984794431291
615536,LPV,PI,3,64,V,0.024100803449321768
615536,LPV,PI,4,82,T,0.02256176802804176
615536,LPV,PI,5,20,K,0.021806288377431062
615536,LPV,PI,6,32,I,0.01489421551757592
615536,LPV,PI,7,33,F,0.014595583696617944
615536,LPV,PI,8,24,L,0.014219437548584145
615536,LPV,PI,9,55,R,0.011171611128966443
615536,LPV,PI,10,46,L,0.009194832471074648
145208,LPV,PI,1,14,R,0.9147859697985194
145208,LPV,PI,2,63,P,0.8490957736245518
145208,LPV,PI,3,20,K,0.7792731968579896
145208,LPV,PI,4,24,L,0.4307460130309483
145208,LPV,PI,5,65,E,0.20541136410999797
145208,LPV,PI,6,71,A,0.1915997815130773
145208,LPV,PI,7,64,I,0.16441052312757795
145208,LPV,PI,8,62,I,0.1590769477371199
145208,LPV,PI,9,73,G,0.12941074756191595
145208,LPV,PI,10,15,V,0.11383992461545152
89952,LPV,PI,1,33,M,0.9887026071319776
89952,LPV,PI,2,70,T,0.8631759267467091
89952,LPV,PI,3,89,F,0.5410268132741407
89952,LPV,PI,4,63,P,0.15810709815465915
89952,LPV,PI,5,82,T,0.12814229195927507
89952,LPV,PI,6,20,K,0.12790023620835284
89952,LPV,PI,7,54,M,0.10551388570191479
89952,LPV,PI,8,24,L,0.09118066750052718
89952,LPV,PI,9,32,I,0.08748993025070037
89952,LPV,PI,10,71,V,0.04564896482425987
615206,LPV,PI,1,74,A,0.9999999523000594
615206,LPV,PI,2,61,E,0.6422160861951993
615206,LPV,PI,3,91,S,0.221489852414046
615206,LPV,PI,4,20,K,0.16487250502772777
615206,LPV,PI,5,48,V,0.14033860646633556
615206,LPV,PI,6,24,L,0.1272805074455577
615206,LPV,PI,7,63,P,0.1270812591301598
615206,LPV,PI,8,43,T,0.11837540304156763
615206,LPV,PI,9,10,V,0.10168551865831939
615206,LPV,PI,10,33,F,0.07734729537909853
614494,LPV,PI,1,62,M,0.999999952294697
614494,LPV,PI,2,64,L,0.3174934355499182
614494,LPV,PI,3,66,F,0.15500170462262738
614494,LPV,PI,4,69,Q,0.14549140762256602
614494,LPV,PI,5,63,P,0.09904071951426388
614494,LPV,PI,6,20,K,0.09091374122047274
614494,LPV,PI,7,24,L,0.06018666323176552
614494,LPV,PI,8,33,F,0.055366922243428235
614494,LPV,PI,9,71,V,0.026817685233159038
614494,LPV,PI,10,65,E,0.022257648391723575
614988,LPV,PI,1,69,Y,0.9999999522872807
614988,LPV,PI,2,39,Q,0.6489226083192443
614988,LPV,PI,3,63,P,0.19906852200628877
614988,LPV,PI,4,20,K,0.1576535699901699
614988,LPV,PI,5,24,L,0.10906814291521441
614988,LPV,PI,6,71,A,0.046700413502475405
614988,LPV,PI,7,64,I,0.04280204992382406
614988,LPV,PI,8,65,E,0.03964990743880044
614988,LPV,PI,9,73,G,0.03462945829751494
614988,LPV,PI,10,62,V,0.030206872659634086
614662,LPV,PI,1,63,T,1.0000000119110686
614662,LPV,PI,2,20,R,0.2252473136329144
614662,LPV,PI,3,24,L,0.009556812715307336
614662,LPV,PI,4,72,V,0.009064827775300892
614662,LPV,PI,5,16,E,0.007269661463046426
614662,LPV,PI,6,62,I,0.004959595482079523
614662,LPV,PI,7,71,A,0.003972565680538926
614662,LPV,PI,8,64,I,0.003861611676013079
614662,LPV,PI,9,13,V,0.0036880723749968284
614662,LPV,PI,10,65,E,0.0036478628745156825
614452,LPV,PI,1,20,I,1.0000000119132477
614452,LPV,PI,2,11,I,0.09726456185274421
614452,LPV,PI,3,79,A,0.0513151889514237
614452,LPV,PI,4,63,P,0.04240107551952601
614452,LPV,PI,5,70,R,0.039232279630136
614452,LPV,PI,6,73,S,0.03172081051468728
614452,LPV,PI,7,83,H,0.030782745540927785
614452,LPV,PI,8,16,A,0.02955480333260345
614452,LPV,PI,9,72,L,0.019133636387813305
614452,LPV,PI,10,24,L,0.017961255249658796
614840,LPV,PI,1,33,V,0.9999999522901606
614840,LPV,PI,2,63,P,0.24547431832719444
614840,LPV,PI,3,20,K,0.20393777896574258
614840,LPV,PI,4,24,L,0.13282269135454786
614840,LPV,PI,5,60,E,0.08186083442279643
614840,LPV,PI,6,64,I,0.0556595971251901
614840,LPV,PI,7,71,A,0.05482085016422344
614840,LPV,PI,8,65,E,0.053126965526998526
614840,LPV,PI,9,73,G,0.04253674570600083
614840,LPV,PI,10,62,V,0.04206954518663969
614828,LPV,PI,1,33,I,0.9999999522554915
614828,LPV,PI,2,8,Q,0.8695051027847196
614828,LPV,PI,3,30,N,0.7727604989087743
614828,LPV,PI,4,63,P,0.5090550986006881
614828,LPV,PI,5,20,K,0.4548320481246698
614828,LPV,PI,6,24,L,0.2994475333356005
614828,LPV,PI,7,46,L,0.22842919050733176
614828,LPV,PI,8,55,R,0.20755153000861346
614828,LPV,PI,9,10,F,0.17991430735364128
614828,LPV,PI,10,71,V,0.1294646578007099
614826,LPV,PI,1,63,P,0.9999998926405773
614826,LPV,PI,2,20,K,0.8324280159155297
614826,LPV,PI,3,24,L,0.47108054492355955
614826,LPV,PI,4,71,A,0.23566097177512935
614826,LPV,PI,5,65,E,0.18977673159221356
614826,LPV,PI,6,62,I,0.1861587716579881
614826,LPV,PI,7,64,I,0.18406562539843357
614826,LPV,PI,8,73,G,0.14803667446577284
614826,LPV,PI,9,35,D,0.12087964400692153
614826,LPV,PI,10,13,I,0.1175048928491667
615482,LPV,PI,1,24,I,1.0000000119106978
615482,LPV,PI,2,64,L,0.14066229540006261
615482,LPV,PI,3,63,P,0.038027493665251245
615482,LPV,PI,4,54,M,0.035610792308119095
615482,LPV,PI,5,20,K,0.033495713893193314
615482,LPV,PI,6,33,F,0.019585289824190794
615482,LPV,PI,7,72,V,0.0152117108976749
615482,LPV,PI,8,37,D,0.012751471689571648
615482,LPV,PI,9,71,V,0.009918634025689559
615482,LPV,PI,10,65,E,0.009512367961590867
113058,LPV,PI,1,20,V,1.000000011910263
113058,LPV,PI,2,11,I,0.09855890023882043
113058,LPV,PI,3,48,I,0.07977461224011538
113058,LPV,PI,4,71,I,0.06031987764318322
113058,LPV,PI,5,63,P,0.030616120702587294
113058,LPV,PI,6,73,S,0.02771814198372447
113058,LPV,PI,7,54,L,0.018362478707584125
113058,LPV,PI,8,24,L,0.01819943793729381
113058,LPV,PI,9,76,V,0.015781455449769093
113058,LPV,PI,10,55,R,0.015017375840576934
615226,LPV,PI,1,20,R,0.9999999523020334
615226,LPV,PI,2,63,P,0.09747471196824455
615226,LPV,PI,3,19,I,0.08360701233059273
615226,LPV,PI,4,37,E,0.06468571280627419
615226,LPV,PI,5,54,L,0.06250626928853367
615226,LPV,PI,6,76,V,0.04822693468798067
615226,LPV,PI,7,24,L,0.04723994767742361
615226,LPV,PI,8,32,I,0.04469533826604306
615226,LPV,PI,9,10,F,0.04015732435354122
615226,LPV,PI,10,58,E,0.025108113964430245
107981,LPV,PI,1,73,T,1.0000000119156565
107981,LPV,PI,2,95,F,0.10348317179380663
107981,LPV,PI,3,20,K,0.03062813290468114
107981,LPV,PI,4,63,P,0.029358075565468628
107981,LPV,PI,5,24,L,0.025540972093113967
107981,LPV,PI,6,43,T,0.024464925471848042
107981,LPV,PI,7,55,R,0.01965338634758741
107981,LPV,PI,8,72,L,0.01956443227552352
107981,LPV,PI,9,33,F,0.015448410334250026
107981,LPV,PI,10,50,L,0.012907947249199924
615194,LPV,PI,1,24,I,1.0000000119071413
615194,LPV,PI,2,19,V,0.20134220138200215
615194,LPV,PI,3,91,S,0.05733268677871679
615194,LPV,PI,4,14,R,0.05681753529251521
615194,LPV,PI,5,63,P,0.04200203360401611
615194,LPV,PI,6,36,L,0.041328441172992524
615194,LPV,PI,7,20,K,0.03035691362243067
615194,LPV,PI,8,10,V,0.02507879666236625
615194,LPV,PI,9,33,F,0.017949890798232237
615194,LPV,PI,10,46,L,0.0177238240270002
206437,LPV,PI,1,24,F,1.0000000119152348
206437,LPV,PI,2,12,P,0.13218308952661117
206437,LPV,PI,3,79,D,0.05517242717824722
206437,LPV,PI,4,34,Q,0.05095664589613669
206437,LPV,PI,5,73,S,0.03844473824549038
206437,LPV,PI,6,20,K,0.03029260137741264
206437,LPV,PI,7,63,P,0.029956433656588944
206437,LPV,PI,8,33,F,0.014460127728922738
206437,LPV,PI,9,10,F,0.013355569284965361
206437,LPV,PI,10,71,V,0.010783578297447066
615166,LPV,PI,1,20,M,1.0000000119092642
615166,LPV,PI,2,63,P,0.046603680315989576
615166,LPV,PI,3,36,L,0.04060672807135441
615166,LPV,PI,4,73,S,0.039474409190606165
615166,LPV,PI,5,82,T,0.03569747640823075
615166,LPV,PI,6,10,V,0.023265296015710153
615166,LPV,PI,7,24,L,0.02084371771245755
615166,LPV,PI,8,55,R,0.019829651116969976
615166,LPV,PI,9,32,I,0.019105651180156835
615166,LPV,PI,10,33,F,0.017752114365927392
615540,LPV,PI,1,20,R,0.9999999523047308
615540,LPV,PI,2,11,L,0.9137672671157611
615540,LPV,PI,3,73,S,0.10285595890607707
615540,LPV,PI,4,63,P,0.08597526765459024
615540,LPV,PI,5,54,L,0.07244635271251854
615540,LPV,PI,6,24,L,0.06676490432115015
615540,LPV,PI,7,37,E,0.06276605020525951
615540,LPV,PI,8,50,V,0.05455031680276678
615540,LPV,PI,9,55,R,0.053111020288403206
615540,LPV,PI,10,10,F,0.04291185932906276
187169,LPV,PI,1,64,M,0.9999999522953775
187169,LPV,PI,2,7,R,0.40882437466649124
187169,LPV,PI,3,12,S,0.3662091671491695
187169,LPV,PI,4,14,R,0.11803476847370613
187169,LPV,PI,5,63,P,0.09831995891144227
187169,LPV,PI,6,20,K,0.09091980248087851
187169,LPV,PI,7,24,L,0.06067842718836067
187169,LPV,PI,8,65,E,0.025648053887530855
187169,LPV,PI,9,71,A,0.02528052939058848
187169,LPV,PI,10,73,G,0.017637020940310874
147550,LPV,PI,1,20,V,1.0000000119116939
147550,LPV,PI,2,12,K,0.2563636052322925
147550,LPV,PI,3,11,I,0.10273524323045503
147550,LPV,PI,4,66,V,0.054429684962371404
147550,LPV,PI,5,73,S,0.029673417002167198
147550,LPV,PI,6,63,P,0.028872556131433615
147550,LPV,PI,7,64,V,0.028344610067981914
147550,LPV,PI,8,54,M,0.022312382373017595
147550,LPV,PI,9,24,L,0.019768533261754703
147550,LPV,PI,10,35,G,0.015589135665568854
187147,LPV,PI,1,63,L,0.9999999522997489
187147,LPV,PI,2,20,K,0.10367866695668107
187147,LPV,PI,3,24,L,0.06589063321782096
187147,LPV,PI,4,62,I,0.03646294697425474
187147,LPV,PI,5,64,I,0.03549328163079431
187147,LPV,PI,6,65,E,0.029483256324176445
187147,LPV,PI,7,71,A,0.02826186830448635
187147,LPV,PI,8,73,G,0.01876875018098701
187147,LPV,PI,9,13,I,0.01480639797951882
187147,LPV,PI,10,12,T,0.013518483306128237
205691,LPV,PI,1,73,S,0.9423993944364727
205691,LPV,PI,2,63,P,0.8617308305434366
205691,LPV,PI,3,20,K,0.6626721681113178
205691,LPV,PI,4,24,L,0.4649029468910273
205691,LPV,PI,5,71,V,0.2686793370574095
205691,LPV,PI,6,64,I,0.19492122693218153
205691,LPV,PI,7,10,I,0.1813995859422056
205691,LPV,PI,8,57,G,0.17509090845787126
205691,LPV,PI,9,65,E,0.17182358574891451
205691,LPV,PI,10,62,V,0.1274197336567585
257941,LPV,PI,1,64,L,0.9999999522791037
257941,LPV,PI,2,14,R,0.3092446449889218
257941,LPV,PI,3,63,P,0.26539246921467435
257941,LPV,PI,4,20,K,0.22190685123924814
257941,LPV,PI,5,24,L,0.15649538036141247
257941,LPV,PI,6,72,V,0.09421688465579092
257941,LPV,PI,7,65,E,0.06714040650436914
257941,LPV,PI,8,71,A,0.06072161918254877
257941,LPV,PI,9,57,G,0.05347970141551669
257941,LPV,PI,10,62,I,0.05075234707979746
109412,LPV,PI,1,63,L,0.9999999522963777
109412,LPV,PI,2,64,V,0.1392554459251339
109412,LPV,PI,3,20,K,0.10462946658581695
109412,LPV,PI,4,24,L,0.06685020430088287
109412,LPV,PI,5,62,I,0.03887545864395016
109412,LPV,PI,6,71,A,0.029717501018131143
109412,LPV,PI,7,65,E,0.029344471770903054
109412,LPV,PI,8,73,G,0.01987511439850311
109412,LPV,PI,9,13,I,0.015533647957401048
109412,LPV,PI,10,12,T,0.014136017231227056
615172,LPV,PI,1,20,I,1.0000000119106347
615172,LPV,PI,2,4,P,0.16082522217761
615172,LPV,PI,3,71,I,0.04870433993502993
615172,LPV,PI,4,74,S,0.0433704258099511
615172,LPV,PI,5,37,T,0.041736228920159504
615172,LPV,PI,6,14,R,0.03809572614743281
615172,LPV,PI,7,63,P,0.029841597600954464
615172,LPV,PI,8,54,L,0.020320581722668846
615172,LPV,PI,9,24,L,0.017019638309159556
615172,LPV,PI,10,10,F,0.012420220306564422
259199,LPV,PI,1,63,A,1.0000000119090793
259199,LPV,PI,2,12,P,0.19385585109036385
259199,LPV,PI,3,20,K,0.05358404403085499
259199,LPV,PI,4,24,L,0.03920774260771358
259199,LPV,PI,5,72,V,0.02193661559678574
259199,LPV,PI,6,62,I,0.013969497061713918
259199,LPV,PI,7,71,A,0.013144985022315682
259199,LPV,PI,8,77,I,0.01138411233715062
259199,LPV,PI,9,57,G,0.011142764786927694
259199,LPV,PI,10,64,I,0.011018638329434923
614914,LPV,PI,1,63,L,0.999999952293115
614914,LPV,PI,2,69,R,0.23347774340844607
614914,LPV,PI,3,20,K,0.10716226290686809
614914,LPV,PI,4,89,M,0.09849490262801258
614914,LPV,PI,5,24,L,0.07476737084494714
614914,LPV,PI,6,50,V,0.05650028535321973
614914,LPV,PI,7,71,V,0.03495123601084739
614914,LPV,PI,8,64,I,0.034869211567219595
614914,LPV,PI,9,62,I,0.03399531046932265
614914,LPV,PI,10,65,E,0.028181587014622964
614588,LPV,PI,1,63,L,0.9999999522986943
614588,LPV,PI,2,20,K,0.1034982703278588
614588,LPV,PI,3,24,L,0.06510442500853414
614588,LPV,PI,4,62,I,0.03653315297401848
614588,LPV,PI,5,64,I,0.03537322959229773
614588,LPV,PI,6,65,E,0.029441775293289795
614588,LPV,PI,7,71,A,0.02818445286403468
614588,LPV,PI,8,73,G,0.01859329398596237
614588,LPV,PI,9,13,I,0.014729030703741982
614588,LPV,PI,10,12,T,0.013395383597882688
614980,LPV,PI,1,63,C,0.9960223990190498
614980,LPV,PI,2,20,I,0.9139034271033704
614980,LPV,PI,3,65,D,0.9009970922404473
614980,LPV,PI,4,82,M,0.059035375169114786
614980,LPV,PI,5,45,I,0.05253567778418899
614980,LPV,PI,6,69,K,0.03620804492662574
614980,LPV,PI,7,24,L,0.01466718190200065
614980,LPV,PI,8,35,G,0.009804636694564325
614980,LPV,PI,9,16,E,0.00978085948315448
614980,LPV,PI,10,50,L,0.006309119019856953
614770,LPV,PI,1,33,M,0.9999999522991583
614770,LPV,PI,2,69,R,0.26547712482658137
614770,LPV,PI,3,67,F,0.2249587027014122
614770,LPV,PI,4,63,P,0.15494823459456247
614770,LPV,PI,5,20,K,0.13233521074088164
614770,LPV,PI,6,19,I,0.12721304690300783
614770,LPV,PI,7,54,L,0.09323652000823328
614770,LPV,PI,8,24,L,0.0919726992576477
614770,LPV,PI,9,72,L,0.08555545766200041
614770,LPV,PI,10,32,I,0.07785951508059702
116527,LPV,PI,1,39,S,0.999999952260281
116527,LPV,PI,2,36,A,0.7767074763653682
116527,LPV,PI,3,34,Q,0.5411034782915133
116527,LPV,PI,4,63,P,0.26670918530216897
116527,LPV,PI,5,20,K,0.26054678019873523
116527,LPV,PI,6,54,L,0.22252282408117127
116527,LPV,PI,7,32,I,0.1719043697621844
116527,LPV,PI,8,24,L,0.16605784256213252
116527,LPV,PI,9,33,F,0.15628739547829718
116527,LPV,PI,10,53,L,0.09318647739270677
117055,LPV,PI,1,64,L,0.9999999522861904
117055,LPV,PI,2,30,N,0.4009397938991253
117055,LPV,PI,3,63,P,0.26046440308300833
117055,LPV,PI,4,20,K,0.20721176007067757
117055,LPV,PI,5,24,L,0.1600069636668264
117055,LPV,PI,6,33,F,0.12224397945921686
117055,LPV,PI,7,88,D,0.07548396924493427
117055,LPV,PI,8,65,E,0.06120209321930352
117055,LPV,PI,9,71,A,0.06044001356277944
117055,LPV,PI,10,77,I,0.05769374169151868
147979,LPV,PI,1,63,L,0.9999999522983946
147979,LPV,PI,2,64,V,0.1385244498136995
147979,LPV,PI,3,20,K,0.11312291544176543
147979,LPV,PI,4,24,L,0.06989611572922165
147979,LPV,PI,5,72,V,0.06276098280956056
147979,LPV,PI,6,62,I,0.04044905514825828
147979,LPV,PI,7,65,E,0.03122254699926716
147979,LPV,PI,8,71,A,0.030531886767653713
147979,LPV,PI,9,13,V,0.028133238592061405
147979,LPV,PI,10,73,G,0.020028515103049985
205632,LPV,PI,1,20,M,1.0000000119132575
205632,LPV,PI,2,63,P,0.04165370956398456
205632,LPV,PI,3,35,G,0.02219344461489317
205632,LPV,PI,4,24,L,0.020419175711683592
205632,LPV,PI,5,60,E,0.016713408488025456
205632,LPV,PI,6,88,D,0.010256715031737688
205632,LPV,PI,7,71,V,0.008958348802776845
205632,LPV,PI,8,57,G,0.008915293133097541
205632,LPV,PI,9,65,E,0.008650171573725737
205632,LPV,PI,10,64,I,0.008354836498778662
117003,LPV,PI,1,71,T,0.9999999522767301
117003,LPV,PI,2,63,P,0.35037620064943387
117003,LPV,PI,3,20,K,0.27412906670185544
117003,LPV,PI,4,24,L,0.187922834669759
117003,LPV,PI,5,10,F,0.15194713407293522
117003,LPV,PI,6,46,I,0.07253005990692654
117003,LPV,PI,7,64,I,0.07086844087861031
117003,LPV,PI,8,65,E,0.0692921546042463
117003,LPV,PI,9,73,G,0.05429532845602281
117003,LPV,PI,10,62,V,0.052987575756357846
146948,LPV,PI,1,20,V,1.0000000119100432
146948,LPV,PI,2,11,I,0.10278568604880639
146948,LPV,PI,3,71,I,0.06151003431918232
146948,LPV,PI,4,79,A,0.05355429958446406
146948,LPV,PI,5,14,R,0.03605252685442228
146948,LPV,PI,6,63,P,0.035523149587019756
146948,LPV,PI,7,73,S,0.030967502826697798
146948,LPV,PI,8,24,L,0.01876932006501078
146948,LPV,PI,9,89,V,0.009659852697071244
146948,LPV,PI,10,64,I,0.0076960255716369075
148115,LPV,PI,1,63,P,0.9999998926533352
148115,LPV,PI,2,20,K,0.8201999447369441
148115,LPV,PI,3,24,L,0.48351638816291886
148115,LPV,PI,4,71,A,0.24644489634383948
148115,LPV,PI,5,77,I,0.21714560726580878
148115,LPV,PI,6,65,E,0.18729018357406854
148115,LPV,PI,7,62,I,0.1857167015179128
148115,LPV,PI,8,64,I,0.18064051013948626
148115,LPV,PI,9,73,G,0.1460403814678219
148115,LPV,PI,10,13,I,0.11517497368508824
115755,LPV,PI,1,20,M,0.9999999523015896
115755,LPV,PI,2,24,I,0.869831599338798
115755,LPV,PI,3,70,E,0.1412512462891144
115755,LPV,PI,4,72,M,0.09482596674605968
115755,LPV,PI,5,48,Q,0.08456837504164019
115755,LPV,PI,6,63,P,0.04769754892693111
115755,LPV,PI,7,73,S,0.039870771360964764
115755,LPV,PI,8,19,I,0.033240724903135864
115755,LPV,PI,9,53,L,0.016222208609013786
115755,LPV,PI,10,65,E,0.013348173518759013
614760,LPV,PI,1,63,P,0.8214036940884986
614760,LPV,PI,2,64,V,0.8139979954345866
614760,LPV,PI,3,20,K,0.6804988723670029
614760,LPV,PI,4,10,V,0.47694977277530615
614760,LPV,PI,5,24,L,0.43016225222924953
614760,LPV,PI,6,71,A,0.19147480327986122
614760,LPV,PI,7,65,E,0.17804124499046442
614760,LPV,PI,8,73,G,0.13785525842392726
614760,LPV,PI,9,62,V,0.1306503791838
614760,LPV,PI,10,12,T,0.10234301831301051
615502,LPV,PI,1,20,I,1.000000011907036
615502,LPV,PI,2,24,I,0.723219035315316
615502,LPV,PI,3,63,P,0.035173382919078545
615502,LPV,PI,4,92,K,0.031427920727817464
615502,LPV,PI,5,72,L,0.019964880048265746
615502,LPV,PI,6,46,L,0.015592873202204772
615502,LPV,PI,7,55,R,0.01430091926890538
615502,LPV,PI,8,71,V,0.007705553890347573
615502,LPV,PI,9,10,I,0.006222535547302731
615502,LPV,PI,10,64,I,0.006141812427024567
615468,LPV,PI,1,12,E,1.0000000119005992
615468,LPV,PI,2,64,L,0.27821927584766176
615468,LPV,PI,3,63,P,0.0720960252550574
615468,LPV,PI,4,20,K,0.06680020231529218
615468,LPV,PI,5,19,I,0.058162620559742445
615468,LPV,PI,6,24,L,0.04813439564591944
615468,LPV,PI,7,71,A,0.018345565502865542
615468,LPV,PI,8,65,E,0.01668259216805342
615468,LPV,PI,9,62,I,0.015671834570585557
615468,LPV,PI,10,73,G,0.012348808097924328
615518,LPV,PI,1,20,R,0.9999999523068935
615518,LPV,PI,2,95,L,0.3004381384370513
615518,LPV,PI,3,33,I,0.16765385907250355
615518,LPV,PI,4,67,F,0.15299528487306854
615518,LPV,PI,5,73,S,0.11567484172590345
615518,LPV,PI,6,63,P,0.09217440868546727
615518,LPV,PI,7,24,L,0.07538147835961345
615518,LPV,PI,8,46,L,0.03727408763941372
615518,LPV,PI,9,58,E,0.034309843581113615
615518,LPV,PI,10,71,V,0.03142431666149425
147551,LPV,PI,1,20,L,1.000000011912936
147551,LPV,PI,2,71,T,0.029680237376593623
147551,LPV,PI,3,74,S,0.016798288654130404
147551,LPV,PI,4,92,K,0.01264239535739548
147551,LPV,PI,5,63,P,0.012284034489473152
147551,LPV,PI,6,88,S,0.009848786997987182
147551,LPV,PI,7,24,L,0.0058358117199650405
147551,LPV,PI,8,58,E,0.0028746937413905885
147551,LPV,PI,9,64,I,0.002499174464170789
147551,LPV,PI,10,65,E,0.002339227381153502
614934,LPV,PI,1,63,L,0.9999999522994071
614934,LPV,PI,2,20,K,0.10660182630454187
614934,LPV,PI,3,10,V,0.06905368985400166
614934,LPV,PI,4,24,L,0.06619868851895791
614934,LPV,PI,5,62,I,0.03657313689680711
614934,LPV,PI,6,64,I,0.03558512330073939
614934,LPV,PI,7,65,E,0.02978613210044799
614934,LPV,PI,8,71,A,0.027827082301777214
614934,LPV,PI,9,73,G,0.018470540240941802
614934,LPV,PI,10,13,I,0.014727800767711515
206409,LPV,PI,1,12,I,0.9999999522888194
206409,LPV,PI,2,63,P,0.141459467857233
206409,LPV,PI,3,20,K,0.12557219511107948
206409,LPV,PI,4,24,L,0.07805823942706333
206409,LPV,PI,5,37,D,0.038024147646869025
206409,LPV,PI,6,71,A,0.033411398658193106
206409,LPV,PI,7,65,E,0.029688227686836717
206409,LPV,PI,8,64,I,0.028810704632550258
206409,LPV,PI,9,62,I,0.027712014758371303
206409,LPV,PI,10,73,G,0.023560016658978736
615216,LPV,PI,1,20,R,0.9999999522992054
615216,LPV,PI,2,64,V,0.09806307133290805
615216,LPV,PI,3,63,P,0.0961672136253238
615216,LPV,PI,4,43,T,0.06994251006990962
615216,LPV,PI,5,24,L,0.04537383199003634
615216,LPV,PI,6,60,E,0.03541786463763755
615216,LPV,PI,7,37,D,0.027585635684727938
615216,LPV,PI,8,71,A,0.01964599504007657
615216,LPV,PI,9,62,I,0.019190421131854755
615216,LPV,PI,10,65,E,0.018914934198327096
115071,LPV,PI,1,20,R,0.9999999523019366
115071,LPV,PI,2,63,L,0.6960479521635184
115071,LPV,PI,3,77,T,0.18995753875991805
115071,LPV,PI,4,71,I,0.16358176613151754
115071,LPV,PI,5,14,R,0.09906582576114967
115071,LPV,PI,6,24,L,0.06268408865405524
115071,LPV,PI,7,37,E,0.05320155759503267
115071,LPV,PI,8,10,V,0.05008630753291588
115071,LPV,PI,9,32,I,0.045783431203121075
115071,LPV,PI,10,16,E,0.04203832047117516
615316,LPV,PI,1,20,T,1.0000000119138035
615316,LPV,PI,2,45,R,0.0687880797051692
615316,LPV,PI,3,71,I,0.06708558512938677
615316,LPV,PI,4,67,F,0.058113351747404604
615316,LPV,PI,5,73,S,0.03522862390683557
615316,LPV,PI,6,63,P,0.03358328576834263
615316,LPV,PI,7,54,M,0.02873326291570546
615316,LPV,PI,8,24,L,0.02167530685534868
615316,LPV,PI,9,72,V,0.014753883350209308
615316,LPV,PI,10,65,E,0.007844756994638923
614788,LPV,PI,1,63,P,0.9999998926533352
614788,LPV,PI,2,20,K,0.8201999447369441
614788,LPV,PI,3,24,L,0.48351638816291886
614788,LPV,PI,4,71,A,0.24644489634383948
614788,LPV,PI,5,77,I,0.21714560726580878
614788,LPV,PI,6,65,E,0.18729018357406854
614788,LPV,PI,7,62,I,0.1857167015179128
614788,LPV,PI,8,64,I,0.18064051013948626
614788,LPV,PI,9,73,G,0.1460403814678219
614788,LPV,PI,10,13,I,0.11517497368508824
115749,NFV,PI,1,20,R,1.0000000119133992
115749,NFV,PI,2,54,S,0.46625016333502933
115749,NFV,PI,3,48,M,0.10362559175994762
115749,NFV,PI,4,86,G,0.0521376167002422
115749,NFV,PI,5,43,T,0.03822237025801558
115749,NFV,PI,6,27,G,0.02707566464349993
115749,NFV,PI,7,63,L,0.019537895815699497
115749,NFV,PI,8,82,A,0.014734559211208994
115749,NFV,PI,9,71,A,0.010648107522432726
115749,NFV,PI,10,33,F,0.01062431839456373
206435,NFV,PI,1,69,Q,0.8797234320635663
206435,NFV,PI,2,86,G,0.6318665563410266
206435,NFV,PI,3,20,K,0.5518725210816391
206435,NFV,PI,4,27,G,0.3341162771583196
206435,NFV,PI,5,57,G,0.25837370599375215
206435,NFV,PI,6,71,A,0.20178315978528802
206435,NFV,PI,7,26,T,0.10117133649898952
206435,NFV,PI,8,12,T,0.09925966011382995
206435,NFV,PI,9,94,G,0.09861523916639263
206435,NFV,PI,10,82,V,0.08113510344582425
187171,NFV,PI,1,12,S,0.9999999522861953
187171,NFV,PI,2,64,M,0.303514854889147
187171,NFV,PI,3,86,G,0.2315132419079043
187171,NFV,PI,4,14,R,0.1726493443307078
187171,NFV,PI,5,20,K,0.16841078349325453
187171,NFV,PI,6,27,G,0.11539573525220259
187171,NFV,PI,7,71,A,0.05523786121090496
187171,NFV,PI,8,94,G,0.03479100219073202
187171,NFV,PI,9,26,T,0.0342250521326643
187171,NFV,PI,10,82,V,0.027724677195569807
615360,NFV,PI,1,33,V,0.8614677861602997
615360,NFV,PI,2,45,R,0.812448930705344
615360,NFV,PI,3,86,G,0.21842471445955447
615360,NFV,PI,4,20,K,0.20804091483518172
615360,NFV,PI,5,71,V,0.17870133619220513
615360,NFV,PI,6,73,S,0.1363743838971846
615360,NFV,PI,7,27,G,0.11765797340294992
615360,NFV,PI,8,50,L,0.10238977355341143
615360,NFV,PI,9,94,G,0.03645482746688345
615360,NFV,PI,10,12,T,0.034218236806961184
235725,NFV,PI,1,36,T,0.9999999522816932
235725,NFV,PI,2,86,G,0.23691799696880883
235725,NFV,PI,3,20,K,0.17377837177962413
235725,NFV,PI,4,37,E,0.12925066829937526
235725,NFV,PI,5,27,G,0.12139724888548492
235725,NFV,PI,6,57,G,0.07545948463692452
235725,NFV,PI,7,71,A,0.054922420058879005
235725,NFV,PI,8,26,T,0.036111609847769205
235725,NFV,PI,9,94,G,0.036106494130767504
235725,NFV,PI,10,15,V,0.033379122483901895
615254,NFV,PI,1,20,T,1.0000000119122323
615254,NFV,PI,2,82,T,0.06668622183280529
615254,NFV,PI,3,66,L,0.05450117448782668
615254,NFV,PI,4,71,I,0.052519127695482566
615254,NFV,PI,5,11,I,0.02820306830797136
615254,NFV,PI,6,86,G,0.022441778350029865
615254,NFV,PI,7,33,I,0.021519464559560365
615254,NFV,PI,8,27,G,0.011552520690142133
615254,NFV,PI,9,73,S,0.010581500447501228
615254,NFV,PI,10,89,V,0.010528629151742512
615042,NFV,PI,1,34,D,0.9999999522917683
615042,NFV,PI,2,54,M,0.24709210450911265
615042,NFV,PI,3,16,E,0.19620815076475584
615042,NFV,PI,4,86,G,0.15551180825603328
615042,NFV,PI,5,20,K,0.1466445362288631
615042,NFV,PI,6,71,V,0.09042457829138527
615042,NFV,PI,7,27,G,0.0807947728862638
615042,NFV,PI,8,63,L,0.07122680799781919
615042,NFV,PI,9,47,V,0.06525615708103631
615042,NFV,PI,10,33,F,0.05071915838877469
116912,NFV,PI,1,16,A,0.9795195827601688
116912,NFV,PI,2,86,G,0.5870923816608347
116912,NFV,PI,3,20,K,0.5330953011851074
116912,NFV,PI,4,14,R,0.5031769912168618
116912,NFV,PI,5,27,G,0.30076994654752576
116912,NFV,PI,6,37,D,0.15409488074941752
116912,NFV,PI,7,71,A,0.134986147843834
116912,NFV,PI,8,13,V,0.13326665700762405
116912,NFV,PI,9,15,V,0.09922331039379143
116912,NFV,PI,10,94,G,0.09660552371157928
614736,NFV,PI,1,63,A,0.8436686548819424
614736,NFV,PI,2,86,G,0.7001323222522459
614736,NFV,PI,3,20,K,0.651666082824038
614736,NFV,PI,4,27,G,0.36204069079741846
614736,NFV,PI,5,71,A,0.18534527059636824
614736,NFV,PI,6,15,V,0.11969411726149523
614736,NFV,PI,7,26,T,0.10363989338494206
614736,NFV,PI,8,94,G,0.10284631623447424
614736,NFV,PI,9,12,T,0.10120821115289744
614736,NFV,PI,10,82,V,0.08428764693141778
187129,NFV,PI,1,93,M,0.9999999522954863
187129,NFV,PI,2,19,Q,0.6159936879467749
187129,NFV,PI,3,86,G,0.19033739666842187
187129,NFV,PI,4,20,K,0.12448196539818851
187129,NFV,PI,5,71,V,0.09672703407838773
187129,NFV,PI,6,27,G,0.09414442055459485
187129,NFV,PI,7,63,L,0.06628609680088193
187129,NFV,PI,8,82,A,0.06079981570150131
187129,NFV,PI,9,60,E,0.05767201579580788
187129,NFV,PI,10,54,V,0.038815676241376655
615440,NFV,PI,1,63,S,0.9999999522862837
615440,NFV,PI,2,86,G,0.16808081270168523
615440,NFV,PI,3,20,K,0.12909153993527558
615440,NFV,PI,4,27,G,0.0882469316251073
615440,NFV,PI,5,71,A,0.03923834200168968
615440,NFV,PI,6,77,I,0.03136964777351838
615440,NFV,PI,7,64,V,0.030603270813703527
615440,NFV,PI,8,26,T,0.02711935272438265
615440,NFV,PI,9,94,G,0.02561403064855597
615440,NFV,PI,10,12,T,0.023209337565168617
615432,NFV,PI,1,91,N,0.9999999523043726
615432,NFV,PI,2,83,D,0.6442534779186421
615432,NFV,PI,3,45,I,0.35224585963408794
615432,NFV,PI,4,48,A,0.19872808854486143
615432,NFV,PI,5,20,K,0.13683893249279414
615432,NFV,PI,6,86,G,0.11696892401421774
615432,NFV,PI,7,27,G,0.0659741054078397
615432,NFV,PI,8,71,A,0.04270908745912802
615432,NFV,PI,9,54,V,0.04122919363354047
615432,NFV,PI,10,82,A,0.03453019189729969
615488,NFV,PI,1,61,E,0.9999999522701736
615488,NFV,PI,2,86,G,0.5392217338010897
615488,NFV,PI,3,20,K,0.38702316515742907
615488,NFV,PI,4,27,G,0.29331764047629144
615488,NFV,PI,5,60,E,0.1644738091876462
615488,NFV,PI,6,71,A,0.13110206793537896
615488,NFV,PI,7,77,I,0.09713803876838303
615488,NFV,PI,8,94,G,0.0869766956914557
615488,NFV,PI,9,26,T,0.08487957392881124
615488,NFV,PI,10,12,T,0.07611476005888336
148089,NFV,PI,1,20,R,1.0000000119109689
148089,NFV,PI,2,79,D,0.08774275332948286
148089,NFV,PI,3,72,T,0.08194741031136371
148089,NFV,PI,4,86,G,0.07601831584655885
148089,NFV,PI,5,27,G,0.032873075629121236
148089,NFV,PI,6,71,V,0.027613815643929264
148089,NFV,PI,7,60,E,0.018309234014898017
148089,NFV,PI,8,94,G,0.01114871642139139
148089,NFV,PI,9,57,K,0.010254953489784316
148089,NFV,PI,10,81,P,0.009818556548032821
614780,NFV,PI,1,20,R,0.9999999523045301
614780,NFV,PI,2,36,V,0.1021782478147244
614780,NFV,PI,3,30,N,0.09145606387864175
614780,NFV,PI,4,86,G,0.06272556560028372
614780,NFV,PI,5,37,E,0.04242568323345919
614780,NFV,PI,6,88,D,0.028725737085966534
614780,NFV,PI,7,27,G,0.027443612788461486
614780,NFV,PI,8,71,V,0.02441919515817474
614780,NFV,PI,9,82,A,0.018292337631968195
614780,NFV,PI,10,10,F,0.016736416381198483
116511,NFV,PI,1,22,V,0.9999999522978643
116511,NFV,PI,2,11,I,0.14023926617339202
116511,NFV,PI,3,69,Q,0.1200532146282182
116511,NFV,PI,4,86,G,0.10344695900642065
116511,NFV,PI,5,20,K,0.09658429659402122
116511,NFV,PI,6,71,V,0.06188517253819868
116511,NFV,PI,7,27,G,0.05841019825267112
116511,NFV,PI,8,55,R,0.04459847190013714
116511,NFV,PI,9,13,V,0.03641877229907321
116511,NFV,PI,10,82,A,0.03544522011075374
117037,NFV,PI,1,74,P,0.9999999522917878
117037,NFV,PI,2,24,F,0.6405803892142783
117037,NFV,PI,3,16,A,0.4196397276325116
117037,NFV,PI,4,20,K,0.2721192466886179
117037,NFV,PI,5,86,G,0.2535364364167151
117037,NFV,PI,6,43,T,0.224747888745707
117037,NFV,PI,7,71,V,0.19466797217764123
117037,NFV,PI,8,27,G,0.14998564078832832
117037,NFV,PI,9,53,L,0.11742111464459949
117037,NFV,PI,10,82,A,0.085997005678347
615054,NFV,PI,1,20,M,1.0000000119113124
615054,NFV,PI,2,73,A,0.18900869118077424
615054,NFV,PI,3,71,T,0.12155217081527964
615054,NFV,PI,4,18,H,0.11075991610126595
615054,NFV,PI,5,34,Q,0.04841629778001898
615054,NFV,PI,6,86,G,0.026795925287452924
615054,NFV,PI,7,76,V,0.01729459653976825
615054,NFV,PI,8,19,I,0.017057852432022052
615054,NFV,PI,9,27,G,0.013759773490052349
615054,NFV,PI,10,89,V,0.010929044990887093
117073,NFV,PI,1,86,G,0.7815021394949165
117073,NFV,PI,2,20,K,0.761665209967749
117073,NFV,PI,3,71,V,0.5628024482271304
117073,NFV,PI,4,27,G,0.37612961112726395
117073,NFV,PI,5,82,A,0.3494958891752913
117073,NFV,PI,6,72,V,0.28556241603846466
117073,NFV,PI,7,54,V,0.251874239545517
117073,NFV,PI,8,94,G,0.11962669280892288
117073,NFV,PI,9,26,T,0.11543296709908368
117073,NFV,PI,10,12,T,0.11124156011020954
109462,NFV,PI,1,37,T,0.9555380383932879
109462,NFV,PI,2,86,G,0.6367637037721667
109462,NFV,PI,3,20,K,0.4827881132638702
109462,NFV,PI,4,27,G,0.31114240793654035
109462,NFV,PI,5,63,L,0.2436512885495682
109462,NFV,PI,6,71,A,0.1372886989342161
109462,NFV,PI,7,26,T,0.09055774281490125
109462,NFV,PI,8,94,G,0.08793799390480199
109462,NFV,PI,9,12,T,0.07898436337352766
109462,NFV,PI,10,82,V,0.06743499238546552
147991,NFV,PI,1,71,T,0.9999999522928965
147991,NFV,PI,2,33,I,0.15555583681006263
147991,NFV,PI,3,86,G,0.14614022136538804
147991,NFV,PI,4,20,K,0.1282772560653473
147991,NFV,PI,5,35,G,0.12377074004460811
147991,NFV,PI,6,73,S,0.08817297776919755
147991,NFV,PI,7,27,G,0.07866889832291614
147991,NFV,PI,8,60,E,0.05263869581758397
147991,NFV,PI,9,54,V,0.0406645221380012
147991,NFV,PI,10,13,V,0.03877457147795314
614794,NFV,PI,1,16,E,0.8141493679593665
614794,NFV,PI,2,63,A,0.7744080677037157
614794,NFV,PI,3,86,G,0.7470054149169009
614794,NFV,PI,4,20,K,0.6465911751747132
614794,NFV,PI,5,27,G,0.36816133318907035
614794,NFV,PI,6,71,A,0.1671876420716979
614794,NFV,PI,7,94,G,0.1088091872480418
614794,NFV,PI,8,26,T,0.10864386064783299
614794,NFV,PI,9,12,T,0.09658857045653683
614794,NFV,PI,10,82,V,0.0809940797605099
614886,NFV,PI,1,71,T,0.9999999522871112
614886,NFV,PI,2,86,G,0.23654579515566027
614886,NFV,PI,3,20,K,0.16982466593737594
614886,NFV,PI,4,27,G,0.12572174110741396
614886,NFV,PI,5,26,T,0.03681755176120029
614886,NFV,PI,6,94,G,0.034900496547353874
614886,NFV,PI,7,12,T,0.03433668325444201
614886,NFV,PI,8,82,V,0.026579920767938997
614886,NFV,PI,9,81,P,0.024939012458045924
614886,NFV,PI,10,54,I,0.024934853159436037
105320,NFV,PI,1,20,T,1.0000000119118289
105320,NFV,PI,2,71,T,0.08106430530113831
105320,NFV,PI,3,88,S,0.05206160115263699
105320,NFV,PI,4,86,G,0.027640172239655376
105320,NFV,PI,5,85,V,0.017172919405072613
105320,NFV,PI,6,27,G,0.01278804815233945
105320,NFV,PI,7,54,V,0.0056038102975133584
105320,NFV,PI,8,58,E,0.005160921953568043
105320,NFV,PI,9,15,V,0.004903943754489309
105320,NFV,PI,10,94,G,0.004370454246297695
614606,NFV,PI,1,20,R,0.9999999523059997
614606,NFV,PI,2,23,I,0.23667333944595878
614606,NFV,PI,3,82,T,0.13541171971755606
614606,NFV,PI,4,16,A,0.09658147228783322
614606,NFV,PI,5,86,G,0.0452453160941458
614606,NFV,PI,6,33,I,0.0417966668088064
614606,NFV,PI,7,43,T,0.04157824722915022
614606,NFV,PI,8,27,G,0.027616517777779535
614606,NFV,PI,9,71,V,0.02703280211338315
614606,NFV,PI,10,89,V,0.023016212608331275
143350,NFV,PI,1,39,T,0.9999999522844072
143350,NFV,PI,2,69,K,0.2404669647492939
143350,NFV,PI,3,66,F,0.1906851615940361
143350,NFV,PI,4,89,M,0.18528513259266172
143350,NFV,PI,5,16,E,0.1836544032306408
143350,NFV,PI,6,86,G,0.15967378464242377
143350,NFV,PI,7,14,R,0.15601919474060988
143350,NFV,PI,8,20,K,0.14623955543685202
143350,NFV,PI,9,74,S,0.13060005984514378
143350,NFV,PI,10,19,I,0.12113938152436354
117071,NFV,PI,1,24,F,0.9999999522948223
117071,NFV,PI,2,20,K,0.45128991523840734
117071,NFV,PI,3,86,G,0.40248902448488466
117071,NFV,PI,4,71,V,0.35840412757745277
117071,NFV,PI,5,73,S,0.2909444939175397
117071,NFV,PI,6,27,G,0.2512690489225744
117071,NFV,PI,7,54,V,0.1489852269194052
117071,NFV,PI,8,82,A,0.1336064652972156
117071,NFV,PI,9,33,F,0.09712707856447791
117071,NFV,PI,10,93,L,0.07972043158185618
206421,NFV,PI,1,20,T,1.0000000119121675
206421,NFV,PI,2,30,N,0.04870973997559636
206421,NFV,PI,3,86,G,0.03472835701277748
206421,NFV,PI,4,88,D,0.014846388139454318
206421,NFV,PI,5,27,G,0.014381982937342972
206421,NFV,PI,6,57,G,0.011091330458515451
206421,NFV,PI,7,15,V,0.005070619269316479
206421,NFV,PI,8,71,A,0.004972626966923202
206421,NFV,PI,9,77,I,0.004825705423908456
206421,NFV,PI,10,58,E,0.0047001140642935774
206413,NFV,PI,1,20,K,0.7605637888750103
206413,NFV,PI,2,86,G,0.7519145726626482
206413,NFV,PI,3,63,L,0.3906214990579101
206413,NFV,PI,4,27,G,0.38658978140541034
206413,NFV,PI,5,57,G,0.3324012172292868
206413,NFV,PI,6,71,A,0.21751760868926717
206413,NFV,PI,7,15,V,0.15035172974404318
206413,NFV,PI,8,26,T,0.11697444139536775
206413,NFV,PI,9,12,T,0.1093857662506927
206413,NFV,PI,10,94,G,0.10807421270513676
615402,NFV,PI,1,20,K,0.804171206756384
615402,NFV,PI,2,86,G,0.7822299718318408
615402,NFV,PI,3,27,G,0.38034190981387267
615402,NFV,PI,4,63,L,0.3708348532239669
615402,NFV,PI,5,72,V,0.3192988390479251
615402,NFV,PI,6,13,V,0.22353483557152967
615402,NFV,PI,7,71,A,0.2160354872854503
615402,NFV,PI,8,12,T,0.11578936805760978
615402,NFV,PI,9,94,G,0.11197098399175434
615402,NFV,PI,10,26,T,0.11194060103567491
615024,NFV,PI,1,20,T,1.000000011911066
615024,NFV,PI,2,12,P,0.1790897879761752
615024,NFV,PI,3,24,I,0.028959916966237148
615024,NFV,PI,4,86,G,0.022032654263475487
615024,NFV,PI,5,76,V,0.016040888139105623
615024,NFV,PI,6,27,G,0.013227172167795877
615024,NFV,PI,7,71,V,0.009858060546361621
615024,NFV,PI,8,53,L,0.009691890745622345
615024,NFV,PI,9,55,R,0.009447519862248522
615024,NFV,PI,10,82,A,0.007304666719994822
614684,NFV,PI,1,63,V,0.9999999522905412
614684,NFV,PI,2,89,M,0.21526954109666924
614684,NFV,PI,3,86,G,0.15354782632035488
614684,NFV,PI,4,20,K,0.1419258392057733
614684,NFV,PI,5,76,V,0.13103021568129056
614684,NFV,PI,6,71,V,0.09080188197401912
614684,NFV,PI,7,27,G,0.08439316790262527
614684,NFV,PI,8,82,A,0.06347635930022782
614684,NFV,PI,9,37,D,0.04745486477380111
614684,NFV,PI,10,54,V,0.0447602852011762
257947,NFV,PI,1,20,M,1.0000000119109376
257947,NFV,PI,2,63,H,0.17446902989562008
257947,NFV,PI,3,43,R,0.14503920051584157
257947,NFV,PI,4,37,A,0.09668499307148577
257947,NFV,PI,5,89,I,0.09407806113570559
257947,NFV,PI,6,86,G,0.030755879414044382
257947,NFV,PI,7,33,I,0.024985559759632268
257947,NFV,PI,8,27,G,0.014493237672601467
257947,NFV,PI,9,13,V,0.006808452976541533
257947,NFV,PI,10,71,A,0.004604840651099678
259227,NFV,PI,1,20,T,1.000000011911844
259227,NFV,PI,2,63,T,0.09986902698810546
259227,NFV,PI,3,72,T,0.038485643519595866
259227,NFV,PI,4,74,S,0.021166036754981726
259227,NFV,PI,5,86,G,0.01992122245990638
259227,NFV,PI,6,35,G,0.0161696507337984
259227,NFV,PI,7,19,I,0.015056911628735955
259227,NFV,PI,8,27,G,0.010991007808995609
259227,NFV,PI,9,57,G,0.008953570950896146
259227,NFV,PI,10,13,V,0.005342491819731
148055,NFV,PI,1,63,A,0.818354297813299
148055,NFV,PI,2,86,G,0.7269240140330266
148055,NFV,PI,3,70,R,0.69363084173561
148055,NFV,PI,4,20,K,0.612883888717822
148055,NFV,PI,5,27,G,0.35314333426422945
148055,NFV,PI,6,71,A,0.1747760101948735
148055,NFV,PI,7,64,V,0.13877066165249782
148055,NFV,PI,8,15,V,0.11304695726764596
148055,NFV,PI,9,94,G,0.10687829302067305
148055,NFV,PI,10,26,T,0.10667419488146107
205601,NFV,PI,1,73,C,0.9999999522944354
205601,NFV,PI,2,72,E,0.31491059300357616
205601,NFV,PI,3,86,G,0.11316650852422508
205601,NFV,PI,4,70,R,0.11291378067886233
205601,NFV,PI,5,20,K,0.08196093583151476
205601,NFV,PI,6,27,G,0.06222473777966796
205601,NFV,PI,7,71,A,0.04536923022326302
205601,NFV,PI,8,57,G,0.039898802163189265
205601,NFV,PI,9,60,E,0.037035370746637944
205601,NFV,PI,10,64,V,0.022351474263657793
614868,NFV,PI,1,86,G,0.8057257651817581
614868,NFV,PI,2,20,K,0.7424210768451951
614868,NFV,PI,3,27,G,0.40756054908368944
614868,NFV,PI,4,71,A,0.23955996830325485
614868,NFV,PI,5,94,G,0.12442937967738465
614868,NFV,PI,6,26,T,0.11990139565127855
614868,NFV,PI,7,12,T,0.11395638486950803
614868,NFV,PI,8,82,V,0.0994198790263691
614868,NFV,PI,9,54,I,0.09738292328098899
614868,NFV,PI,10,35,D,0.09446469737679339
145194,NFV,PI,1,12,S,0.9999999522832739
145194,NFV,PI,2,86,G,0.22151391216412836
145194,NFV,PI,3,20,K,0.1710060405845831
145194,NFV,PI,4,27,G,0.11663427931952233
145194,NFV,PI,5,71,A,0.06342064131725422
145194,NFV,PI,6,72,V,0.06177360878376795
145194,NFV,PI,7,77,I,0.04144625739493321
145194,NFV,PI,8,94,G,0.03785057137762794
145194,NFV,PI,9,93,L,0.03746480677367255
145194,NFV,PI,10,26,T,0.03497426039499568
198541,NFV,PI,1,37,T,0.9743402205360671
198541,NFV,PI,2,86,G,0.55141038888632
198541,NFV,PI,3,20,K,0.49110802315288327
198541,NFV,PI,4,27,G,0.2728090940450847
198541,NFV,PI,5,71,A,0.1470554409188742
198541,NFV,PI,6,13,V,0.1397770541366084
198541,NFV,PI,7,64,V,0.09685821075307322
198541,NFV,PI,8,94,G,0.09083377658327882
198541,NFV,PI,9,12,T,0.08550959575153837
198541,NFV,PI,10,26,T,0.08467525141127166
123041,NFV,PI,1,54,T,0.999999952307919
123041,NFV,PI,2,69,R,0.24226421238336676
123041,NFV,PI,3,71,I,0.23591598800591393
123041,NFV,PI,4,20,K,0.07991937228894438
123041,NFV,PI,5,86,G,0.07926176807744884
123041,NFV,PI,6,48,V,0.07575936648828911
123041,NFV,PI,7,43,T,0.05868434544625728
123041,NFV,PI,8,27,G,0.043392903460378024
123041,NFV,PI,9,82,A,0.022730626203882737
123041,NFV,PI,10,84,V,0.019856714348828387
143463,NFV,PI,1,71,I,0.9999999522706051
143463,NFV,PI,2,33,I,0.36398784771437176
143463,NFV,PI,3,86,G,0.34639720358774284
143463,NFV,PI,4,20,K,0.28156285172675743
143463,NFV,PI,5,85,V,0.21851152387227205
143463,NFV,PI,6,27,G,0.208046313643156
143463,NFV,PI,7,10,F,0.1166970405069432
143463,NFV,PI,8,32,I,0.10145397808441828
143463,NFV,PI,9,54,V,0.09037011771489999
143463,NFV,PI,10,13,V,0.0893893672616703
172136,NFV,PI,1,72,Y,0.9999999522767777
172136,NFV,PI,2,86,G,0.37731145001805366
172136,NFV,PI,3,20,K,0.25989187948667236
172136,NFV,PI,4,27,G,0.20628124093482333
172136,NFV,PI,5,73,S,0.20023397997115677
172136,NFV,PI,6,71,A,0.1394475928876434
172136,NFV,PI,7,47,V,0.12675526955440952
172136,NFV,PI,8,32,I,0.09592374608828712
172136,NFV,PI,9,77,I,0.06520508029418218
172136,NFV,PI,10,94,G,0.06096804243673308
235701,NFV,PI,1,20,R,0.9999999523009021
235701,NFV,PI,2,82,I,0.41542897202416945
235701,NFV,PI,3,34,S,0.33939363589163074
235701,NFV,PI,4,11,L,0.18297163030872426
235701,NFV,PI,5,71,I,0.10577453056157834
235701,NFV,PI,6,77,T,0.09629677864436356
235701,NFV,PI,7,36,V,0.08249615276366895
235701,NFV,PI,8,54,M,0.06110846075041175
235701,NFV,PI,9,89,M,0.049005238764779344
235701,NFV,PI,10,86,G,0.0470291438032561
187155,NFV,PI,1,20,I,1.0000000119109143
187155,NFV,PI,2,18,H,0.11225287208708683
187155,NFV,PI,3,72,M,0.0408239438600947
187155,NFV,PI,4,11,I,0.03156507580708986
187155,NFV,PI,5,86,G,0.02006874747800268
187155,NFV,PI,6,27,G,0.012432695791830903
187155,NFV,PI,7,71,V,0.011961523877616334
187155,NFV,PI,8,73,S,0.011567676911675127
187155,NFV,PI,9,13,V,0.007353890432806934
187155,NFV,PI,10,54,V,0.005578240012343592
216617,NFV,PI,1,63,A,0.8509404815214675
216617,NFV,PI,2,86,G,0.6701420068174359
216617,NFV,PI,3,20,K,0.5919072597994622
216617,NFV,PI,4,27,G,0.3477383974739612
216617,NFV,PI,5,57,G,0.2810059608190292
216617,NFV,PI,6,71,A,0.1836754778871328
216617,NFV,PI,7,26,T,0.10383747257478308
216617,NFV,PI,8,94,G,0.0980383543184847
216617,NFV,PI,9,12,T,0.0980174726782311
216617,NFV,PI,10,82,V,0.08192679408934515
614970,NFV,PI,1,22,V,0.9999999523016658
614970,NFV,PI,2,83,S,0.6897491829960232
614970,NFV,PI,3,86,G,0.1016365872682922
614970,NFV,PI,4,20,K,0.09740098753904075
614970,NFV,PI,5,71,V,0.074553362232709
614970,NFV,PI,6,35,G,0.06988907152174069
614970,NFV,PI,7,27,G,0.06600291523635807
614970,NFV,PI,8,85,V,0.06175312305937154
614970,NFV,PI,9,73,S,0.05631025139724997
614970,NFV,PI,10,72,L,0.03808013289585206
614474,NFV,PI,1,12,I,0.999999952298617
614474,NFV,PI,2,86,G,0.13433020729705325
614474,NFV,PI,3,20,K,0.09644909966630794
614474,NFV,PI,4,27,G,0.0713937340790748
614474,NFV,PI,5,71,A,0.03221946742747199
614474,NFV,PI,6,26,T,0.02084185138322546
614474,NFV,PI,7,94,G,0.01918401613193023
614474,NFV,PI,8,82,V,0.016212736898518276
614474,NFV,PI,9,54,I,0.015003157358435375
614474,NFV,PI,10,22,A,0.014410813119982963
615074,NFV,PI,1,71,T,0.9999999522928115
615074,NFV,PI,2,72,T,0.2899349577802146
615074,NFV,PI,3,86,G,0.24746882804585307
615074,NFV,PI,4,20,K,0.17075524590509125
615074,NFV,PI,5,27,G,0.12548440936326777
615074,NFV,PI,6,50,L,0.09932014403916384
615074,NFV,PI,7,26,T,0.037369770344650145
615074,NFV,PI,8,94,G,0.035792493536788726
615074,NFV,PI,9,12,T,0.03533870487585547
615074,NFV,PI,10,81,P,0.02860364819925419
615270,NFV,PI,1,86,G,0.815814864594481
615270,NFV,PI,2,20,K,0.7490697176173816
615270,NFV,PI,3,27,G,0.42172609296051117
615270,NFV,PI,4,71,A,0.24782195915326025
615270,NFV,PI,5,94,G,0.12561801422493282
615270,NFV,PI,6,26,T,0.12099073000657568
615270,NFV,PI,7,12,T,0.11395500876808504
615270,NFV,PI,8,82,V,0.09799912955322379
615270,NFV,PI,9,54,I,0.09759458912147191
615270,NFV,PI,10,36,I,0.09161844141598631
259207,NFV,PI,1,12,S,0.999999952283999
259207,NFV,PI,2,69,Q,0.24935595976875466
259207,NFV,PI,3,86,G,0.19660976902998856
259207,NFV,PI,4,20,K,0.1647113086255724
259207,NFV,PI,5,19,I,0.14392289758530302
259207,NFV,PI,6,27,G,0.10285458706405856
259207,NFV,PI,7,71,A,0.0557050185945578
259207,NFV,PI,8,26,T,0.03175082828414329
259207,NFV,PI,9,94,G,0.02949577492836805
259207,NFV,PI,10,54,I,0.02544136489403298
615536,NFV,PI,1,82,T,0.9999999522788461
615536,NFV,PI,2,63,C,0.8429087808307594
615536,NFV,PI,3,86,G,0.289799538462131
615536,NFV,PI,4,20,K,0.25798889570865513
615536,NFV,PI,5,74,S,0.2441707984314091
615536,NFV,PI,6,71,V,0.15877502696487406
615536,NFV,PI,7,27,G,0.14381420902555167
615536,NFV,PI,8,55,R,0.12661556278138592
615536,NFV,PI,9,33,F,0.0852569077841134
615536,NFV,PI,10,32,I,0.07928691648703293
145208,NFV,PI,1,86,G,0.863568615860099
145208,NFV,PI,2,20,K,0.7311149988465304
145208,NFV,PI,3,14,R,0.6386790184234994
145208,NFV,PI,4,27,G,0.41227222635569044
145208,NFV,PI,5,71,A,0.22478425449987538
145208,NFV,PI,6,15,V,0.1324941385241608
145208,NFV,PI,7,94,G,0.13216949605486217
145208,NFV,PI,8,26,T,0.12230050549820659
145208,NFV,PI,9,12,T,0.11664217464232439
145208,NFV,PI,10,82,V,0.09645790816084757
89952,NFV,PI,1,89,F,0.9907445430440642
89952,NFV,PI,2,33,M,0.757234905901015
89952,NFV,PI,3,70,T,0.7005801068741936
89952,NFV,PI,4,82,T,0.6371262192987979
89952,NFV,PI,5,54,M,0.2615520540054881
89952,NFV,PI,6,86,G,0.2051567093273826
89952,NFV,PI,7,20,K,0.1419435877704901
89952,NFV,PI,8,27,G,0.1104980709026834
89952,NFV,PI,9,71,V,0.10999775606535178
89952,NFV,PI,10,47,V,0.06592982497087924
615206,NFV,PI,1,91,S,0.9999999522957793
615206,NFV,PI,2,74,A,0.8410888756919183
615206,NFV,PI,3,61,E,0.42965685879128296
615206,NFV,PI,4,20,K,0.29610390480878973
615206,NFV,PI,5,86,G,0.2399647227463627
615206,NFV,PI,6,48,V,0.2273475302323344
615206,NFV,PI,7,43,T,0.21007213161237848
615206,NFV,PI,8,71,V,0.1950306715014117
615206,NFV,PI,9,10,V,0.1560770138345833
615206,NFV,PI,10,27,G,0.13269052536881892
614494,NFV,PI,1,62,M,0.999999952285282
614494,NFV,PI,2,69,Q,0.23853435507673204
614494,NFV,PI,3,66,F,0.22744859861539354
614494,NFV,PI,4,86,G,0.19934925115085783
614494,NFV,PI,5,20,K,0.17626759622867041
614494,NFV,PI,6,64,L,0.12034620705945265
614494,NFV,PI,7,71,V,0.11088913987833876
614494,NFV,PI,8,27,G,0.0963145476356981
614494,NFV,PI,9,33,F,0.0550374878420634
614494,NFV,PI,10,13,V,0.049488763220297716
614988,NFV,PI,1,69,Y,0.9999999522889083
614988,NFV,PI,2,39,Q,0.5907510797263515
614988,NFV,PI,3,86,G,0.18873973051657658
614988,NFV,PI,4,20,K,0.12844250191415765
614988,NFV,PI,5,27,G,0.09951904617867668
614988,NFV,PI,6,71,A,0.04405913720173112
614988,NFV,PI,7,26,T,0.027480894480134285
614988,NFV,PI,8,94,G,0.02702588725198831
614988,NFV,PI,9,12,T,0.025931427773999365
614988,NFV,PI,10,82,V,0.02141315049391994
614662,NFV,PI,1,20,R,1.0000000119095283
614662,NFV,PI,2,63,T,0.24926073461931067
614662,NFV,PI,3,16,E,0.06982646498221214
614662,NFV,PI,4,86,G,0.05714205701494203
614662,NFV,PI,5,27,G,0.027233828251827588
614662,NFV,PI,6,72,V,0.023467247497189876
614662,NFV,PI,7,13,V,0.01249932815657742
614662,NFV,PI,8,71,A,0.00998914788657824
614662,NFV,PI,9,94,G,0.009658922886753327
614662,NFV,PI,10,12,T,0.0073836794080156315
614452,NFV,PI,1,20,I,1.0000000119136971
614452,NFV,PI,2,83,H,0.13898189195637783
614452,NFV,PI,3,16,A,0.05370736123310845
614452,NFV,PI,4,79,A,0.03585306337635991
614452,NFV,PI,5,11,I,0.030491737990492956
614452,NFV,PI,6,86,G,0.025417748595751827
614452,NFV,PI,7,70,R,0.024159860791965443
614452,NFV,PI,8,27,G,0.014477551673638709
614452,NFV,PI,9,71,V,0.012956191736741514
614452,NFV,PI,10,89,V,0.011177744780854029
614840,NFV,PI,1,33,V,0.9999999522844666
614840,NFV,PI,2,86,G,0.31973359733254997
614840,NFV,PI,3,20,K,0.24572868804005757
614840,NFV,PI,4,27,G,0.1750319430309933
614840,NFV,PI,5,60,E,0.08822292196749394
614840,NFV,PI,6,71,A,0.07558743330421448
614840,NFV,PI,7,94,G,0.05361368367589981
614840,NFV,PI,8,26,T,0.049872915746005116
614840,NFV,PI,9,12,T,0.045451596217477123
614840,NFV,PI,10,82,V,0.03716329051626084
614828,NFV,PI,1,8,Q,0.9999999522686338
614828,NFV,PI,2,30,N,0.54007710151651
614828,NFV,PI,3,86,G,0.323665019792667
614828,NFV,PI,4,33,I,0.2685823187182724
614828,NFV,PI,5,20,K,0.22485484573590864
614828,NFV,PI,6,27,G,0.16132480411854688
614828,NFV,PI,7,71,V,0.1562372012846054
614828,NFV,PI,8,55,R,0.11790904179571335
614828,NFV,PI,9,88,D,0.10987713971873656
614828,NFV,PI,10,10,F,0.09123512460298677
614826,NFV,PI,1,86,G,0.7982266663974373
614826,NFV,PI,2,20,K,0.754933470446969
614826,NFV,PI,3,27,G,0.40538241288807947
614826,NFV,PI,4,71,A,0.24413346479583642
614826,NFV,PI,5,94,G,0.12645009188783135
614826,NFV,PI,6,26,T,0.1203723620689199
614826,NFV,PI,7,12,T,0.11459177985948268
614826,NFV,PI,8,82,V,0.09975933293566996
614826,NFV,PI,9,54,I,0.09826181107139394
614826,NFV,PI,10,35,D,0.09416651226516472
615482,NFV,PI,1,54,M,0.9999999522647441
615482,NFV,PI,2,24,I,0.8023489820494532
615482,NFV,PI,3,20,K,0.5715873888365595
615482,NFV,PI,4,86,G,0.5533248382670458
615482,NFV,PI,5,71,V,0.36201412867958577
615482,NFV,PI,6,64,L,0.35592258170803365
615482,NFV,PI,7,27,G,0.32126790864080224
615482,NFV,PI,8,82,A,0.19672306221532093
615482,NFV,PI,9,37,D,0.16612265902075346
615482,NFV,PI,10,72,V,0.15692380298601752
113058,NFV,PI,1,20,V,1.0000000119123302
113058,NFV,PI,2,71,I,0.04759752983735875
113058,NFV,PI,3,48,I,0.04621182455019027
113058,NFV,PI,4,11,I,0.023546765755697655
113058,NFV,PI,5,54,L,0.0198267974145523
113058,NFV,PI,6,86,G,0.01667581092712339
113058,NFV,PI,7,76,V,0.013358222254423308
113058,NFV,PI,8,27,G,0.00958750495114552
113058,NFV,PI,9,73,S,0.009004530824644079
113058,NFV,PI,10,55,R,0.008731136765951377
615226,NFV,PI,1,20,R,1.0000000119100363
615226,NFV,PI,2,54,L,0.06119548675591516
615226,NFV,PI,3,86,G,0.051375327713324856
615226,NFV,PI,4,37,E,0.0439356876373591
615226,NFV,PI,5,19,I,0.04158882087393895
615226,NFV,PI,6,76,V,0.0403597996045989
615226,NFV,PI,7,71,V,0.026050740905526542
615226,NFV,PI,8,27,G,0.02442801012503916
615226,NFV,PI,9,82,A,0.019601663593058875
615226,NFV,PI,10,10,F,0.018014852030861672
107981,NFV,PI,1,73,T,1.0000000119143515
107981,NFV,PI,2,95,F,0.4860027187554569
107981,NFV,PI,3,20,K,0.0552504258220256
107981,NFV,PI,4,86,G,0.048138812040835484
107981,NFV,PI,5,43,T,0.03830415808299338
107981,NFV,PI,6,71,V,0.03807946348646653
107981,NFV,PI,7,27,G,0.030687310626399036
107981,NFV,PI,8,55,R,0.022698657413386645
107981,NFV,PI,9,50,L,0.020315054822062376
107981,NFV,PI,10,72,L,0.018183621121941208
615194,NFV,PI,1,19,V,0.9999999522804515
615194,NFV,PI,2,91,S,0.5407407746753127
615194,NFV,PI,3,36,L,0.31714604013650594
615194,NFV,PI,4,24,I,0.23799907250380722
615194,NFV,PI,5,86,G,0.17291211228660552
615194,NFV,PI,6,14,R,0.15328220937276751
615194,NFV,PI,7,20,K,0.15022302468413165
615194,NFV,PI,8,71,V,0.09950426315480138
615194,NFV,PI,9,10,V,0.09686979333069166
615194,NFV,PI,10,27,G,0.08980387354679889
206437,NFV,PI,1,12,P,0.9999999522953443
206437,NFV,PI,2,24,F,0.6567174721609542
206437,NFV,PI,3,79,D,0.34316061339684373
206437,NFV,PI,4,34,Q,0.3088453335549224
206437,NFV,PI,5,20,K,0.26670918212670947
206437,NFV,PI,6,71,V,0.23863459853787572
206437,NFV,PI,7,86,G,0.2193617283894414
206437,NFV,PI,8,73,S,0.19170820152114965
206437,NFV,PI,9,27,G,0.14210368988862696
206437,NFV,PI,10,54,V,0.08208507104643553
615166,NFV,PI,1,20,M,1.0000000119100143
615166,NFV,PI,2,82,T,0.0922767499251963
615166,NFV,PI,3,36,L,0.05272045385988332
615166,NFV,PI,4,86,G,0.02821070441409604
615166,NFV,PI,5,10,V,0.016476405943222916
615166,NFV,PI,6,71,V,0.01562293208709136
615166,NFV,PI,7,27,G,0.015199818683250866
615166,NFV,PI,8,73,S,0.014534981987583323
615166,NFV,PI,9,55,R,0.013184354575845875
615166,NFV,PI,10,53,L,0.012950172414414858
615540,NFV,PI,1,20,R,1.000000011914683
615540,NFV,PI,2,11,L,0.18588546617191998
615540,NFV,PI,3,54,L,0.06554847027879988
615540,NFV,PI,4,86,G,0.05450321457545995
615540,NFV,PI,5,50,V,0.044154792486787386
615540,NFV,PI,6,37,E,0.03579824614944575
615540,NFV,PI,7,27,G,0.03167920715920855
615540,NFV,PI,8,71,V,0.03159557968299302
615540,NFV,PI,9,73,S,0.02833383564611
615540,NFV,PI,10,89,V,0.02729385835827405
187169,NFV,PI,1,7,R,0.9999999522900206
187169,NFV,PI,2,12,S,0.7853543035546384
187169,NFV,PI,3,64,M,0.2464430645399202
187169,NFV,PI,4,86,G,0.16968219597202955
187169,NFV,PI,5,20,K,0.1362230816359128
187169,NFV,PI,6,14,R,0.12412840173721844
187169,NFV,PI,7,27,G,0.08202722420568817
187169,NFV,PI,8,71,A,0.04486263805791903
187169,NFV,PI,9,26,T,0.024839477248408633
187169,NFV,PI,10,94,G,0.02471662411576793
147550,NFV,PI,1,20,V,1.0000000119143504
147550,NFV,PI,2,12,K,0.17365329707672364
147550,NFV,PI,3,66,V,0.0370687448761597
147550,NFV,PI,4,54,M,0.02268848984143613
147550,NFV,PI,5,11,I,0.01942960732326495
147550,NFV,PI,6,86,G,0.01600927803801786
147550,NFV,PI,7,35,G,0.010604529242281311
147550,NFV,PI,8,27,G,0.008904227086210968
147550,NFV,PI,9,71,V,0.008216218485123161
147550,NFV,PI,10,73,S,0.0071941265471294116
187147,NFV,PI,1,86,G,0.8869723200388395
187147,NFV,PI,2,20,K,0.7314905310226867
187147,NFV,PI,3,27,G,0.4267709658440673
187147,NFV,PI,4,63,L,0.37398593415533743
187147,NFV,PI,5,71,A,0.21446578331982524
187147,NFV,PI,6,26,T,0.12345361446771749
187147,NFV,PI,7,94,G,0.11766208904641579
187147,NFV,PI,8,12,T,0.10816260691523061
187147,NFV,PI,9,82,V,0.09481950465731243
187147,NFV,PI,10,54,I,0.08876877837714088
205691,NFV,PI,1,20,K,0.8170159822973645
205691,NFV,PI,2,71,V,0.813337079945695
205691,NFV,PI,3,86,G,0.7374723076181764
205691,NFV,PI,4,73,S,0.5506331850204572
205691,NFV,PI,5,27,G,0.413567615260038
205691,NFV,PI,6,57,G,0.36084151181967977
205691,NFV,PI,7,93,L,0.17080924806366185
205691,NFV,PI,8,94,G,0.14194722174720503
205691,NFV,PI,9,10,I,0.13299192155295342
205691,NFV,PI,10,12,T,0.12205334808630805
257941,NFV,PI,1,86,G,0.8015908121484445
257941,NFV,PI,2,20,K,0.7478187865991102
257941,NFV,PI,3,14,R,0.7221128724744806
257941,NFV,PI,4,64,L,0.6609490658535707
257941,NFV,PI,5,27,G,0.40018180677758075
257941,NFV,PI,6,57,G,0.37028118613714367
257941,NFV,PI,7,72,V,0.28329290724531464
257941,NFV,PI,8,71,A,0.2552587750646535
257941,NFV,PI,9,77,I,0.19019881693064516
257941,NFV,PI,10,94,G,0.128115212817831
109412,NFV,PI,1,86,G,0.8810638904078738
109412,NFV,PI,2,20,K,0.7444159119497362
109412,NFV,PI,3,27,G,0.420408386063557
109412,NFV,PI,4,63,L,0.3814696755767331
109412,NFV,PI,5,71,A,0.22200921710401958
109412,NFV,PI,6,64,V,0.18530029319968552
109412,NFV,PI,7,26,T,0.1233737763706283
109412,NFV,PI,8,94,G,0.12204063420912578
109412,NFV,PI,9,12,T,0.11008878535619189
109412,NFV,PI,10,82,V,0.09553031310118015
615172,NFV,PI,1,20,I,1.00000001191146
615172,NFV,PI,2,4,P,0.14851187094619658
615172,NFV,PI,3,71,I,0.051302456249687274
615172,NFV,PI,4,37,T,0.045999547485387246
615172,NFV,PI,5,54,L,0.0307307443781608
615172,NFV,PI,6,74,S,0.023424353173649746
615172,NFV,PI,7,86,G,0.022519359084014097
615172,NFV,PI,8,14,R,0.0224399937240511
615172,NFV,PI,9,85,V,0.015765609341485267
615172,NFV,PI,10,27,G,0.01423526573520268
259199,NFV,PI,1,12,P,0.9999999522941998
259199,NFV,PI,2,20,K,0.1809031575332005
259199,NFV,PI,3,63,A,0.17441344902301928
259199,NFV,PI,4,86,G,0.16354498426519762
259199,NFV,PI,5,27,G,0.0936055087312721
259199,NFV,PI,6,57,G,0.06543861331735285
259199,NFV,PI,7,72,V,0.054363770888379806
259199,NFV,PI,8,71,A,0.048423787566873155
259199,NFV,PI,9,93,L,0.03338353360165461
259199,NFV,PI,10,77,I,0.03306525924674936
614914,NFV,PI,1,69,R,0.999999952271363
614914,NFV,PI,2,89,M,0.423190322235313
614914,NFV,PI,3,86,G,0.2989284611981321
614914,NFV,PI,4,20,K,0.26524202179203615
614914,NFV,PI,5,50,V,0.24262735066840568
614914,NFV,PI,6,71,V,0.1894281029595734
614914,NFV,PI,7,27,G,0.15857378496798463
614914,NFV,PI,8,63,L,0.14153585465291854
614914,NFV,PI,9,82,A,0.12181672105945204
614914,NFV,PI,10,54,V,0.08875906277677051
614588,NFV,PI,1,86,G,0.8827093958410113
614588,NFV,PI,2,20,K,0.7421114338083462
614588,NFV,PI,3,27,G,0.4274340953640836
614588,NFV,PI,4,63,L,0.3803514585882863
614588,NFV,PI,5,71,A,0.21763705402180303
614588,NFV,PI,6,26,T,0.12338919522293301
614588,NFV,PI,7,94,G,0.11975871731755035
614588,NFV,PI,8,12,T,0.10862057929624676
614588,NFV,PI,9,82,V,0.09484964963564488
614588,NFV,PI,10,54,I,0.08975783323350187
614980,NFV,PI,1,20,I,1.0000000119106867
614980,NFV,PI,2,82,M,0.24299335055377466
614980,NFV,PI,3,65,D,0.08297219527121982
614980,NFV,PI,4,63,C,0.08108330861429695
614980,NFV,PI,5,45,I,0.06370515521594841
614980,NFV,PI,6,69,K,0.033365999336789756
614980,NFV,PI,7,16,E,0.03273946095463519
614980,NFV,PI,8,86,G,0.024201736618693633
614980,NFV,PI,9,35,G,0.01892343911552649
614980,NFV,PI,10,27,G,0.012251904226231338
614770,NFV,PI,1,33,M,0.9999999522869489
614770,NFV,PI,2,69,R,0.7464486560678577
614770,NFV,PI,3,67,F,0.4784006852356286
614770,NFV,PI,4,54,L,0.3303648678971062
614770,NFV,PI,5,86,G,0.2997328463621311
614770,NFV,PI,6,20,K,0.21863244104167703
614770,NFV,PI,7,19,I,0.1932677430496554
614770,NFV,PI,8,85,V,0.155340244851289
614770,NFV,PI,9,27,G,0.1382290322578417
614770,NFV,PI,10,88,D,0.10605487812935334
116527,NFV,PI,1,39,S,0.999999952273476
116527,NFV,PI,2,36,A,0.6937269959563365
116527,NFV,PI,3,34,Q,0.30168997100351674
116527,NFV,PI,4,54,L,0.28197698851282993
116527,NFV,PI,5,86,G,0.1793990550824321
116527,NFV,PI,6,20,K,0.1687267115097037
116527,NFV,PI,7,71,V,0.11426468377437868
116527,NFV,PI,8,27,G,0.09956438931035999
116527,NFV,PI,9,53,L,0.07962917283469535
116527,NFV,PI,10,33,F,0.053267270651917255
117055,NFV,PI,1,30,N,0.9999999522760233
117055,NFV,PI,2,86,G,0.5884763210100291
117055,NFV,PI,3,20,K,0.36480413107826054
117055,NFV,PI,4,64,L,0.2925839638514598
117055,NFV,PI,5,27,G,0.27413057620122055
117055,NFV,PI,6,88,D,0.224412020001669
117055,NFV,PI,7,33,F,0.15239801553649493
117055,NFV,PI,8,71,A,0.13384108897369443
117055,NFV,PI,9,77,I,0.08959425856190957
117055,NFV,PI,10,26,T,0.08849143412301366
147979,NFV,PI,1,86,G,0.843029928162507
147979,NFV,PI,2,20,K,0.7739093377227825
147979,NFV,PI,3,27,G,0.3921559829753304
147979,NFV,PI,4,63,L,0.3547668014471968
147979,NFV,PI,5,72,V,0.3056808279504568
147979,NFV,PI,6,71,A,0.2103194037165493
147979,NFV,PI,7,13,V,0.20968332668475628
147979,NFV,PI,8,64,V,0.16861368241941035
147979,NFV,PI,9,94,G,0.1209500981329163
147979,NFV,PI,10,26,T,0.11845356415417932
205632,NFV,PI,1,20,M,1.0000000119136874
205632,NFV,PI,2,86,G,0.041862999131537244
205632,NFV,PI,3,35,G,0.025372447640272577
205632,NFV,PI,4,27,G,0.017370138773724793
205632,NFV,PI,5,88,D,0.015771598771806644
205632,NFV,PI,6,71,V,0.01323213662320483
205632,NFV,PI,7,57,G,0.012316700176778352
205632,NFV,PI,8,60,E,0.009730568616570812
205632,NFV,PI,9,13,V,0.008612882589212865
205632,NFV,PI,10,15,V,0.006472272715558962
117003,NFV,PI,1,71,T,0.9999999522872111
117003,NFV,PI,2,86,G,0.191075679554415
117003,NFV,PI,3,20,K,0.1555568560954167
117003,NFV,PI,4,27,G,0.10988036857428868
117003,NFV,PI,5,10,F,0.069811428525078
117003,NFV,PI,6,84,V,0.039717936473649074
117003,NFV,PI,7,94,G,0.03406204393840432
117003,NFV,PI,8,93,L,0.03360292616914204
117003,NFV,PI,9,12,T,0.03093406630271983
117003,NFV,PI,10,26,T,0.02651487891664065
146948,NFV,PI,1,20,V,1.0000000119124375
146948,NFV,PI,2,71,I,0.049276759174269366
146948,NFV,PI,3,79,A,0.030772821979551543
146948,NFV,PI,4,11,I,0.026865446369553615
146948,NFV,PI,5,86,G,0.018783693016426323
146948,NFV,PI,6,14,R,0.015705377063497655
146948,NFV,PI,7,89,V,0.01010382031994795
146948,NFV,PI,8,27,G,0.010097936110393096
146948,NFV,PI,9,73,S,0.008776759656293204
146948,NFV,PI,10,84,V,0.004373863784072491
148115,NFV,PI,1,86,G,0.8660319566250798
148115,NFV,PI,2,20,K,0.7565843740811455
148115,NFV,PI,3,27,G,0.4494332921554024
148115,NFV,PI,4,71,A,0.28184562866043605
148115,NFV,PI,5,77,I,0.18122976712693048
148115,NFV,PI,6,93,L,0.1677001452148255
148115,NFV,PI,7,94,G,0.1552368938920117
148115,NFV,PI,8,26,T,0.1271618329545922
148115,NFV,PI,9,12,T,0.11584212885927281
148115,NFV,PI,10,82,V,0.10268062412935335
115755,NFV,PI,1,20,M,1.0000000119124648
115755,NFV,PI,2,70,E,0.06269035471861066
115755,NFV,PI,3,72,M,0.052865659880524184
115755,NFV,PI,4,48,Q,0.0485431972728508
115755,NFV,PI,5,24,I,0.035590653929981834
115755,NFV,PI,6,86,G,0.03300771588017053
115755,NFV,PI,7,19,I,0.02030070171684318
115755,NFV,PI,8,27,G,0.018363658576922414
115755,NFV,PI,9,71,V,0.01577034068112317
115755,NFV,PI,10,73,S,0.014407966811563316
614760,NFV,PI,1,86,G,0.8895164250882699
614760,NFV,PI,2,20,K,0.7577566879765768
614760,NFV,PI,3,10,V,0.4635488283939352
614760,NFV,PI,4,27,G,0.45635337557084477
614760,NFV,PI,5,71,A,0.23805316390867778
614760,NFV,PI,6,64,V,0.15267351413198033
614760,NFV,PI,7,94,G,0.13702165318805737
614760,NFV,PI,8,26,T,0.1250633036447358
614760,NFV,PI,9,12,T,0.1165435124044524
614760,NFV,PI,10,82,V,0.09767110350811678
615502,NFV,PI,1,20,I,1.0000000119114996
615502,NFV,PI,2,92,K,0.040478332456823196
615502,NFV,PI,3,24,I,0.03758217015048465
615502,NFV,PI,4,86,G,0.027761107604690756
615502,NFV,PI,5,27,G,0.0166494222171376
615502,NFV,PI,6,71,V,0.01160894300579094
615502,NFV,PI,7,55,R,0.011559120295135918
615502,NFV,PI,8,72,L,0.010207539083015483
615502,NFV,PI,9,82,A,0.009681140928202684
615502,NFV,PI,10,46,L,0.007595119462708663
615468,NFV,PI,1,12,E,1.0000000119033383
615468,NFV,PI,2,86,G,0.07191320420410952
615468,NFV,PI,3,20,K,0.05427790090502608
615468,NFV,PI,4,19,I,0.0511142472088462
615468,NFV,PI,5,64,L,0.04133261746620356
615468,NFV,PI,6,27,G,0.038251219688879276
615468,NFV,PI,7,71,A,0.017148864209002787
615468,NFV,PI,8,26,T,0.011894746602591358
615468,NFV,PI,9,94,G,0.010960674633083995
615468,NFV,PI,10,82,V,0.008850346903240817
615518,NFV,PI,1,20,R,1.0000000119143069
615518,NFV,PI,2,95,L,0.46798296430150865
615518,NFV,PI,3,67,F,0.10082060788322066
615518,NFV,PI,4,86,G,0.05585247353993675
615518,NFV,PI,5,33,I,0.045464919373991046
615518,NFV,PI,6,71,V,0.035759932933665764
615518,NFV,PI,7,73,S,0.03545377562388905
615518,NFV,PI,8,27,G,0.03250479888298426
615518,NFV,PI,9,82,A,0.017218081278640336
615518,NFV,PI,10,37,D,0.016965469743538467
147551,NFV,PI,1,20,L,1.0000000119134522
147551,NFV,PI,2,71,T,0.02740937358726154
147551,NFV,PI,3,88,S,0.01673879348963388
147551,NFV,PI,4,92,K,0.014081548886371868
147551,NFV,PI,5,86,G,0.009163213896374292
147551,NFV,PI,6,74,S,0.008285494557194788
147551,NFV,PI,7,27,G,0.00511531731112972
147551,NFV,PI,8,13,V,0.0024158474925087365
147551,NFV,PI,9,58,E,0.0018652648864465314
147551,NFV,PI,10,77,I,0.0015816284428274783
614934,NFV,PI,1,86,G,0.9000675200978776
614934,NFV,PI,2,20,K,0.7358245941997335
614934,NFV,PI,3,27,G,0.46060085501439574
614934,NFV,PI,4,10,V,0.4521778909145918
614934,NFV,PI,5,63,L,0.35597342851690333
614934,NFV,PI,6,71,A,0.2050338672841533
614934,NFV,PI,7,26,T,0.12302191687994912
614934,NFV,PI,8,94,G,0.12000869709207032
614934,NFV,PI,9,12,T,0.11059578782794884
614934,NFV,PI,10,82,V,0.09357907966704097
206409,NFV,PI,1,12,I,0.99999995229068
206409,NFV,PI,2,86,G,0.11752810405277372
206409,NFV,PI,3,20,K,0.10101915055315663
206409,NFV,PI,4,27,G,0.06570953697773124
206409,NFV,PI,5,37,D,0.03377913207961181
206409,NFV,PI,6,71,A,0.03151432533861933
206409,NFV,PI,7,26,T,0.01949110168759091
206409,NFV,PI,8,94,G,0.01823739503299619
206409,NFV,PI,9,15,V,0.01817612343392412
206409,NFV,PI,10,82,V,0.01602147635491303
615216,NFV,PI,1,20,R,1.0000000119075692
615216,NFV,PI,2,43,T,0.0518031971481696
615216,NFV,PI,3,86,G,0.045558719261098814
615216,NFV,PI,4,27,G,0.025254545830585333
615216,NFV,PI,5,82,A,0.018930931036688955
615216,NFV,PI,6,37,D,0.018478030834419793
615216,NFV,PI,7,60,E,0.017501347088350078
615216,NFV,PI,8,54,V,0.013605161117832727
615216,NFV,PI,9,71,A,0.010743536953756523
615216,NFV,PI,10,15,V,0.009636895557249284
115071,NFV,PI,1,20,R,1.000000011913014
115071,NFV,PI,2,77,T,0.10744435472768725
115071,NFV,PI,3,71,I,0.10138473614285437
115071,NFV,PI,4,16,E,0.06293791273397512
115071,NFV,PI,5,86,G,0.053158960821723354
115071,NFV,PI,6,37,E,0.0378183426117248
115071,NFV,PI,7,14,R,0.037580192935927105
115071,NFV,PI,8,10,V,0.028102094250478347
115071,NFV,PI,9,27,G,0.02603592380833675
115071,NFV,PI,10,63,L,0.02324841626173945
615316,NFV,PI,1,20,T,1.0000000119145454
615316,NFV,PI,2,45,R,0.0793438884905981
615316,NFV,PI,3,71,I,0.0590694434111935
615316,NFV,PI,4,67,F,0.0509912505672754
615316,NFV,PI,5,54,M,0.03730289728218884
615316,NFV,PI,6,86,G,0.02551424662421008
615316,NFV,PI,7,27,G,0.013537805800525488
615316,NFV,PI,8,73,S,0.01263684766570837
615316,NFV,PI,9,72,V,0.00825247384968301
615316,NFV,PI,10,84,V,0.006505191620421062
614788,NFV,PI,1,86,G,0.8660319566250798
614788,NFV,PI,2,20,K,0.7565843740811455
614788,NFV,PI,3,27,G,0.4494332921554024
614788,NFV,PI,4,71,A,0.28184562866043605
614788,NFV,PI,5,77,I,0.18122976712693048
614788,NFV,PI,6,93,L,0.1677001452148255
614788,NFV,PI,7,94,G,0.1552368938920117
614788,NFV,PI,8,26,T,0.1271618329545922
614788,NFV,PI,9,12,T,0.11584212885927281
614788,NFV,PI,10,82,V,0.10268062412935335
115749,SQV,PI,1,90,L,0.9999999523063734
115749,SQV,PI,2,54,S,0.6618653167199765
115749,SQV,PI,3,48,M,0.15617042722722196
115749,SQV,PI,4,63,L,0.06952353463036125
115749,SQV,PI,5,82,A,0.04874055144464367
115749,SQV,PI,6,43,T,0.04179707737797683
115749,SQV,PI,7,33,F,0.027818862791461046
115749,SQV,PI,8,83,N,0.01720162136672926
115749,SQV,PI,9,23,L,0.015852577982792375
115749,SQV,PI,10,97,L,0.01264438714985029
206435,SQV,PI,1,90,L,0.9999999523026661
206435,SQV,PI,2,69,Q,0.06775722086663229
206435,SQV,PI,3,57,G,0.02328496158296911
206435,SQV,PI,4,83,N,0.011549161104931925
206435,SQV,PI,5,23,L,0.008842224992705427
206435,SQV,PI,6,82,V,0.008489986597881166
206435,SQV,PI,7,97,L,0.007655245110311655
206435,SQV,PI,8,89,L,0.007369781812056026
206435,SQV,PI,9,84,I,0.007103062298154854
206435,SQV,PI,10,76,L,0.006472907894487386
187171,SQV,PI,1,90,L,0.9999999523054106
187171,SQV,PI,2,12,S,0.10869354028903953
187171,SQV,PI,3,64,M,0.07048871942419264
187171,SQV,PI,4,14,R,0.025190652715315804
187171,SQV,PI,5,83,N,0.01212137527089473
187171,SQV,PI,6,23,L,0.009230827567489532
187171,SQV,PI,7,97,L,0.008924318791667538
187171,SQV,PI,8,82,V,0.008860958497282275
187171,SQV,PI,9,89,L,0.007108284112090246
187171,SQV,PI,10,84,I,0.006946764345010691
615360,SQV,PI,1,90,M,0.9999999522959986
615360,SQV,PI,2,33,V,0.20398494900280667
615360,SQV,PI,3,50,L,0.1855789146061247
615360,SQV,PI,4,45,R,0.1383551133027309
615360,SQV,PI,5,73,S,0.029974684685558924
615360,SQV,PI,6,83,N,0.023873884146928703
615360,SQV,PI,7,23,L,0.02199579074344334
615360,SQV,PI,8,97,L,0.020462272179884028
615360,SQV,PI,9,89,L,0.01766574646021742
615360,SQV,PI,10,76,L,0.017420207160677263
235725,SQV,PI,1,90,L,0.9999999523036471
235725,SQV,PI,2,36,T,0.14028227588557549
235725,SQV,PI,3,37,E,0.026563562587479172
235725,SQV,PI,4,57,G,0.020659632750192797
235725,SQV,PI,5,83,N,0.011819875800734523
235725,SQV,PI,6,15,V,0.011163887359023477
235725,SQV,PI,7,23,L,0.008753439742802693
235725,SQV,PI,8,97,L,0.008506173751540877
235725,SQV,PI,9,82,V,0.00832884178019105
235725,SQV,PI,10,89,L,0.00693455755532928
615254,SQV,PI,1,66,L,0.9999999523037242
615254,SQV,PI,2,90,M,0.42806785665029895
615254,SQV,PI,3,82,T,0.17868224084476775
615254,SQV,PI,4,72,L,0.035741235457317486
615254,SQV,PI,5,89,V,0.03092156696012826
615254,SQV,PI,6,33,I,0.027101678187011674
615254,SQV,PI,7,84,V,0.02440502758172415
615254,SQV,PI,8,20,T,0.01611486840146906
615254,SQV,PI,9,10,F,0.011680666261226094
615254,SQV,PI,10,11,I,0.011409870338879942
615042,SQV,PI,1,90,L,0.9999999523047776
615042,SQV,PI,2,34,D,0.15223860417442117
615042,SQV,PI,3,16,E,0.1299571812341384
615042,SQV,PI,4,63,L,0.06648233880358803
615042,SQV,PI,5,54,M,0.04993728506080156
615042,SQV,PI,6,33,F,0.03083932064652621
615042,SQV,PI,7,58,E,0.030825721689045314
615042,SQV,PI,8,47,V,0.020641198386937395
615042,SQV,PI,9,83,N,0.014486937583735544
615042,SQV,PI,10,32,I,0.012299206749360955
116912,SQV,PI,1,90,L,0.9999999523056244
116912,SQV,PI,2,16,A,0.17411467532860941
116912,SQV,PI,3,14,R,0.02452305038825909
116912,SQV,PI,4,15,V,0.012666141277826228
116912,SQV,PI,5,83,N,0.012287158850849151
116912,SQV,PI,6,37,D,0.011371169192529463
116912,SQV,PI,7,23,L,0.009531147565529856
116912,SQV,PI,8,97,L,0.008869771056408888
116912,SQV,PI,9,82,V,0.00877283661972366
116912,SQV,PI,10,84,I,0.006926538613345357
614736,SQV,PI,1,90,L,0.9999999523031173
614736,SQV,PI,2,63,A,0.11049922100828566
614736,SQV,PI,3,83,N,0.012585819497879808
614736,SQV,PI,4,15,V,0.012149485151844091
614736,SQV,PI,5,23,L,0.009192683199116662
614736,SQV,PI,6,82,V,0.008573709089812469
614736,SQV,PI,7,97,L,0.008139386143657116
614736,SQV,PI,8,84,I,0.007249164170991694
614736,SQV,PI,9,89,L,0.006870950526292141
614736,SQV,PI,10,33,L,0.006568749740999842
187129,SQV,PI,1,90,L,0.9999999523063415
187129,SQV,PI,2,93,M,0.3811236267306915
187129,SQV,PI,3,19,Q,0.21418503565678595
187129,SQV,PI,4,63,L,0.05499911040916408
187129,SQV,PI,5,82,A,0.04824400936553562
187129,SQV,PI,6,60,E,0.017115807607472194
187129,SQV,PI,7,83,N,0.012906368436382671
187129,SQV,PI,8,23,L,0.009856068822271066
187129,SQV,PI,9,54,V,0.008991637775806742
187129,SQV,PI,10,97,L,0.008748212333548517
615440,SQV,PI,1,90,L,0.9999999522999464
615440,SQV,PI,2,63,S,0.5532127393759243
615440,SQV,PI,3,77,I,0.03111462320512348
615440,SQV,PI,4,83,N,0.011047035527391533
615440,SQV,PI,5,64,V,0.010034889311554749
615440,SQV,PI,6,23,L,0.00898609785946271
615440,SQV,PI,7,82,V,0.008033692260631933
615440,SQV,PI,8,97,L,0.007950721011537095
615440,SQV,PI,9,89,L,0.007128231766865527
615440,SQV,PI,10,84,I,0.006851566057118239
615432,SQV,PI,1,83,D,1.0000000119115215
615432,SQV,PI,2,90,L,0.5428688753271722
615432,SQV,PI,3,91,N,0.48051107271400245
615432,SQV,PI,4,48,A,0.1611986545679556
615432,SQV,PI,5,45,I,0.05085234020423689
615432,SQV,PI,6,82,A,0.025690035265514402
615432,SQV,PI,7,33,F,0.01625781073494096
615432,SQV,PI,8,23,L,0.008578840803989254
615432,SQV,PI,9,97,L,0.008181468000044122
615432,SQV,PI,10,54,V,0.007546274743027185
615488,SQV,PI,1,90,L,0.9999999523069754
615488,SQV,PI,2,61,E,0.12215880461611585
615488,SQV,PI,3,77,I,0.030213660414040645
615488,SQV,PI,4,60,E,0.018657298194083183
615488,SQV,PI,5,83,N,0.012347164326064065
615488,SQV,PI,6,23,L,0.009293595259395228
615488,SQV,PI,7,82,V,0.008446079765632705
615488,SQV,PI,8,97,L,0.00843534894315419
615488,SQV,PI,9,89,L,0.007078761370240447
615488,SQV,PI,10,84,I,0.0067126470125574225
148089,SQV,PI,1,90,L,0.9999999523070677
148089,SQV,PI,2,79,D,0.18183296239392957
148089,SQV,PI,3,72,T,0.078004030989436
148089,SQV,PI,4,93,L,0.03339488372953854
148089,SQV,PI,5,57,K,0.017049375967671986
148089,SQV,PI,6,60,E,0.016136247970326346
148089,SQV,PI,7,83,N,0.014969730131348152
148089,SQV,PI,8,82,V,0.010096737555027581
148089,SQV,PI,9,97,L,0.008806572505286513
148089,SQV,PI,10,84,I,0.00865738281947213
614780,SQV,PI,1,90,L,0.9999999523046349
614780,SQV,PI,2,30,N,0.06717726863023193
614780,SQV,PI,3,82,A,0.05116038950604012
614780,SQV,PI,4,88,D,0.04221822926826759
614780,SQV,PI,5,36,V,0.0398806247332035
614780,SQV,PI,6,93,L,0.034875021316152936
614780,SQV,PI,7,77,I,0.03212725244239155
614780,SQV,PI,8,37,E,0.03145532439140457
614780,SQV,PI,9,33,F,0.028189992323096054
614780,SQV,PI,10,10,F,0.0205459781348586
116511,SQV,PI,1,90,L,0.9999999523049232
116511,SQV,PI,2,22,V,0.12508807525275994
116511,SQV,PI,3,69,Q,0.06454287695124952
116511,SQV,PI,4,82,A,0.05034951742151941
116511,SQV,PI,5,84,V,0.04620272030892933
116511,SQV,PI,6,55,R,0.043147657637981174
116511,SQV,PI,7,11,I,0.02302323691773233
116511,SQV,PI,8,83,N,0.015685299717673393
116511,SQV,PI,9,23,L,0.01497299844849986
116511,SQV,PI,10,32,I,0.011834411233168847
117037,SQV,PI,1,90,M,0.8593058573596768
117037,SQV,PI,2,74,P,0.7657465457690416
117037,SQV,PI,3,24,F,0.406890822605221
117037,SQV,PI,4,16,A,0.32772516183047223
117037,SQV,PI,5,53,L,0.3218734686038896
117037,SQV,PI,6,82,A,0.10416697763134217
117037,SQV,PI,7,93,L,0.08836110015367307
117037,SQV,PI,8,43,T,0.07873589939200723
117037,SQV,PI,9,33,F,0.05310527794289295
117037,SQV,PI,10,23,L,0.03718280730117845
615054,SQV,PI,1,90,M,0.9999999522993007
615054,SQV,PI,2,73,A,0.3903369893787241
615054,SQV,PI,3,18,H,0.15599285240414235
615054,SQV,PI,4,76,V,0.15505487423395192
615054,SQV,PI,5,72,L,0.09288398280439908
615054,SQV,PI,6,82,A,0.0715357453760896
615054,SQV,PI,7,89,V,0.06608285317999255
615054,SQV,PI,8,71,T,0.06272066051626406
615054,SQV,PI,9,34,Q,0.05973889469690033
615054,SQV,PI,10,19,I,0.02883166329931599
117073,SQV,PI,1,90,L,0.9999999523002857
117073,SQV,PI,2,82,A,0.0551567223407308
117073,SQV,PI,3,72,V,0.01796319402608159
117073,SQV,PI,4,83,N,0.013044478347770555
117073,SQV,PI,5,54,V,0.011707425983888284
117073,SQV,PI,6,23,L,0.009198567732562822
117073,SQV,PI,7,97,L,0.008292939068736916
117073,SQV,PI,8,84,I,0.007630301005789344
117073,SQV,PI,9,89,L,0.007274692730818721
117073,SQV,PI,10,76,L,0.006890301214065347
109462,SQV,PI,1,90,L,0.9999999523050781
109462,SQV,PI,2,63,L,0.058371141680863256
109462,SQV,PI,3,37,T,0.05451454179946153
109462,SQV,PI,4,83,N,0.012623030545967227
109462,SQV,PI,5,23,L,0.009670211152142883
109462,SQV,PI,6,97,L,0.009099182981743973
109462,SQV,PI,7,82,V,0.008680971619248593
109462,SQV,PI,8,84,I,0.007393494627704185
109462,SQV,PI,9,89,L,0.006920791585829304
109462,SQV,PI,10,24,L,0.006699613157894758
147991,SQV,PI,1,90,M,0.9999999522954393
147991,SQV,PI,2,71,T,0.10532542813121994
147991,SQV,PI,3,84,V,0.08677906721505044
147991,SQV,PI,4,93,L,0.08313709242503994
147991,SQV,PI,5,33,I,0.06728762040737278
147991,SQV,PI,6,35,G,0.054269209685038414
147991,SQV,PI,7,58,E,0.05295423738975714
147991,SQV,PI,8,73,S,0.03483058177630879
147991,SQV,PI,9,60,E,0.03378424307894528
147991,SQV,PI,10,83,N,0.028356576315907434
614794,SQV,PI,1,90,L,0.9999999523057024
614794,SQV,PI,2,16,E,0.12694294219477345
614794,SQV,PI,3,63,A,0.10512224082839314
614794,SQV,PI,4,83,N,0.012510355434246789
614794,SQV,PI,5,23,L,0.010232622427839426
614794,SQV,PI,6,97,L,0.008937114979287088
614794,SQV,PI,7,82,V,0.008603297247024409
614794,SQV,PI,8,84,I,0.007621330837412194
614794,SQV,PI,9,89,L,0.006977487387062326
614794,SQV,PI,10,33,L,0.00635669242374687
614886,SQV,PI,1,90,L,0.9999999523044494
614886,SQV,PI,2,71,T,0.04480685130153156
614886,SQV,PI,3,83,N,0.012139833380989062
614886,SQV,PI,4,23,L,0.00950188544220896
614886,SQV,PI,5,82,V,0.00880048322115712
614886,SQV,PI,6,97,L,0.008569192751233473
614886,SQV,PI,7,84,I,0.007073397274378869
614886,SQV,PI,8,89,L,0.007026378523845736
614886,SQV,PI,9,24,L,0.006865164674858128
614886,SQV,PI,10,76,L,0.006519275284074082
105320,SQV,PI,1,90,M,0.9999999522981224
105320,SQV,PI,2,88,S,0.20849721602063984
105320,SQV,PI,3,85,V,0.18741527103188674
105320,SQV,PI,4,71,T,0.07104263636043368
105320,SQV,PI,5,20,T,0.052055656779439914
105320,SQV,PI,6,58,E,0.04183343081520312
105320,SQV,PI,7,83,N,0.027597122637145914
105320,SQV,PI,8,23,L,0.023370230543666517
105320,SQV,PI,9,97,L,0.022076837900791194
105320,SQV,PI,10,15,V,0.020997800842676464
614606,SQV,PI,1,23,I,0.9669833276622206
614606,SQV,PI,2,90,M,0.9386153936115581
614606,SQV,PI,3,82,T,0.6471301840537488
614606,SQV,PI,4,16,A,0.29411654202843573
614606,SQV,PI,5,93,L,0.08599420155473245
614606,SQV,PI,6,89,V,0.07507847873020763
614606,SQV,PI,7,46,L,0.06716021479968552
614606,SQV,PI,8,33,I,0.06302536868414074
614606,SQV,PI,9,43,T,0.05899897634721714
614606,SQV,PI,10,73,S,0.03172586422184093
143350,SQV,PI,1,90,L,0.9999999523021025
143350,SQV,PI,2,66,F,0.6584370633340852
143350,SQV,PI,3,39,T,0.21451757329583085
143350,SQV,PI,4,16,E,0.11591640142892058
143350,SQV,PI,5,69,K,0.11503710261304947
143350,SQV,PI,6,89,M,0.09843531869403196
143350,SQV,PI,7,74,S,0.091701334264078
143350,SQV,PI,8,63,L,0.06640142660955309
143350,SQV,PI,9,14,R,0.02582304950275522
143350,SQV,PI,10,19,I,0.025643682169383317
117071,SQV,PI,1,90,M,1.0000000119032126
117071,SQV,PI,2,24,F,0.5991300398964116
117071,SQV,PI,3,82,A,0.1474360333757535
117071,SQV,PI,4,93,L,0.13523987128217915
117071,SQV,PI,5,33,F,0.07667540792561064
117071,SQV,PI,6,73,S,0.06283456756615474
117071,SQV,PI,7,23,L,0.05444015582225295
117071,SQV,PI,8,83,N,0.04862644461139231
117071,SQV,PI,9,54,V,0.03815135122492755
117071,SQV,PI,10,89,L,0.037829610277529485
206421,SQV,PI,1,90,L,0.9999999523061465
206421,SQV,PI,2,30,N,0.06867107880899881
206421,SQV,PI,3,88,D,0.042535278118664185
206421,SQV,PI,4,77,I,0.033034469704939555
206421,SQV,PI,5,20,T,0.03161671441171233
206421,SQV,PI,6,58,E,0.027660709634501773
206421,SQV,PI,7,57,G,0.019356889873838587
206421,SQV,PI,8,83,N,0.014900937462807925
206421,SQV,PI,9,15,V,0.0124366991238756
206421,SQV,PI,10,23,L,0.010449428627838807
206413,SQV,PI,1,90,L,0.9999999523041191
206413,SQV,PI,2,63,L,0.0642239854101688
206413,SQV,PI,3,57,G,0.022070452963289
206413,SQV,PI,4,83,N,0.012101804022178026
206413,SQV,PI,5,15,V,0.011966744696048413
206413,SQV,PI,6,23,L,0.009404014732298885
206413,SQV,PI,7,82,V,0.008755483243328397
206413,SQV,PI,8,97,L,0.008583211144375977
206413,SQV,PI,9,84,I,0.007402028720767921
206413,SQV,PI,10,89,L,0.006819536843314716
615402,SQV,PI,1,90,L,0.9999999523037734
615402,SQV,PI,2,63,L,0.06053174068135042
615402,SQV,PI,3,72,V,0.02398856857789787
615402,SQV,PI,4,83,N,0.01269330951364824
615402,SQV,PI,5,23,L,0.009249086752546183
615402,SQV,PI,6,82,V,0.008792129315497124
615402,SQV,PI,7,97,L,0.008439189737707659
615402,SQV,PI,8,84,I,0.007390384193706469
615402,SQV,PI,9,89,L,0.0069421714714901364
615402,SQV,PI,10,24,L,0.006818606987341212
615024,SQV,PI,1,90,L,0.999999952303822
615024,SQV,PI,2,12,P,0.1331927645339661
615024,SQV,PI,3,53,L,0.12714535459597037
615024,SQV,PI,4,76,V,0.1267387973451141
615024,SQV,PI,5,24,I,0.11715442187602759
615024,SQV,PI,6,82,A,0.048716111963983275
615024,SQV,PI,7,55,R,0.04082391483591207
615024,SQV,PI,8,46,L,0.0321656776580788
615024,SQV,PI,9,20,T,0.029817957508923132
615024,SQV,PI,10,33,F,0.028717053174268547
614684,SQV,PI,1,90,L,0.9999999523046736
614684,SQV,PI,2,63,V,0.4277631081621418
614684,SQV,PI,3,76,V,0.1356184096351619
614684,SQV,PI,4,89,M,0.11521609835189385
614684,SQV,PI,5,82,A,0.04956393673263472
614684,SQV,PI,6,93,L,0.03922624575481266
614684,SQV,PI,7,83,N,0.014329938589682477
614684,SQV,PI,8,15,V,0.011734721343715835
614684,SQV,PI,9,37,D,0.010955633346013996
614684,SQV,PI,10,54,V,0.01020051138261972
257947,SQV,PI,1,90,L,0.9999999523054798
257947,SQV,PI,2,63,H,0.48604242919183166
257947,SQV,PI,3,89,I,0.41287831594694135
257947,SQV,PI,4,43,R,0.1275030617068364
257947,SQV,PI,5,37,A,0.11553639628725641
257947,SQV,PI,6,33,I,0.043603729857372736
257947,SQV,PI,7,57,K,0.014164801437510578
257947,SQV,PI,8,83,N,0.013270748524227372
257947,SQV,PI,9,20,M,0.01272966757769986
257947,SQV,PI,10,23,L,0.009294646057759079
259227,SQV,PI,1,90,M,0.9999999522935752
259227,SQV,PI,2,63,T,0.5004770803022163
259227,SQV,PI,3,72,T,0.2282485255754957
259227,SQV,PI,4,74,S,0.15912020757836115
259227,SQV,PI,5,20,T,0.06128804516344717
259227,SQV,PI,6,77,I,0.052890183450185466
259227,SQV,PI,7,35,G,0.04850397240302865
259227,SQV,PI,8,19,I,0.03688067432968803
259227,SQV,PI,9,57,G,0.03382420865193086
259227,SQV,PI,10,83,N,0.03133593980785178
148055,SQV,PI,1,90,L,0.9999999523035504
148055,SQV,PI,2,63,A,0.1048081167165892
148055,SQV,PI,3,70,R,0.08267421630481965
148055,SQV,PI,4,83,N,0.01171704838284528
148055,SQV,PI,5,15,V,0.011647917361088621
148055,SQV,PI,6,64,V,0.010344125000900477
148055,SQV,PI,7,23,L,0.00941384949006935
148055,SQV,PI,8,82,V,0.008631107506277363
148055,SQV,PI,9,97,L,0.008629803632303007
148055,SQV,PI,10,84,I,0.007193466716333483
205601,SQV,PI,1,90,M,0.9999999522933392
205601,SQV,PI,2,73,C,0.44166208991432115
205601,SQV,PI,3,72,E,0.31686830882255845
205601,SQV,PI,4,70,R,0.10861471658536799
205601,SQV,PI,5,93,L,0.06351820017944555
205601,SQV,PI,6,77,I,0.04206953890255089
205601,SQV,PI,7,57,G,0.02573808725394126
205601,SQV,PI,8,60,E,0.025138980769754037
205601,SQV,PI,9,83,N,0.022025946127054073
205601,SQV,PI,10,23,L,0.01940925982595417
614868,SQV,PI,1,90,L,0.9999999523052633
614868,SQV,PI,2,83,N,0.012233207234964053
614868,SQV,PI,3,23,L,0.009314806143653482
614868,SQV,PI,4,82,V,0.008890653694797869
614868,SQV,PI,5,97,L,0.00840666192223679
614868,SQV,PI,6,89,L,0.007252467314784442
614868,SQV,PI,7,84,I,0.007054045758348877
614868,SQV,PI,8,24,L,0.006588218946358038
614868,SQV,PI,9,76,L,0.006300292688042091
614868,SQV,PI,10,33,L,0.005834725408213308
145194,SQV,PI,1,90,L,0.9999999523034818
145194,SQV,PI,2,12,S,0.10523761805295048
145194,SQV,PI,3,93,L,0.03524051706656224
145194,SQV,PI,4,77,I,0.030976016161015488
145194,SQV,PI,5,72,V,0.01612698775917415
145194,SQV,PI,6,83,N,0.011576096871048328
145194,SQV,PI,7,23,L,0.008617748530655733
145194,SQV,PI,8,82,V,0.00840017625385606
145194,SQV,PI,9,97,L,0.008105089000259542
145194,SQV,PI,10,89,L,0.007809629666210006
198541,SQV,PI,1,90,L,0.9999999523041349
198541,SQV,PI,2,37,T,0.05920658417542243
198541,SQV,PI,3,83,N,0.011329858182587731
198541,SQV,PI,4,64,V,0.01010249912295876
198541,SQV,PI,5,23,L,0.009104893207276102
198541,SQV,PI,6,97,L,0.008592025096893878
198541,SQV,PI,7,82,V,0.008575689776742945
198541,SQV,PI,8,89,L,0.007609870527005023
198541,SQV,PI,9,84,I,0.006812711919527855
198541,SQV,PI,10,24,L,0.00656885770735704
123041,SQV,PI,1,90,L,0.9916381359001347
123041,SQV,PI,2,54,T,0.8692362941890797
123041,SQV,PI,3,48,V,0.10303469710039755
123041,SQV,PI,4,69,R,0.09243061518570532
123041,SQV,PI,5,82,A,0.04802306413011001
123041,SQV,PI,6,43,T,0.04708516683522951
123041,SQV,PI,7,84,V,0.045459491557592456
123041,SQV,PI,8,93,L,0.04094653576000579
123041,SQV,PI,9,33,F,0.029263674237385254
123041,SQV,PI,10,71,I,0.02363919289220932
143463,SQV,PI,1,90,M,0.9999999522965458
143463,SQV,PI,2,85,V,0.19191834555163914
143463,SQV,PI,3,33,I,0.06143853664967187
143463,SQV,PI,4,10,F,0.0362845941692515
143463,SQV,PI,5,71,I,0.030365540209549322
143463,SQV,PI,6,23,L,0.028657785952218875
143463,SQV,PI,7,83,N,0.026406014644455897
143463,SQV,PI,8,97,L,0.02210477250498337
143463,SQV,PI,9,32,I,0.020661408056252255
143463,SQV,PI,10,89,L,0.0188257753540933
172136,SQV,PI,1,90,L,0.9999999523056976
172136,SQV,PI,2,72,Y,0.2033123703805582
172136,SQV,PI,3,93,L,0.03397012214067116
172136,SQV,PI,4,77,I,0.02835413745369347
172136,SQV,PI,5,47,V,0.019374803700761764
172136,SQV,PI,6,73,S,0.01833201897230661
172136,SQV,PI,7,83,N,0.012050466555602789
172136,SQV,PI,8,32,I,0.009579815468724932
172136,SQV,PI,9,23,L,0.009231708276928112
172136,SQV,PI,10,82,V,0.008705904960780891
235701,SQV,PI,1,82,I,0.9187225818423788
235701,SQV,PI,2,90,M,0.6738243226108077
235701,SQV,PI,3,77,T,0.5317640144407887
235701,SQV,PI,4,11,L,0.20936439778108337
235701,SQV,PI,5,34,S,0.15577998899962603
235701,SQV,PI,6,85,V,0.10489156450202357
235701,SQV,PI,7,89,M,0.09604775224425452
235701,SQV,PI,8,84,V,0.04790431166732813
235701,SQV,PI,9,36,V,0.04437115872060402
235701,SQV,PI,10,54,M,0.04285035573034939
187155,SQV,PI,1,90,M,0.9999999522976888
187155,SQV,PI,2,18,H,0.19471527676942801
187155,SQV,PI,3,72,M,0.09296408564334233
187155,SQV,PI,4,84,V,0.08056498103924963
187155,SQV,PI,5,11,I,0.03346525843859008
187155,SQV,PI,6,73,S,0.029072473714881385
187155,SQV,PI,7,20,I,0.027384396456079985
187155,SQV,PI,8,83,N,0.027076054818597137
187155,SQV,PI,9,23,L,0.025513042941378322
187155,SQV,PI,10,97,L,0.019535757091454883
216617,SQV,PI,1,90,L,0.999999952303205
216617,SQV,PI,2,63,A,0.11469127168803853
216617,SQV,PI,3,57,G,0.0228158437707447
216617,SQV,PI,4,83,N,0.011655809701882368
216617,SQV,PI,5,23,L,0.009339371665320968
216617,SQV,PI,6,82,V,0.00847483120623467
216617,SQV,PI,7,97,L,0.008109328746895648
216617,SQV,PI,8,84,I,0.007341673771724903
216617,SQV,PI,9,89,L,0.006832468050663948
216617,SQV,PI,10,33,L,0.006399847868069565
614970,SQV,PI,1,83,S,1.0000000119126926
614970,SQV,PI,2,90,M,0.35206410019036416
614970,SQV,PI,3,85,V,0.050534343892295386
614970,SQV,PI,4,22,V,0.03827498907114263
614970,SQV,PI,5,72,L,0.03128757670249964
614970,SQV,PI,6,84,V,0.0222814572881829
614970,SQV,PI,7,35,G,0.012833860630980366
614970,SQV,PI,8,10,F,0.01020825141107349
614970,SQV,PI,9,23,L,0.008337654881753687
614970,SQV,PI,10,73,S,0.007897752857552396
614474,SQV,PI,1,90,L,0.9999999523065866
614474,SQV,PI,2,12,I,0.1508567845139654
614474,SQV,PI,3,57,K,0.01732694987429703
614474,SQV,PI,4,83,N,0.011900020491212467
614474,SQV,PI,5,23,L,0.009614588866802762
614474,SQV,PI,6,82,V,0.008539928650789378
614474,SQV,PI,7,97,L,0.00804593430813485
614474,SQV,PI,8,84,I,0.0069788739338505126
614474,SQV,PI,9,89,L,0.006874016162106444
614474,SQV,PI,10,24,L,0.0064987787821283545
615074,SQV,PI,1,90,L,0.9999999523066286
615074,SQV,PI,2,50,L,0.11878839311454589
615074,SQV,PI,3,72,T,0.09879218648867996
615074,SQV,PI,4,71,T,0.04421104792528983
615074,SQV,PI,5,57,K,0.017941516854907996
615074,SQV,PI,6,83,N,0.012447863120792338
615074,SQV,PI,7,23,L,0.009123540808227424
615074,SQV,PI,8,82,V,0.009099515452008995
615074,SQV,PI,9,97,L,0.008777344920787406
615074,SQV,PI,10,89,L,0.007166782710125224
615270,SQV,PI,1,90,L,0.9999999523067018
615270,SQV,PI,2,83,N,0.012282016166679267
615270,SQV,PI,3,23,L,0.008981683291774113
615270,SQV,PI,4,82,V,0.008598861683815698
615270,SQV,PI,5,97,L,0.008114578204442665
615270,SQV,PI,6,89,L,0.007087617851266484
615270,SQV,PI,7,84,I,0.006880673918516713
615270,SQV,PI,8,33,L,0.0064590262189810465
615270,SQV,PI,9,24,L,0.006358646250925814
615270,SQV,PI,10,76,L,0.00608996003613912
259207,SQV,PI,1,90,L,0.9999999523036428
259207,SQV,PI,2,12,S,0.1303717925077031
259207,SQV,PI,3,69,Q,0.06543657260520044
259207,SQV,PI,4,19,I,0.02908841370013606
259207,SQV,PI,5,57,K,0.0186936535581911
259207,SQV,PI,6,83,N,0.011817276057411424
259207,SQV,PI,7,23,L,0.008924922342758691
259207,SQV,PI,8,82,V,0.008442755644832121
259207,SQV,PI,9,97,L,0.007472622574736853
259207,SQV,PI,10,89,L,0.007358990037570666
615536,SQV,PI,1,90,L,0.9999999523022257
615536,SQV,PI,2,82,T,0.3444441545022349
615536,SQV,PI,3,63,C,0.24569419994349811
615536,SQV,PI,4,74,S,0.10312739467929775
615536,SQV,PI,5,84,V,0.044972292373326714
615536,SQV,PI,6,55,R,0.04081603707265066
615536,SQV,PI,7,46,L,0.03061487657013681
615536,SQV,PI,8,33,F,0.02794434402003628
615536,SQV,PI,9,83,N,0.013500643275226796
615536,SQV,PI,10,32,I,0.01100182193973718
145208,SQV,PI,1,90,L,0.9999999523041224
145208,SQV,PI,2,14,R,0.02365305689854056
145208,SQV,PI,3,83,N,0.012474500162180187
145208,SQV,PI,4,15,V,0.01140692990996142
145208,SQV,PI,5,23,L,0.009537667080185637
145208,SQV,PI,6,97,L,0.009054917723438319
145208,SQV,PI,7,82,V,0.00885516314466044
145208,SQV,PI,8,84,I,0.007130996169175815
145208,SQV,PI,9,89,L,0.0070084591545355925
145208,SQV,PI,10,24,L,0.006623269898415414
89952,SQV,PI,1,89,F,0.9999999522932506
89952,SQV,PI,2,90,M,0.8522319659935008
89952,SQV,PI,3,82,T,0.504422996258987
89952,SQV,PI,4,70,T,0.4437048705120835
89952,SQV,PI,5,33,M,0.11109650093888172
89952,SQV,PI,6,54,M,0.04569551261242043
89952,SQV,PI,7,93,L,0.03768586883024766
89952,SQV,PI,8,58,E,0.03058331767835744
89952,SQV,PI,9,47,V,0.02156288518466222
89952,SQV,PI,10,83,N,0.019771572350985075
615206,SQV,PI,1,90,L,0.9999999523058991
615206,SQV,PI,2,91,S,0.45069755395429467
615206,SQV,PI,3,74,A,0.4321191378809316
615206,SQV,PI,4,61,E,0.12439378756930261
615206,SQV,PI,5,48,V,0.09665317321829425
615206,SQV,PI,6,82,A,0.04787341696972915
615206,SQV,PI,7,84,V,0.04463617101255724
615206,SQV,PI,8,43,T,0.04183775485969412
615206,SQV,PI,9,93,L,0.038433363926968354
615206,SQV,PI,10,46,L,0.037776572484177096
614494,SQV,PI,1,90,L,0.9801620960085466
614494,SQV,PI,2,66,F,0.705050657037281
614494,SQV,PI,3,62,M,0.09411554938260927
614494,SQV,PI,4,64,L,0.06379245670600137
614494,SQV,PI,5,69,Q,0.05701625727718017
614494,SQV,PI,6,84,V,0.044996943959191606
614494,SQV,PI,7,33,F,0.02568781076442181
614494,SQV,PI,8,83,N,0.013207661167347663
614494,SQV,PI,9,23,L,0.010653094520972215
614494,SQV,PI,10,82,V,0.008132504947053035
614988,SQV,PI,1,90,L,0.9999999523042422
614988,SQV,PI,2,69,Y,0.24528989936307521
614988,SQV,PI,3,39,Q,0.15312500059060033
614988,SQV,PI,4,83,N,0.011241426156148492
614988,SQV,PI,5,23,L,0.008899508886347439
614988,SQV,PI,6,82,V,0.007903737326915225
614988,SQV,PI,7,97,L,0.007490747360618626
614988,SQV,PI,8,89,L,0.006651096197745216
614988,SQV,PI,9,84,I,0.006398841116949776
614988,SQV,PI,10,33,L,0.006249534088820094
614662,SQV,PI,1,90,L,0.9999999523051166
614662,SQV,PI,2,63,T,0.3168113409017014
614662,SQV,PI,3,16,E,0.11723779155403379
614662,SQV,PI,4,93,L,0.03486412669782272
614662,SQV,PI,5,72,V,0.022410301405710976
614662,SQV,PI,6,83,N,0.012446377623732411
614662,SQV,PI,7,20,R,0.009299926274164682
614662,SQV,PI,8,23,L,0.009218461627456456
614662,SQV,PI,9,97,L,0.008476872875924909
614662,SQV,PI,10,82,V,0.008204017616178472
614452,SQV,PI,1,83,H,1.0000000119119674
614452,SQV,PI,2,90,M,0.36693208531390953
614452,SQV,PI,3,16,A,0.0832540167358957
614452,SQV,PI,4,79,A,0.07226654132836949
614452,SQV,PI,5,70,R,0.03376886746901406
614452,SQV,PI,6,72,L,0.030509287805333477
614452,SQV,PI,7,89,V,0.024777314402924668
614452,SQV,PI,8,84,V,0.021619963709379953
614452,SQV,PI,9,46,L,0.01630423763464591
614452,SQV,PI,10,10,F,0.009529725243627035
614840,SQV,PI,1,90,L,0.9999999523056222
614840,SQV,PI,2,33,V,0.18677103024477917
614840,SQV,PI,3,60,E,0.017874777627691105
614840,SQV,PI,4,83,N,0.014143223922322612
614840,SQV,PI,5,23,L,0.009603200346808168
614840,SQV,PI,6,97,L,0.009031326399358391
614840,SQV,PI,7,82,V,0.008545806701956019
614840,SQV,PI,8,84,I,0.007181663033940822
614840,SQV,PI,9,89,L,0.006977418433097231
614840,SQV,PI,10,24,L,0.0068970632647667035
614828,SQV,PI,1,90,M,0.9999999522951343
614828,SQV,PI,2,8,Q,0.4720932042919325
614828,SQV,PI,3,30,N,0.08632084898298988
614828,SQV,PI,4,88,D,0.06871371608583818
614828,SQV,PI,5,46,L,0.06643261232180835
614828,SQV,PI,6,55,R,0.05906540382203385
614828,SQV,PI,7,33,I,0.05526940968704556
614828,SQV,PI,8,58,E,0.039338078502239984
614828,SQV,PI,9,10,F,0.03328722425200761
614828,SQV,PI,10,83,N,0.026320210152676105
614826,SQV,PI,1,90,L,0.9999999523039426
614826,SQV,PI,2,83,N,0.011906827424382422
614826,SQV,PI,3,23,L,0.00919279751030319
614826,SQV,PI,4,82,V,0.008738424072023179
614826,SQV,PI,5,97,L,0.008389949506450044
614826,SQV,PI,6,89,L,0.007126353119598357
614826,SQV,PI,7,84,I,0.0069654171587657885
614826,SQV,PI,8,24,L,0.0064764188296872575
614826,SQV,PI,9,76,L,0.006236848394742318
614826,SQV,PI,10,33,L,0.005831995974957383
615482,SQV,PI,1,90,L,0.999999952305707
615482,SQV,PI,2,24,I,0.12437216910443212
615482,SQV,PI,3,64,L,0.07882069072060963
615482,SQV,PI,4,54,M,0.05703552039044699
615482,SQV,PI,5,82,A,0.05421795294273507
615482,SQV,PI,6,93,L,0.03569478497233245
615482,SQV,PI,7,33,F,0.03381381383052929
615482,SQV,PI,8,72,V,0.01695650679663084
615482,SQV,PI,9,83,N,0.0166790569915907
615482,SQV,PI,10,23,L,0.01569812206648932
113058,SQV,PI,1,90,M,0.9999999522939974
113058,SQV,PI,2,54,L,0.32882548290475255
113058,SQV,PI,3,48,I,0.26527010098888526
113058,SQV,PI,4,76,V,0.17379511450478474
113058,SQV,PI,5,84,V,0.07911524738091076
113058,SQV,PI,6,93,L,0.07216163225689898
113058,SQV,PI,7,55,R,0.06554335676054052
113058,SQV,PI,8,20,V,0.05381560773411287
113058,SQV,PI,9,58,E,0.04271971645031741
113058,SQV,PI,10,71,I,0.04117560956757921
615226,SQV,PI,1,90,L,0.999999952305815
615226,SQV,PI,2,54,L,0.15272734750954933
615226,SQV,PI,3,76,V,0.13618680286348517
615226,SQV,PI,4,82,A,0.04860524593882944
615226,SQV,PI,5,93,L,0.03524914945941763
615226,SQV,PI,6,37,E,0.029813492615986762
615226,SQV,PI,7,58,E,0.029009309682069315
615226,SQV,PI,8,19,I,0.02545480852857252
615226,SQV,PI,9,10,F,0.020552157934183166
615226,SQV,PI,10,83,N,0.012674386544562648
107981,SQV,PI,1,73,T,0.758599710449454
107981,SQV,PI,2,90,M,0.7454993237802948
107981,SQV,PI,3,95,F,0.505563586800837
107981,SQV,PI,4,50,L,0.2657933812111684
107981,SQV,PI,5,72,L,0.11206711430659269
107981,SQV,PI,6,55,R,0.08217143346907871
107981,SQV,PI,7,82,A,0.07716522883787819
107981,SQV,PI,8,93,L,0.07452525599786067
107981,SQV,PI,9,43,T,0.07329828803976385
107981,SQV,PI,10,77,I,0.050027410628927106
615194,SQV,PI,1,90,L,0.9999999523016498
615194,SQV,PI,2,91,S,0.42788997707115173
615194,SQV,PI,3,19,V,0.19554309940537185
615194,SQV,PI,4,24,I,0.10678084013190152
615194,SQV,PI,5,36,L,0.08828865631254679
615194,SQV,PI,6,82,A,0.043438299893859084
615194,SQV,PI,7,46,L,0.028046969478177298
615194,SQV,PI,8,33,F,0.023844453053805132
615194,SQV,PI,9,14,R,0.023805679288504886
615194,SQV,PI,10,10,V,0.02043500021563569
206437,SQV,PI,1,90,M,0.9952535152217835
206437,SQV,PI,2,24,F,0.6761761541268285
206437,SQV,PI,3,79,D,0.5528271170658519
206437,SQV,PI,4,12,P,0.36948950055479424
206437,SQV,PI,5,34,Q,0.1636044998352087
206437,SQV,PI,6,93,L,0.14596428582001444
206437,SQV,PI,7,84,V,0.14434350483111053
206437,SQV,PI,8,33,F,0.08201149531663851
206437,SQV,PI,9,57,G,0.08154590400702785
206437,SQV,PI,10,10,F,0.07650834274876156
615166,SQV,PI,1,90,M,0.9999999522921336
615166,SQV,PI,2,82,T,0.6040988535630298
615166,SQV,PI,3,53,L,0.1924027762542759
615166,SQV,PI,4,36,L,0.16553400633064103
615166,SQV,PI,5,55,R,0.05987023572141443
615166,SQV,PI,6,33,F,0.03142184535751699
615166,SQV,PI,7,10,V,0.028980066026166106
615166,SQV,PI,8,73,S,0.027760347933909774
615166,SQV,PI,9,47,V,0.02754876351982529
615166,SQV,PI,10,83,N,0.02439864236670774
615540,SQV,PI,1,90,M,0.9486979961151021
615540,SQV,PI,2,54,L,0.5720119367291914
615540,SQV,PI,3,11,L,0.5530826638595635
615540,SQV,PI,4,50,V,0.3043807205671277
615540,SQV,PI,5,82,A,0.12945210560785855
615540,SQV,PI,6,93,L,0.1261284188270007
615540,SQV,PI,7,55,R,0.12035225150078574
615540,SQV,PI,8,89,V,0.113107801890515
615540,SQV,PI,9,58,E,0.09793665141341536
615540,SQV,PI,10,37,E,0.07482555195266177
187169,SQV,PI,1,90,L,0.9999999523057221
187169,SQV,PI,2,7,R,0.19039252942677734
187169,SQV,PI,3,12,S,0.10472539991182711
187169,SQV,PI,4,64,M,0.06560382775374168
187169,SQV,PI,5,14,R,0.02419855613422604
187169,SQV,PI,6,83,N,0.011819871100924601
187169,SQV,PI,7,23,L,0.009100822042184278
187169,SQV,PI,8,97,L,0.009055618298723766
187169,SQV,PI,9,82,V,0.008706231058742053
187169,SQV,PI,10,89,L,0.006947675140637305
147550,SQV,PI,1,66,V,0.91224105356301
147550,SQV,PI,2,90,M,0.8408998967725895
147550,SQV,PI,3,12,K,0.42676596534431754
147550,SQV,PI,4,84,V,0.06441275304950822
147550,SQV,PI,5,89,V,0.05988499016980837
147550,SQV,PI,6,54,M,0.05908803828155597
147550,SQV,PI,7,20,V,0.0455407401439112
147550,SQV,PI,8,58,E,0.041009636814285606
147550,SQV,PI,9,35,G,0.037428733476836694
147550,SQV,PI,10,33,F,0.03652196221462854
187147,SQV,PI,1,90,L,0.9999999523062082
187147,SQV,PI,2,63,L,0.058522430024705974
187147,SQV,PI,3,83,N,0.0129851679444228
187147,SQV,PI,4,23,L,0.009717882844464192
187147,SQV,PI,5,82,V,0.009021484492784547
187147,SQV,PI,6,97,L,0.008970419478552285
187147,SQV,PI,7,84,I,0.007614543093486881
187147,SQV,PI,8,89,L,0.006899249538642051
187147,SQV,PI,9,24,L,0.006846399242440368
187147,SQV,PI,10,76,L,0.006661946096025389
205691,SQV,PI,1,90,M,1.0000000119006511
205691,SQV,PI,2,93,L,0.077314095681247
205691,SQV,PI,3,57,G,0.03562187701388087
205691,SQV,PI,4,73,S,0.03397028091097401
205691,SQV,PI,5,83,N,0.028516057138612307
205691,SQV,PI,6,23,L,0.024795964211394867
205691,SQV,PI,7,89,L,0.021324263085924562
205691,SQV,PI,8,97,L,0.019962553217620915
205691,SQV,PI,9,82,V,0.01960392243649836
205691,SQV,PI,10,84,I,0.019554220201430987
257941,SQV,PI,1,90,L,0.999999952304305
257941,SQV,PI,2,64,L,0.06829078337456009
257941,SQV,PI,3,77,I,0.03232768124071063
257941,SQV,PI,4,14,R,0.025013279560177938
257941,SQV,PI,5,57,G,0.02131901194111804
257941,SQV,PI,6,72,V,0.016852804314155735
257941,SQV,PI,7,83,N,0.012031445625319123
257941,SQV,PI,8,23,L,0.009309838681860434
257941,SQV,PI,9,82,V,0.00869883118313514
257941,SQV,PI,10,97,L,0.008581040483354592
109412,SQV,PI,1,90,L,0.9999999523042619
109412,SQV,PI,2,63,L,0.057863411998092404
109412,SQV,PI,3,83,N,0.01234251045783176
109412,SQV,PI,4,64,V,0.010393303378546968
109412,SQV,PI,5,23,L,0.009701359684118506
109412,SQV,PI,6,97,L,0.009085490425388809
109412,SQV,PI,7,82,V,0.008903598230848735
109412,SQV,PI,8,84,I,0.007445897650037631
109412,SQV,PI,9,89,L,0.0072345438383676795
109412,SQV,PI,10,24,L,0.006771378539266341
615172,SQV,PI,1,90,M,0.9999999522930734
615172,SQV,PI,2,4,P,0.3474692071598107
615172,SQV,PI,3,54,L,0.2512351161673962
615172,SQV,PI,4,53,L,0.20104886175800113
615172,SQV,PI,5,85,V,0.16757404035349488
615172,SQV,PI,6,74,S,0.13913702586069776
615172,SQV,PI,7,37,T,0.08921967342325327
615172,SQV,PI,8,93,L,0.06143018682382121
615172,SQV,PI,9,14,R,0.04230101106056698
615172,SQV,PI,10,10,F,0.0333481212146762
259199,SQV,PI,1,90,L,0.9999999523054934
259199,SQV,PI,2,12,P,0.15057614032731825
259199,SQV,PI,3,63,A,0.11329298521905379
259199,SQV,PI,4,93,L,0.038232984151995594
259199,SQV,PI,5,77,I,0.03452297404020213
259199,SQV,PI,6,57,G,0.02344218607881511
259199,SQV,PI,7,72,V,0.020328009598032465
259199,SQV,PI,8,83,N,0.015921531801874552
259199,SQV,PI,9,23,L,0.013524872413109956
259199,SQV,PI,10,82,V,0.009763967881848435
614914,SQV,PI,1,90,L,0.9999999523029346
614914,SQV,PI,2,50,V,0.12687903065917988
614914,SQV,PI,3,89,M,0.11994628412283936
614914,SQV,PI,4,69,R,0.09561841459934751
614914,SQV,PI,5,63,L,0.06605345802956807
614914,SQV,PI,6,82,A,0.050710494479645186
614914,SQV,PI,7,93,L,0.04101556173676091
614914,SQV,PI,8,83,N,0.014352524594296635
614914,SQV,PI,9,54,V,0.010986638528655258
614914,SQV,PI,10,23,L,0.010030534731344132
614588,SQV,PI,1,90,L,0.9999999523054122
614588,SQV,PI,2,63,L,0.05914504982008318
614588,SQV,PI,3,83,N,0.012739796621519488
614588,SQV,PI,4,23,L,0.009704275462710445
614588,SQV,PI,5,97,L,0.009029194601352732
614588,SQV,PI,6,82,V,0.008898511825303768
614588,SQV,PI,7,84,I,0.00759934118940918
614588,SQV,PI,8,89,L,0.006835862871588349
614588,SQV,PI,9,24,L,0.006753146053440863
614588,SQV,PI,10,76,L,0.006642101234888813
614980,SQV,PI,1,90,L,0.9999999523023474
614980,SQV,PI,2,82,M,0.6860918826457959
614980,SQV,PI,3,65,D,0.39371971114652343
614980,SQV,PI,4,63,C,0.21583759778213885
614980,SQV,PI,5,16,E,0.11205731188784855
614980,SQV,PI,6,69,K,0.10650166781421795
614980,SQV,PI,7,50,L,0.10472948375108859
614980,SQV,PI,8,45,I,0.07325791570341558
614980,SQV,PI,9,89,V,0.0536378516525513
614980,SQV,PI,10,35,G,0.025872179401209054
614770,SQV,PI,1,90,M,0.9999999522961447
614770,SQV,PI,2,67,F,0.5776894494444522
614770,SQV,PI,3,54,L,0.24924108000404677
614770,SQV,PI,4,85,V,0.1763291274565775
614770,SQV,PI,5,33,M,0.1552253275416688
614770,SQV,PI,6,69,R,0.11772235930650954
614770,SQV,PI,7,72,L,0.10381034455160915
614770,SQV,PI,8,84,V,0.07376100583818779
614770,SQV,PI,9,88,D,0.06515777220350244
614770,SQV,PI,10,10,F,0.03281061930973284
116527,SQV,PI,1,90,M,0.9999999522878579
116527,SQV,PI,2,39,S,0.31580601336638614
116527,SQV,PI,3,54,L,0.2822884606430456
116527,SQV,PI,4,53,L,0.21125239706865637
116527,SQV,PI,5,36,A,0.19903831792860363
116527,SQV,PI,6,84,V,0.07818176729543405
116527,SQV,PI,7,34,Q,0.07670070964398999
116527,SQV,PI,8,33,F,0.04202179732237744
116527,SQV,PI,9,83,N,0.025140449000937946
116527,SQV,PI,10,23,L,0.024335136583913793
117055,SQV,PI,1,90,L,0.9999999523065402
117055,SQV,PI,2,64,L,0.0654270937085264
117055,SQV,PI,3,30,N,0.06160405998434569
117055,SQV,PI,4,88,D,0.03953614106792961
117055,SQV,PI,5,93,L,0.03292741429961508
117055,SQV,PI,6,77,I,0.028990521476416294
117055,SQV,PI,7,33,F,0.02678064110818641
117055,SQV,PI,8,83,N,0.013720785032203312
117055,SQV,PI,9,97,L,0.00965787877198197
117055,SQV,PI,10,23,L,0.00930713039178849
147979,SQV,PI,1,90,L,0.9999999523056812
147979,SQV,PI,2,63,L,0.056843658514210665
147979,SQV,PI,3,72,V,0.0228404877718084
147979,SQV,PI,4,83,N,0.012366339247366204
147979,SQV,PI,5,64,V,0.01052742886404166
147979,SQV,PI,6,23,L,0.009614269526769305
147979,SQV,PI,7,97,L,0.009145550095458855
147979,SQV,PI,8,82,V,0.009076203785655672
147979,SQV,PI,9,84,I,0.007623210530458959
147979,SQV,PI,10,89,L,0.007334402208915455
205632,SQV,PI,1,90,M,1.000000011908536
205632,SQV,PI,2,88,D,0.0673310519036174
205632,SQV,PI,3,35,G,0.042354459652437185
205632,SQV,PI,4,83,N,0.03042050740588676
205632,SQV,PI,5,57,G,0.028045774587169656
205632,SQV,PI,6,60,E,0.027746307958946614
205632,SQV,PI,7,97,L,0.023027811463727517
205632,SQV,PI,8,23,L,0.02078072163221589
205632,SQV,PI,9,15,V,0.019736434787405242
205632,SQV,PI,10,20,M,0.019647840028370476
117003,SQV,PI,1,90,M,0.9999999522938088
117003,SQV,PI,2,71,T,0.08394313937846619
117003,SQV,PI,3,84,V,0.08226773868561389
117003,SQV,PI,4,93,L,0.07345342896810167
117003,SQV,PI,5,10,F,0.03822294393068289
117003,SQV,PI,6,23,L,0.029770731787282026
117003,SQV,PI,7,57,K,0.028181918377052216
117003,SQV,PI,8,83,N,0.025863482479716867
117003,SQV,PI,9,97,L,0.020428906954214225
117003,SQV,PI,10,89,L,0.01967471356605492
146948,SQV,PI,1,90,M,0.9999999522989198
146948,SQV,PI,2,79,A,0.2664587796902526
146948,SQV,PI,3,84,V,0.08300205537365822
146948,SQV,PI,4,89,V,0.07404421092490296
146948,SQV,PI,5,93,L,0.07166548294189022
146948,SQV,PI,6,20,V,0.04529457448389393
146948,SQV,PI,7,14,R,0.0393763151513174
146948,SQV,PI,8,71,I,0.03481378341544583
146948,SQV,PI,9,11,I,0.032368658582910353
146948,SQV,PI,10,83,N,0.028121989084321924
148115,SQV,PI,1,90,L,0.9999999523055254
148115,SQV,PI,2,93,L,0.03499657009735939
148115,SQV,PI,3,77,I,0.03103970833628613
148115,SQV,PI,4,83,N,0.01185964879619316
148115,SQV,PI,5,23,L,0.009162438339131558
148115,SQV,PI,6,82,V,0.008477418670429115
148115,SQV,PI,7,97,L,0.008431168021707843
148115,SQV,PI,8,89,L,0.007892196217297134
148115,SQV,PI,9,84,I,0.007125404625554863
148115,SQV,PI,10,76,L,0.006498733284510821
115755,SQV,PI,1,90,L,0.9999999523068475
115755,SQV,PI,2,70,E,0.25709285823394107
115755,SQV,PI,3,48,Q,0.1855886094767888
115755,SQV,PI,4,53,L,0.13995532420759516
115755,SQV,PI,5,24,I,0.11444820430704292
115755,SQV,PI,6,72,M,0.06411421934254324
115755,SQV,PI,7,82,A,0.04818482758415972
115755,SQV,PI,8,19,I,0.023956498400306836
115755,SQV,PI,9,73,S,0.01663126371433272
115755,SQV,PI,10,20,M,0.015956841716690543
614760,SQV,PI,1,90,L,0.9999999523059003
614760,SQV,PI,2,10,V,0.023334791013110593
614760,SQV,PI,3,83,N,0.0132008457579948
614760,SQV,PI,4,64,V,0.009880760485127867
614760,SQV,PI,5,23,L,0.009552335943777837
614760,SQV,PI,6,97,L,0.008991215185257091
614760,SQV,PI,7,82,V,0.00893979444595757
614760,SQV,PI,8,89,L,0.007767945257802434
614760,SQV,PI,9,84,I,0.00733726529196445
614760,SQV,PI,10,24,L,0.006784670052984226
615502,SQV,PI,1,90,L,0.999999952305058
615502,SQV,PI,2,92,K,0.29545460178864985
615502,SQV,PI,3,24,I,0.11635488876539316
615502,SQV,PI,4,72,L,0.04937790384322779
615502,SQV,PI,5,82,A,0.044612068447214326
615502,SQV,PI,6,55,R,0.037314317436384734
615502,SQV,PI,7,46,L,0.03045300613835905
615502,SQV,PI,8,20,I,0.01913118568729712
615502,SQV,PI,9,83,N,0.013586664758227042
615502,SQV,PI,10,15,V,0.012140127861443334
615468,SQV,PI,1,90,L,0.9999999523029045
615468,SQV,PI,2,12,E,0.43929860542120935
615468,SQV,PI,3,64,L,0.06791512452443799
615468,SQV,PI,4,19,I,0.029755864937868165
615468,SQV,PI,5,83,N,0.011096789459174236
615468,SQV,PI,6,23,L,0.008677715097174504
615468,SQV,PI,7,82,V,0.008004421462412741
615468,SQV,PI,8,97,L,0.007593992995069754
615468,SQV,PI,9,84,I,0.0064609221824044084
615468,SQV,PI,10,89,L,0.0063542659781251724
615518,SQV,PI,1,95,L,0.748772931086232
615518,SQV,PI,2,90,M,0.7261577075135657
615518,SQV,PI,3,67,F,0.5478282398483502
615518,SQV,PI,4,82,A,0.07057074133536287
615518,SQV,PI,5,93,L,0.06780440173682244
615518,SQV,PI,6,33,I,0.06694568849843509
615518,SQV,PI,7,46,L,0.053896726942342384
615518,SQV,PI,8,58,E,0.05077511599772314
615518,SQV,PI,9,73,S,0.028659442703085916
615518,SQV,PI,10,23,L,0.02446272894403722
147551,SQV,PI,1,90,M,0.9999999522940477
147551,SQV,PI,2,92,K,0.40947493481864666
147551,SQV,PI,3,20,L,0.4057922624835138
147551,SQV,PI,4,88,S,0.19419885908815926
147551,SQV,PI,5,74,S,0.14287712473080136
147551,SQV,PI,6,71,T,0.06908554824067598
147551,SQV,PI,7,77,I,0.04754875169918112
147551,SQV,PI,8,58,E,0.03824653948883952
147551,SQV,PI,9,83,N,0.028830997927592715
147551,SQV,PI,10,23,L,0.023512878033439762
614934,SQV,PI,1,90,L,0.9999999523057113
614934,SQV,PI,2,63,L,0.05717187267295211
614934,SQV,PI,3,10,V,0.023599664055452753
614934,SQV,PI,4,83,N,0.013534858221055907
614934,SQV,PI,5,23,L,0.009951722513926791
614934,SQV,PI,6,82,V,0.009099501908440543
614934,SQV,PI,7,97,L,0.008997484855329417
614934,SQV,PI,8,84,I,0.007659929051519125
614934,SQV,PI,9,24,L,0.0070076180362916105
614934,SQV,PI,10,89,L,0.006850041770140994
206409,SQV,PI,1,90,L,0.9999999523024174
206409,SQV,PI,2,12,I,0.15819151520769836
206409,SQV,PI,3,37,D,0.011454281151334757
206409,SQV,PI,4,15,V,0.011365272383531464
206409,SQV,PI,5,83,N,0.011299053828254368
206409,SQV,PI,6,23,L,0.009104849819801007
206409,SQV,PI,7,82,V,0.00833830268817047
206409,SQV,PI,8,97,L,0.007596693284532843
206409,SQV,PI,9,89,L,0.0067473526723205645
206409,SQV,PI,10,84,I,0.0065550422964118825
615216,SQV,PI,1,90,L,0.9999999523033825
615216,SQV,PI,2,82,A,0.05342102459940634
615216,SQV,PI,3,43,T,0.040396499321916766
615216,SQV,PI,4,60,E,0.020740021276390724
615216,SQV,PI,5,57,K,0.020106107488217406
615216,SQV,PI,6,83,N,0.014971112991839546
615216,SQV,PI,7,15,V,0.013151935324907885
615216,SQV,PI,8,37,D,0.012838335225499237
615216,SQV,PI,9,54,V,0.012227773622281553
615216,SQV,PI,10,64,V,0.011243272758736135
115071,SQV,PI,1,77,T,0.8112127303901027
115071,SQV,PI,2,90,M,0.7511840989687812
115071,SQV,PI,3,16,E,0.20854096639083042
115071,SQV,PI,4,63,L,0.11751607199203207
115071,SQV,PI,5,82,A,0.07187709908850015
115071,SQV,PI,6,84,V,0.06416883967781122
115071,SQV,PI,7,93,L,0.055912076313327994
115071,SQV,PI,8,14,R,0.04274417183172976
115071,SQV,PI,9,37,E,0.041951634951170845
115071,SQV,PI,10,33,F,0.03926577407168283
615316,SQV,PI,1,90,M,0.8902649494166625
615316,SQV,PI,2,67,F,0.713316214066009
615316,SQV,PI,3,45,R,0.17264032982398314
615316,SQV,PI,4,54,M,0.08786981609868248
615316,SQV,PI,5,84,V,0.08078416500518534
615316,SQV,PI,6,20,T,0.05880860204119426
615316,SQV,PI,7,77,I,0.05745419556606926
615316,SQV,PI,8,71,I,0.03933493755119346
615316,SQV,PI,9,73,S,0.03557306061166683
615316,SQV,PI,10,83,N,0.035210085786472375
614788,SQV,PI,1,90,L,0.9999999523055254
614788,SQV,PI,2,93,L,0.03499657009735939
614788,SQV,PI,3,77,I,0.03103970833628613
614788,SQV,PI,4,83,N,0.01185964879619316
614788,SQV,PI,5,23,L,0.009162438339131558
614788,SQV,PI,6,82,V,0.008477418670429115
614788,SQV,PI,7,97,L,0.008431168021707843
614788,SQV,PI,8,89,L,0.007892196217297134
614788,SQV,PI,9,84,I,0.007125404625554863
614788,SQV,PI,10,76,L,0.006498733284510821
115749,TPV,PI,1,48,M,0.9999999523048875
115749,TPV,PI,2,54,S,0.7090927581158774
115749,TPV,PI,3,50,I,0.5135293410958681
115749,TPV,PI,4,51,G,0.30125313553479366
115749,TPV,PI,5,49,G,0.24034828992435636
115749,TPV,PI,6,52,G,0.04737594442998503
115749,TPV,PI,7,43,T,0.02699600410487068
115749,TPV,PI,8,29,D,0.024644665655446065
115749,TPV,PI,9,20,R,0.020978900315471977
115749,TPV,PI,10,84,I,0.01690366511368582
206435,TPV,PI,1,50,I,0.9999999522961491
206435,TPV,PI,2,51,G,0.7238616213688793
206435,TPV,PI,3,49,G,0.4402430656446396
206435,TPV,PI,4,69,Q,0.17389155403285647
206435,TPV,PI,5,52,G,0.07659234550367763
206435,TPV,PI,6,57,G,0.04534966042518422
206435,TPV,PI,7,29,D,0.03854268733931472
206435,TPV,PI,8,48,G,0.026452572098928234
206435,TPV,PI,9,54,I,0.021756368443337337
206435,TPV,PI,10,47,I,0.021375405465216834
187171,TPV,PI,1,50,I,0.9999999523017064
187171,TPV,PI,2,51,G,0.5721471793227147
187171,TPV,PI,3,64,M,0.47734070711455245
187171,TPV,PI,4,49,G,0.41383161889318565
187171,TPV,PI,5,52,G,0.06462875632488356
187171,TPV,PI,6,12,S,0.04773300298674171
187171,TPV,PI,7,29,D,0.03682056227449005
187171,TPV,PI,8,48,G,0.02706494172069992
187171,TPV,PI,9,47,I,0.0236942432187621
187171,TPV,PI,10,54,I,0.02093444294791852
615360,TPV,PI,1,50,L,1.0000000119142105
615360,TPV,PI,2,51,G,0.03172074265159785
615360,TPV,PI,3,49,G,0.029187960608942288
615360,TPV,PI,4,45,R,0.011299765847731768
615360,TPV,PI,5,33,V,0.008035603642171058
615360,TPV,PI,6,52,G,0.00451287000220134
615360,TPV,PI,7,29,D,0.002962977307599805
615360,TPV,PI,8,48,G,0.00221769451842907
615360,TPV,PI,9,73,S,0.0018099957110944134
615360,TPV,PI,10,47,I,0.001677599994312439
235725,TPV,PI,1,50,I,0.9999999522983263
235725,TPV,PI,2,51,G,0.7885847227820353
235725,TPV,PI,3,49,G,0.4555332156356792
235725,TPV,PI,4,36,T,0.2745797643121641
235725,TPV,PI,5,52,G,0.07849437968179075
235725,TPV,PI,6,15,V,0.04179273250746943
235725,TPV,PI,7,29,D,0.041598475702167105
235725,TPV,PI,8,57,G,0.04089509783795637
235725,TPV,PI,9,37,E,0.03348850554183799
235725,TPV,PI,10,48,G,0.027819894585031642
615254,TPV,PI,1,66,L,0.8694695568371077
615254,TPV,PI,2,50,I,0.7068703889669865
615254,TPV,PI,3,51,G,0.4424317302662406
615254,TPV,PI,4,49,G,0.34210150416258267
615254,TPV,PI,5,82,T,0.0986330067349596
615254,TPV,PI,6,71,I,0.06878071592704618
615254,TPV,PI,7,20,T,0.0617349206016438
615254,TPV,PI,8,52,G,0.058670228790303605
615254,TPV,PI,9,89,V,0.052492388396129505
615254,TPV,PI,10,84,V,0.045609935130415315
615042,TPV,PI,1,50,I,0.947909665090696
615042,TPV,PI,2,34,D,0.6260858966224139
615042,TPV,PI,3,51,G,0.6124322064078409
615042,TPV,PI,4,47,V,0.5637018199082137
615042,TPV,PI,5,49,G,0.48131292547307025
615042,TPV,PI,6,54,M,0.25109240733832744
615042,TPV,PI,7,16,E,0.1975955675235028
615042,TPV,PI,8,52,G,0.08713092721013896
615042,TPV,PI,9,32,I,0.0784753120838687
615042,TPV,PI,10,29,D,0.04167379494421684
116912,TPV,PI,1,50,I,0.9999999523023723
116912,TPV,PI,2,51,G,0.5895357718483039
116912,TPV,PI,3,49,G,0.43469709245412747
116912,TPV,PI,4,16,A,0.3239601840916225
116912,TPV,PI,5,52,G,0.0656856667027009
116912,TPV,PI,6,15,V,0.0459320187330812
116912,TPV,PI,7,29,D,0.036272461645474575
116912,TPV,PI,8,48,G,0.029590122555083573
116912,TPV,PI,9,47,I,0.023952037339585758
116912,TPV,PI,10,54,I,0.021456625216910715
614736,TPV,PI,1,50,I,0.9999999522983851
614736,TPV,PI,2,51,G,0.5527912247857294
614736,TPV,PI,3,49,G,0.4145896417970666
614736,TPV,PI,4,63,A,0.07464625878282477
614736,TPV,PI,5,52,G,0.06600974793769021
614736,TPV,PI,6,15,V,0.055564984949487736
614736,TPV,PI,7,29,D,0.03983424753986118
614736,TPV,PI,8,48,G,0.028142710355363115
614736,TPV,PI,9,47,I,0.02383545440130903
614736,TPV,PI,10,54,I,0.023363491105168128
187129,TPV,PI,1,50,I,0.9999999523041588
187129,TPV,PI,2,51,G,0.600323969920959
187129,TPV,PI,3,93,M,0.4524819179112034
187129,TPV,PI,4,49,G,0.40906559975883033
187129,TPV,PI,5,19,Q,0.1740219916864108
187129,TPV,PI,6,52,G,0.06741245408201582
187129,TPV,PI,7,54,V,0.04114178892438608
187129,TPV,PI,8,29,D,0.038481170523879456
187129,TPV,PI,9,60,E,0.031124000065639614
187129,TPV,PI,10,82,A,0.030899970535294953
615440,TPV,PI,1,50,I,0.9999999522970009
615440,TPV,PI,2,51,G,0.5628368383569329
615440,TPV,PI,3,49,G,0.3878070395943496
615440,TPV,PI,4,63,S,0.3596542108538997
615440,TPV,PI,5,64,V,0.06410556122755671
615440,TPV,PI,6,52,G,0.06126374866287809
615440,TPV,PI,7,29,D,0.03692205363765838
615440,TPV,PI,8,77,I,0.03654227830326591
615440,TPV,PI,9,48,G,0.025146083913524433
615440,TPV,PI,10,47,I,0.02186459554457578
615432,TPV,PI,1,48,A,0.9696846947020076
615432,TPV,PI,2,83,D,0.770938765991987
615432,TPV,PI,3,91,N,0.5574036551415231
615432,TPV,PI,4,50,I,0.5152508162517407
615432,TPV,PI,5,51,G,0.2974830649983034
615432,TPV,PI,6,49,G,0.26114687191524283
615432,TPV,PI,7,45,I,0.17313466319273813
615432,TPV,PI,8,52,G,0.04832656278620266
615432,TPV,PI,9,29,D,0.02680543212747504
615432,TPV,PI,10,84,I,0.020479411997487523
615488,TPV,PI,1,50,I,0.9999999523040597
615488,TPV,PI,2,51,G,0.5732230962963376
615488,TPV,PI,3,49,G,0.406395398741475
615488,TPV,PI,4,61,E,0.15487649900474698
615488,TPV,PI,5,52,G,0.0614974129148241
615488,TPV,PI,6,29,D,0.03853276208970151
615488,TPV,PI,7,60,E,0.03589031820984196
615488,TPV,PI,8,77,I,0.03466682693943282
615488,TPV,PI,9,48,G,0.028994369185881858
615488,TPV,PI,10,47,I,0.02232715493406956
148089,TPV,PI,1,50,I,0.9999999523042974
148089,TPV,PI,2,51,G,0.5925370262476186
148089,TPV,PI,3,49,G,0.4427832970273178
148089,TPV,PI,4,79,D,0.25722328577736275
148089,TPV,PI,5,72,T,0.11962103613543142
148089,TPV,PI,6,52,G,0.05906607371004965
148089,TPV,PI,7,20,R,0.034730134174967044
148089,TPV,PI,8,29,D,0.032299054062718324
148089,TPV,PI,9,48,G,0.027789983147519556
148089,TPV,PI,10,60,E,0.02288902630648006
614780,TPV,PI,1,50,I,0.9999999523012875
614780,TPV,PI,2,51,G,0.6595725261656371
614780,TPV,PI,3,49,G,0.4376761844382232
614780,TPV,PI,4,30,N,0.23954705111529037
614780,TPV,PI,5,88,D,0.11136763093745917
614780,TPV,PI,6,36,V,0.09356986949359242
614780,TPV,PI,7,52,G,0.06593220656202262
614780,TPV,PI,8,29,D,0.05043349501652211
614780,TPV,PI,9,20,R,0.0421859236122978
614780,TPV,PI,10,54,V,0.03687636914387069
116511,TPV,PI,1,50,I,0.9999999523013986
116511,TPV,PI,2,51,G,0.5475281109527337
116511,TPV,PI,3,49,G,0.4636372713030642
116511,TPV,PI,4,22,V,0.438788802787066
116511,TPV,PI,5,69,Q,0.15249890613782646
116511,TPV,PI,6,84,V,0.09348703010578092
116511,TPV,PI,7,32,I,0.08697460225429879
116511,TPV,PI,8,52,G,0.06967147996171949
116511,TPV,PI,9,11,I,0.06249755879493374
116511,TPV,PI,10,64,V,0.05454848598147285
117037,TPV,PI,1,50,I,0.9999999523053028
117037,TPV,PI,2,24,F,0.5362506377704119
117037,TPV,PI,3,49,G,0.5235497748800512
117037,TPV,PI,4,51,G,0.48325271661920044
117037,TPV,PI,5,74,P,0.30141112688154775
117037,TPV,PI,6,16,A,0.16698048476601207
117037,TPV,PI,7,52,G,0.09523616669183174
117037,TPV,PI,8,53,L,0.08854488347793571
117037,TPV,PI,9,32,I,0.06233595644597989
117037,TPV,PI,10,43,T,0.0537125138990488
615054,TPV,PI,1,50,I,0.8878767013420767
615054,TPV,PI,2,73,A,0.6665167688895881
615054,TPV,PI,3,51,G,0.5447387909222482
615054,TPV,PI,4,49,G,0.3792962855281245
615054,TPV,PI,5,18,H,0.2438780076338436
615054,TPV,PI,6,34,Q,0.15633533513902947
615054,TPV,PI,7,71,T,0.14440966731582366
615054,TPV,PI,8,20,M,0.11259772957044738
615054,TPV,PI,9,89,V,0.08184671551293236
615054,TPV,PI,10,76,V,0.07723185868061799
117073,TPV,PI,1,50,I,0.9999999522951516
117073,TPV,PI,2,51,G,0.5984759044433673
117073,TPV,PI,3,49,G,0.43840886792062955
117073,TPV,PI,4,52,G,0.06893344544901044
117073,TPV,PI,5,54,V,0.05231869110181685
117073,TPV,PI,6,72,V,0.045467046842771364
117073,TPV,PI,7,82,A,0.03872345415197845
117073,TPV,PI,8,29,D,0.037207704450533396
117073,TPV,PI,9,48,G,0.03039685819276678
117073,TPV,PI,10,47,I,0.02811821377485349
109462,TPV,PI,1,50,I,0.9999999523014633
109462,TPV,PI,2,51,G,0.5307748181274803
109462,TPV,PI,3,49,G,0.3980831526312897
109462,TPV,PI,4,37,T,0.06687218219039175
109462,TPV,PI,5,52,G,0.06396224699504018
109462,TPV,PI,6,29,D,0.03887162320419801
109462,TPV,PI,7,48,G,0.027898266889783467
109462,TPV,PI,8,47,I,0.022650525685670803
109462,TPV,PI,9,54,I,0.02215764013826256
109462,TPV,PI,10,84,I,0.020093285311316596
147991,TPV,PI,1,50,I,0.9999999523003611
147991,TPV,PI,2,51,G,0.6006991551388636
147991,TPV,PI,3,49,G,0.48140365049582945
147991,TPV,PI,4,71,T,0.1770198039641535
147991,TPV,PI,5,33,I,0.12238943771534364
147991,TPV,PI,6,84,V,0.10887774662764244
147991,TPV,PI,7,52,G,0.07319639796707843
147991,TPV,PI,8,35,G,0.06818812989848969
147991,TPV,PI,9,73,S,0.05117123033224512
147991,TPV,PI,10,29,D,0.04922720443474552
614794,TPV,PI,1,50,I,0.9999999523020316
614794,TPV,PI,2,51,G,0.5838729510920947
614794,TPV,PI,3,49,G,0.42388930507256717
614794,TPV,PI,4,16,E,0.24651720530116877
614794,TPV,PI,5,63,A,0.0685533418862939
614794,TPV,PI,6,52,G,0.06690208885711021
614794,TPV,PI,7,29,D,0.04102333665167461
614794,TPV,PI,8,48,G,0.029115606858074232
614794,TPV,PI,9,47,I,0.02399537695191338
614794,TPV,PI,10,54,I,0.022118706698970814
614886,TPV,PI,1,50,I,0.9999999523000381
614886,TPV,PI,2,51,G,0.5519349552689619
614886,TPV,PI,3,49,G,0.42573042458521987
614886,TPV,PI,4,71,T,0.173316224620501
614886,TPV,PI,5,52,G,0.06425578745445164
614886,TPV,PI,6,29,D,0.03574649888507526
614886,TPV,PI,7,48,G,0.028479128847060907
614886,TPV,PI,8,47,I,0.023381849312768068
614886,TPV,PI,9,54,I,0.02138368656560065
614886,TPV,PI,10,84,I,0.019166325277795458
105320,TPV,PI,1,50,I,0.9999999523015337
105320,TPV,PI,2,51,G,0.6128468487581067
105320,TPV,PI,3,49,G,0.4493081576261452
105320,TPV,PI,4,88,S,0.3138421013727791
105320,TPV,PI,5,85,V,0.25812668027492763
105320,TPV,PI,6,71,T,0.1613635569217579
105320,TPV,PI,7,20,T,0.13164289691114298
105320,TPV,PI,8,52,G,0.07145032354832044
105320,TPV,PI,9,15,V,0.04612395447475502
105320,TPV,PI,10,29,D,0.042877649559699055
614606,TPV,PI,1,50,I,0.9684912681438658
614606,TPV,PI,2,23,I,0.7325367656245763
614606,TPV,PI,3,51,G,0.5467159307770779
614606,TPV,PI,4,49,G,0.46959086859846244
614606,TPV,PI,5,16,A,0.2470774347084904
614606,TPV,PI,6,82,T,0.1651591822573632
614606,TPV,PI,7,89,V,0.10243478236201313
614606,TPV,PI,8,33,I,0.0816893909031467
614606,TPV,PI,9,52,G,0.08099021521406251
614606,TPV,PI,10,43,T,0.06486790064678709
143350,TPV,PI,1,66,F,0.7832071296922234
143350,TPV,PI,2,50,I,0.7314638614489141
143350,TPV,PI,3,51,G,0.45235238823017493
143350,TPV,PI,4,49,G,0.3248421185291926
143350,TPV,PI,5,39,T,0.16568237686030104
143350,TPV,PI,6,69,K,0.15459278322984246
143350,TPV,PI,7,89,M,0.1261889627432387
143350,TPV,PI,8,16,E,0.10005171905073214
143350,TPV,PI,9,52,G,0.05397221392571134
143350,TPV,PI,10,74,S,0.04512259924777543
117071,TPV,PI,1,50,I,0.9999999523058153
117071,TPV,PI,2,24,F,0.6101958669340961
117071,TPV,PI,3,51,G,0.5494735553457968
117071,TPV,PI,4,49,G,0.5410480157198546
117071,TPV,PI,5,52,G,0.09727312304622848
117071,TPV,PI,6,29,D,0.047900067999656494
117071,TPV,PI,7,73,S,0.0387407711065064
117071,TPV,PI,8,54,V,0.03475685769486678
117071,TPV,PI,9,84,I,0.0332213047649267
117071,TPV,PI,10,48,G,0.030458568108061298
206421,TPV,PI,1,50,I,0.9999999523016564
206421,TPV,PI,2,51,G,0.7911428830503724
206421,TPV,PI,3,49,G,0.47070210441190163
206421,TPV,PI,4,30,N,0.24588250327959585
206421,TPV,PI,5,88,D,0.11205971117902813
206421,TPV,PI,6,20,T,0.11125559150655034
206421,TPV,PI,7,52,G,0.07950035884752708
206421,TPV,PI,8,29,D,0.05851345371471505
206421,TPV,PI,9,57,G,0.04191510503327719
206421,TPV,PI,10,15,V,0.04106525689292988
206413,TPV,PI,1,50,I,0.999999952299337
206413,TPV,PI,2,51,G,0.6999019936589841
206413,TPV,PI,3,49,G,0.4305886506831639
206413,TPV,PI,4,52,G,0.07522949182961804
206413,TPV,PI,5,15,V,0.04598176670687418
206413,TPV,PI,6,57,G,0.04431972182914204
206413,TPV,PI,7,29,D,0.03791503748417839
206413,TPV,PI,8,48,G,0.02711313937069272
206413,TPV,PI,9,54,I,0.022379775562707843
206413,TPV,PI,10,47,I,0.0203184468046344
615402,TPV,PI,1,50,I,0.9999999523004817
615402,TPV,PI,2,51,G,0.5186847096100274
615402,TPV,PI,3,49,G,0.40955308791805195
615402,TPV,PI,4,52,G,0.06403071166554747
615402,TPV,PI,5,72,V,0.0416891174492589
615402,TPV,PI,6,29,D,0.03800561028202665
615402,TPV,PI,7,48,G,0.02692301704163239
615402,TPV,PI,8,47,I,0.022618340105052297
615402,TPV,PI,9,54,I,0.022485468757014626
615402,TPV,PI,10,84,I,0.020093927640732718
615024,TPV,PI,1,50,I,0.9999999522979305
615024,TPV,PI,2,24,I,0.5258208291062769
615024,TPV,PI,3,49,G,0.49607243297544723
615024,TPV,PI,4,51,G,0.44281984002597247
615024,TPV,PI,5,53,L,0.09599328245881779
615024,TPV,PI,6,20,T,0.09080613491672132
615024,TPV,PI,7,52,G,0.07316902833154192
615024,TPV,PI,8,76,V,0.06234297186071149
615024,TPV,PI,9,48,G,0.05118530940747151
615024,TPV,PI,10,12,P,0.049078665014636036
614684,TPV,PI,1,50,I,0.9999999523023928
614684,TPV,PI,2,51,G,0.5531889190369906
614684,TPV,PI,3,49,G,0.4467498229528304
614684,TPV,PI,4,89,M,0.3072880620147456
614684,TPV,PI,5,63,V,0.29167096876820847
614684,TPV,PI,6,76,V,0.10428292295465404
614684,TPV,PI,7,52,G,0.06791213188187034
614684,TPV,PI,8,15,V,0.04449058547933521
614684,TPV,PI,9,54,V,0.04372806126720764
614684,TPV,PI,10,29,D,0.03955889110998534
257947,TPV,PI,1,50,I,0.8735545396668247
257947,TPV,PI,2,89,I,0.7153168264925187
257947,TPV,PI,3,51,G,0.5512080383356611
257947,TPV,PI,4,49,G,0.3667853890699259
257947,TPV,PI,5,43,R,0.23955704741502235
257947,TPV,PI,6,63,H,0.21387238560690183
257947,TPV,PI,7,37,A,0.12255553568767497
257947,TPV,PI,8,20,M,0.08990049149271974
257947,TPV,PI,9,33,I,0.06419902469093257
257947,TPV,PI,10,52,G,0.05833298907344132
259227,TPV,PI,1,50,I,0.9999999523009685
259227,TPV,PI,2,51,G,0.6469102811893532
259227,TPV,PI,3,49,G,0.44510053239895286
259227,TPV,PI,4,72,T,0.1569606280117277
259227,TPV,PI,5,63,T,0.1536244575307237
259227,TPV,PI,6,20,T,0.1107885039739055
259227,TPV,PI,7,52,G,0.07779554015973736
259227,TPV,PI,8,74,S,0.07231127594573561
259227,TPV,PI,9,35,G,0.05081739676549921
259227,TPV,PI,10,64,V,0.04617813498265584
148055,TPV,PI,1,50,I,0.9999999523005896
148055,TPV,PI,2,51,G,0.5351824392894619
148055,TPV,PI,3,49,G,0.3916033410097952
148055,TPV,PI,4,70,R,0.08636563438313954
148055,TPV,PI,5,63,A,0.06601902507579922
148055,TPV,PI,6,64,V,0.06004821434853646
148055,TPV,PI,7,52,G,0.05946497823904251
148055,TPV,PI,8,15,V,0.045040526315526075
148055,TPV,PI,9,29,D,0.0366892741627286
148055,TPV,PI,10,48,G,0.027288959569051415
205601,TPV,PI,1,50,I,0.9453215718097483
205601,TPV,PI,2,73,C,0.6454598428707095
205601,TPV,PI,3,51,G,0.5950929481476357
205601,TPV,PI,4,49,G,0.4231048927713229
205601,TPV,PI,5,72,E,0.3325651616596452
205601,TPV,PI,6,70,R,0.07065966880296731
205601,TPV,PI,7,52,G,0.06213603209534327
205601,TPV,PI,8,64,V,0.04793920642003729
205601,TPV,PI,9,29,D,0.041691313684071404
205601,TPV,PI,10,57,G,0.03561061344063162
614868,TPV,PI,1,50,I,0.9999999523007841
614868,TPV,PI,2,51,G,0.5700405327919353
614868,TPV,PI,3,49,G,0.4271451375017183
614868,TPV,PI,4,52,G,0.06443687665886418
614868,TPV,PI,5,29,D,0.03511017024943611
614868,TPV,PI,6,48,G,0.02875093311273877
614868,TPV,PI,7,47,I,0.02302567161667675
614868,TPV,PI,8,54,I,0.021297946508001476
614868,TPV,PI,9,84,I,0.019313947300407818
614868,TPV,PI,10,71,A,0.015157634506500994
145194,TPV,PI,1,50,I,0.9999999522999116
145194,TPV,PI,2,51,G,0.560703264461561
145194,TPV,PI,3,49,G,0.4003906302257294
145194,TPV,PI,4,52,G,0.06178186333235433
145194,TPV,PI,5,12,S,0.05453698062914043
145194,TPV,PI,6,72,V,0.040654395640536446
145194,TPV,PI,7,29,D,0.03835749174525119
145194,TPV,PI,8,77,I,0.037290641814409775
145194,TPV,PI,9,48,G,0.025944295792629864
145194,TPV,PI,10,47,I,0.02249605961706919
198541,TPV,PI,1,50,I,0.9999999523004202
198541,TPV,PI,2,51,G,0.5731394020550163
198541,TPV,PI,3,49,G,0.42553939402665686
198541,TPV,PI,4,37,T,0.07373125316747432
198541,TPV,PI,5,52,G,0.06388016896162882
198541,TPV,PI,6,64,V,0.0593998390305913
198541,TPV,PI,7,29,D,0.035414158535568147
198541,TPV,PI,8,48,G,0.027188963027959256
198541,TPV,PI,9,47,I,0.02370706746176462
198541,TPV,PI,10,54,I,0.021557750451219083
123041,TPV,PI,1,54,T,0.9999999523081303
123041,TPV,PI,2,50,I,0.6192236337613799
123041,TPV,PI,3,48,V,0.6162852408793846
123041,TPV,PI,4,51,G,0.36138530221113646
123041,TPV,PI,5,49,G,0.30442659535906047
123041,TPV,PI,6,69,R,0.08424766593960205
123041,TPV,PI,7,71,I,0.06515101702357928
123041,TPV,PI,8,84,V,0.06346641681288273
123041,TPV,PI,9,52,G,0.05404122038518851
123041,TPV,PI,10,43,T,0.03836251861755978
143463,TPV,PI,1,50,I,0.9999999522996061
143463,TPV,PI,2,51,G,0.6450218356483732
143463,TPV,PI,3,49,G,0.47601262219403406
143463,TPV,PI,4,85,V,0.2827443222496437
143463,TPV,PI,5,71,I,0.13215143412860708
143463,TPV,PI,6,33,I,0.11251962664701518
143463,TPV,PI,7,32,I,0.09022467479954475
143463,TPV,PI,8,52,G,0.07494166854935246
143463,TPV,PI,9,29,D,0.05022828895687883
143463,TPV,PI,10,54,V,0.044652743129795384
172136,TPV,PI,1,50,I,0.9999999523010416
172136,TPV,PI,2,47,V,0.5732508669414211
172136,TPV,PI,3,51,G,0.5632915398442593
172136,TPV,PI,4,49,G,0.48266804406051955
172136,TPV,PI,5,72,Y,0.3809399047085134
172136,TPV,PI,6,32,I,0.07054408723892919
172136,TPV,PI,7,52,G,0.0693418312877402
172136,TPV,PI,8,73,S,0.04355983214552994
172136,TPV,PI,9,29,D,0.04200608120299089
172136,TPV,PI,10,48,G,0.03532007597626335
235701,TPV,PI,1,50,I,0.99999995229547
235701,TPV,PI,2,34,S,0.6985221386908304
235701,TPV,PI,3,51,G,0.6259757282028786
235701,TPV,PI,4,82,I,0.6144572882422041
235701,TPV,PI,5,49,G,0.5204821553084548
235701,TPV,PI,6,47,V,0.46814652075985425
235701,TPV,PI,7,77,T,0.2877508008063748
235701,TPV,PI,8,89,M,0.21305482658362127
235701,TPV,PI,9,54,M,0.1905888018854376
235701,TPV,PI,10,85,V,0.1824519125208678
187155,TPV,PI,1,50,I,0.9999999523007186
187155,TPV,PI,2,51,G,0.5473296689770346
187155,TPV,PI,3,49,G,0.4415182410072457
187155,TPV,PI,4,18,H,0.3467406716240848
187155,TPV,PI,5,20,I,0.18464373004981635
187155,TPV,PI,6,72,M,0.18198605178447397
187155,TPV,PI,7,84,V,0.09216998458254849
187155,TPV,PI,8,52,G,0.06764820244200724
187155,TPV,PI,9,11,I,0.060207736814665756
187155,TPV,PI,10,29,D,0.047891967616170955
216617,TPV,PI,1,50,I,0.9999999522971588
216617,TPV,PI,2,51,G,0.7080197625608599
216617,TPV,PI,3,49,G,0.4423631741544597
216617,TPV,PI,4,52,G,0.07737932334243208
216617,TPV,PI,5,63,A,0.06554526460723889
216617,TPV,PI,6,57,G,0.04841564984334352
216617,TPV,PI,7,29,D,0.04232995660654218
216617,TPV,PI,8,48,G,0.027077356751968464
216617,TPV,PI,9,54,I,0.023170399072896614
216617,TPV,PI,10,47,I,0.02121002225692461
614970,TPV,PI,1,83,S,0.9721506227388443
614970,TPV,PI,2,50,I,0.6708920717115713
614970,TPV,PI,3,51,G,0.41666817760568087
614970,TPV,PI,4,49,G,0.31793647011929765
614970,TPV,PI,5,22,V,0.15152943729256696
614970,TPV,PI,6,85,V,0.09368401743917996
614970,TPV,PI,7,52,G,0.04826031995655925
614970,TPV,PI,8,84,V,0.03627798341732058
614970,TPV,PI,9,29,D,0.028107925743032662
614970,TPV,PI,10,35,G,0.021585417166058656
614474,TPV,PI,1,50,I,0.9999999523033762
614474,TPV,PI,2,51,G,0.5667197342161867
614474,TPV,PI,3,49,G,0.4206687966330746
614474,TPV,PI,4,12,I,0.10738231757516027
614474,TPV,PI,5,52,G,0.06658270063210744
614474,TPV,PI,6,29,D,0.0379058820180392
614474,TPV,PI,7,48,G,0.03056015881248069
614474,TPV,PI,8,57,K,0.022477625929794284
614474,TPV,PI,9,47,I,0.022268953992661454
614474,TPV,PI,10,54,I,0.021892353597876855
615074,TPV,PI,1,50,L,1.0000000119156331
615074,TPV,PI,2,51,G,0.032449311489517976
615074,TPV,PI,3,49,G,0.028108625829191
615074,TPV,PI,4,71,T,0.007830661116362688
615074,TPV,PI,5,72,T,0.0074018488451760974
615074,TPV,PI,6,52,G,0.004359000131148871
615074,TPV,PI,7,29,D,0.0023478073609961643
615074,TPV,PI,8,48,G,0.002005915332288613
615074,TPV,PI,9,47,I,0.0014021039180034823
615074,TPV,PI,10,84,I,0.0012795685650357454
615270,TPV,PI,1,50,I,0.9999999523032872
615270,TPV,PI,2,51,G,0.5422565610453989
615270,TPV,PI,3,49,G,0.4299288062035641
615270,TPV,PI,4,52,G,0.06400510210390822
615270,TPV,PI,5,29,D,0.03692119439027
615270,TPV,PI,6,48,G,0.02991726306756153
615270,TPV,PI,7,47,I,0.022965926394487836
615270,TPV,PI,8,54,I,0.02146061344226411
615270,TPV,PI,9,84,I,0.019244115512954445
615270,TPV,PI,10,71,A,0.015730357371102163
259207,TPV,PI,1,50,I,0.999999952299347
259207,TPV,PI,2,51,G,0.5701172464093343
259207,TPV,PI,3,49,G,0.4179662194913647
259207,TPV,PI,4,69,Q,0.17730525570973912
259207,TPV,PI,5,52,G,0.06586845734874512
259207,TPV,PI,6,12,S,0.0580073961504905
259207,TPV,PI,7,29,D,0.03534813755641197
259207,TPV,PI,8,19,I,0.028851733523122876
259207,TPV,PI,9,48,G,0.0252788736786168
259207,TPV,PI,10,57,K,0.02509451686268849
615536,TPV,PI,1,50,I,0.9999999523007077
615536,TPV,PI,2,51,G,0.5083493895128754
615536,TPV,PI,3,49,G,0.441305990833446
615536,TPV,PI,4,82,T,0.18136943257704916
615536,TPV,PI,5,63,C,0.142955409732211
615536,TPV,PI,6,84,V,0.08367144057851093
615536,TPV,PI,7,74,S,0.07568564603296031
615536,TPV,PI,8,32,I,0.07383670068043521
615536,TPV,PI,9,52,G,0.06870896404349229
615536,TPV,PI,10,64,V,0.055614685303977215
145208,TPV,PI,1,50,I,0.9999999523004264
145208,TPV,PI,2,51,G,0.5479834355502202
145208,TPV,PI,3,49,G,0.4037842825508815
145208,TPV,PI,4,52,G,0.06098174975820613
145208,TPV,PI,5,15,V,0.04355064046550315
145208,TPV,PI,6,29,D,0.03558654274741955
145208,TPV,PI,7,48,G,0.028970718588968485
145208,TPV,PI,8,47,I,0.023080927797151568
145208,TPV,PI,9,54,I,0.02022109964696081
145208,TPV,PI,10,84,I,0.018653802343183465
89952,TPV,PI,1,89,F,0.8872146159971087
89952,TPV,PI,2,50,I,0.8245805620968011
89952,TPV,PI,3,51,G,0.5313619870408224
89952,TPV,PI,4,49,G,0.4102148778380198
89952,TPV,PI,5,47,V,0.32147445301563393
89952,TPV,PI,6,70,T,0.20849469910001067
89952,TPV,PI,7,54,M,0.1652218331041102
89952,TPV,PI,8,33,M,0.13062438307331367
89952,TPV,PI,9,82,T,0.11898037029765647
89952,TPV,PI,10,52,G,0.06978598061952704
615206,TPV,PI,1,50,I,0.9483061551926969
615206,TPV,PI,2,48,V,0.7901393215386674
615206,TPV,PI,3,51,G,0.5449494218747487
615206,TPV,PI,4,49,G,0.444614336187157
615206,TPV,PI,5,91,S,0.39605928111033445
615206,TPV,PI,6,74,A,0.25172269882992127
615206,TPV,PI,7,61,E,0.11415698644832391
615206,TPV,PI,8,52,G,0.0839413797852499
615206,TPV,PI,9,84,V,0.08015247792099003
615206,TPV,PI,10,43,T,0.04976343016421197
614494,TPV,PI,1,50,I,0.7482600331130639
614494,TPV,PI,2,66,F,0.7175839127567254
614494,TPV,PI,3,51,G,0.4086556886959585
614494,TPV,PI,4,49,G,0.3485161607023133
614494,TPV,PI,5,62,M,0.2922591835163998
614494,TPV,PI,6,69,Q,0.08090296203481648
614494,TPV,PI,7,64,L,0.0672807496854797
614494,TPV,PI,8,52,G,0.05772844312717436
614494,TPV,PI,9,84,V,0.05223661893836769
614494,TPV,PI,10,29,D,0.02919404156142571
614988,TPV,PI,1,50,I,0.9863720059218674
614988,TPV,PI,2,69,Y,0.625742326150541
614988,TPV,PI,3,51,G,0.6184140070044182
614988,TPV,PI,4,49,G,0.46733053073840414
614988,TPV,PI,5,39,Q,0.34057099492455334
614988,TPV,PI,6,52,G,0.06687653979877518
614988,TPV,PI,7,29,D,0.04390273885553068
614988,TPV,PI,8,48,G,0.02694199659754995
614988,TPV,PI,9,47,I,0.024287087058241612
614988,TPV,PI,10,84,I,0.021625551165330145
614662,TPV,PI,1,50,I,0.9999999523031706
614662,TPV,PI,2,51,G,0.5534639844266841
614662,TPV,PI,3,49,G,0.4108349209402553
614662,TPV,PI,4,16,E,0.21617764057801014
614662,TPV,PI,5,63,T,0.17949393521460932
614662,TPV,PI,6,52,G,0.06124819462233718
614662,TPV,PI,7,20,R,0.04926345038105394
614662,TPV,PI,8,72,V,0.04474164871729048
614662,TPV,PI,9,29,D,0.037161202930337464
614662,TPV,PI,10,48,G,0.02757456153419587
614452,TPV,PI,1,83,H,0.9999999523050831
614452,TPV,PI,2,50,I,0.6519832505136391
614452,TPV,PI,3,51,G,0.3462582395421418
614452,TPV,PI,4,49,G,0.30521973129188823
614452,TPV,PI,5,79,A,0.10549053744885689
614452,TPV,PI,6,16,A,0.09792280407928089
614452,TPV,PI,7,20,I,0.05768536917811481
614452,TPV,PI,8,52,G,0.0448220295737443
614452,TPV,PI,9,89,V,0.04034156751114629
614452,TPV,PI,10,84,V,0.040204493750984574
614840,TPV,PI,1,50,I,0.9999999523022386
614840,TPV,PI,2,51,G,0.6005432654974775
614840,TPV,PI,3,49,G,0.42271280505369474
614840,TPV,PI,4,33,V,0.23569327745752816
614840,TPV,PI,5,52,G,0.06446128621363462
614840,TPV,PI,6,29,D,0.04613147073556555
614840,TPV,PI,7,60,E,0.0345302509176324
614840,TPV,PI,8,48,G,0.029122939722008963
614840,TPV,PI,9,47,I,0.023038079279907003
614840,TPV,PI,10,54,I,0.020959887976904228
614828,TPV,PI,1,50,I,0.9999999523004628
614828,TPV,PI,2,51,G,0.621870306889439
614828,TPV,PI,3,49,G,0.4934132134397034
614828,TPV,PI,4,8,Q,0.43763932531081007
614828,TPV,PI,5,30,N,0.24942177964375006
614828,TPV,PI,6,88,D,0.11106785064205531
614828,TPV,PI,7,33,I,0.1037669450941842
614828,TPV,PI,8,52,G,0.07265960354322903
614828,TPV,PI,9,29,D,0.06419073347693519
614828,TPV,PI,10,46,L,0.04724876051681979
614826,TPV,PI,1,50,I,0.999999952299173
614826,TPV,PI,2,51,G,0.570259658065847
614826,TPV,PI,3,49,G,0.42159683539591813
614826,TPV,PI,4,52,G,0.06445407117145285
614826,TPV,PI,5,29,D,0.03518863199404377
614826,TPV,PI,6,48,G,0.027710810159319435
614826,TPV,PI,7,47,I,0.02317852040705572
614826,TPV,PI,8,54,I,0.021457182778572767
614826,TPV,PI,9,84,I,0.019223191770987302
614826,TPV,PI,10,71,A,0.015490252192730024
615482,TPV,PI,1,50,I,0.9999999523018233
615482,TPV,PI,2,24,I,0.6037674936944498
615482,TPV,PI,3,51,G,0.558275899409445
615482,TPV,PI,4,49,G,0.5122436676358441
615482,TPV,PI,5,54,M,0.21441293649966162
615482,TPV,PI,6,64,L,0.10457208829427127
615482,TPV,PI,7,52,G,0.09193318967886958
615482,TPV,PI,8,29,D,0.04477610499004597
615482,TPV,PI,9,48,G,0.028887473647813973
615482,TPV,PI,10,72,V,0.027343768444878253
113058,TPV,PI,1,48,I,0.9999999523020737
113058,TPV,PI,2,50,I,0.43846724760494116
113058,TPV,PI,3,51,G,0.29845601556424783
113058,TPV,PI,4,49,G,0.19217814493853977
113058,TPV,PI,5,20,V,0.046456197312871046
113058,TPV,PI,6,54,L,0.04583612311334692
113058,TPV,PI,7,71,I,0.03530162275022196
113058,TPV,PI,8,52,G,0.03474641886840534
113058,TPV,PI,9,84,V,0.026836777790048623
113058,TPV,PI,10,76,V,0.026017375017889983
615226,TPV,PI,1,50,I,0.9999999523030673
615226,TPV,PI,2,51,G,0.5447431225861514
615226,TPV,PI,3,49,G,0.4344497878223181
615226,TPV,PI,4,54,L,0.20482244935162255
615226,TPV,PI,5,76,V,0.09419944636069733
615226,TPV,PI,6,32,I,0.07789130069994668
615226,TPV,PI,7,52,G,0.07272400243995095
615226,TPV,PI,8,20,R,0.04688760368224657
615226,TPV,PI,9,29,D,0.04227984739538725
615226,TPV,PI,10,15,V,0.04152305914981204
107981,TPV,PI,1,50,L,1.0000000119177068
107981,TPV,PI,2,73,T,0.06385846261450707
107981,TPV,PI,3,95,F,0.0398764610432907
107981,TPV,PI,4,49,G,0.035581611987247255
107981,TPV,PI,5,51,G,0.03474400380034318
107981,TPV,PI,6,52,G,0.007154128270570214
107981,TPV,PI,7,43,T,0.004968394082925717
107981,TPV,PI,8,29,D,0.0034862007600061245
107981,TPV,PI,9,84,I,0.003111307898736976
107981,TPV,PI,10,77,I,0.0029392821405558843
615194,TPV,PI,1,50,I,0.9999999522975465
615194,TPV,PI,2,24,I,0.6557947937751978
615194,TPV,PI,3,51,G,0.5328443974517165
615194,TPV,PI,4,49,G,0.4913225946429075
615194,TPV,PI,5,91,S,0.43339858943415027
615194,TPV,PI,6,19,V,0.14061232791504805
615194,TPV,PI,7,36,L,0.08715276221186888
615194,TPV,PI,8,52,G,0.07424996329325113
615194,TPV,PI,9,46,L,0.045309536089599256
615194,TPV,PI,10,48,G,0.040558799691623765
206437,TPV,PI,1,50,I,0.9999999523050407
206437,TPV,PI,2,24,F,0.6303120241283474
206437,TPV,PI,3,51,G,0.6073271886777094
206437,TPV,PI,4,49,G,0.5364449119164361
206437,TPV,PI,5,79,D,0.2588116345071085
206437,TPV,PI,6,34,Q,0.18675634175152966
206437,TPV,PI,7,84,V,0.11024260852860729
206437,TPV,PI,8,52,G,0.11003824011315329
206437,TPV,PI,9,29,D,0.05361523103810356
206437,TPV,PI,10,12,P,0.05266276286545328
615166,TPV,PI,1,50,I,0.9999999522998492
615166,TPV,PI,2,51,G,0.5189078538853122
615166,TPV,PI,3,49,G,0.4813403372462285
615166,TPV,PI,4,47,V,0.45739464040325944
615166,TPV,PI,5,82,T,0.14737849589796956
615166,TPV,PI,6,53,L,0.10435594932871996
615166,TPV,PI,7,20,M,0.10052578844367016
615166,TPV,PI,8,52,G,0.07858315738679646
615166,TPV,PI,9,36,L,0.06470643220458303
615166,TPV,PI,10,32,I,0.05540000620544637
615540,TPV,PI,1,50,V,1.0000000119179298
615540,TPV,PI,2,51,G,0.020306310311286508
615540,TPV,PI,3,49,G,0.017690112380114812
615540,TPV,PI,4,54,L,0.005507431227279158
615540,TPV,PI,5,52,G,0.0035205417576849724
615540,TPV,PI,6,11,L,0.0035019847534169977
615540,TPV,PI,7,89,V,0.003141776337148219
615540,TPV,PI,8,29,D,0.0016039848841448074
615540,TPV,PI,9,20,R,0.0015349604693891358
615540,TPV,PI,10,73,S,0.0014992684845935027
187169,TPV,PI,1,50,I,0.9999999523029771
187169,TPV,PI,2,51,G,0.571902056703141
187169,TPV,PI,3,64,M,0.43739824367902597
187169,TPV,PI,4,49,G,0.40342520375409163
187169,TPV,PI,5,7,R,0.23172452634580387
187169,TPV,PI,6,52,G,0.06365676310156995
187169,TPV,PI,7,12,S,0.04380032166519033
187169,TPV,PI,8,29,D,0.03679685429687936
187169,TPV,PI,9,48,G,0.02737013487752056
187169,TPV,PI,10,47,I,0.023191177006218717
147550,TPV,PI,1,66,V,0.9097222350594321
147550,TPV,PI,2,50,I,0.693757009491173
147550,TPV,PI,3,51,G,0.44067424302815633
147550,TPV,PI,4,49,G,0.37765300878406166
147550,TPV,PI,5,47,V,0.23889175015058417
147550,TPV,PI,6,54,M,0.11773461349055614
147550,TPV,PI,7,20,V,0.08410949451369791
147550,TPV,PI,8,12,K,0.07563695213029586
147550,TPV,PI,9,52,G,0.0681030411258087
147550,TPV,PI,10,84,V,0.04579545765044711
187147,TPV,PI,1,50,I,0.9999999523027265
187147,TPV,PI,2,51,G,0.5136118062994189
187147,TPV,PI,3,49,G,0.39523625526559647
187147,TPV,PI,4,52,G,0.062414775349980245
187147,TPV,PI,5,29,D,0.036624517592529944
187147,TPV,PI,6,48,G,0.029758755364531264
187147,TPV,PI,7,47,I,0.02206757492523846
187147,TPV,PI,8,54,I,0.021639375081501343
187147,TPV,PI,9,84,I,0.0196009676957781
187147,TPV,PI,10,66,I,0.01817080997351538
205691,TPV,PI,1,50,I,0.9999999522997
205691,TPV,PI,2,51,G,0.6861969141415996
205691,TPV,PI,3,49,G,0.46100093991553237
205691,TPV,PI,4,52,G,0.07870331178662847
205691,TPV,PI,5,73,S,0.0507491736576184
205691,TPV,PI,6,57,G,0.050126003707981745
205691,TPV,PI,7,29,D,0.04215950044159357
205691,TPV,PI,8,48,G,0.02731850436884533
205691,TPV,PI,9,54,I,0.02323879485732891
205691,TPV,PI,10,84,I,0.02248022173406867
257941,TPV,PI,1,50,I,0.9999999522992793
257941,TPV,PI,2,51,G,0.715711357019864
257941,TPV,PI,3,49,G,0.4280075046892794
257941,TPV,PI,4,64,L,0.14330376988299648
257941,TPV,PI,5,52,G,0.07336311817812725
257941,TPV,PI,6,57,G,0.04136481407498062
257941,TPV,PI,7,29,D,0.038323467690903834
257941,TPV,PI,8,77,I,0.03516217971734544
257941,TPV,PI,9,72,V,0.03493752908891992
257941,TPV,PI,10,48,G,0.026560302037612865
109412,TPV,PI,1,50,I,0.9999999523006883
109412,TPV,PI,2,51,G,0.5190486551045139
109412,TPV,PI,3,49,G,0.3902705862188017
109412,TPV,PI,4,52,G,0.06094856660786407
109412,TPV,PI,5,64,V,0.05995793846642759
109412,TPV,PI,6,29,D,0.036316300958547536
109412,TPV,PI,7,48,G,0.026628998845278362
109412,TPV,PI,8,47,I,0.021921438200606404
109412,TPV,PI,9,54,I,0.021361767377647452
109412,TPV,PI,10,84,I,0.019276355245768408
615172,TPV,PI,1,50,I,0.9999999523013754
615172,TPV,PI,2,51,G,0.49214473060809444
615172,TPV,PI,3,49,G,0.44871285448081366
615172,TPV,PI,4,4,P,0.1953393462477203
615172,TPV,PI,5,85,V,0.16482687598110649
615172,TPV,PI,6,54,L,0.14688813466698286
615172,TPV,PI,7,20,I,0.11031752282643587
615172,TPV,PI,8,53,L,0.0908257844853384
615172,TPV,PI,9,71,I,0.08856821770357379
615172,TPV,PI,10,52,G,0.07039275265556294
259199,TPV,PI,1,50,I,0.9999999523030002
259199,TPV,PI,2,51,G,0.6345127439271955
259199,TPV,PI,3,49,G,0.44696720654552347
259199,TPV,PI,4,52,G,0.07529283027715102
259199,TPV,PI,5,12,P,0.060978438205790575
259199,TPV,PI,6,63,A,0.05418270340865251
259199,TPV,PI,7,29,D,0.04911703168081248
259199,TPV,PI,8,57,G,0.039851424565222
259199,TPV,PI,9,72,V,0.0321833402055249
259199,TPV,PI,10,77,I,0.0318458537820892
614914,TPV,PI,1,50,V,1.0000000119146384
614914,TPV,PI,2,51,G,0.015913533259993763
614914,TPV,PI,3,49,G,0.01308452551793176
614914,TPV,PI,4,89,M,0.005498491818426842
614914,TPV,PI,5,69,R,0.0030789547574894783
614914,TPV,PI,6,52,G,0.00226535269089181
614914,TPV,PI,7,29,D,0.0013715860654724679
614914,TPV,PI,8,48,G,0.001111178299343183
614914,TPV,PI,9,54,V,0.0007924585981127386
614914,TPV,PI,10,47,I,0.0007600437810561579
614588,TPV,PI,1,50,I,0.9999999523016125
614588,TPV,PI,2,51,G,0.5163211081456691
614588,TPV,PI,3,49,G,0.39139908579512483
614588,TPV,PI,4,52,G,0.062264413075046814
614588,TPV,PI,5,29,D,0.036606237626710954
614588,TPV,PI,6,48,G,0.028000560011263807
614588,TPV,PI,7,47,I,0.0219060409798201
614588,TPV,PI,8,54,I,0.021607794408379625
614588,TPV,PI,9,84,I,0.019486006702475685
614588,TPV,PI,10,66,I,0.018363332277388428
614980,TPV,PI,1,50,L,1.000000011915347
614980,TPV,PI,2,82,M,0.033415741833097964
614980,TPV,PI,3,51,G,0.031095426143108236
614980,TPV,PI,4,49,G,0.02724456663232596
614980,TPV,PI,5,65,D,0.020672424299510914
614980,TPV,PI,6,45,I,0.020220831875906658
614980,TPV,PI,7,69,K,0.0111414058082222
614980,TPV,PI,8,16,E,0.008177991607138533
614980,TPV,PI,9,20,I,0.0065611241535018135
614980,TPV,PI,10,63,C,0.006470920117113227
614770,TPV,PI,1,50,I,0.9999999523034949
614770,TPV,PI,2,51,G,0.6884387233623238
614770,TPV,PI,3,49,G,0.4323188156513281
614770,TPV,PI,4,67,F,0.38728176197946806
614770,TPV,PI,5,33,M,0.22664536068428082
614770,TPV,PI,6,85,V,0.20938954176968186
614770,TPV,PI,7,54,L,0.16607678653248178
614770,TPV,PI,8,69,R,0.1521099196215451
614770,TPV,PI,9,88,D,0.09678423356858701
614770,TPV,PI,10,84,V,0.08600108124284249
116527,TPV,PI,1,50,I,0.9999999522965004
116527,TPV,PI,2,51,G,0.5423954428651625
116527,TPV,PI,3,49,G,0.4766168926705632
116527,TPV,PI,4,39,S,0.25302936354250244
116527,TPV,PI,5,36,A,0.2053027176444359
116527,TPV,PI,6,34,Q,0.19614237326369502
116527,TPV,PI,7,54,L,0.17289525994359478
116527,TPV,PI,8,53,L,0.10747277696887927
116527,TPV,PI,9,52,G,0.08148438693304183
116527,TPV,PI,10,84,V,0.07392187959533776
117055,TPV,PI,1,50,I,0.999999952303195
117055,TPV,PI,2,51,G,0.6296574412863943
117055,TPV,PI,3,49,G,0.41239577262273364
117055,TPV,PI,4,30,N,0.23421918123805424
117055,TPV,PI,5,64,L,0.11503459395647556
117055,TPV,PI,6,88,D,0.10235882990398965
117055,TPV,PI,7,52,G,0.06551068651618314
117055,TPV,PI,8,29,D,0.045737684805889495
117055,TPV,PI,9,77,I,0.028236987939472977
117055,TPV,PI,10,48,G,0.02666956942216962
147979,TPV,PI,1,50,I,0.9999999523033567
147979,TPV,PI,2,51,G,0.5101334777045019
147979,TPV,PI,3,49,G,0.384484834673024
147979,TPV,PI,4,52,G,0.059357513727971586
147979,TPV,PI,5,64,V,0.05638058315864997
147979,TPV,PI,6,29,D,0.03536518237785216
147979,TPV,PI,7,72,V,0.03506580820278651
147979,TPV,PI,8,48,G,0.025722991198802423
147979,TPV,PI,9,47,I,0.021610445312250256
147979,TPV,PI,10,54,I,0.020692121885705964
205632,TPV,PI,1,50,I,0.9999999523047025
205632,TPV,PI,2,51,G,0.7894687840697758
205632,TPV,PI,3,49,G,0.467843286098839
205632,TPV,PI,4,20,M,0.12988568081036944
205632,TPV,PI,5,88,D,0.11456179396860974
205632,TPV,PI,6,52,G,0.08209518434271444
205632,TPV,PI,7,35,G,0.053814278002488336
205632,TPV,PI,8,15,V,0.043927994997581876
205632,TPV,PI,9,29,D,0.04345622099704144
205632,TPV,PI,10,57,G,0.039523467234502035
117003,TPV,PI,1,50,I,0.9999999522987073
117003,TPV,PI,2,51,G,0.5351923407250406
117003,TPV,PI,3,49,G,0.4323080450493113
117003,TPV,PI,4,71,T,0.17556301538209168
117003,TPV,PI,5,84,V,0.10834032214410745
117003,TPV,PI,6,52,G,0.06728427899411513
117003,TPV,PI,7,29,D,0.04808450261127632
117003,TPV,PI,8,48,G,0.03236682067426492
117003,TPV,PI,9,46,I,0.028727525181872056
117003,TPV,PI,10,47,I,0.026661347037654822
146948,TPV,PI,1,50,I,0.9999999523029036
146948,TPV,PI,2,51,G,0.5301399279472564
146948,TPV,PI,3,49,G,0.4322712994950057
146948,TPV,PI,4,79,A,0.24684896982470544
146948,TPV,PI,5,20,V,0.17606354151934583
146948,TPV,PI,6,71,I,0.12209195957000092
146948,TPV,PI,7,89,V,0.11532255170925412
146948,TPV,PI,8,84,V,0.08695060185935087
146948,TPV,PI,9,52,G,0.06163602813266436
146948,TPV,PI,10,11,I,0.05196269874357762
148115,TPV,PI,1,50,I,0.9999999523018509
148115,TPV,PI,2,51,G,0.5632519578128461
148115,TPV,PI,3,49,G,0.405012958721605
148115,TPV,PI,4,52,G,0.06265706447540872
148115,TPV,PI,5,29,D,0.03790345756752
148115,TPV,PI,6,77,I,0.03630294647352929
148115,TPV,PI,7,48,G,0.02716373613393806
148115,TPV,PI,8,47,I,0.022431456786826124
148115,TPV,PI,9,54,I,0.02149255601362422
148115,TPV,PI,10,84,I,0.020229609522409528
115755,TPV,PI,1,48,Q,0.9999999523041727
115755,TPV,PI,2,50,I,0.3757211459338916
115755,TPV,PI,3,51,G,0.28225899639261226
115755,TPV,PI,4,49,G,0.20185638906377212
115755,TPV,PI,5,24,I,0.17353458747064635
115755,TPV,PI,6,70,E,0.06130648521340773
115755,TPV,PI,7,72,M,0.039311857743828234
115755,TPV,PI,8,52,G,0.035238319733724904
115755,TPV,PI,9,53,L,0.028577453976233333
115755,TPV,PI,10,20,M,0.027157738315246042
614760,TPV,PI,1,50,I,0.9999999523027792
614760,TPV,PI,2,51,G,0.5682799750954394
614760,TPV,PI,3,49,G,0.41151388176813886
614760,TPV,PI,4,52,G,0.062419885697909974
614760,TPV,PI,5,64,V,0.05527630084864831
614760,TPV,PI,6,29,D,0.03642868691552433
614760,TPV,PI,7,10,V,0.029389526873723915
614760,TPV,PI,8,48,G,0.027606298349823487
614760,TPV,PI,9,47,I,0.02418241335238803
614760,TPV,PI,10,54,I,0.020367889287859507
615502,TPV,PI,1,50,I,0.9999999523001061
615502,TPV,PI,2,24,I,0.6657946776164881
615502,TPV,PI,3,51,G,0.5265684502201834
615502,TPV,PI,4,49,G,0.485247974731684
615502,TPV,PI,5,92,K,0.1477529134658254
615502,TPV,PI,6,20,I,0.1346574574341784
615502,TPV,PI,7,52,G,0.0714711705226914
615502,TPV,PI,8,46,L,0.050401388442050735
615502,TPV,PI,9,48,G,0.04887445138466028
615502,TPV,PI,10,15,V,0.04844241385988942
615468,TPV,PI,1,50,I,0.9999999522996877
615468,TPV,PI,2,51,G,0.5885482593097989
615468,TPV,PI,3,49,G,0.4290214351900713
615468,TPV,PI,4,12,E,0.25344750026562074
615468,TPV,PI,5,64,L,0.17873947365944828
615468,TPV,PI,6,52,G,0.0697111509172311
615468,TPV,PI,7,29,D,0.04239453064704439
615468,TPV,PI,8,19,I,0.03339519491890589
615468,TPV,PI,9,48,G,0.02752050369819121
615468,TPV,PI,10,47,I,0.023952226845743857
615518,TPV,PI,1,50,I,0.9999999523062935
615518,TPV,PI,2,51,G,0.5709750334656805
615518,TPV,PI,3,49,G,0.5541816939307187
615518,TPV,PI,4,95,L,0.360194194275851
615518,TPV,PI,5,67,F,0.32474335976476604
615518,TPV,PI,6,52,G,0.09973246771938388
615518,TPV,PI,7,33,I,0.07723917134957048
615518,TPV,PI,8,29,D,0.058041763042870814
615518,TPV,PI,9,20,R,0.04359413991137632
615518,TPV,PI,10,73,S,0.041696874120687816
147551,TPV,PI,1,50,I,0.9999999523022132
147551,TPV,PI,2,51,G,0.5578042557988544
147551,TPV,PI,3,20,L,0.4548111641189764
147551,TPV,PI,4,49,G,0.40009571054988236
147551,TPV,PI,5,88,S,0.26084776534567866
147551,TPV,PI,6,92,K,0.1550302568070256
147551,TPV,PI,7,71,T,0.1460242556029022
147551,TPV,PI,8,74,S,0.07318513407207855
147551,TPV,PI,9,52,G,0.06256500572868426
147551,TPV,PI,10,29,D,0.04486596481427019
614934,TPV,PI,1,50,I,0.9999999523026173
614934,TPV,PI,2,51,G,0.5142586013423884
614934,TPV,PI,3,49,G,0.3893446558803737
614934,TPV,PI,4,52,G,0.06078792655609528
614934,TPV,PI,5,29,D,0.03547739664274406
614934,TPV,PI,6,48,G,0.03011569818444932
614934,TPV,PI,7,10,V,0.028061530190985375
614934,TPV,PI,8,47,I,0.02188970461303703
614934,TPV,PI,9,54,I,0.020700520450649493
614934,TPV,PI,10,84,I,0.018972978720264874
206409,TPV,PI,1,50,I,0.9999999522970605
206409,TPV,PI,2,51,G,0.6044965765410226
206409,TPV,PI,3,49,G,0.4278108476741802
206409,TPV,PI,4,12,I,0.1349884417224021
206409,TPV,PI,5,52,G,0.06974814288638607
206409,TPV,PI,6,15,V,0.05364643097958801
206409,TPV,PI,7,29,D,0.03704708496377251
206409,TPV,PI,8,48,G,0.028325895916577366
206409,TPV,PI,9,47,I,0.023542910384314216
206409,TPV,PI,10,54,I,0.02351684363271753
615216,TPV,PI,1,50,I,0.9999999522993435
615216,TPV,PI,2,51,G,0.63988798377739
615216,TPV,PI,3,49,G,0.44441837347199603
615216,TPV,PI,4,43,T,0.08751746646326855
615216,TPV,PI,5,52,G,0.07448051614389907
615216,TPV,PI,6,64,V,0.05336248153416976
615216,TPV,PI,7,20,R,0.05097556634399949
615216,TPV,PI,8,54,V,0.043470823844850445
615216,TPV,PI,9,15,V,0.04314092206836285
615216,TPV,PI,10,29,D,0.037743849460982914
115071,TPV,PI,1,50,I,0.9999999523054579
115071,TPV,PI,2,51,G,0.5153541767887488
115071,TPV,PI,3,49,G,0.50598175520711
115071,TPV,PI,4,77,T,0.3000344676450918
115071,TPV,PI,5,16,E,0.1467375130191215
115071,TPV,PI,6,71,I,0.0921277149711747
115071,TPV,PI,7,84,V,0.0830682466130811
115071,TPV,PI,8,52,G,0.07857602454338164
115071,TPV,PI,9,32,I,0.06519659254785573
115071,TPV,PI,10,29,D,0.04518604321646674
615316,TPV,PI,1,50,I,0.9999999523050458
615316,TPV,PI,2,51,G,0.5137821301119392
615316,TPV,PI,3,49,G,0.49441758890716114
615316,TPV,PI,4,67,F,0.30539190275437994
615316,TPV,PI,5,45,R,0.19846273677577098
615316,TPV,PI,6,54,M,0.1705513422339976
615316,TPV,PI,7,20,T,0.09407452994398834
615316,TPV,PI,8,52,G,0.08680199300920782
615316,TPV,PI,9,71,I,0.07823701985445661
615316,TPV,PI,10,84,V,0.0759068892542545
614788,TPV,PI,1,50,I,0.9999999523018509
614788,TPV,PI,2,51,G,0.5632519578128461
614788,TPV,PI,3,49,G,0.405012958721605
614788,TPV,PI,4,52,G,0.06265706447540872
614788,TPV,PI,5,29,D,0.03790345756752
614788,TPV,PI,6,77,I,0.03630294647352929
614788,TPV,PI,7,48,G,0.02716373613393806
614788,TPV,PI,8,47,I,0.022431456786826124
614788,TPV,PI,9,54,I,0.02149255601362422
614788,TPV,PI,10,84,I,0.020229609522409528
10126,ABC,NRTI,1,98,S,0.999999892598209
10126,ABC,NRTI,2,135,V,0.6609031753791744
10126,ABC,NRTI,3,162,C,0.5660124694107296
10126,ABC,NRTI,4,207,E,0.3448410211665456
10126,ABC,NRTI,5,151,Q,0.2765909279605264
10126,ABC,NRTI,6,118,I,0.2709033222988145
10126,ABC,NRTI,7,219,K,0.23737942136364484
10126,ABC,NRTI,8,41,L,0.22148939929010572
10126,ABC,NRTI,9,184,M,0.2130004547974978
10126,ABC,NRTI,10,200,A,0.178881308081389
73551,ABC,NRTI,1,115,F,0.9554587125681624
73551,ABC,NRTI,2,219,E,0.8389682477571639
73551,ABC,NRTI,3,1,L,0.22503364703979525
73551,ABC,NRTI,4,67,G,0.08237207345968053
73551,ABC,NRTI,5,68,G,0.05499209439594004
73551,ABC,NRTI,6,177,E,0.03788512272392795
73551,ABC,NRTI,7,215,F,0.028109504233472977
73551,ABC,NRTI,8,151,Q,0.018089379130366113
73551,ABC,NRTI,9,74,V,0.016322301814303948
73551,ABC,NRTI,10,142,V,0.015065338366216955
56249,ABC,NRTI,1,178,L,0.9999999522945673
56249,ABC,NRTI,2,35,L,0.19655791113715745
56249,ABC,NRTI,3,162,C,0.05729466972764333
56249,ABC,NRTI,4,211,K,0.0393639466019038
56249,ABC,NRTI,5,103,N,0.03724526165172111
56249,ABC,NRTI,6,207,E,0.03605233864471407
56249,ABC,NRTI,7,20,R,0.035137804831605876
56249,ABC,NRTI,8,151,Q,0.025227735851531985
56249,ABC,NRTI,9,219,K,0.022055221273571797
56249,ABC,NRTI,10,184,M,0.0199670121934122
614859,ABC,NRTI,1,35,T,0.8344818447053273
614859,ABC,NRTI,2,202,V,0.7229383953480157
614859,ABC,NRTI,3,151,Q,0.5609255848033852
614859,ABC,NRTI,4,219,K,0.5269353315986655
614859,ABC,NRTI,5,184,M,0.4804373289119548
614859,ABC,NRTI,6,123,E,0.40757019769645375
614859,ABC,NRTI,7,145,Q,0.33385381636948397
614859,ABC,NRTI,8,214,F,0.3235757809197566
614859,ABC,NRTI,9,157,P,0.3094198173256107
614859,ABC,NRTI,10,178,I,0.28873550677416426
614627,ABC,NRTI,1,223,T,0.9772236486801333
614627,ABC,NRTI,2,75,I,0.9594243883831548
614627,ABC,NRTI,3,194,D,0.7153498312177947
614627,ABC,NRTI,4,203,V,0.6675160491295179
614627,ABC,NRTI,5,39,D,0.5167260633184806
614627,ABC,NRTI,6,79,D,0.4338542906800803
614627,ABC,NRTI,7,21,I,0.13994137537065227
614627,ABC,NRTI,8,179,I,0.13936748753350248
614627,ABC,NRTI,9,208,Y,0.13549074904375513
614627,ABC,NRTI,10,210,W,0.0840609021743681
615375,ABC,NRTI,1,200,I,0.9999999522647811
615375,ABC,NRTI,2,214,L,0.39331772661853603
615375,ABC,NRTI,3,177,E,0.22312939556349143
615375,ABC,NRTI,4,211,K,0.16288668812914803
615375,ABC,NRTI,5,151,Q,0.11604762463097462
615375,ABC,NRTI,6,219,K,0.09810305789365187
615375,ABC,NRTI,7,184,M,0.09276909216561455
615375,ABC,NRTI,8,145,Q,0.06458278467826095
615375,ABC,NRTI,9,157,P,0.06226644197733886
615375,ABC,NRTI,10,178,I,0.06173274129875672
81888,ABC,NRTI,1,203,D,0.986880324522244
81888,ABC,NRTI,2,200,K,0.7416536912637186
81888,ABC,NRTI,3,107,S,0.7128028392424657
81888,ABC,NRTI,4,43,E,0.6305921767231302
81888,ABC,NRTI,5,188,L,0.2725180140355661
81888,ABC,NRTI,6,221,Y,0.17197076895854455
81888,ABC,NRTI,7,189,I,0.1709626507857101
81888,ABC,NRTI,8,208,Y,0.15970592257226454
81888,ABC,NRTI,9,179,I,0.1548226196216791
81888,ABC,NRTI,10,106,I,0.10381447141920663
59265,ABC,NRTI,1,178,L,0.9999999522957149
59265,ABC,NRTI,2,169,K,0.5064874608404717
59265,ABC,NRTI,3,195,L,0.30941066003933554
59265,ABC,NRTI,4,173,E,0.25315629773121523
59265,ABC,NRTI,5,151,Q,0.023460199163790288
59265,ABC,NRTI,6,219,K,0.021638119903809115
59265,ABC,NRTI,7,184,M,0.019431975109758092
59265,ABC,NRTI,8,200,A,0.017772860500257757
59265,ABC,NRTI,9,145,Q,0.013639164135602734
59265,ABC,NRTI,10,157,P,0.013118431304458498
259216,ABC,NRTI,1,68,G,0.9999998925726848
259216,ABC,NRTI,2,196,E,0.344086859401911
259216,ABC,NRTI,3,151,Q,0.339726539454301
259216,ABC,NRTI,4,219,K,0.2970511299559304
259216,ABC,NRTI,5,184,M,0.25761780352050667
259216,ABC,NRTI,6,145,Q,0.1992882870672371
259216,ABC,NRTI,7,60,I,0.19456516871581697
259216,ABC,NRTI,8,157,P,0.18172196158869292
259216,ABC,NRTI,9,178,I,0.1746497625360998
259216,ABC,NRTI,10,214,F,0.1731694967313666
615175,ABC,NRTI,1,142,T,0.9999999522822649
615175,ABC,NRTI,2,35,R,0.3316617343371245
615175,ABC,NRTI,3,177,E,0.20368399828014466
615175,ABC,NRTI,4,39,A,0.17739426213829837
615175,ABC,NRTI,5,211,K,0.14895540392402606
615175,ABC,NRTI,6,103,N,0.13155682137659458
615175,ABC,NRTI,7,196,E,0.10762783539498204
615175,ABC,NRTI,8,151,Q,0.10700953834867127
615175,ABC,NRTI,9,219,K,0.09153866389650292
615175,ABC,NRTI,10,41,L,0.08255088327461063
205649,ABC,NRTI,1,219,K,0.8399882852416196
205649,ABC,NRTI,2,184,M,0.8392930726826505
205649,ABC,NRTI,3,151,Q,0.6659336801131505
205649,ABC,NRTI,4,214,F,0.5896030706420745
205649,ABC,NRTI,5,157,P,0.41546434084453315
205649,ABC,NRTI,6,145,Q,0.3869731554375423
205649,ABC,NRTI,7,178,I,0.3736917594048197
205649,ABC,NRTI,8,41,M,0.2995453203828876
205649,ABC,NRTI,9,150,P,0.28720067788736114
205649,ABC,NRTI,10,143,R,0.26070126341806854
205649,ABC,NRTI,1,219,K,0.8399882852416196
205649,ABC,NRTI,2,184,M,0.8392930726826505
205649,ABC,NRTI,3,151,Q,0.6659336801131505
205649,ABC,NRTI,4,214,F,0.5896030706420745
205649,ABC,NRTI,5,157,P,0.41546434084453315
205649,ABC,NRTI,6,145,Q,0.3869731554375423
205649,ABC,NRTI,7,178,I,0.3736917594048197
205649,ABC,NRTI,8,41,M,0.2995453203828876
205649,ABC,NRTI,9,150,P,0.28720067788736114
205649,ABC,NRTI,10,143,R,0.26070126341806854
716521,ABC,NRTI,1,221,Y,0.999999892510835
716521,ABC,NRTI,2,227,C,0.9058538045303514
716521,ABC,NRTI,3,106,I,0.5830694579372409
716521,ABC,NRTI,4,151,Q,0.34455914917494157
716521,ABC,NRTI,5,219,K,0.30388617214819247
716521,ABC,NRTI,6,184,M,0.28061615827205544
716521,ABC,NRTI,7,145,Q,0.1985867734857773
716521,ABC,NRTI,8,157,P,0.19237037078148678
716521,ABC,NRTI,9,214,F,0.19036939226705057
716521,ABC,NRTI,10,178,I,0.1741103303302884
771854,ABC,NRTI,1,98,G,0.9999998925764997
771854,ABC,NRTI,2,221,Y,0.7742924167739176
771854,ABC,NRTI,3,227,C,0.6975620895013241
771854,ABC,NRTI,4,106,I,0.45466818637623774
771854,ABC,NRTI,5,151,Q,0.26463181263068886
771854,ABC,NRTI,6,219,K,0.23617029395937333
771854,ABC,NRTI,7,157,P,0.1628768606075788
771854,ABC,NRTI,8,184,V,0.15382952286049817
771854,ABC,NRTI,9,145,Q,0.15008619547256846
771854,ABC,NRTI,10,214,F,0.14588948524983097
205679,ABC,NRTI,1,75,T,0.9999999522537597
205679,ABC,NRTI,2,69,D,0.27349230995242857
205679,ABC,NRTI,3,210,W,0.25751486589952116
205679,ABC,NRTI,4,207,E,0.21019269697295118
205679,ABC,NRTI,5,151,Q,0.1575311531277719
205679,ABC,NRTI,6,118,I,0.15669101675145292
205679,ABC,NRTI,7,219,K,0.14141495595662446
205679,ABC,NRTI,8,41,L,0.1250336873689749
205679,ABC,NRTI,9,184,M,0.12086954856273902
205679,ABC,NRTI,10,67,N,0.10775922888741551
205679,ABC,NRTI,1,75,T,0.9999999522537597
205679,ABC,NRTI,2,69,D,0.27349230995242857
205679,ABC,NRTI,3,210,W,0.25751486589952116
205679,ABC,NRTI,4,207,E,0.21019269697295118
205679,ABC,NRTI,5,151,Q,0.1575311531277719
205679,ABC,NRTI,6,118,I,0.15669101675145292
205679,ABC,NRTI,7,219,K,0.14141495595662446
205679,ABC,NRTI,8,41,L,0.1250336873689749
205679,ABC,NRTI,9,184,M,0.12086954856273902
205679,ABC,NRTI,10,67,N,0.10775922888741551
205675,ABC,NRTI,1,135,M,0.9999999522866836
205675,ABC,NRTI,2,90,I,0.10445295934598561
205675,ABC,NRTI,3,103,N,0.09564535873674163
205675,ABC,NRTI,4,118,I,0.07812904659394428
205675,ABC,NRTI,5,69,N,0.06967233868991507
205675,ABC,NRTI,6,70,R,0.05729917885977171
205675,ABC,NRTI,7,151,Q,0.056561631753846084
205675,ABC,NRTI,8,219,K,0.052035774261199805
205675,ABC,NRTI,9,67,N,0.05142578202649792
205675,ABC,NRTI,10,184,M,0.04885307012348189
205675,ABC,NRTI,1,135,M,0.9999999522866836
205675,ABC,NRTI,2,90,I,0.10445295934598561
205675,ABC,NRTI,3,103,N,0.09564535873674163
205675,ABC,NRTI,4,118,I,0.07812904659394428
205675,ABC,NRTI,5,69,N,0.06967233868991507
205675,ABC,NRTI,6,70,R,0.05729917885977171
205675,ABC,NRTI,7,151,Q,0.056561631753846084
205675,ABC,NRTI,8,219,K,0.052035774261199805
205675,ABC,NRTI,9,67,N,0.05142578202649792
205675,ABC,NRTI,10,184,M,0.04885307012348189
270335,ABC,NRTI,1,184,I,0.9999998329129158
270335,ABC,NRTI,2,151,Q,0.38379678748640866
270335,ABC,NRTI,3,219,K,0.3484127061546034
270335,ABC,NRTI,4,138,K,0.335815395115431
270335,ABC,NRTI,5,145,Q,0.22616120713530646
270335,ABC,NRTI,6,157,P,0.2164122885331191
270335,ABC,NRTI,7,214,F,0.20365992360919882
270335,ABC,NRTI,8,178,I,0.19943028376141658
270335,ABC,NRTI,9,150,P,0.17207878475641705
270335,ABC,NRTI,10,143,R,0.16105606033270026
270334,ABC,NRTI,1,138,K,0.7602101183303861
270334,ABC,NRTI,2,101,E,0.6935820804583378
270334,ABC,NRTI,3,219,K,0.5843863876184309
270334,ABC,NRTI,4,151,Q,0.5747019466632881
270334,ABC,NRTI,5,184,M,0.5462739772017882
270334,ABC,NRTI,6,214,F,0.3730644443967637
270334,ABC,NRTI,7,145,Q,0.35687813862332246
270334,ABC,NRTI,8,157,P,0.3251857043446146
270334,ABC,NRTI,9,178,I,0.3058654739766178
270334,ABC,NRTI,10,143,R,0.2664155954950047
270334,ABC,NRTI,1,138,K,0.7602101183303861
270334,ABC,NRTI,2,101,E,0.6935820804583378
270334,ABC,NRTI,3,219,K,0.5843863876184309
270334,ABC,NRTI,4,151,Q,0.5747019466632881
270334,ABC,NRTI,5,184,M,0.5462739772017882
270334,ABC,NRTI,6,214,F,0.3730644443967637
270334,ABC,NRTI,7,145,Q,0.35687813862332246
270334,ABC,NRTI,8,157,P,0.3251857043446146
270334,ABC,NRTI,9,178,I,0.3058654739766178
270334,ABC,NRTI,10,143,R,0.2664155954950047
205683,ABC,NRTI,1,43,N,0.9999999522826417
205683,ABC,NRTI,2,219,Q,0.8993120808995454
205683,ABC,NRTI,3,67,G,0.4148926961456074
205683,ABC,NRTI,4,181,C,0.3403074877386365
205683,ABC,NRTI,5,215,F,0.15215721092829038
205683,ABC,NRTI,6,103,N,0.13810001291342028
205683,ABC,NRTI,7,196,E,0.1102502373199912
205683,ABC,NRTI,8,202,V,0.10494464441057962
205683,ABC,NRTI,9,151,Q,0.10155854761182581
205683,ABC,NRTI,10,69,N,0.09787189723496113
205683,ABC,NRTI,1,43,N,0.9999999522826417
205683,ABC,NRTI,2,219,Q,0.8993120808995454
205683,ABC,NRTI,3,67,G,0.4148926961456074
205683,ABC,NRTI,4,181,C,0.3403074877386365
205683,ABC,NRTI,5,215,F,0.15215721092829038
205683,ABC,NRTI,6,103,N,0.13810001291342028
205683,ABC,NRTI,7,196,E,0.1102502373199912
205683,ABC,NRTI,8,202,V,0.10494464441057962
205683,ABC,NRTI,9,151,Q,0.10155854761182581
205683,ABC,NRTI,10,69,N,0.09787189723496113
205661,ABC,NRTI,1,214,L,0.9999998925782374
205661,ABC,NRTI,2,184,I,0.7283426575412598
205661,ABC,NRTI,3,151,Q,0.2756585016191264
205661,ABC,NRTI,4,219,K,0.24939404694506095
205661,ABC,NRTI,5,138,K,0.24175921719056231
205661,ABC,NRTI,6,145,Q,0.16208300202458154
205661,ABC,NRTI,7,157,P,0.1612532155453996
205661,ABC,NRTI,8,178,I,0.1439575956213559
205661,ABC,NRTI,9,150,P,0.1279091510390288
205661,ABC,NRTI,10,143,R,0.1147993390102906
205661,ABC,NRTI,1,214,L,0.9999998925782374
205661,ABC,NRTI,2,184,I,0.7283426575412598
205661,ABC,NRTI,3,151,Q,0.2756585016191264
205661,ABC,NRTI,4,219,K,0.24939404694506095
205661,ABC,NRTI,5,138,K,0.24175921719056231
205661,ABC,NRTI,6,145,Q,0.16208300202458154
205661,ABC,NRTI,7,157,P,0.1612532155453996
205661,ABC,NRTI,8,178,I,0.1439575956213559
205661,ABC,NRTI,9,150,P,0.1279091510390288
205661,ABC,NRTI,10,143,R,0.1147993390102906
205648,ABC,NRTI,1,151,M,0.9999999523024122
205648,ABC,NRTI,2,184,M,0.013868325387262088
205648,ABC,NRTI,3,219,K,0.01260455287594132
205648,ABC,NRTI,4,149,L,0.00979172031527354
205648,ABC,NRTI,5,157,P,0.009787019788961212
205648,ABC,NRTI,6,145,Q,0.009427515365659184
205648,ABC,NRTI,7,150,P,0.009089171480640298
205648,ABC,NRTI,8,214,F,0.008280333249061446
205648,ABC,NRTI,9,178,I,0.007178214712221466
205648,ABC,NRTI,10,143,R,0.007043982157097631
205648,ABC,NRTI,1,151,M,0.9999999523024122
205648,ABC,NRTI,2,184,M,0.013868325387262088
205648,ABC,NRTI,3,219,K,0.01260455287594132
205648,ABC,NRTI,4,149,L,0.00979172031527354
205648,ABC,NRTI,5,157,P,0.009787019788961212
205648,ABC,NRTI,6,145,Q,0.009427515365659184
205648,ABC,NRTI,7,150,P,0.009089171480640298
205648,ABC,NRTI,8,214,F,0.008280333249061446
205648,ABC,NRTI,9,178,I,0.007178214712221466
205648,ABC,NRTI,10,143,R,0.007043982157097631
771853,ABC,NRTI,1,98,G,0.9999999521729279
771853,ABC,NRTI,2,227,C,0.7158462676175591
771853,ABC,NRTI,3,151,Q,0.2646500166748596
771853,ABC,NRTI,4,219,K,0.22838642810907134
771853,ABC,NRTI,5,157,P,0.16111658938420684
771853,ABC,NRTI,6,184,V,0.15330529301720247
771853,ABC,NRTI,7,145,Q,0.1493057945296225
771853,ABC,NRTI,8,214,F,0.1424546737568116
771853,ABC,NRTI,9,178,I,0.13478970157278994
771853,ABC,NRTI,10,150,P,0.11948395438980175
270337,ABC,NRTI,1,138,K,0.7702005539814317
270337,ABC,NRTI,2,219,K,0.5829411861857975
270337,ABC,NRTI,3,151,Q,0.578438770498144
270337,ABC,NRTI,4,184,M,0.5478965113710247
270337,ABC,NRTI,5,214,F,0.37455870844539413
270337,ABC,NRTI,6,145,Q,0.3532873278548264
270337,ABC,NRTI,7,157,P,0.32836323566247916
270337,ABC,NRTI,8,178,I,0.3050211569858442
270337,ABC,NRTI,9,143,R,0.2616909409466822
270337,ABC,NRTI,10,150,P,0.25383960308573067
270337,ABC,NRTI,1,138,K,0.7702005539814317
270337,ABC,NRTI,2,219,K,0.5829411861857975
270337,ABC,NRTI,3,151,Q,0.578438770498144
270337,ABC,NRTI,4,184,M,0.5478965113710247
270337,ABC,NRTI,5,214,F,0.37455870844539413
270337,ABC,NRTI,6,145,Q,0.3532873278548264
270337,ABC,NRTI,7,157,P,0.32836323566247916
270337,ABC,NRTI,8,178,I,0.3050211569858442
270337,ABC,NRTI,9,143,R,0.2616909409466822
270337,ABC,NRTI,10,150,P,0.25383960308573067
205653,ABC,NRTI,1,219,K,0.8399882852416196
205653,ABC,NRTI,2,184,M,0.8392930726826505
205653,ABC,NRTI,3,151,Q,0.6659336801131505
205653,ABC,NRTI,4,214,F,0.5896030706420745
205653,ABC,NRTI,5,157,P,0.41546434084453315
205653,ABC,NRTI,6,145,Q,0.3869731554375423
205653,ABC,NRTI,7,178,I,0.3736917594048197
205653,ABC,NRTI,8,41,M,0.2995453203828876
205653,ABC,NRTI,9,150,P,0.28720067788736114
205653,ABC,NRTI,10,143,R,0.26070126341806854
205653,ABC,NRTI,1,219,K,0.8399882852416196
205653,ABC,NRTI,2,184,M,0.8392930726826505
205653,ABC,NRTI,3,151,Q,0.6659336801131505
205653,ABC,NRTI,4,214,F,0.5896030706420745
205653,ABC,NRTI,5,157,P,0.41546434084453315
205653,ABC,NRTI,6,145,Q,0.3869731554375423
205653,ABC,NRTI,7,178,I,0.3736917594048197
205653,ABC,NRTI,8,41,M,0.2995453203828876
205653,ABC,NRTI,9,150,P,0.28720067788736114
205653,ABC,NRTI,10,143,R,0.26070126341806854
205652,ABC,NRTI,1,74,V,0.7169569430493463
205652,ABC,NRTI,2,151,Q,0.646580260738457
205652,ABC,NRTI,3,219,K,0.5668862632580862
205652,ABC,NRTI,4,184,M,0.52236372214932
205652,ABC,NRTI,5,214,F,0.35865506569202354
205652,ABC,NRTI,6,145,Q,0.322397658895735
205652,ABC,NRTI,7,157,P,0.3221526033500908
205652,ABC,NRTI,8,178,I,0.29140748590159093
205652,ABC,NRTI,9,150,P,0.2532311631944716
205652,ABC,NRTI,10,143,R,0.23042836342771256
205652,ABC,NRTI,1,74,V,0.7169569430493463
205652,ABC,NRTI,2,151,Q,0.646580260738457
205652,ABC,NRTI,3,219,K,0.5668862632580862
205652,ABC,NRTI,4,184,M,0.52236372214932
205652,ABC,NRTI,5,214,F,0.35865506569202354
205652,ABC,NRTI,6,145,Q,0.322397658895735
205652,ABC,NRTI,7,157,P,0.3221526033500908
205652,ABC,NRTI,8,178,I,0.29140748590159093
205652,ABC,NRTI,9,150,P,0.2532311631944716
205652,ABC,NRTI,10,143,R,0.23042836342771256
205681,ABC,NRTI,1,211,N,0.9999999522875191
205681,ABC,NRTI,2,219,Q,0.5464039373717814
205681,ABC,NRTI,3,106,A,0.3447182872039214
205681,ABC,NRTI,4,177,E,0.122289755918105
205681,ABC,NRTI,5,215,F,0.09134102390917473
205681,ABC,NRTI,6,103,N,0.07939926352551957
205681,ABC,NRTI,7,35,T,0.06884714851154253
205681,ABC,NRTI,8,196,E,0.06768758698283646
205681,ABC,NRTI,9,151,Q,0.05643338547931613
205681,ABC,NRTI,10,70,R,0.04422516402214316
205664,ABC,NRTI,1,214,L,0.999999892540909
205664,ABC,NRTI,2,151,Q,0.2680443177976079
205664,ABC,NRTI,3,219,K,0.24324918519947591
205664,ABC,NRTI,4,157,P,0.17292257644971143
205664,ABC,NRTI,5,184,V,0.16118841535773334
205664,ABC,NRTI,6,145,Q,0.15280726782939186
205664,ABC,NRTI,7,178,I,0.1435641895783899
205664,ABC,NRTI,8,150,P,0.12160393541508543
205664,ABC,NRTI,9,149,L,0.10718025580850915
205664,ABC,NRTI,10,143,R,0.10522449526140512
205664,ABC,NRTI,1,214,L,0.999999892540909
205664,ABC,NRTI,2,151,Q,0.2680443177976079
205664,ABC,NRTI,3,219,K,0.24324918519947591
205664,ABC,NRTI,4,157,P,0.17292257644971143
205664,ABC,NRTI,5,184,V,0.16118841535773334
205664,ABC,NRTI,6,145,Q,0.15280726782939186
205664,ABC,NRTI,7,178,I,0.1435641895783899
205664,ABC,NRTI,8,150,P,0.12160393541508543
205664,ABC,NRTI,9,149,L,0.10718025580850915
205664,ABC,NRTI,10,143,R,0.10522449526140512
205660,ABC,NRTI,1,214,L,0.9999998925811252
205660,ABC,NRTI,2,151,Q,0.2802243714497131
205660,ABC,NRTI,3,219,K,0.24904717727090708
205660,ABC,NRTI,4,138,K,0.2481727716434977
205660,ABC,NRTI,5,184,M,0.22389235488830872
205660,ABC,NRTI,6,145,Q,0.1663418910892162
205660,ABC,NRTI,7,157,P,0.15545417243608944
205660,ABC,NRTI,8,178,I,0.14505787687725652
205660,ABC,NRTI,9,150,P,0.13067282072342218
205660,ABC,NRTI,10,143,R,0.11996640072457723
205660,ABC,NRTI,1,214,L,0.9999998925811252
205660,ABC,NRTI,2,151,Q,0.2802243714497131
205660,ABC,NRTI,3,219,K,0.24904717727090708
205660,ABC,NRTI,4,138,K,0.2481727716434977
205660,ABC,NRTI,5,184,M,0.22389235488830872
205660,ABC,NRTI,6,145,Q,0.1663418910892162
205660,ABC,NRTI,7,157,P,0.15545417243608944
205660,ABC,NRTI,8,178,I,0.14505787687725652
205660,ABC,NRTI,9,150,P,0.13067282072342218
205660,ABC,NRTI,10,143,R,0.11996640072457723
771855,ABC,NRTI,1,225,H,0.9999999522878515
771855,ABC,NRTI,2,106,A,0.235122843126456
771855,ABC,NRTI,3,65,R,0.1571164539076193
771855,ABC,NRTI,4,219,K,0.04127205456488463
771855,ABC,NRTI,5,151,Q,0.03982599919199113
771855,ABC,NRTI,6,184,M,0.03215292383937338
771855,ABC,NRTI,7,145,Q,0.024178737771040997
771855,ABC,NRTI,8,157,P,0.022244311934690925
771855,ABC,NRTI,9,214,F,0.02106601747740866
771855,ABC,NRTI,10,178,I,0.019599490115192297
716523,ABC,NRTI,1,188,L,0.9999999522193725
716523,ABC,NRTI,2,151,Q,0.21146122013923835
716523,ABC,NRTI,3,219,K,0.18101941607483557
716523,ABC,NRTI,4,184,M,0.17152567415832032
716523,ABC,NRTI,5,145,Q,0.12014221786941609
716523,ABC,NRTI,6,157,P,0.11908327572737065
716523,ABC,NRTI,7,178,I,0.11821599626374102
716523,ABC,NRTI,8,214,F,0.11367719715445104
716523,ABC,NRTI,9,150,P,0.10145062792604911
716523,ABC,NRTI,10,143,R,0.0852162911365367
716520,ABC,NRTI,1,227,C,0.9999998329030697
716520,ABC,NRTI,2,106,I,0.6435267992869269
716520,ABC,NRTI,3,151,Q,0.3632412014328108
716520,ABC,NRTI,4,219,K,0.3094861757207155
716520,ABC,NRTI,5,184,M,0.29633004709866234
716520,ABC,NRTI,6,145,Q,0.20662760034867683
716520,ABC,NRTI,7,157,P,0.20129117724470602
716520,ABC,NRTI,8,214,F,0.19493608923178374
716520,ABC,NRTI,9,178,I,0.18366240067167
716520,ABC,NRTI,10,150,P,0.1643127470444409
270338,ABC,NRTI,1,101,E,0.6912720568788704
270338,ABC,NRTI,2,219,K,0.5840751984292336
270338,ABC,NRTI,3,151,Q,0.572573405246112
270338,ABC,NRTI,4,184,M,0.5418041749195502
270338,ABC,NRTI,5,214,F,0.3691592164232611
270338,ABC,NRTI,6,145,Q,0.33831358580032134
270338,ABC,NRTI,7,157,P,0.32062708720514427
270338,ABC,NRTI,8,178,I,0.2986878443054499
270338,ABC,NRTI,9,150,P,0.25954652715859683
270338,ABC,NRTI,10,143,R,0.2339114093363729
270338,ABC,NRTI,1,101,E,0.6912720568788704
270338,ABC,NRTI,2,219,K,0.5840751984292336
270338,ABC,NRTI,3,151,Q,0.572573405246112
270338,ABC,NRTI,4,184,M,0.5418041749195502
270338,ABC,NRTI,5,214,F,0.3691592164232611
270338,ABC,NRTI,6,145,Q,0.33831358580032134
270338,ABC,NRTI,7,157,P,0.32062708720514427
270338,ABC,NRTI,8,178,I,0.2986878443054499
270338,ABC,NRTI,9,150,P,0.25954652715859683
270338,ABC,NRTI,10,143,R,0.2339114093363729
270335,ABC,NRTI,1,184,I,0.9999998329129158
270335,ABC,NRTI,2,151,Q,0.38379678748640866
270335,ABC,NRTI,3,219,K,0.3484127061546034
270335,ABC,NRTI,4,138,K,0.335815395115431
270335,ABC,NRTI,5,145,Q,0.22616120713530646
270335,ABC,NRTI,6,157,P,0.2164122885331191
270335,ABC,NRTI,7,214,F,0.20365992360919882
270335,ABC,NRTI,8,178,I,0.19943028376141658
270335,ABC,NRTI,9,150,P,0.17207878475641705
270335,ABC,NRTI,10,143,R,0.16105606033270026
52839,ABC,NRTI,1,75,M,1.0000000119114756
52839,ABC,NRTI,2,214,L,0.060667314177650804
52839,ABC,NRTI,3,210,W,0.024889733875819074
52839,ABC,NRTI,4,219,K,0.013830199965362916
52839,ABC,NRTI,5,41,L,0.01362266723584974
52839,ABC,NRTI,6,151,Q,0.012770986161977992
52839,ABC,NRTI,7,184,M,0.010366204118532304
52839,ABC,NRTI,8,67,N,0.009771253815257046
52839,ABC,NRTI,9,215,Y,0.008888946608833295
52839,ABC,NRTI,10,157,P,0.006989318227593473
81866,ABC,NRTI,1,83,K,0.8500642603350025
81866,ABC,NRTI,2,202,V,0.6989512609934779
81866,ABC,NRTI,3,151,Q,0.5556380568249364
81866,ABC,NRTI,4,101,E,0.524623710131922
81866,ABC,NRTI,5,219,K,0.521503221368948
81866,ABC,NRTI,6,184,M,0.47396210295964225
81866,ABC,NRTI,7,123,E,0.39086859635854854
81866,ABC,NRTI,8,145,Q,0.3297583116537788
81866,ABC,NRTI,9,214,F,0.3155836617339577
81866,ABC,NRTI,10,157,P,0.30218014757448985
614693,ABC,NRTI,1,219,E,0.9999999523020702
614693,ABC,NRTI,2,228,H,0.5047208218398505
614693,ABC,NRTI,3,174,R,0.23424518489762441
614693,ABC,NRTI,4,39,S,0.21903099500309825
614693,ABC,NRTI,5,162,A,0.15648825152308937
614693,ABC,NRTI,6,208,Y,0.06897070590324117
614693,ABC,NRTI,7,179,I,0.06340575016910141
614693,ABC,NRTI,8,218,E,0.06290575790442415
614693,ABC,NRTI,9,108,I,0.062225746130634405
614693,ABC,NRTI,10,210,W,0.03819416889821569
40381,ABC,NRTI,1,219,R,0.9999999523050007
40381,ABC,NRTI,2,172,K,0.30991895364619715
40381,ABC,NRTI,3,188,L,0.07165484396517127
40381,ABC,NRTI,4,189,I,0.044846639789405285
40381,ABC,NRTI,5,218,E,0.039568354726760624
40381,ABC,NRTI,6,162,C,0.03044632172763646
40381,ABC,NRTI,7,44,D,0.022235901867168954
40381,ABC,NRTI,8,210,W,0.021769862547474234
40381,ABC,NRTI,9,151,Q,0.014401316097614665
40381,ABC,NRTI,10,41,L,0.013634515820055773
216594,ABC,NRTI,1,178,L,0.9999999522991542
216594,ABC,NRTI,2,162,Y,0.32703258369648647
216594,ABC,NRTI,3,214,L,0.0927072759777481
216594,ABC,NRTI,4,83,K,0.03288160856447903
216594,ABC,NRTI,5,151,Q,0.026323153560560877
216594,ABC,NRTI,6,219,K,0.022001934347562306
216594,ABC,NRTI,7,184,M,0.01964919344892513
216594,ABC,NRTI,8,135,T,0.01823071645925109
216594,ABC,NRTI,9,145,Q,0.014544308926538026
216594,ABC,NRTI,10,157,P,0.014157178223455842
56287,ABC,NRTI,1,173,N,0.9999999522912959
56287,ABC,NRTI,2,174,R,0.40294964872893185
56287,ABC,NRTI,3,65,R,0.14595333259753085
56287,ABC,NRTI,4,211,K,0.0546556630335287
56287,ABC,NRTI,5,103,N,0.05227736751387194
56287,ABC,NRTI,6,35,I,0.04781377870589923
56287,ABC,NRTI,7,83,K,0.047250148033622895
56287,ABC,NRTI,8,151,Q,0.036637787217596876
56287,ABC,NRTI,9,219,K,0.031947474530866576
56287,ABC,NRTI,10,184,M,0.02904184264878667
5641,ABC,NRTI,1,196,R,0.9999999522935573
5641,ABC,NRTI,2,98,S,0.20656449452113657
5641,ABC,NRTI,3,62,V,0.203498012113979
5641,ABC,NRTI,4,177,E,0.10513519462821813
5641,ABC,NRTI,5,211,K,0.07454404514924157
5641,ABC,NRTI,6,207,E,0.06667404120492566
5641,ABC,NRTI,7,151,Q,0.04958643109640416
5641,ABC,NRTI,8,219,K,0.04216127736711625
5641,ABC,NRTI,9,70,R,0.03998533476271277
5641,ABC,NRTI,10,184,V,0.032892363907635905
75719,ABC,NRTI,1,225,H,0.9999999522917009
75719,ABC,NRTI,2,64,R,0.5335201409720999
75719,ABC,NRTI,3,122,P,0.20942993518939568
75719,ABC,NRTI,4,177,E,0.08296651889604315
75719,ABC,NRTI,5,103,N,0.057153072301393944
75719,ABC,NRTI,6,219,K,0.041313022802598964
75719,ABC,NRTI,7,151,Q,0.03990990521290738
75719,ABC,NRTI,8,184,M,0.03164790334291173
75719,ABC,NRTI,9,135,T,0.02810635991442777
75719,ABC,NRTI,10,145,Q,0.02537248490553943
614879,ABC,NRTI,1,173,E,0.9999999522635155
614879,ABC,NRTI,2,103,N,0.15466494613344547
614879,ABC,NRTI,3,207,E,0.142507630611512
614879,ABC,NRTI,4,35,I,0.13769100363396228
614879,ABC,NRTI,5,151,Q,0.11437525544522567
614879,ABC,NRTI,6,219,K,0.10144925030508817
614879,ABC,NRTI,7,184,M,0.08887503970762511
614879,ABC,NRTI,8,200,A,0.07419295376911
614879,ABC,NRTI,9,145,Q,0.0660405623698518
614879,ABC,NRTI,10,178,I,0.06054289312845376
614643,ABC,NRTI,1,178,V,0.9999999523008043
614643,ABC,NRTI,2,107,A,0.2928878868836426
614643,ABC,NRTI,3,228,R,0.06788107366530126
614643,ABC,NRTI,4,174,K,0.06147190262387735
614643,ABC,NRTI,5,179,I,0.047102069397095034
614643,ABC,NRTI,6,177,E,0.03371784086978354
614643,ABC,NRTI,7,106,I,0.02705423316592377
614643,ABC,NRTI,8,103,N,0.021916756905257996
614643,ABC,NRTI,9,20,R,0.02036312193543406
614643,ABC,NRTI,10,202,V,0.019076159672642357
771859,ABC,NRTI,1,188,L,0.9999999522129085
771859,ABC,NRTI,2,151,Q,0.21646445295505168
771859,ABC,NRTI,3,219,K,0.18774136215094697
771859,ABC,NRTI,4,157,P,0.1338374713838458
771859,ABC,NRTI,5,184,V,0.1285416289628759
771859,ABC,NRTI,6,178,I,0.12117758887009933
771859,ABC,NRTI,7,145,Q,0.1210861613575906
771859,ABC,NRTI,8,214,F,0.11650705253763535
771859,ABC,NRTI,9,150,P,0.10182024725628938
771859,ABC,NRTI,10,143,R,0.08481323515828873
716522,ABC,NRTI,1,106,M,0.9999999522988637
716522,ABC,NRTI,2,227,C,0.09876867056162601
716522,ABC,NRTI,3,151,Q,0.02911206452796956
716522,ABC,NRTI,4,219,K,0.025846862682128456
716522,ABC,NRTI,5,184,M,0.02504128836995526
716522,ABC,NRTI,6,214,F,0.01707959614444594
716522,ABC,NRTI,7,145,Q,0.016416121519666156
716522,ABC,NRTI,8,157,P,0.01604326070038463
716522,ABC,NRTI,9,178,I,0.014400494172651726
716522,ABC,NRTI,10,150,P,0.01286314183079415
270336,ABC,NRTI,1,184,I,0.9999998328898357
270336,ABC,NRTI,2,151,Q,0.37879768702324
270336,ABC,NRTI,3,219,K,0.3432482904596946
270336,ABC,NRTI,4,138,K,0.33760893766538835
270336,ABC,NRTI,5,101,E,0.2846270336899835
270336,ABC,NRTI,6,145,Q,0.2271124984930462
270336,ABC,NRTI,7,157,P,0.215198113891168
270336,ABC,NRTI,8,214,F,0.20379670926624846
270336,ABC,NRTI,9,178,I,0.19724466764158338
270336,ABC,NRTI,10,150,P,0.1738003865766831
270336,ABC,NRTI,1,184,I,0.9999998328898357
270336,ABC,NRTI,2,151,Q,0.37879768702324
270336,ABC,NRTI,3,219,K,0.3432482904596946
270336,ABC,NRTI,4,138,K,0.33760893766538835
270336,ABC,NRTI,5,101,E,0.2846270336899835
270336,ABC,NRTI,6,145,Q,0.2271124984930462
270336,ABC,NRTI,7,157,P,0.215198113891168
270336,ABC,NRTI,8,214,F,0.20379670926624846
270336,ABC,NRTI,9,178,I,0.19724466764158338
270336,ABC,NRTI,10,150,P,0.1738003865766831
205685,ABC,NRTI,1,219,Q,0.9430130522490777
205685,ABC,NRTI,2,103,R,0.9299935817247201
205685,ABC,NRTI,3,135,L,0.5454674302973591
205685,ABC,NRTI,4,214,L,0.3818223837675945
205685,ABC,NRTI,5,39,A,0.1796713181296744
205685,ABC,NRTI,6,69,N,0.09997964865676119
205685,ABC,NRTI,7,151,Q,0.09824447199846392
205685,ABC,NRTI,8,184,M,0.08054561862272479
205685,ABC,NRTI,9,70,R,0.07995587686652374
205685,ABC,NRTI,10,67,N,0.07441586375585374
205685,ABC,NRTI,1,219,Q,0.9430130522490777
205685,ABC,NRTI,2,103,R,0.9299935817247201
205685,ABC,NRTI,3,135,L,0.5454674302973591
205685,ABC,NRTI,4,214,L,0.3818223837675945
205685,ABC,NRTI,5,39,A,0.1796713181296744
205685,ABC,NRTI,6,69,N,0.09997964865676119
205685,ABC,NRTI,7,151,Q,0.09824447199846392
205685,ABC,NRTI,8,184,M,0.08054561862272479
205685,ABC,NRTI,9,70,R,0.07995587686652374
205685,ABC,NRTI,10,67,N,0.07441586375585374
205665,ABC,NRTI,1,214,L,0.9999998925584761
205665,ABC,NRTI,2,151,Q,0.27740782675791165
205665,ABC,NRTI,3,219,K,0.2482179257673111
205665,ABC,NRTI,4,184,M,0.22225867415502965
205665,ABC,NRTI,5,145,Q,0.16221557621673366
205665,ABC,NRTI,6,157,P,0.15199382761372993
205665,ABC,NRTI,7,178,I,0.14434872675586785
205665,ABC,NRTI,8,150,P,0.1290204597641606
205665,ABC,NRTI,9,143,R,0.11108521935396695
205665,ABC,NRTI,10,149,L,0.11107849546627771
205665,ABC,NRTI,1,214,L,0.9999998925584761
205665,ABC,NRTI,2,151,Q,0.27740782675791165
205665,ABC,NRTI,3,219,K,0.2482179257673111
205665,ABC,NRTI,4,184,M,0.22225867415502965
205665,ABC,NRTI,5,145,Q,0.16221557621673366
205665,ABC,NRTI,6,157,P,0.15199382761372993
205665,ABC,NRTI,7,178,I,0.14434872675586785
205665,ABC,NRTI,8,150,P,0.1290204597641606
205665,ABC,NRTI,9,143,R,0.11108521935396695
205665,ABC,NRTI,10,149,L,0.11107849546627771
205663,ABC,NRTI,1,214,L,0.9999998925397476
205663,ABC,NRTI,2,184,I,0.7303767008547627
205663,ABC,NRTI,3,151,Q,0.27483577440121093
205663,ABC,NRTI,4,219,K,0.24710489096987626
205663,ABC,NRTI,5,145,Q,0.15939108742229438
205663,ABC,NRTI,6,157,P,0.15935092440379425
205663,ABC,NRTI,7,178,I,0.14367683637044815
205663,ABC,NRTI,8,150,P,0.1285059593743921
205663,ABC,NRTI,9,149,L,0.11007766969971708
205663,ABC,NRTI,10,143,R,0.10742452415506759
205663,ABC,NRTI,1,214,L,0.9999998925397476
205663,ABC,NRTI,2,184,I,0.7303767008547627
205663,ABC,NRTI,3,151,Q,0.27483577440121093
205663,ABC,NRTI,4,219,K,0.24710489096987626
205663,ABC,NRTI,5,145,Q,0.15939108742229438
205663,ABC,NRTI,6,157,P,0.15935092440379425
205663,ABC,NRTI,7,178,I,0.14367683637044815
205663,ABC,NRTI,8,150,P,0.1285059593743921
205663,ABC,NRTI,9,149,L,0.11007766969971708
205663,ABC,NRTI,10,143,R,0.10742452415506759
205650,ABC,NRTI,1,151,M,0.9999999523024122
205650,ABC,NRTI,2,184,M,0.013868325387262088
205650,ABC,NRTI,3,219,K,0.01260455287594132
205650,ABC,NRTI,4,149,L,0.00979172031527354
205650,ABC,NRTI,5,157,P,0.009787019788961212
205650,ABC,NRTI,6,145,Q,0.009427515365659184
205650,ABC,NRTI,7,150,P,0.009089171480640298
205650,ABC,NRTI,8,214,F,0.008280333249061446
205650,ABC,NRTI,9,178,I,0.007178214712221466
205650,ABC,NRTI,10,143,R,0.007043982157097631
205650,ABC,NRTI,1,151,M,0.9999999523024122
205650,ABC,NRTI,2,184,M,0.013868325387262088
205650,ABC,NRTI,3,219,K,0.01260455287594132
205650,ABC,NRTI,4,149,L,0.00979172031527354
205650,ABC,NRTI,5,157,P,0.009787019788961212
205650,ABC,NRTI,6,145,Q,0.009427515365659184
205650,ABC,NRTI,7,150,P,0.009089171480640298
205650,ABC,NRTI,8,214,F,0.008280333249061446
205650,ABC,NRTI,9,178,I,0.007178214712221466
205650,ABC,NRTI,10,143,R,0.007043982157097631
771858,ABC,NRTI,1,106,M,0.9999999522968671
771858,ABC,NRTI,2,65,R,0.1344499468921884
771858,ABC,NRTI,3,227,C,0.09886215307061258
771858,ABC,NRTI,4,151,Q,0.030113990977887306
771858,ABC,NRTI,5,219,K,0.026515896974088723
771858,ABC,NRTI,6,184,V,0.02253630497917627
771858,ABC,NRTI,7,157,P,0.01886276520781943
771858,ABC,NRTI,8,214,F,0.017078752156384415
771858,ABC,NRTI,9,145,Q,0.01657081735667755
771858,ABC,NRTI,10,178,I,0.01492041013212274
716517,ABC,NRTI,1,98,G,0.9999999521731046
716517,ABC,NRTI,2,227,C,0.7192023881179201
716517,ABC,NRTI,3,151,Q,0.26564699846434137
716517,ABC,NRTI,4,219,K,0.22479894310458867
716517,ABC,NRTI,5,184,M,0.21579861632785308
716517,ABC,NRTI,6,145,Q,0.1531050763460553
716517,ABC,NRTI,7,157,P,0.1454996933566597
716517,ABC,NRTI,8,214,F,0.14360285667313236
716517,ABC,NRTI,9,178,I,0.13328744679612087
716517,ABC,NRTI,10,150,P,0.12037652351887275
205681,ABC,NRTI,1,211,N,0.9999999522875191
205681,ABC,NRTI,2,219,Q,0.5464039373717814
205681,ABC,NRTI,3,106,A,0.3447182872039214
205681,ABC,NRTI,4,177,E,0.122289755918105
205681,ABC,NRTI,5,215,F,0.09134102390917473
205681,ABC,NRTI,6,103,N,0.07939926352551957
205681,ABC,NRTI,7,35,T,0.06884714851154253
205681,ABC,NRTI,8,196,E,0.06768758698283646
205681,ABC,NRTI,9,151,Q,0.05643338547931613
205681,ABC,NRTI,10,70,R,0.04422516402214316
44022,ABC,NRTI,1,151,M,0.9999999523079303
44022,ABC,NRTI,2,116,Y,0.32795303570394874
44022,ABC,NRTI,3,214,L,0.060786445895832035
44022,ABC,NRTI,4,135,V,0.045158058876279064
44022,ABC,NRTI,5,202,V,0.017246784078235336
44022,ABC,NRTI,6,142,V,0.013498518353326213
44022,ABC,NRTI,7,184,M,0.013313251200605315
44022,ABC,NRTI,8,219,K,0.0129948814843417
44022,ABC,NRTI,9,200,A,0.011390869093998378
44022,ABC,NRTI,10,60,I,0.010182707807851202
716519,ABC,NRTI,1,225,H,0.9999999522886704
716519,ABC,NRTI,2,106,A,0.2358001917231266
716519,ABC,NRTI,3,219,K,0.04156182904680475
716519,ABC,NRTI,4,151,Q,0.039645485778747325
716519,ABC,NRTI,5,184,M,0.03222970509545155
716519,ABC,NRTI,6,145,Q,0.023989999598351405
716519,ABC,NRTI,7,157,P,0.02209858333289086
716519,ABC,NRTI,8,214,F,0.02103365028555066
716519,ABC,NRTI,9,178,I,0.01962229725556846
716519,ABC,NRTI,10,150,P,0.01858844675009109
716518,ABC,NRTI,1,98,G,0.9999998925819937
716518,ABC,NRTI,2,221,Y,0.7788061331855454
716518,ABC,NRTI,3,227,C,0.7046565257319604
716518,ABC,NRTI,4,106,I,0.45567150855298033
716518,ABC,NRTI,5,151,Q,0.26152874460834896
716518,ABC,NRTI,6,219,K,0.23385763345842364
716518,ABC,NRTI,7,184,M,0.21795492041730366
716518,ABC,NRTI,8,145,Q,0.15130824747316718
716518,ABC,NRTI,9,214,F,0.1460019611343013
716518,ABC,NRTI,10,157,P,0.14515839417948037
205662,ABC,NRTI,1,214,L,0.9999998925800412
205662,ABC,NRTI,2,151,Q,0.271685329807543
205662,ABC,NRTI,3,219,K,0.24603896002793624
205662,ABC,NRTI,4,138,K,0.24136789116589638
205662,ABC,NRTI,5,157,P,0.1755126912217364
205662,ABC,NRTI,6,184,V,0.1620214056912222
205662,ABC,NRTI,7,145,Q,0.158819280548419
205662,ABC,NRTI,8,178,I,0.1446121072911521
205662,ABC,NRTI,9,150,P,0.12385420623564466
205662,ABC,NRTI,10,143,R,0.1130080917031752
205662,ABC,NRTI,1,214,L,0.9999998925800412
205662,ABC,NRTI,2,151,Q,0.271685329807543
205662,ABC,NRTI,3,219,K,0.24603896002793624
205662,ABC,NRTI,4,138,K,0.24136789116589638
205662,ABC,NRTI,5,157,P,0.1755126912217364
205662,ABC,NRTI,6,184,V,0.1620214056912222
205662,ABC,NRTI,7,145,Q,0.158819280548419
205662,ABC,NRTI,8,178,I,0.1446121072911521
205662,ABC,NRTI,9,150,P,0.12385420623564466
205662,ABC,NRTI,10,143,R,0.1130080917031752
205651,ABC,NRTI,1,74,V,0.7169569430493463
205651,ABC,NRTI,2,151,Q,0.646580260738457
205651,ABC,NRTI,3,219,K,0.5668862632580862
205651,ABC,NRTI,4,184,M,0.52236372214932
205651,ABC,NRTI,5,214,F,0.35865506569202354
205651,ABC,NRTI,6,145,Q,0.322397658895735
205651,ABC,NRTI,7,157,P,0.3221526033500908
205651,ABC,NRTI,8,178,I,0.29140748590159093
205651,ABC,NRTI,9,150,P,0.2532311631944716
205651,ABC,NRTI,10,143,R,0.23042836342771256
205651,ABC,NRTI,1,74,V,0.7169569430493463
205651,ABC,NRTI,2,151,Q,0.646580260738457
205651,ABC,NRTI,3,219,K,0.5668862632580862
205651,ABC,NRTI,4,184,M,0.52236372214932
205651,ABC,NRTI,5,214,F,0.35865506569202354
205651,ABC,NRTI,6,145,Q,0.322397658895735
205651,ABC,NRTI,7,157,P,0.3221526033500908
205651,ABC,NRTI,8,178,I,0.29140748590159093
205651,ABC,NRTI,9,150,P,0.2532311631944716
205651,ABC,NRTI,10,143,R,0.23042836342771256
771857,ABC,NRTI,1,221,Y,0.9999998925239263
771857,ABC,NRTI,2,227,C,0.9047372463069479
771857,ABC,NRTI,3,106,I,0.5849580211838686
771857,ABC,NRTI,4,151,Q,0.3510325274240544
771857,ABC,NRTI,5,219,K,0.31262558807774615
771857,ABC,NRTI,6,157,P,0.2151796950892545
771857,ABC,NRTI,7,145,Q,0.1981358646835098
771857,ABC,NRTI,8,184,V,0.19759193765499344
771857,ABC,NRTI,9,214,F,0.19087643949066996
771857,ABC,NRTI,10,178,I,0.1796702962419288
771856,ABC,NRTI,1,227,C,0.9999998329030697
771856,ABC,NRTI,2,106,I,0.6435267992869269
771856,ABC,NRTI,3,151,Q,0.3632412014328108
771856,ABC,NRTI,4,219,K,0.3094861757207155
771856,ABC,NRTI,5,184,M,0.29633004709866234
771856,ABC,NRTI,6,145,Q,0.20662760034867683
771856,ABC,NRTI,7,157,P,0.20129117724470602
771856,ABC,NRTI,8,214,F,0.19493608923178374
771856,ABC,NRTI,9,178,I,0.18366240067167
771856,ABC,NRTI,10,150,P,0.1643127470444409
205677,ABC,NRTI,1,219,Q,0.9999999522750446
205677,ABC,NRTI,2,122,Q,0.739541927779253
205677,ABC,NRTI,3,228,R,0.5314147271189019
205677,ABC,NRTI,4,162,D,0.49006291800492274
205677,ABC,NRTI,5,49,R,0.4212130361558334
205677,ABC,NRTI,6,181,C,0.4193932650694256
205677,ABC,NRTI,7,35,R,0.3807443735444805
205677,ABC,NRTI,8,189,I,0.37792967080521334
205677,ABC,NRTI,9,218,E,0.31391905545979704
205677,ABC,NRTI,10,108,I,0.31196603345341833
205677,ABC,NRTI,1,219,Q,0.9999999522750446
205677,ABC,NRTI,2,122,Q,0.739541927779253
205677,ABC,NRTI,3,228,R,0.5314147271189019
205677,ABC,NRTI,4,162,D,0.49006291800492274
205677,ABC,NRTI,5,49,R,0.4212130361558334
205677,ABC,NRTI,6,181,C,0.4193932650694256
205677,ABC,NRTI,7,35,R,0.3807443735444805
205677,ABC,NRTI,8,189,I,0.37792967080521334
205677,ABC,NRTI,9,218,E,0.31391905545979704
205677,ABC,NRTI,10,108,I,0.31196603345341833
143485,ABC,NRTI,1,145,M,1.000000011910705
143485,ABC,NRTI,2,102,Q,0.03682457070375117
143485,ABC,NRTI,3,162,C,0.013517324045729279
143485,ABC,NRTI,4,151,Q,0.006381440844912288
143485,ABC,NRTI,5,219,K,0.005561380438415077
143485,ABC,NRTI,6,184,M,0.004834187965610722
143485,ABC,NRTI,7,157,P,0.0033697856894755887
143485,ABC,NRTI,8,214,F,0.0032005146243761795
143485,ABC,NRTI,9,143,R,0.0031098758946990217
143485,ABC,NRTI,10,150,P,0.0029718835374504737
109393,ABC,NRTI,1,158,S,0.9999999522818378
109393,ABC,NRTI,2,169,D,0.566105532430109
109393,ABC,NRTI,3,162,A,0.47501859391795864
109393,ABC,NRTI,4,122,P,0.31974456131823537
109393,ABC,NRTI,5,214,L,0.23417857847341655
109393,ABC,NRTI,6,177,E,0.13609995911034434
109393,ABC,NRTI,7,151,Q,0.07158461272018733
109393,ABC,NRTI,8,219,K,0.06208483112729152
109393,ABC,NRTI,9,184,M,0.05390150299444327
109393,ABC,NRTI,10,135,T,0.046144377481979186
117074,ABC,NRTI,1,219,R,0.9999999523079843
117074,ABC,NRTI,2,43,N,0.1729898553925487
117074,ABC,NRTI,3,111,I,0.16886150580891918
117074,ABC,NRTI,4,122,P,0.07891884469179068
117074,ABC,NRTI,5,228,R,0.0711311069189142
117074,ABC,NRTI,6,98,S,0.06150115301045376
117074,ABC,NRTI,7,208,Y,0.047174214896524416
117074,ABC,NRTI,8,179,I,0.04634197070741338
117074,ABC,NRTI,9,177,E,0.032812551206457374
117074,ABC,NRTI,10,44,D,0.027751692202425775
11501,ABC,NRTI,1,75,T,0.9999999522669707
11501,ABC,NRTI,2,62,V,0.531181814886278
11501,ABC,NRTI,3,83,K,0.18892392915464784
11501,ABC,NRTI,4,151,Q,0.1636056026286749
11501,ABC,NRTI,5,219,K,0.1402497240303217
11501,ABC,NRTI,6,41,L,0.1314957065799611
11501,ABC,NRTI,7,142,V,0.11510085403874623
11501,ABC,NRTI,8,157,P,0.09745829751062754
11501,ABC,NRTI,9,145,Q,0.09414398784007424
11501,ABC,NRTI,10,214,F,0.09412369114800473
207306,ABC,NRTI,1,173,Q,0.9999999522907568
207306,ABC,NRTI,2,219,Q,0.43820523205841994
207306,ABC,NRTI,3,103,N,0.06707594902616776
207306,ABC,NRTI,4,151,Q,0.05010760637921745
207306,ABC,NRTI,5,70,R,0.03492662204448735
207306,ABC,NRTI,6,157,P,0.030584991191679373
207306,ABC,NRTI,7,67,N,0.030233481629835933
207306,ABC,NRTI,8,184,V,0.03013564195916271
207306,ABC,NRTI,9,145,Q,0.028266333240824313
207306,ABC,NRTI,10,214,F,0.02785213015983916
116520,ABC,NRTI,1,211,T,0.9999999522908465
116520,ABC,NRTI,2,207,K,0.8321130320989342
116520,ABC,NRTI,3,35,K,0.3930206715532968
116520,ABC,NRTI,4,162,D,0.19032520199179617
116520,ABC,NRTI,5,135,V,0.12357659676840119
116520,ABC,NRTI,6,39,A,0.0829538515059384
116520,ABC,NRTI,7,210,W,0.0737497402819774
116520,ABC,NRTI,8,151,Q,0.05476332512179014
116520,ABC,NRTI,9,219,K,0.04629510769008613
116520,ABC,NRTI,10,118,I,0.04600916919451611
44012,ABC,NRTI,1,219,N,0.999999952307073
44012,ABC,NRTI,2,32,T,0.1305329587655224
44012,ABC,NRTI,3,47,V,0.08379003553057476
44012,ABC,NRTI,4,98,S,0.05564310659642892
44012,ABC,NRTI,5,208,Y,0.041326710108164647
44012,ABC,NRTI,6,39,A,0.02429654995077483
44012,ABC,NRTI,7,44,D,0.02182476252854526
44012,ABC,NRTI,8,210,W,0.02173847923310088
44012,ABC,NRTI,9,211,K,0.021253528424029593
44012,ABC,NRTI,10,103,N,0.019754260020959192
614809,ABC,NRTI,1,173,A,0.9832528948454645
614809,ABC,NRTI,2,211,S,0.9630895404666366
614809,ABC,NRTI,3,207,A,0.7998451373588936
614809,ABC,NRTI,4,177,G,0.7455879532767542
614809,ABC,NRTI,5,39,Q,0.4262293602197795
614809,ABC,NRTI,6,169,D,0.4145839859790177
614809,ABC,NRTI,7,28,A,0.3172488067655568
614809,ABC,NRTI,8,11,T,0.26339842615724507
614809,ABC,NRTI,9,174,K,0.17622202586060207
614809,ABC,NRTI,10,162,C,0.09585473425450854
97969,ABC,NRTI,1,219,N,0.9999999523029162
97969,ABC,NRTI,2,223,Q,0.3991221402473012
97969,ABC,NRTI,3,181,G,0.30518316535025714
97969,ABC,NRTI,4,158,S,0.2039581947792115
97969,ABC,NRTI,5,44,A,0.1416791629663321
97969,ABC,NRTI,6,43,E,0.13143211417841866
97969,ABC,NRTI,7,27,S,0.10135967142683779
97969,ABC,NRTI,8,228,R,0.06426817970722884
97969,ABC,NRTI,9,221,Y,0.04721307453949892
97969,ABC,NRTI,10,208,Y,0.04136945776669198
615235,ABC,NRTI,1,123,N,0.9506177424915708
615235,ABC,NRTI,2,219,Q,0.9042029669461452
615235,ABC,NRTI,3,103,S,0.8113826033708902
615235,ABC,NRTI,4,190,A,0.6130639251268917
615235,ABC,NRTI,5,218,E,0.2652456414731034
615235,ABC,NRTI,6,215,F,0.1551203268634894
615235,ABC,NRTI,7,20,R,0.1318894300397315
615235,ABC,NRTI,8,151,Q,0.09922745094961372
615235,ABC,NRTI,9,69,N,0.09903126735744451
615235,ABC,NRTI,10,70,R,0.07826567857214806
173669,ABC,NRTI,1,176,A,0.9999999522924382
173669,ABC,NRTI,2,179,E,0.693422499605691
173669,ABC,NRTI,3,173,I,0.6659874907616437
173669,ABC,NRTI,4,207,D,0.5965493442452754
173669,ABC,NRTI,5,138,G,0.4666665026198563
173669,ABC,NRTI,6,123,S,0.4294529158820961
173669,ABC,NRTI,7,174,K,0.1447540061749374
173669,ABC,NRTI,8,135,V,0.09633450633550099
173669,ABC,NRTI,9,211,K,0.04896773574083669
173669,ABC,NRTI,10,103,N,0.048291364537929926
66814,ABC,NRTI,1,21,I,0.9999998329090343
66814,ABC,NRTI,2,162,C,0.7434143450947163
66814,ABC,NRTI,3,207,E,0.45835757030439594
66814,ABC,NRTI,4,151,Q,0.3363680867385268
66814,ABC,NRTI,5,219,K,0.28780029150155306
66814,ABC,NRTI,6,184,M,0.2696692526012218
66814,ABC,NRTI,7,145,Q,0.1892243598592943
66814,ABC,NRTI,8,214,F,0.18173752026912346
66814,ABC,NRTI,9,157,P,0.17701223198107302
66814,ABC,NRTI,10,178,I,0.16780189962358116
144046,ABC,NRTI,1,43,Q,0.9999999522922753
144046,ABC,NRTI,2,101,H,0.4334542288056241
144046,ABC,NRTI,3,190,A,0.26628979821425236
144046,ABC,NRTI,4,49,R,0.15749937214313633
144046,ABC,NRTI,5,181,C,0.15635069941174395
144046,ABC,NRTI,6,218,E,0.12466399714116992
144046,ABC,NRTI,7,44,D,0.0699220335813569
144046,ABC,NRTI,8,210,W,0.06878860817629566
144046,ABC,NRTI,9,151,Q,0.049334095337102035
144046,ABC,NRTI,10,118,I,0.04833973861834897
77372,ABC,NRTI,1,179,I,0.9999998330037903
77372,ABC,NRTI,2,177,E,0.673845037127502
77372,ABC,NRTI,3,210,W,0.534374904830465
77372,ABC,NRTI,4,118,I,0.3697977792168801
77372,ABC,NRTI,5,151,Q,0.3454017063171704
77372,ABC,NRTI,6,41,L,0.30045284043375026
77372,ABC,NRTI,7,219,K,0.2987953208095317
77372,ABC,NRTI,8,74,V,0.29030345897129745
77372,ABC,NRTI,9,135,T,0.2386246965618733
77372,ABC,NRTI,10,214,F,0.21381744137580627
148110,ABC,NRTI,1,211,K,0.9081057651976341
148110,ABC,NRTI,2,151,Q,0.5404305872392096
148110,ABC,NRTI,3,219,K,0.49730001144588926
148110,ABC,NRTI,4,184,M,0.44485970006600606
148110,ABC,NRTI,5,145,Q,0.3076309527008466
148110,ABC,NRTI,6,214,F,0.2987607324744642
148110,ABC,NRTI,7,157,P,0.2941920972057521
148110,ABC,NRTI,8,178,I,0.2803270465227617
148110,ABC,NRTI,9,150,P,0.24171750061838737
148110,ABC,NRTI,10,143,R,0.2163285311526605
259192,ABC,NRTI,1,211,A,0.99999995228561
259192,ABC,NRTI,2,203,K,0.7684399300918862
259192,ABC,NRTI,3,192,N,0.6548491627854486
259192,ABC,NRTI,4,138,A,0.5617783957557003
259192,ABC,NRTI,5,33,G,0.5299770309733624
259192,ABC,NRTI,6,219,Q,0.35598100830613477
259192,ABC,NRTI,7,103,S,0.3406432868621365
259192,ABC,NRTI,8,4,T,0.26582814588254783
259192,ABC,NRTI,9,190,A,0.23459441990386143
259192,ABC,NRTI,10,214,L,0.1560315607370737
8040,ABC,NRTI,1,177,G,0.9999999522854208
8040,ABC,NRTI,2,219,Q,0.5356161445953703
8040,ABC,NRTI,3,135,L,0.3298430772334398
8040,ABC,NRTI,4,181,C,0.21311217496896648
8040,ABC,NRTI,5,208,Y,0.18266786685940478
8040,ABC,NRTI,6,218,E,0.16291780344173332
8040,ABC,NRTI,7,69,D,0.10365942850048976
8040,ABC,NRTI,8,215,F,0.09341671940259913
8040,ABC,NRTI,9,211,K,0.09197620498137586
8040,ABC,NRTI,10,103,N,0.08476355410819908
614659,ABC,NRTI,1,178,M,1.0000000119110701
614659,ABC,NRTI,2,123,N,0.05545661088958115
614659,ABC,NRTI,3,174,K,0.022232702604986505
614659,ABC,NRTI,4,196,E,0.006321253304881923
614659,ABC,NRTI,5,151,Q,0.0049894948939749745
614659,ABC,NRTI,6,219,K,0.004354878988070855
614659,ABC,NRTI,7,184,M,0.003948555414282835
614659,ABC,NRTI,8,145,Q,0.0027805587782952193
614659,ABC,NRTI,9,214,F,0.0026391373467531767
614659,ABC,NRTI,10,157,P,0.00258616346238761
109447,ABC,NRTI,1,211,K,0.8955219271095884
109447,ABC,NRTI,2,207,E,0.8187856763685788
109447,ABC,NRTI,3,196,E,0.6866412168470026
109447,ABC,NRTI,4,151,Q,0.5595562277546198
109447,ABC,NRTI,5,219,K,0.5247594831642077
109447,ABC,NRTI,6,142,V,0.48695924917824335
109447,ABC,NRTI,7,135,T,0.4276598537119316
109447,ABC,NRTI,8,60,I,0.36714022177471856
109447,ABC,NRTI,9,184,V,0.3583752152903318
109447,ABC,NRTI,10,157,P,0.35475529685664786
10126,AZT,NRTI,1,59,P,0.9999998926939844
10126,AZT,NRTI,2,98,S,0.24270282694340925
10126,AZT,NRTI,3,135,V,0.21787203518265008
10126,AZT,NRTI,4,65,K,0.1393016885176682
10126,AZT,NRTI,5,64,K,0.07967264292563755
10126,AZT,NRTI,6,162,C,0.0506287872992458
10126,AZT,NRTI,7,215,Y,0.04726116556392808
10126,AZT,NRTI,8,67,N,0.04678313469532813
10126,AZT,NRTI,9,58,T,0.046777224069039405
10126,AZT,NRTI,10,78,R,0.04017951253607282
73551,AZT,NRTI,1,115,F,0.9999999522991313
73551,AZT,NRTI,2,59,P,0.5783242646777916
73551,AZT,NRTI,3,68,G,0.15734320949445615
73551,AZT,NRTI,4,74,V,0.1054428124491531
73551,AZT,NRTI,5,67,G,0.09616648740478942
73551,AZT,NRTI,6,1,L,0.05796683958748791
73551,AZT,NRTI,7,65,K,0.05279704120286454
73551,AZT,NRTI,8,219,E,0.04836243006358336
73551,AZT,NRTI,9,64,K,0.02925474676889285
73551,AZT,NRTI,10,58,T,0.028315055037817914
56249,AZT,NRTI,1,59,P,0.9999998926875819
56249,AZT,NRTI,2,35,L,0.4301211824528663
56249,AZT,NRTI,3,20,R,0.1650898645091495
56249,AZT,NRTI,4,178,L,0.11865011562106645
56249,AZT,NRTI,5,65,K,0.11598188877774109
56249,AZT,NRTI,6,103,N,0.10715579768452783
56249,AZT,NRTI,7,64,K,0.06080109326792923
56249,AZT,NRTI,8,162,C,0.053829426329351934
56249,AZT,NRTI,9,58,T,0.04572798274923361
56249,AZT,NRTI,10,78,R,0.03903814901223246
614859,AZT,NRTI,1,59,P,0.9999998926836591
614859,AZT,NRTI,2,65,K,0.1089604163585483
614859,AZT,NRTI,3,35,T,0.07578952655204828
614859,AZT,NRTI,4,64,K,0.05523541693429293
614859,AZT,NRTI,5,58,T,0.046866334111616476
614859,AZT,NRTI,6,78,R,0.03752455178783518
614859,AZT,NRTI,7,72,R,0.0271841903440437
614859,AZT,NRTI,8,123,E,0.026359208811700462
614859,AZT,NRTI,9,202,V,0.024015444351835297
614859,AZT,NRTI,10,66,K,0.01802177560601743
614627,AZT,NRTI,1,59,P,0.999999952302908
614627,AZT,NRTI,2,79,D,0.334450478080861
614627,AZT,NRTI,3,75,I,0.3217355133896981
614627,AZT,NRTI,4,194,D,0.1982328187770502
614627,AZT,NRTI,5,39,D,0.1571638558627533
614627,AZT,NRTI,6,203,V,0.11108865231467567
614627,AZT,NRTI,7,223,T,0.10724223412324517
614627,AZT,NRTI,8,60,I,0.10216675545449604
614627,AZT,NRTI,9,69,D,0.09113837235326303
614627,AZT,NRTI,10,21,I,0.08177182822995088
615375,AZT,NRTI,1,59,P,0.9999998330883323
615375,AZT,NRTI,2,200,I,0.39919805247404233
615375,AZT,NRTI,3,65,K,0.1411688564214691
615375,AZT,NRTI,4,64,K,0.07215847944905636
615375,AZT,NRTI,5,58,T,0.04899042890027427
615375,AZT,NRTI,6,78,R,0.04395577057255232
615375,AZT,NRTI,7,211,K,0.03715749492596718
615375,AZT,NRTI,8,177,E,0.032060798175775146
615375,AZT,NRTI,9,72,R,0.03195034773629474
615375,AZT,NRTI,10,66,K,0.023726283160158224
81888,AZT,NRTI,1,59,P,0.9291311621518452
81888,AZT,NRTI,2,107,S,0.6012544655762506
81888,AZT,NRTI,3,74,I,0.24652189674942943
81888,AZT,NRTI,4,43,E,0.18334631129520948
81888,AZT,NRTI,5,200,K,0.159753327362872
81888,AZT,NRTI,6,203,D,0.12303340508964475
81888,AZT,NRTI,7,65,K,0.09386456135717938
81888,AZT,NRTI,8,188,L,0.09352799442179185
81888,AZT,NRTI,9,64,K,0.05258012001373754
81888,AZT,NRTI,10,39,A,0.04590964536695504
59265,AZT,NRTI,1,59,P,0.9764532565864753
59265,AZT,NRTI,2,169,K,0.5374496248675259
59265,AZT,NRTI,3,195,L,0.3635396307343389
59265,AZT,NRTI,4,173,E,0.2735673938126071
59265,AZT,NRTI,5,178,L,0.1559059399044799
59265,AZT,NRTI,6,65,K,0.12888619724088585
59265,AZT,NRTI,7,64,K,0.06531111417111274
59265,AZT,NRTI,8,58,T,0.04518627236456562
59265,AZT,NRTI,9,78,R,0.040443821923862304
59265,AZT,NRTI,10,72,R,0.029013422564660826
259216,AZT,NRTI,1,59,P,0.9999999522897314
259216,AZT,NRTI,2,68,G,0.5834878010754202
259216,AZT,NRTI,3,65,K,0.12440913977280516
259216,AZT,NRTI,4,60,I,0.12024756034906534
259216,AZT,NRTI,5,64,K,0.0648784704388651
259216,AZT,NRTI,6,58,T,0.04762045126478842
259216,AZT,NRTI,7,78,R,0.03236740606463126
259216,AZT,NRTI,8,72,R,0.02888770158518841
259216,AZT,NRTI,9,70,K,0.023090263278952333
259216,AZT,NRTI,10,66,K,0.02023289496498671
615175,AZT,NRTI,1,59,P,0.9999999523001416
615175,AZT,NRTI,2,74,V,0.25690296296130033
615175,AZT,NRTI,3,142,T,0.1040760125240215
615175,AZT,NRTI,4,35,R,0.093383056023935
615175,AZT,NRTI,5,65,K,0.07994563152245368
615175,AZT,NRTI,6,58,T,0.04266581299457706
615175,AZT,NRTI,7,78,R,0.04195097604200078
615175,AZT,NRTI,8,39,A,0.04129719250631394
615175,AZT,NRTI,9,64,K,0.0404274467836007
615175,AZT,NRTI,10,103,N,0.03942879459851953
205649,AZT,NRTI,1,59,P,0.9999997734520387
205649,AZT,NRTI,2,65,K,0.1623753255702589
205649,AZT,NRTI,3,64,K,0.08251177684046136
205649,AZT,NRTI,4,58,T,0.045775883082039275
205649,AZT,NRTI,5,78,R,0.04062576407481522
205649,AZT,NRTI,6,72,R,0.03327656093963157
205649,AZT,NRTI,7,70,K,0.029668810536357733
205649,AZT,NRTI,8,66,K,0.027810556234329833
205649,AZT,NRTI,9,157,P,0.02293133862084037
205649,AZT,NRTI,10,115,Y,0.02158496947624257
205649,AZT,NRTI,1,59,P,0.9999997734520387
205649,AZT,NRTI,2,65,K,0.1623753255702589
205649,AZT,NRTI,3,64,K,0.08251177684046136
205649,AZT,NRTI,4,58,T,0.045775883082039275
205649,AZT,NRTI,5,78,R,0.04062576407481522
205649,AZT,NRTI,6,72,R,0.03327656093963157
205649,AZT,NRTI,7,70,K,0.029668810536357733
205649,AZT,NRTI,8,66,K,0.027810556234329833
205649,AZT,NRTI,9,157,P,0.02293133862084037
205649,AZT,NRTI,10,115,Y,0.02158496947624257
716521,AZT,NRTI,1,59,P,0.999999833079108
716521,AZT,NRTI,2,65,K,0.14870500259329283
716521,AZT,NRTI,3,64,K,0.07705419324974144
716521,AZT,NRTI,4,106,I,0.07228139549485788
716521,AZT,NRTI,5,221,Y,0.06675920027218017
716521,AZT,NRTI,6,227,C,0.06426923151666027
716521,AZT,NRTI,7,58,T,0.04893520564899102
716521,AZT,NRTI,8,78,R,0.04162773638579763
716521,AZT,NRTI,9,72,R,0.03197022530804382
716521,AZT,NRTI,10,70,K,0.02692246823425119
771854,AZT,NRTI,1,59,P,0.999999833083987
771854,AZT,NRTI,2,98,G,0.359009635044206
771854,AZT,NRTI,3,65,K,0.12854601735370264
771854,AZT,NRTI,4,64,K,0.06439919820833438
771854,AZT,NRTI,5,106,I,0.05359344580339917
771854,AZT,NRTI,6,58,T,0.05025339964699892
771854,AZT,NRTI,7,221,Y,0.04959777595852681
771854,AZT,NRTI,8,184,V,0.04945855056678269
771854,AZT,NRTI,9,227,C,0.04759684751495274
771854,AZT,NRTI,10,78,R,0.04226986535566046
205679,AZT,NRTI,1,59,P,0.9999999522957781
205679,AZT,NRTI,2,75,T,0.2588650805367956
205679,AZT,NRTI,3,69,D,0.16655162610512114
205679,AZT,NRTI,4,65,K,0.11451565396631368
205679,AZT,NRTI,5,64,K,0.0754199240433897
205679,AZT,NRTI,6,58,T,0.05597476302909521
205679,AZT,NRTI,7,78,R,0.05331065831384899
205679,AZT,NRTI,8,72,R,0.036625137264151855
205679,AZT,NRTI,9,67,N,0.03386234747600373
205679,AZT,NRTI,10,215,Y,0.027129585280443666
205679,AZT,NRTI,1,59,P,0.9999999522957781
205679,AZT,NRTI,2,75,T,0.2588650805367956
205679,AZT,NRTI,3,69,D,0.16655162610512114
205679,AZT,NRTI,4,65,K,0.11451565396631368
205679,AZT,NRTI,5,64,K,0.0754199240433897
205679,AZT,NRTI,6,58,T,0.05597476302909521
205679,AZT,NRTI,7,78,R,0.05331065831384899
205679,AZT,NRTI,8,72,R,0.036625137264151855
205679,AZT,NRTI,9,67,N,0.03386234747600373
205679,AZT,NRTI,10,215,Y,0.027129585280443666
205675,AZT,NRTI,1,59,P,0.9999998926907329
205675,AZT,NRTI,2,135,M,0.3526764045811871
205675,AZT,NRTI,3,70,R,0.2915158220983123
205675,AZT,NRTI,4,90,I,0.1880120629333919
205675,AZT,NRTI,5,65,K,0.16254125189258423
205675,AZT,NRTI,6,69,N,0.11832733488896859
205675,AZT,NRTI,7,64,K,0.10458720534309515
205675,AZT,NRTI,8,103,N,0.0816141004939694
205675,AZT,NRTI,9,58,T,0.046156424971686906
205675,AZT,NRTI,10,78,R,0.04455077480379584
205675,AZT,NRTI,1,59,P,0.9999998926907329
205675,AZT,NRTI,2,135,M,0.3526764045811871
205675,AZT,NRTI,3,70,R,0.2915158220983123
205675,AZT,NRTI,4,90,I,0.1880120629333919
205675,AZT,NRTI,5,65,K,0.16254125189258423
205675,AZT,NRTI,6,69,N,0.11832733488896859
205675,AZT,NRTI,7,64,K,0.10458720534309515
205675,AZT,NRTI,8,103,N,0.0816141004939694
205675,AZT,NRTI,9,58,T,0.046156424971686906
205675,AZT,NRTI,10,78,R,0.04455077480379584
270335,AZT,NRTI,1,59,P,0.9999998330762334
270335,AZT,NRTI,2,184,I,0.23009057426678153
270335,AZT,NRTI,3,65,K,0.16122515205763746
270335,AZT,NRTI,4,64,K,0.0821108290975617
270335,AZT,NRTI,5,138,K,0.05906570863822488
270335,AZT,NRTI,6,58,T,0.04558847806685888
270335,AZT,NRTI,7,78,R,0.04352834571050092
270335,AZT,NRTI,8,72,R,0.033485223804344585
270335,AZT,NRTI,9,70,K,0.028587546823656287
270335,AZT,NRTI,10,66,K,0.02658337636493519
270334,AZT,NRTI,1,59,P,0.9999998330730444
270334,AZT,NRTI,2,65,K,0.14972799382504526
270334,AZT,NRTI,3,101,E,0.1401305318650807
270334,AZT,NRTI,4,64,K,0.0785039704944099
270334,AZT,NRTI,5,138,K,0.05491181359088622
270334,AZT,NRTI,6,58,T,0.04459676089783731
270334,AZT,NRTI,7,78,R,0.04150885220694733
270334,AZT,NRTI,8,72,R,0.032405241634423466
270334,AZT,NRTI,9,70,K,0.026785033605039265
270334,AZT,NRTI,10,66,K,0.025840153428007974
270334,AZT,NRTI,1,59,P,0.9999998330730444
270334,AZT,NRTI,2,65,K,0.14972799382504526
270334,AZT,NRTI,3,101,E,0.1401305318650807
270334,AZT,NRTI,4,64,K,0.0785039704944099
270334,AZT,NRTI,5,138,K,0.05491181359088622
270334,AZT,NRTI,6,58,T,0.04459676089783731
270334,AZT,NRTI,7,78,R,0.04150885220694733
270334,AZT,NRTI,8,72,R,0.032405241634423466
270334,AZT,NRTI,9,70,K,0.026785033605039265
270334,AZT,NRTI,10,66,K,0.025840153428007974
205683,AZT,NRTI,1,59,P,0.9999999523032416
205683,AZT,NRTI,2,67,G,0.2603588037317272
205683,AZT,NRTI,3,74,I,0.258487935763514
205683,AZT,NRTI,4,70,R,0.1560731056797939
205683,AZT,NRTI,5,43,N,0.12571967488652294
205683,AZT,NRTI,6,65,K,0.12058036450591295
205683,AZT,NRTI,7,64,K,0.07016112330272302
205683,AZT,NRTI,8,69,N,0.06747995782930989
205683,AZT,NRTI,9,181,C,0.06197210133429952
205683,AZT,NRTI,10,215,F,0.04861468247634846
205683,AZT,NRTI,1,59,P,0.9999999523032416
205683,AZT,NRTI,2,67,G,0.2603588037317272
205683,AZT,NRTI,3,74,I,0.258487935763514
205683,AZT,NRTI,4,70,R,0.1560731056797939
205683,AZT,NRTI,5,43,N,0.12571967488652294
205683,AZT,NRTI,6,65,K,0.12058036450591295
205683,AZT,NRTI,7,64,K,0.07016112330272302
205683,AZT,NRTI,8,69,N,0.06747995782930989
205683,AZT,NRTI,9,181,C,0.06197210133429952
205683,AZT,NRTI,10,215,F,0.04861468247634846
205661,AZT,NRTI,1,59,P,0.9999998330803327
205661,AZT,NRTI,2,184,I,0.225399775319385
205661,AZT,NRTI,3,65,K,0.16074742623482846
205661,AZT,NRTI,4,64,K,0.08077138096264412
205661,AZT,NRTI,5,138,K,0.05738413681298699
205661,AZT,NRTI,6,58,T,0.04603227741729759
205661,AZT,NRTI,7,78,R,0.04401158386841267
205661,AZT,NRTI,8,72,R,0.03358481214675448
205661,AZT,NRTI,9,214,L,0.02768508548660331
205661,AZT,NRTI,10,70,K,0.027576566067282704
205661,AZT,NRTI,1,59,P,0.9999998330803327
205661,AZT,NRTI,2,184,I,0.225399775319385
205661,AZT,NRTI,3,65,K,0.16074742623482846
205661,AZT,NRTI,4,64,K,0.08077138096264412
205661,AZT,NRTI,5,138,K,0.05738413681298699
205661,AZT,NRTI,6,58,T,0.04603227741729759
205661,AZT,NRTI,7,78,R,0.04401158386841267
205661,AZT,NRTI,8,72,R,0.03358481214675448
205661,AZT,NRTI,9,214,L,0.02768508548660331
205661,AZT,NRTI,10,70,K,0.027576566067282704
205648,AZT,NRTI,1,59,P,0.8718482970941749
205648,AZT,NRTI,2,151,M,0.5539994392829772
205648,AZT,NRTI,3,65,K,0.1099235071761002
205648,AZT,NRTI,4,64,K,0.056901567114874124
205648,AZT,NRTI,5,58,T,0.04431035127480603
205648,AZT,NRTI,6,150,P,0.036127536289874036
205648,AZT,NRTI,7,78,R,0.03592748290723576
205648,AZT,NRTI,8,72,R,0.033763209078639576
205648,AZT,NRTI,9,157,P,0.03035529825969343
205648,AZT,NRTI,10,115,Y,0.01889696398477678
205648,AZT,NRTI,1,59,P,0.8718482970941749
205648,AZT,NRTI,2,151,M,0.5539994392829772
205648,AZT,NRTI,3,65,K,0.1099235071761002
205648,AZT,NRTI,4,64,K,0.056901567114874124
205648,AZT,NRTI,5,58,T,0.04431035127480603
205648,AZT,NRTI,6,150,P,0.036127536289874036
205648,AZT,NRTI,7,78,R,0.03592748290723576
205648,AZT,NRTI,8,72,R,0.033763209078639576
205648,AZT,NRTI,9,157,P,0.03035529825969343
205648,AZT,NRTI,10,115,Y,0.01889696398477678
771853,AZT,NRTI,1,59,P,0.9999998330816082
771853,AZT,NRTI,2,98,G,0.38111540185921977
771853,AZT,NRTI,3,65,K,0.13395007166372602
771853,AZT,NRTI,4,64,K,0.0659005773466747
771853,AZT,NRTI,5,184,V,0.05144981032419066
771853,AZT,NRTI,6,58,T,0.04991400425758926
771853,AZT,NRTI,7,227,C,0.049566661217700425
771853,AZT,NRTI,8,78,R,0.04294401711442475
771853,AZT,NRTI,9,72,R,0.03076717036115726
771853,AZT,NRTI,10,115,Y,0.026683957051020873
270337,AZT,NRTI,1,59,P,0.9999998330735326
270337,AZT,NRTI,2,65,K,0.1592877603513741
270337,AZT,NRTI,3,64,K,0.08234832791081716
270337,AZT,NRTI,4,138,K,0.060313208301053134
270337,AZT,NRTI,5,58,T,0.04589986788819129
270337,AZT,NRTI,6,78,R,0.041159967952836114
270337,AZT,NRTI,7,72,R,0.0330847677597221
270337,AZT,NRTI,8,70,K,0.02884595773633312
270337,AZT,NRTI,9,66,K,0.027312713587283072
270337,AZT,NRTI,10,157,P,0.022305237597523828
270337,AZT,NRTI,1,59,P,0.9999998330735326
270337,AZT,NRTI,2,65,K,0.1592877603513741
270337,AZT,NRTI,3,64,K,0.08234832791081716
270337,AZT,NRTI,4,138,K,0.060313208301053134
270337,AZT,NRTI,5,58,T,0.04589986788819129
270337,AZT,NRTI,6,78,R,0.041159967952836114
270337,AZT,NRTI,7,72,R,0.0330847677597221
270337,AZT,NRTI,8,70,K,0.02884595773633312
270337,AZT,NRTI,9,66,K,0.027312713587283072
270337,AZT,NRTI,10,157,P,0.022305237597523828
205653,AZT,NRTI,1,59,P,0.9999997734520387
205653,AZT,NRTI,2,65,K,0.1623753255702589
205653,AZT,NRTI,3,64,K,0.08251177684046136
205653,AZT,NRTI,4,58,T,0.045775883082039275
205653,AZT,NRTI,5,78,R,0.04062576407481522
205653,AZT,NRTI,6,72,R,0.03327656093963157
205653,AZT,NRTI,7,70,K,0.029668810536357733
205653,AZT,NRTI,8,66,K,0.027810556234329833
205653,AZT,NRTI,9,157,P,0.02293133862084037
205653,AZT,NRTI,10,115,Y,0.02158496947624257
205653,AZT,NRTI,1,59,P,0.9999997734520387
205653,AZT,NRTI,2,65,K,0.1623753255702589
205653,AZT,NRTI,3,64,K,0.08251177684046136
205653,AZT,NRTI,4,58,T,0.045775883082039275
205653,AZT,NRTI,5,78,R,0.04062576407481522
205653,AZT,NRTI,6,72,R,0.03327656093963157
205653,AZT,NRTI,7,70,K,0.029668810536357733
205653,AZT,NRTI,8,66,K,0.027810556234329833
205653,AZT,NRTI,9,157,P,0.02293133862084037
205653,AZT,NRTI,10,115,Y,0.02158496947624257
205652,AZT,NRTI,1,59,P,0.999999952286614
205652,AZT,NRTI,2,74,V,0.3694647170764709
205652,AZT,NRTI,3,65,K,0.09416877214456039
205652,AZT,NRTI,4,78,R,0.04725701101630218
205652,AZT,NRTI,5,64,K,0.043453286709070726
205652,AZT,NRTI,6,58,T,0.04323759448171952
205652,AZT,NRTI,7,72,R,0.03447749969729711
205652,AZT,NRTI,8,61,F,0.021817271019128413
205652,AZT,NRTI,9,81,N,0.017167063481207032
205652,AZT,NRTI,10,70,K,0.015980542274280186
205652,AZT,NRTI,1,59,P,0.999999952286614
205652,AZT,NRTI,2,74,V,0.3694647170764709
205652,AZT,NRTI,3,65,K,0.09416877214456039
205652,AZT,NRTI,4,78,R,0.04725701101630218
205652,AZT,NRTI,5,64,K,0.043453286709070726
205652,AZT,NRTI,6,58,T,0.04323759448171952
205652,AZT,NRTI,7,72,R,0.03447749969729711
205652,AZT,NRTI,8,61,F,0.021817271019128413
205652,AZT,NRTI,9,81,N,0.017167063481207032
205652,AZT,NRTI,10,70,K,0.015980542274280186
205681,AZT,NRTI,1,59,P,0.9999999523008463
205681,AZT,NRTI,2,70,R,0.24128628201899038
205681,AZT,NRTI,3,211,N,0.13763342032016526
205681,AZT,NRTI,4,65,K,0.12737533420084676
205681,AZT,NRTI,5,106,A,0.08492589551359593
205681,AZT,NRTI,6,215,F,0.07919117591197551
205681,AZT,NRTI,7,64,K,0.07484265757170527
205681,AZT,NRTI,8,103,N,0.07051917516994574
205681,AZT,NRTI,9,219,Q,0.056050817989849
205681,AZT,NRTI,10,35,T,0.05464485653531388
205664,AZT,NRTI,1,59,P,0.9999998330706197
205664,AZT,NRTI,2,65,K,0.15298596846765045
205664,AZT,NRTI,3,64,K,0.07636811358127206
205664,AZT,NRTI,4,184,V,0.06441567279495912
205664,AZT,NRTI,5,58,T,0.04710311413901718
205664,AZT,NRTI,6,78,R,0.04373126865563404
205664,AZT,NRTI,7,72,R,0.03260312624810923
205664,AZT,NRTI,8,115,Y,0.03126627179403141
205664,AZT,NRTI,9,157,P,0.029657370536043136
205664,AZT,NRTI,10,214,L,0.027124964035616723
205664,AZT,NRTI,1,59,P,0.9999998330706197
205664,AZT,NRTI,2,65,K,0.15298596846765045
205664,AZT,NRTI,3,64,K,0.07636811358127206
205664,AZT,NRTI,4,184,V,0.06441567279495912
205664,AZT,NRTI,5,58,T,0.04710311413901718
205664,AZT,NRTI,6,78,R,0.04373126865563404
205664,AZT,NRTI,7,72,R,0.03260312624810923
205664,AZT,NRTI,8,115,Y,0.03126627179403141
205664,AZT,NRTI,9,157,P,0.029657370536043136
205664,AZT,NRTI,10,214,L,0.027124964035616723
205660,AZT,NRTI,1,59,P,0.9999998330793313
205660,AZT,NRTI,2,65,K,0.15578498207202152
205660,AZT,NRTI,3,64,K,0.07955345835166718
205660,AZT,NRTI,4,138,K,0.05709291317927261
205660,AZT,NRTI,5,58,T,0.0469050175608601
205660,AZT,NRTI,6,78,R,0.041464175810218336
205660,AZT,NRTI,7,72,R,0.03297165315754646
205660,AZT,NRTI,8,70,K,0.027261483484784965
205660,AZT,NRTI,9,214,L,0.027198235989800597
205660,AZT,NRTI,10,66,K,0.026379452140530477
205660,AZT,NRTI,1,59,P,0.9999998330793313
205660,AZT,NRTI,2,65,K,0.15578498207202152
205660,AZT,NRTI,3,64,K,0.07955345835166718
205660,AZT,NRTI,4,138,K,0.05709291317927261
205660,AZT,NRTI,5,58,T,0.0469050175608601
205660,AZT,NRTI,6,78,R,0.041464175810218336
205660,AZT,NRTI,7,72,R,0.03297165315754646
205660,AZT,NRTI,8,70,K,0.027261483484784965
205660,AZT,NRTI,9,214,L,0.027198235989800597
205660,AZT,NRTI,10,66,K,0.026379452140530477
771855,AZT,NRTI,1,65,R,1.0000000118994004
771855,AZT,NRTI,2,59,P,0.20955682036154966
771855,AZT,NRTI,3,58,T,0.011077694852015433
771855,AZT,NRTI,4,64,K,0.01037407437427311
771855,AZT,NRTI,5,78,R,0.008874049429960392
771855,AZT,NRTI,6,106,A,0.006840062651525864
771855,AZT,NRTI,7,72,R,0.006736940263823637
771855,AZT,NRTI,8,225,H,0.006532813578524367
771855,AZT,NRTI,9,81,N,0.0038369521206203707
771855,AZT,NRTI,10,157,P,0.003254860548191913
716523,AZT,NRTI,1,59,P,0.9999998330806831
716523,AZT,NRTI,2,188,L,0.3210332431619879
716523,AZT,NRTI,3,65,K,0.13743590033949613
716523,AZT,NRTI,4,64,K,0.06825174391694323
716523,AZT,NRTI,5,58,T,0.05285023893051549
716523,AZT,NRTI,6,78,R,0.04038994814946713
716523,AZT,NRTI,7,72,R,0.03070948097755772
716523,AZT,NRTI,8,157,P,0.029019436284310196
716523,AZT,NRTI,9,70,K,0.023808231749200236
716523,AZT,NRTI,10,186,D,0.023678403439586247
716520,AZT,NRTI,1,59,P,0.9999998330785979
716520,AZT,NRTI,2,65,K,0.15253077830325174
716520,AZT,NRTI,3,64,K,0.07860249498007862
716520,AZT,NRTI,4,106,I,0.07409638565147082
716520,AZT,NRTI,5,227,C,0.06585916114625857
716520,AZT,NRTI,6,58,T,0.049470049206182296
716520,AZT,NRTI,7,78,R,0.0431847115182263
716520,AZT,NRTI,8,72,R,0.0330272522335317
716520,AZT,NRTI,9,70,K,0.027690370698801293
716520,AZT,NRTI,10,66,K,0.025642893902098247
270338,AZT,NRTI,1,59,P,0.9999998330767926
270338,AZT,NRTI,2,65,K,0.14814989989168625
270338,AZT,NRTI,3,101,E,0.13813525384437222
270338,AZT,NRTI,4,64,K,0.07631685066286012
270338,AZT,NRTI,5,58,T,0.044381736731149576
270338,AZT,NRTI,6,78,R,0.04168352293982538
270338,AZT,NRTI,7,72,R,0.032302518583311846
270338,AZT,NRTI,8,70,K,0.026083489430525755
270338,AZT,NRTI,9,66,K,0.025692284814555922
270338,AZT,NRTI,10,157,P,0.020037889685248004
270338,AZT,NRTI,1,59,P,0.9999998330767926
270338,AZT,NRTI,2,65,K,0.14814989989168625
270338,AZT,NRTI,3,101,E,0.13813525384437222
270338,AZT,NRTI,4,64,K,0.07631685066286012
270338,AZT,NRTI,5,58,T,0.044381736731149576
270338,AZT,NRTI,6,78,R,0.04168352293982538
270338,AZT,NRTI,7,72,R,0.032302518583311846
270338,AZT,NRTI,8,70,K,0.026083489430525755
270338,AZT,NRTI,9,66,K,0.025692284814555922
270338,AZT,NRTI,10,157,P,0.020037889685248004
270335,AZT,NRTI,1,59,P,0.9999998330762334
270335,AZT,NRTI,2,184,I,0.23009057426678153
270335,AZT,NRTI,3,65,K,0.16122515205763746
270335,AZT,NRTI,4,64,K,0.0821108290975617
270335,AZT,NRTI,5,138,K,0.05906570863822488
270335,AZT,NRTI,6,58,T,0.04558847806685888
270335,AZT,NRTI,7,78,R,0.04352834571050092
270335,AZT,NRTI,8,72,R,0.033485223804344585
270335,AZT,NRTI,9,70,K,0.028587546823656287
270335,AZT,NRTI,10,66,K,0.02658337636493519
52839,AZT,NRTI,1,59,P,0.7763761997042996
52839,AZT,NRTI,2,75,M,0.611030143071315
52839,AZT,NRTI,3,65,K,0.07522363227266904
52839,AZT,NRTI,4,58,T,0.049175801818196994
52839,AZT,NRTI,5,64,K,0.04852083413822589
52839,AZT,NRTI,6,78,R,0.0367031645841364
52839,AZT,NRTI,7,72,R,0.024265179906096352
52839,AZT,NRTI,8,215,Y,0.02054715626982619
52839,AZT,NRTI,9,67,N,0.019767330545750285
52839,AZT,NRTI,10,81,N,0.01511447659480509
81866,AZT,NRTI,1,59,P,0.9999998330870247
81866,AZT,NRTI,2,83,K,0.23109541181258741
81866,AZT,NRTI,3,65,K,0.12998405991388864
81866,AZT,NRTI,4,101,E,0.107981006434097
81866,AZT,NRTI,5,64,K,0.06638901443042365
81866,AZT,NRTI,6,78,R,0.05247448003543399
81866,AZT,NRTI,7,58,T,0.04629233885731811
81866,AZT,NRTI,8,123,E,0.03475150818761782
81866,AZT,NRTI,9,202,V,0.031107254651028763
81866,AZT,NRTI,10,72,R,0.030962020172414395
614693,AZT,NRTI,1,59,P,0.9061471938955232
614693,AZT,NRTI,2,228,H,0.5914929309623009
614693,AZT,NRTI,3,74,I,0.23625238366764162
614693,AZT,NRTI,4,39,S,0.20754376640073285
614693,AZT,NRTI,5,219,E,0.1547801047991051
614693,AZT,NRTI,6,70,R,0.14690506763574956
614693,AZT,NRTI,7,108,I,0.1428970116680755
614693,AZT,NRTI,8,174,R,0.119039419513707
614693,AZT,NRTI,9,65,K,0.10461040941478209
614693,AZT,NRTI,10,162,A,0.0659103105131063
40381,AZT,NRTI,1,59,P,0.766465139372065
40381,AZT,NRTI,2,172,K,0.5586929439077636
40381,AZT,NRTI,3,219,R,0.24250911895852062
40381,AZT,NRTI,4,188,L,0.0838367105927558
40381,AZT,NRTI,5,65,K,0.08058024769583648
40381,AZT,NRTI,6,64,K,0.0497218751944203
40381,AZT,NRTI,7,58,T,0.03855355958789168
40381,AZT,NRTI,8,78,R,0.029663263117194708
40381,AZT,NRTI,9,189,I,0.02964081866383211
40381,AZT,NRTI,10,44,D,0.027700916702932555
216594,AZT,NRTI,1,59,P,0.9999998330874045
216594,AZT,NRTI,2,162,Y,0.417668132784291
216594,AZT,NRTI,3,83,K,0.20930560537978665
216594,AZT,NRTI,4,178,L,0.14094232679934077
216594,AZT,NRTI,5,65,K,0.12127363523202896
216594,AZT,NRTI,6,64,K,0.060639590641713134
216594,AZT,NRTI,7,135,T,0.05751588410946867
216594,AZT,NRTI,8,78,R,0.04967164179757342
216594,AZT,NRTI,9,58,T,0.04823093732915262
216594,AZT,NRTI,10,72,R,0.03019766005906782
56287,AZT,NRTI,1,65,R,1.000000011903262
56287,AZT,NRTI,2,59,P,0.21882394712455405
56287,AZT,NRTI,3,173,N,0.025476651530250093
56287,AZT,NRTI,4,174,R,0.017091775106183378
56287,AZT,NRTI,5,83,K,0.01261938717920806
56287,AZT,NRTI,6,58,T,0.011299109236094607
56287,AZT,NRTI,7,64,K,0.010322990280126298
56287,AZT,NRTI,8,78,R,0.009084970592373256
56287,AZT,NRTI,9,72,R,0.006693326853965886
56287,AZT,NRTI,10,103,N,0.006505135177607085
5641,AZT,NRTI,1,59,P,0.9999999522985127
5641,AZT,NRTI,2,62,V,0.5548669513789652
5641,AZT,NRTI,3,196,R,0.1940358873508665
5641,AZT,NRTI,4,70,R,0.12425741984779307
5641,AZT,NRTI,5,98,S,0.0855587727889293
5641,AZT,NRTI,6,65,K,0.08399360091088041
5641,AZT,NRTI,7,64,K,0.05904674486889183
5641,AZT,NRTI,8,58,T,0.05158327878206738
5641,AZT,NRTI,9,78,R,0.03334326691776013
5641,AZT,NRTI,10,72,R,0.025638707886148478
75719,AZT,NRTI,1,64,R,1.0000000119061259
75719,AZT,NRTI,2,59,P,0.13484323002630713
75719,AZT,NRTI,3,65,K,0.014314702437288163
75719,AZT,NRTI,4,122,P,0.013735379570928921
75719,AZT,NRTI,5,58,T,0.006641945158456567
75719,AZT,NRTI,6,78,R,0.005719890023721077
75719,AZT,NRTI,7,103,N,0.003786476475466108
75719,AZT,NRTI,8,72,R,0.003752144263047201
75719,AZT,NRTI,9,225,H,0.003747265172473519
75719,AZT,NRTI,10,81,N,0.0024598564446398855
614879,AZT,NRTI,1,59,P,0.9999998926919642
614879,AZT,NRTI,2,173,E,0.18917020404404308
614879,AZT,NRTI,3,65,K,0.11516879263822652
614879,AZT,NRTI,4,103,N,0.10708835326139216
614879,AZT,NRTI,5,35,I,0.08747975949345625
614879,AZT,NRTI,6,64,K,0.05909280497768762
614879,AZT,NRTI,7,58,T,0.04458306374547507
614879,AZT,NRTI,8,78,R,0.03875330114043639
614879,AZT,NRTI,9,72,R,0.028283567462797914
614879,AZT,NRTI,10,207,E,0.021234847584671382
614643,AZT,NRTI,1,59,P,0.7348145365527471
614643,AZT,NRTI,2,107,A,0.5789107435751916
614643,AZT,NRTI,3,228,R,0.1840178908867599
614643,AZT,NRTI,4,178,V,0.18143185979563234
614643,AZT,NRTI,5,65,K,0.08460140660664316
614643,AZT,NRTI,6,20,R,0.06802592720200419
614643,AZT,NRTI,7,64,K,0.050275420658864096
614643,AZT,NRTI,8,174,K,0.045751293362444684
614643,AZT,NRTI,9,103,N,0.04530172575222713
614643,AZT,NRTI,10,58,T,0.03726779563160365
771859,AZT,NRTI,1,59,P,0.9999998330814881
771859,AZT,NRTI,2,188,L,0.2902580616169217
771859,AZT,NRTI,3,65,K,0.12953221117190375
771859,AZT,NRTI,4,64,K,0.063388825371567
771859,AZT,NRTI,5,184,V,0.056248412886132804
771859,AZT,NRTI,6,58,T,0.051357167409731355
771859,AZT,NRTI,7,78,R,0.04091868909203819
771859,AZT,NRTI,8,72,R,0.028939721655557426
771859,AZT,NRTI,9,157,P,0.02667192692812697
771859,AZT,NRTI,10,115,Y,0.02590525991310003
716522,AZT,NRTI,1,59,P,0.9999998330846274
716522,AZT,NRTI,2,106,M,0.47882297035754356
716522,AZT,NRTI,3,65,K,0.14372170293841424
716522,AZT,NRTI,4,64,K,0.07624361378348642
716522,AZT,NRTI,5,227,C,0.06011286440234319
716522,AZT,NRTI,6,58,T,0.051008847562053254
716522,AZT,NRTI,7,78,R,0.049908067047056755
716522,AZT,NRTI,8,72,R,0.033719582480053904
716522,AZT,NRTI,9,70,K,0.024941476089050653
716522,AZT,NRTI,10,66,K,0.024081944200849886
270336,AZT,NRTI,1,59,P,0.9999998330744511
270336,AZT,NRTI,2,184,I,0.21456149383970083
270336,AZT,NRTI,3,65,K,0.15450551055013761
270336,AZT,NRTI,4,101,E,0.14238275975086154
270336,AZT,NRTI,5,64,K,0.07977912629564021
270336,AZT,NRTI,6,138,K,0.05560828240553703
270336,AZT,NRTI,7,58,T,0.04494697277871613
270336,AZT,NRTI,8,78,R,0.0435401209107545
270336,AZT,NRTI,9,72,R,0.033168859224017785
270336,AZT,NRTI,10,70,K,0.027304983728867006
270336,AZT,NRTI,1,59,P,0.9999998330744511
270336,AZT,NRTI,2,184,I,0.21456149383970083
270336,AZT,NRTI,3,65,K,0.15450551055013761
270336,AZT,NRTI,4,101,E,0.14238275975086154
270336,AZT,NRTI,5,64,K,0.07977912629564021
270336,AZT,NRTI,6,138,K,0.05560828240553703
270336,AZT,NRTI,7,58,T,0.04494697277871613
270336,AZT,NRTI,8,78,R,0.0435401209107545
270336,AZT,NRTI,9,72,R,0.033168859224017785
270336,AZT,NRTI,10,70,K,0.027304983728867006
205685,AZT,NRTI,1,59,P,0.8686538457695286
205685,AZT,NRTI,2,103,R,0.5662209213660181
205685,AZT,NRTI,3,70,R,0.2308866011768835
205685,AZT,NRTI,4,135,L,0.1562022060808471
205685,AZT,NRTI,5,65,K,0.13615237026025617
205685,AZT,NRTI,6,69,N,0.09246739586816163
205685,AZT,NRTI,7,64,K,0.08869247165044752
205685,AZT,NRTI,8,39,A,0.060850816360973406
205685,AZT,NRTI,9,219,Q,0.048640810628795154
205685,AZT,NRTI,10,58,T,0.042446422775464066
205685,AZT,NRTI,1,59,P,0.8686538457695286
205685,AZT,NRTI,2,103,R,0.5662209213660181
205685,AZT,NRTI,3,70,R,0.2308866011768835
205685,AZT,NRTI,4,135,L,0.1562022060808471
205685,AZT,NRTI,5,65,K,0.13615237026025617
205685,AZT,NRTI,6,69,N,0.09246739586816163
205685,AZT,NRTI,7,64,K,0.08869247165044752
205685,AZT,NRTI,8,39,A,0.060850816360973406
205685,AZT,NRTI,9,219,Q,0.048640810628795154
205685,AZT,NRTI,10,58,T,0.042446422775464066
205665,AZT,NRTI,1,59,P,0.9999998330711539
205665,AZT,NRTI,2,65,K,0.1601438716823036
205665,AZT,NRTI,3,64,K,0.08070837004447355
205665,AZT,NRTI,4,58,T,0.04728443534108499
205665,AZT,NRTI,5,78,R,0.04186658784803047
205665,AZT,NRTI,6,72,R,0.03403761079997
205665,AZT,NRTI,7,214,L,0.02902070198089596
205665,AZT,NRTI,8,70,K,0.028391283516970175
205665,AZT,NRTI,9,66,K,0.027223844869029817
205665,AZT,NRTI,10,157,P,0.02388647212898444
205665,AZT,NRTI,1,59,P,0.9999998330711539
205665,AZT,NRTI,2,65,K,0.1601438716823036
205665,AZT,NRTI,3,64,K,0.08070837004447355
205665,AZT,NRTI,4,58,T,0.04728443534108499
205665,AZT,NRTI,5,78,R,0.04186658784803047
205665,AZT,NRTI,6,72,R,0.03403761079997
205665,AZT,NRTI,7,214,L,0.02902070198089596
205665,AZT,NRTI,8,70,K,0.028391283516970175
205665,AZT,NRTI,9,66,K,0.027223844869029817
205665,AZT,NRTI,10,157,P,0.02388647212898444
205663,AZT,NRTI,1,59,P,0.9999998330717798
205663,AZT,NRTI,2,184,I,0.23448523670169347
205663,AZT,NRTI,3,65,K,0.16332927984672346
205663,AZT,NRTI,4,64,K,0.08092881440913849
205663,AZT,NRTI,5,58,T,0.04665696469155099
205663,AZT,NRTI,6,78,R,0.04445373490169583
205663,AZT,NRTI,7,72,R,0.03435314925253687
205663,AZT,NRTI,8,214,L,0.02896940956639927
205663,AZT,NRTI,9,70,K,0.02823815490960917
205663,AZT,NRTI,10,66,K,0.026592078801525275
205663,AZT,NRTI,1,59,P,0.9999998330717798
205663,AZT,NRTI,2,184,I,0.23448523670169347
205663,AZT,NRTI,3,65,K,0.16332927984672346
205663,AZT,NRTI,4,64,K,0.08092881440913849
205663,AZT,NRTI,5,58,T,0.04665696469155099
205663,AZT,NRTI,6,78,R,0.04445373490169583
205663,AZT,NRTI,7,72,R,0.03435314925253687
205663,AZT,NRTI,8,214,L,0.02896940956639927
205663,AZT,NRTI,9,70,K,0.02823815490960917
205663,AZT,NRTI,10,66,K,0.026592078801525275
205650,AZT,NRTI,1,59,P,0.8718482970941749
205650,AZT,NRTI,2,151,M,0.5539994392829772
205650,AZT,NRTI,3,65,K,0.1099235071761002
205650,AZT,NRTI,4,64,K,0.056901567114874124
205650,AZT,NRTI,5,58,T,0.04431035127480603
205650,AZT,NRTI,6,150,P,0.036127536289874036
205650,AZT,NRTI,7,78,R,0.03592748290723576
205650,AZT,NRTI,8,72,R,0.033763209078639576
205650,AZT,NRTI,9,157,P,0.03035529825969343
205650,AZT,NRTI,10,115,Y,0.01889696398477678
205650,AZT,NRTI,1,59,P,0.8718482970941749
205650,AZT,NRTI,2,151,M,0.5539994392829772
205650,AZT,NRTI,3,65,K,0.1099235071761002
205650,AZT,NRTI,4,64,K,0.056901567114874124
205650,AZT,NRTI,5,58,T,0.04431035127480603
205650,AZT,NRTI,6,150,P,0.036127536289874036
205650,AZT,NRTI,7,78,R,0.03592748290723576
205650,AZT,NRTI,8,72,R,0.033763209078639576
205650,AZT,NRTI,9,157,P,0.03035529825969343
205650,AZT,NRTI,10,115,Y,0.01889696398477678
771858,AZT,NRTI,1,65,R,1.0000000119009815
771858,AZT,NRTI,2,59,P,0.2131482650102586
771858,AZT,NRTI,3,106,M,0.019568286284114948
771858,AZT,NRTI,4,58,T,0.011300861044632852
771858,AZT,NRTI,5,64,K,0.010521260536519422
771858,AZT,NRTI,6,78,R,0.009201406273895972
771858,AZT,NRTI,7,72,R,0.006670054216777091
771858,AZT,NRTI,8,81,N,0.003894568014885412
771858,AZT,NRTI,9,66,K,0.0032292695479109656
771858,AZT,NRTI,10,115,Y,0.0029607815010273854
716517,AZT,NRTI,1,59,P,0.999999833081436
716517,AZT,NRTI,2,98,G,0.44955157511935184
716517,AZT,NRTI,3,65,K,0.14630794818604453
716517,AZT,NRTI,4,64,K,0.07321332751350336
716517,AZT,NRTI,5,227,C,0.05813650010423454
716517,AZT,NRTI,6,58,T,0.04950817328625189
716517,AZT,NRTI,7,78,R,0.043318967745131956
716517,AZT,NRTI,8,72,R,0.031828353972684006
716517,AZT,NRTI,9,70,K,0.02525414714825799
716517,AZT,NRTI,10,66,K,0.024151419661518785
205681,AZT,NRTI,1,59,P,0.9999999523008463
205681,AZT,NRTI,2,70,R,0.24128628201899038
205681,AZT,NRTI,3,211,N,0.13763342032016526
205681,AZT,NRTI,4,65,K,0.12737533420084676
205681,AZT,NRTI,5,106,A,0.08492589551359593
205681,AZT,NRTI,6,215,F,0.07919117591197551
205681,AZT,NRTI,7,64,K,0.07484265757170527
205681,AZT,NRTI,8,103,N,0.07051917516994574
205681,AZT,NRTI,9,219,Q,0.056050817989849
205681,AZT,NRTI,10,35,T,0.05464485653531388
44022,AZT,NRTI,1,59,P,0.9999999523020195
44022,AZT,NRTI,2,116,Y,0.4969130238013373
44022,AZT,NRTI,3,151,M,0.2454335842518621
44022,AZT,NRTI,4,60,I,0.14266558122170744
44022,AZT,NRTI,5,135,V,0.10479067969428742
44022,AZT,NRTI,6,65,K,0.07739419883986326
44022,AZT,NRTI,7,58,T,0.04505282500785622
44022,AZT,NRTI,8,64,K,0.043098731031824884
44022,AZT,NRTI,9,78,R,0.03249147998222577
44022,AZT,NRTI,10,72,R,0.022940916159197133
716519,AZT,NRTI,1,59,P,0.9999998330827317
716519,AZT,NRTI,2,106,A,0.16057935337568632
716519,AZT,NRTI,3,225,H,0.1559059112909879
716519,AZT,NRTI,4,65,K,0.137476426805149
716519,AZT,NRTI,5,64,K,0.0709204458876802
716519,AZT,NRTI,6,58,T,0.0470187907285356
716519,AZT,NRTI,7,78,R,0.043681674529925066
716519,AZT,NRTI,8,72,R,0.03178563042896429
716519,AZT,NRTI,9,70,K,0.022406958194851626
716519,AZT,NRTI,10,66,K,0.022265929785668832
716518,AZT,NRTI,1,59,P,0.9999998330846235
716518,AZT,NRTI,2,98,G,0.42878587986616706
716518,AZT,NRTI,3,65,K,0.14088828983645096
716518,AZT,NRTI,4,64,K,0.0716892558450215
716518,AZT,NRTI,5,106,I,0.06326291096697559
716518,AZT,NRTI,6,221,Y,0.059101442061591514
716518,AZT,NRTI,7,227,C,0.05670068023536524
716518,AZT,NRTI,8,58,T,0.051362263939780696
716518,AZT,NRTI,9,78,R,0.04358019114300325
716518,AZT,NRTI,10,72,R,0.03092158144728917
205662,AZT,NRTI,1,59,P,0.9999998330790901
205662,AZT,NRTI,2,65,K,0.15486979729234346
205662,AZT,NRTI,3,64,K,0.07803519485337082
205662,AZT,NRTI,4,184,V,0.06412943348006579
205662,AZT,NRTI,5,138,K,0.05600448502017575
205662,AZT,NRTI,6,58,T,0.046564255626792755
205662,AZT,NRTI,7,78,R,0.04330025400394649
205662,AZT,NRTI,8,72,R,0.032458994615269875
205662,AZT,NRTI,9,115,Y,0.031409795869185575
205662,AZT,NRTI,10,157,P,0.02954924464351545
205662,AZT,NRTI,1,59,P,0.9999998330790901
205662,AZT,NRTI,2,65,K,0.15486979729234346
205662,AZT,NRTI,3,64,K,0.07803519485337082
205662,AZT,NRTI,4,184,V,0.06412943348006579
205662,AZT,NRTI,5,138,K,0.05600448502017575
205662,AZT,NRTI,6,58,T,0.046564255626792755
205662,AZT,NRTI,7,78,R,0.04330025400394649
205662,AZT,NRTI,8,72,R,0.032458994615269875
205662,AZT,NRTI,9,115,Y,0.031409795869185575
205662,AZT,NRTI,10,157,P,0.02954924464351545
205651,AZT,NRTI,1,59,P,0.999999952286614
205651,AZT,NRTI,2,74,V,0.3694647170764709
205651,AZT,NRTI,3,65,K,0.09416877214456039
205651,AZT,NRTI,4,78,R,0.04725701101630218
205651,AZT,NRTI,5,64,K,0.043453286709070726
205651,AZT,NRTI,6,58,T,0.04323759448171952
205651,AZT,NRTI,7,72,R,0.03447749969729711
205651,AZT,NRTI,8,61,F,0.021817271019128413
205651,AZT,NRTI,9,81,N,0.017167063481207032
205651,AZT,NRTI,10,70,K,0.015980542274280186
205651,AZT,NRTI,1,59,P,0.999999952286614
205651,AZT,NRTI,2,74,V,0.3694647170764709
205651,AZT,NRTI,3,65,K,0.09416877214456039
205651,AZT,NRTI,4,78,R,0.04725701101630218
205651,AZT,NRTI,5,64,K,0.043453286709070726
205651,AZT,NRTI,6,58,T,0.04323759448171952
205651,AZT,NRTI,7,72,R,0.03447749969729711
205651,AZT,NRTI,8,61,F,0.021817271019128413
205651,AZT,NRTI,9,81,N,0.017167063481207032
205651,AZT,NRTI,10,70,K,0.015980542274280186
771857,AZT,NRTI,1,59,P,0.9999998330796486
771857,AZT,NRTI,2,65,K,0.13317224895418311
771857,AZT,NRTI,3,64,K,0.06761105058851702
771857,AZT,NRTI,4,106,I,0.05876621763853716
771857,AZT,NRTI,5,221,Y,0.05375719514466665
771857,AZT,NRTI,6,184,V,0.05347948931836245
771857,AZT,NRTI,7,227,C,0.051752297753290356
771857,AZT,NRTI,8,58,T,0.04888897735308788
771857,AZT,NRTI,9,78,R,0.041789060687713354
771857,AZT,NRTI,10,72,R,0.030700579756148996
771856,AZT,NRTI,1,59,P,0.9999998330785979
771856,AZT,NRTI,2,65,K,0.15253077830325174
771856,AZT,NRTI,3,64,K,0.07860249498007862
771856,AZT,NRTI,4,106,I,0.07409638565147082
771856,AZT,NRTI,5,227,C,0.06585916114625857
771856,AZT,NRTI,6,58,T,0.049470049206182296
771856,AZT,NRTI,7,78,R,0.0431847115182263
771856,AZT,NRTI,8,72,R,0.0330272522335317
771856,AZT,NRTI,9,70,K,0.027690370698801293
771856,AZT,NRTI,10,66,K,0.025642893902098247
205677,AZT,NRTI,1,59,P,0.9999999523052587
205677,AZT,NRTI,2,228,R,0.16302374914021686
205677,AZT,NRTI,3,49,R,0.15580419714692528
205677,AZT,NRTI,4,122,Q,0.14933124595261588
205677,AZT,NRTI,5,70,R,0.12671734456125486
205677,AZT,NRTI,6,60,I,0.11573646519841653
205677,AZT,NRTI,7,108,I,0.11562904239813816
205677,AZT,NRTI,8,65,K,0.08414759052573823
205677,AZT,NRTI,9,35,R,0.07464361845530859
205677,AZT,NRTI,10,64,K,0.05820883448465292
205677,AZT,NRTI,1,59,P,0.9999999523052587
205677,AZT,NRTI,2,228,R,0.16302374914021686
205677,AZT,NRTI,3,49,R,0.15580419714692528
205677,AZT,NRTI,4,122,Q,0.14933124595261588
205677,AZT,NRTI,5,70,R,0.12671734456125486
205677,AZT,NRTI,6,60,I,0.11573646519841653
205677,AZT,NRTI,7,108,I,0.11562904239813816
205677,AZT,NRTI,8,65,K,0.08414759052573823
205677,AZT,NRTI,9,35,R,0.07464361845530859
205677,AZT,NRTI,10,64,K,0.05820883448465292
143485,AZT,NRTI,1,59,P,0.7217163562548525
143485,AZT,NRTI,2,102,Q,0.5467608911763139
143485,AZT,NRTI,3,145,M,0.16865108292549258
143485,AZT,NRTI,4,65,K,0.08690018262284792
143485,AZT,NRTI,5,64,K,0.045962989219489686
143485,AZT,NRTI,6,58,T,0.03498534387872601
143485,AZT,NRTI,7,162,C,0.03487843244000363
143485,AZT,NRTI,8,78,R,0.030823175014828924
143485,AZT,NRTI,9,72,R,0.022446855687221434
143485,AZT,NRTI,10,150,P,0.014817209927370538
109393,AZT,NRTI,1,59,P,0.9999998330897267
109393,AZT,NRTI,2,158,S,0.34951338887332895
109393,AZT,NRTI,3,122,P,0.3402854722930707
109393,AZT,NRTI,4,162,A,0.18701867032511363
109393,AZT,NRTI,5,169,D,0.14131611584369538
109393,AZT,NRTI,6,65,K,0.12012897751197478
109393,AZT,NRTI,7,64,K,0.06297491214737362
109393,AZT,NRTI,8,135,T,0.053314647019896654
109393,AZT,NRTI,9,58,T,0.04777764568290195
109393,AZT,NRTI,10,78,R,0.0437369099258987
117074,AZT,NRTI,1,59,P,0.9999999523041573
117074,AZT,NRTI,2,111,I,0.2535668606234972
117074,AZT,NRTI,3,74,I,0.2152689538675201
117074,AZT,NRTI,4,219,R,0.2095308047910746
117074,AZT,NRTI,5,228,R,0.17277626190938083
117074,AZT,NRTI,6,122,P,0.1222335393022531
117074,AZT,NRTI,7,43,N,0.113518631316366
117074,AZT,NRTI,8,98,S,0.09923596234087621
117074,AZT,NRTI,9,65,K,0.09039459175639908
117074,AZT,NRTI,10,58,T,0.046860039517426726
11501,AZT,NRTI,1,59,P,0.9999999522967962
11501,AZT,NRTI,2,62,V,0.5574975166663863
11501,AZT,NRTI,3,75,T,0.1769694088792362
11501,AZT,NRTI,4,65,K,0.08452314729066711
11501,AZT,NRTI,5,83,K,0.06340952217986516
11501,AZT,NRTI,6,64,K,0.055726126755555105
11501,AZT,NRTI,7,58,T,0.05427516465854038
11501,AZT,NRTI,8,78,R,0.04517865034543503
11501,AZT,NRTI,9,72,R,0.02705481342727244
11501,AZT,NRTI,10,81,N,0.017980211478529563
207306,AZT,NRTI,1,59,P,0.999999892693774
207306,AZT,NRTI,2,173,Q,0.4661922296610652
207306,AZT,NRTI,3,70,R,0.3251340346877548
207306,AZT,NRTI,4,65,K,0.16533629680991915
207306,AZT,NRTI,5,103,N,0.10028262258352123
207306,AZT,NRTI,6,64,K,0.09344397238018731
207306,AZT,NRTI,7,219,Q,0.07646146245579886
207306,AZT,NRTI,8,67,N,0.04802332102406732
207306,AZT,NRTI,9,58,T,0.04686951557730523
207306,AZT,NRTI,10,78,R,0.046110625187671214
116520,AZT,NRTI,1,59,P,0.9999999523025906
116520,AZT,NRTI,2,35,K,0.22708709509733196
116520,AZT,NRTI,3,211,T,0.14165581524739088
116520,AZT,NRTI,4,207,K,0.13757510025572006
116520,AZT,NRTI,5,60,I,0.11835342332890941
116520,AZT,NRTI,6,135,V,0.0773446069747395
116520,AZT,NRTI,7,65,K,0.0753671353085267
116520,AZT,NRTI,8,64,K,0.04723151106046092
116520,AZT,NRTI,9,58,T,0.045585170040291195
116520,AZT,NRTI,10,39,A,0.03889528420545522
44012,AZT,NRTI,1,59,P,0.8439011096812619
44012,AZT,NRTI,2,47,V,0.5918709104823449
44012,AZT,NRTI,3,32,T,0.22649288604444234
44012,AZT,NRTI,4,219,N,0.21855816376799356
44012,AZT,NRTI,5,98,S,0.11175777970343807
44012,AZT,NRTI,6,65,K,0.08859315648106614
44012,AZT,NRTI,7,64,K,0.05385228735146086
44012,AZT,NRTI,8,103,N,0.045696798631125274
44012,AZT,NRTI,9,39,A,0.042604684025586044
44012,AZT,NRTI,10,58,T,0.0415870807720001
614809,AZT,NRTI,1,59,P,0.8146329641191872
614809,AZT,NRTI,2,28,A,0.6058382977741936
614809,AZT,NRTI,3,11,T,0.334201528836617
614809,AZT,NRTI,4,39,Q,0.26847097961986405
614809,AZT,NRTI,5,173,A,0.2386214921388934
614809,AZT,NRTI,6,211,S,0.1683204750560359
614809,AZT,NRTI,7,207,A,0.16392555891053623
614809,AZT,NRTI,8,177,G,0.09971244633568985
614809,AZT,NRTI,9,65,K,0.08084771554973962
614809,AZT,NRTI,10,169,D,0.06631725954766574
97969,AZT,NRTI,1,59,P,0.8969174146501944
97969,AZT,NRTI,2,27,S,0.6332034962667482
97969,AZT,NRTI,3,181,G,0.4085036476208031
97969,AZT,NRTI,4,74,I,0.2062841217577981
97969,AZT,NRTI,5,219,N,0.18543933220473374
97969,AZT,NRTI,6,44,A,0.17118860716628695
97969,AZT,NRTI,7,228,R,0.1589339514694173
97969,AZT,NRTI,8,108,I,0.13037191924010544
97969,AZT,NRTI,9,43,E,0.1302747705783544
97969,AZT,NRTI,10,223,Q,0.12449294802319837
615235,AZT,NRTI,1,59,P,0.9999999523001363
615235,AZT,NRTI,2,103,S,0.31737798643257753
615235,AZT,NRTI,3,123,N,0.14704157844830087
615235,AZT,NRTI,4,70,R,0.13674592487341602
615235,AZT,NRTI,5,60,I,0.12435375711404031
615235,AZT,NRTI,6,65,K,0.0904379343135871
615235,AZT,NRTI,7,20,R,0.0624745493960015
615235,AZT,NRTI,8,64,K,0.0613513724320784
615235,AZT,NRTI,9,190,A,0.05683249171787652
615235,AZT,NRTI,10,69,N,0.054826698386676254
173669,AZT,NRTI,1,59,P,0.9999999523013923
173669,AZT,NRTI,2,176,A,0.39381469668450325
173669,AZT,NRTI,3,123,S,0.24561200658472676
173669,AZT,NRTI,4,173,I,0.1836727165560275
173669,AZT,NRTI,5,138,G,0.17659321770977943
173669,AZT,NRTI,6,179,E,0.12089122700295798
173669,AZT,NRTI,7,60,I,0.11535289488881231
173669,AZT,NRTI,8,207,D,0.10375429832279695
173669,AZT,NRTI,9,135,V,0.0837155315539351
173669,AZT,NRTI,10,65,K,0.07436431541656102
66814,AZT,NRTI,1,59,P,0.9999998330775497
66814,AZT,NRTI,2,21,I,0.35290408629555636
66814,AZT,NRTI,3,65,K,0.12359081407323394
66814,AZT,NRTI,4,162,C,0.06951816892230109
66814,AZT,NRTI,5,64,K,0.06354262927265626
66814,AZT,NRTI,6,58,T,0.04542894370239856
66814,AZT,NRTI,7,78,R,0.03548534924842659
66814,AZT,NRTI,8,72,R,0.028094242379980566
66814,AZT,NRTI,9,207,E,0.027661408785498068
66814,AZT,NRTI,10,157,P,0.0219551961405099
144046,AZT,NRTI,1,59,P,0.9999999523014541
144046,AZT,NRTI,2,43,Q,0.3511917690328622
144046,AZT,NRTI,3,101,H,0.30171386255205046
144046,AZT,NRTI,4,49,R,0.17257404725384812
144046,AZT,NRTI,5,60,I,0.12778840964012414
144046,AZT,NRTI,6,65,K,0.08171329094478834
144046,AZT,NRTI,7,181,C,0.05592832997282157
144046,AZT,NRTI,8,190,A,0.0547558485531398
144046,AZT,NRTI,9,64,K,0.05220961680939394
144046,AZT,NRTI,10,58,T,0.04443742741416998
77372,AZT,NRTI,1,59,P,0.9999999522997746
77372,AZT,NRTI,2,74,V,0.35213489115604385
77372,AZT,NRTI,3,65,K,0.09329265949874388
77372,AZT,NRTI,4,78,R,0.04760687827793194
77372,AZT,NRTI,5,64,K,0.04388069128740062
77372,AZT,NRTI,6,58,T,0.043689326476404056
77372,AZT,NRTI,7,72,R,0.033894630104515745
77372,AZT,NRTI,8,179,I,0.03285972964194779
77372,AZT,NRTI,9,215,Y,0.030151937912322187
77372,AZT,NRTI,10,135,T,0.02710409601947106
148110,AZT,NRTI,1,59,P,0.9999997734680426
148110,AZT,NRTI,2,65,K,0.1644332158559602
148110,AZT,NRTI,3,64,K,0.08382796383803678
148110,AZT,NRTI,4,58,T,0.04704587681608613
148110,AZT,NRTI,5,211,K,0.04639510256719808
148110,AZT,NRTI,6,78,R,0.04171630721442427
148110,AZT,NRTI,7,72,R,0.033282952550791584
148110,AZT,NRTI,8,70,K,0.029862105512357913
148110,AZT,NRTI,9,66,K,0.028056825424548435
148110,AZT,NRTI,10,157,P,0.023595491643065958
259192,AZT,NRTI,1,59,P,0.9999999523019453
259192,AZT,NRTI,2,103,S,0.24644018218526814
259192,AZT,NRTI,3,33,G,0.22629964698919883
259192,AZT,NRTI,4,192,N,0.1745349638771844
259192,AZT,NRTI,5,74,I,0.1664752468527963
259192,AZT,NRTI,6,4,T,0.14573406854576818
259192,AZT,NRTI,7,138,A,0.14512494669205628
259192,AZT,NRTI,8,203,K,0.10403671825465065
259192,AZT,NRTI,9,60,I,0.10400906980130598
259192,AZT,NRTI,10,70,R,0.1034618797276732
8040,AZT,NRTI,1,59,P,0.9999999523012136
8040,AZT,NRTI,2,70,R,0.21636302253424972
8040,AZT,NRTI,3,69,D,0.19898239264787412
8040,AZT,NRTI,4,135,L,0.15162933294234138
8040,AZT,NRTI,5,177,G,0.13421169670083355
8040,AZT,NRTI,6,65,K,0.1315728596885773
8040,AZT,NRTI,7,64,K,0.09290115186829623
8040,AZT,NRTI,8,181,C,0.08321486982030785
8040,AZT,NRTI,9,215,F,0.06492345846237099
8040,AZT,NRTI,10,103,N,0.06226167261999793
614659,AZT,NRTI,1,59,P,0.9097333669438621
614659,AZT,NRTI,2,178,M,0.5333228070616872
614659,AZT,NRTI,3,123,N,0.47776507364677784
614659,AZT,NRTI,4,174,K,0.1377124872344818
614659,AZT,NRTI,5,65,K,0.1253895288407678
614659,AZT,NRTI,6,64,K,0.06546000609547556
614659,AZT,NRTI,7,58,T,0.04270423410723808
614659,AZT,NRTI,8,78,R,0.03895774779172079
614659,AZT,NRTI,9,196,E,0.03694785525085576
614659,AZT,NRTI,10,72,R,0.02927070834418726
109447,AZT,NRTI,1,59,P,0.9999999522972606
109447,AZT,NRTI,2,60,I,0.15168494933631743
109447,AZT,NRTI,3,65,K,0.07865837900566394
109447,AZT,NRTI,4,58,T,0.04597264804112705
109447,AZT,NRTI,5,64,K,0.04248589476594679
109447,AZT,NRTI,6,78,R,0.03100398573623959
109447,AZT,NRTI,7,135,T,0.022429822205594613
109447,AZT,NRTI,8,72,R,0.02145681322439451
109447,AZT,NRTI,9,184,V,0.01889013020161542
109447,AZT,NRTI,10,196,E,0.013295711538896563
10126,D4T,NRTI,1,72,R,0.9999999523030928
10126,D4T,NRTI,2,106,V,0.19668941424868364
10126,D4T,NRTI,3,115,Y,0.16867335826352017
10126,D4T,NRTI,4,98,S,0.11002517946010004
10126,D4T,NRTI,5,118,I,0.07337740703923877
10126,D4T,NRTI,6,162,C,0.06042113174739411
10126,D4T,NRTI,7,151,Q,0.05771273659993821
10126,D4T,NRTI,8,41,L,0.0312708443392515
10126,D4T,NRTI,9,143,R,0.02999178135394074
10126,D4T,NRTI,10,135,V,0.0294270985052344
73551,D4T,NRTI,1,115,F,1.0000000119154941
73551,D4T,NRTI,2,72,R,0.10080538548392877
73551,D4T,NRTI,3,74,V,0.02052982318876325
73551,D4T,NRTI,4,106,V,0.015528715239512202
73551,D4T,NRTI,5,151,Q,0.005692370039897516
73551,D4T,NRTI,6,143,R,0.0032767808365796757
73551,D4T,NRTI,7,219,E,0.002310668985061175
73551,D4T,NRTI,8,67,G,0.0019699216360594602
73551,D4T,NRTI,9,68,G,0.001950834575824872
73551,D4T,NRTI,10,1,L,0.001774143957445206
56249,D4T,NRTI,1,72,R,0.9999998926945792
56249,D4T,NRTI,2,35,L,0.3861731176785377
56249,D4T,NRTI,3,106,V,0.31403059951742174
56249,D4T,NRTI,4,115,Y,0.1914174629770812
56249,D4T,NRTI,5,162,C,0.07873093236383372
56249,D4T,NRTI,6,151,Q,0.0637714251427434
56249,D4T,NRTI,7,20,R,0.048515670816543836
56249,D4T,NRTI,8,178,L,0.04026579695570289
56249,D4T,NRTI,9,143,R,0.03185332675444717
56249,D4T,NRTI,10,103,N,0.018587604528183813
614859,D4T,NRTI,1,72,R,0.9999998926914477
614859,D4T,NRTI,2,106,V,0.22351968712230763
614859,D4T,NRTI,3,115,Y,0.17954160412541548
614859,D4T,NRTI,4,35,T,0.09939724551629234
614859,D4T,NRTI,5,151,Q,0.058551954436856
614859,D4T,NRTI,6,143,R,0.02975505553517223
614859,D4T,NRTI,7,129,A,0.017349757649254102
614859,D4T,NRTI,8,125,R,0.015121209040280689
614859,D4T,NRTI,9,152,G,0.014990939078564232
614859,D4T,NRTI,10,74,L,0.01379760830137524
614627,D4T,NRTI,1,72,R,0.9999999523074529
614627,D4T,NRTI,2,75,I,0.5598662426351696
614627,D4T,NRTI,3,106,V,0.15235104426991933
614627,D4T,NRTI,4,39,D,0.14281903137821217
614627,D4T,NRTI,5,115,Y,0.12317429845376665
614627,D4T,NRTI,6,194,D,0.0864067688305393
614627,D4T,NRTI,7,223,T,0.08385067183212641
614627,D4T,NRTI,8,203,V,0.061640332599621435
614627,D4T,NRTI,9,79,D,0.05892712462047796
614627,D4T,NRTI,10,151,Q,0.04464526052707475
615375,D4T,NRTI,1,72,R,0.9999998926988748
615375,D4T,NRTI,2,106,V,0.25080336666029357
615375,D4T,NRTI,3,200,I,0.20481348628401957
615375,D4T,NRTI,4,115,Y,0.19493006966169013
615375,D4T,NRTI,5,151,Q,0.06309006921379431
615375,D4T,NRTI,6,143,R,0.03283525757100671
615375,D4T,NRTI,7,214,L,0.021650859982561468
615375,D4T,NRTI,8,129,A,0.01705630931406662
615375,D4T,NRTI,9,152,G,0.01676529227545354
615375,D4T,NRTI,10,74,L,0.01393494006337836
81888,D4T,NRTI,1,106,I,0.9999999523043179
81888,D4T,NRTI,2,72,R,0.4277480655019492
81888,D4T,NRTI,3,107,S,0.20917148661196702
81888,D4T,NRTI,4,74,I,0.102414848987982
81888,D4T,NRTI,5,115,Y,0.05286293164412162
81888,D4T,NRTI,6,188,L,0.0403789157434113
81888,D4T,NRTI,7,151,Q,0.02485498560283652
81888,D4T,NRTI,8,43,E,0.021516981903979108
81888,D4T,NRTI,9,203,D,0.019599347454641945
81888,D4T,NRTI,10,200,K,0.014581197303001479
59265,D4T,NRTI,1,72,R,0.99999983309313
59265,D4T,NRTI,2,169,K,0.4149064982319257
59265,D4T,NRTI,3,106,V,0.25803058600340817
59265,D4T,NRTI,4,115,Y,0.20183752949322087
59265,D4T,NRTI,5,195,L,0.11806358783622628
59265,D4T,NRTI,6,173,E,0.10250757232326713
59265,D4T,NRTI,7,151,Q,0.0642486292378735
59265,D4T,NRTI,8,178,L,0.0511432419117417
59265,D4T,NRTI,9,143,R,0.030054908143825172
59265,D4T,NRTI,10,129,A,0.01663152660196725
259216,D4T,NRTI,1,72,R,0.9999999522992468
259216,D4T,NRTI,2,106,V,0.13603146745883893
259216,D4T,NRTI,3,115,Y,0.10955866273576889
259216,D4T,NRTI,4,68,G,0.0490190246963209
259216,D4T,NRTI,5,151,Q,0.04291756807031254
259216,D4T,NRTI,6,60,I,0.026536164564394827
259216,D4T,NRTI,7,143,R,0.02609647785509528
259216,D4T,NRTI,8,129,A,0.012759461138496124
259216,D4T,NRTI,9,152,G,0.011490515007451303
259216,D4T,NRTI,10,73,K,0.009811123242935217
615175,D4T,NRTI,1,72,R,0.999999952304452
615175,D4T,NRTI,2,74,V,0.34712869779639144
615175,D4T,NRTI,3,106,V,0.1596440060207852
615175,D4T,NRTI,4,142,T,0.11814645803884471
615175,D4T,NRTI,5,115,Y,0.11713562499802886
615175,D4T,NRTI,6,35,R,0.08974141111116116
615175,D4T,NRTI,7,151,Q,0.04941426450362357
615175,D4T,NRTI,8,143,R,0.03125560780644733
615175,D4T,NRTI,9,39,A,0.021919839831569213
615175,D4T,NRTI,10,41,L,0.01417282651277314
205649,D4T,NRTI,1,72,R,0.9999998330665227
205649,D4T,NRTI,2,106,V,0.2545990556031606
205649,D4T,NRTI,3,115,Y,0.20650129624176136
205649,D4T,NRTI,4,151,Q,0.05908457716645913
205649,D4T,NRTI,5,143,R,0.027935188163033177
205649,D4T,NRTI,6,74,L,0.015632386123766797
205649,D4T,NRTI,7,152,G,0.015076724553911663
205649,D4T,NRTI,8,129,A,0.014881393608435368
205649,D4T,NRTI,9,144,Y,0.011599315157544376
205649,D4T,NRTI,10,108,V,0.010201180601412311
205649,D4T,NRTI,1,72,R,0.9999998330665227
205649,D4T,NRTI,2,106,V,0.2545990556031606
205649,D4T,NRTI,3,115,Y,0.20650129624176136
205649,D4T,NRTI,4,151,Q,0.05908457716645913
205649,D4T,NRTI,5,143,R,0.027935188163033177
205649,D4T,NRTI,6,74,L,0.015632386123766797
205649,D4T,NRTI,7,152,G,0.015076724553911663
205649,D4T,NRTI,8,129,A,0.014881393608435368
205649,D4T,NRTI,9,144,Y,0.011599315157544376
205649,D4T,NRTI,10,108,V,0.010201180601412311
716521,D4T,NRTI,1,106,I,0.9999999522903473
716521,D4T,NRTI,2,72,R,0.3938724174426249
716521,D4T,NRTI,3,115,Y,0.06222955506307448
716521,D4T,NRTI,4,151,Q,0.024916619591626943
716521,D4T,NRTI,5,143,R,0.013511429068728336
716521,D4T,NRTI,6,129,A,0.007358500997752379
716521,D4T,NRTI,7,152,G,0.007346551963821807
716521,D4T,NRTI,8,221,Y,0.00651977501632649
716521,D4T,NRTI,9,144,Y,0.005196317546587708
716521,D4T,NRTI,10,114,A,0.004523475601678446
771854,D4T,NRTI,1,106,I,0.9999999522965957
771854,D4T,NRTI,2,72,R,0.38121650052499495
771854,D4T,NRTI,3,115,Y,0.054026093183866045
771854,D4T,NRTI,4,151,Q,0.024649048668718344
771854,D4T,NRTI,5,98,G,0.014471204875165747
771854,D4T,NRTI,6,143,R,0.013020606301858521
771854,D4T,NRTI,7,152,G,0.0071749053913424
771854,D4T,NRTI,8,129,A,0.007061994821382847
771854,D4T,NRTI,9,221,Y,0.006377866189044507
771854,D4T,NRTI,10,144,Y,0.004806866998102201
205679,D4T,NRTI,1,72,R,0.9999999523014768
205679,D4T,NRTI,2,75,T,0.21424840406203768
205679,D4T,NRTI,3,106,V,0.12704631560020796
205679,D4T,NRTI,4,115,Y,0.10763544409601533
205679,D4T,NRTI,5,151,Q,0.041574520301385226
205679,D4T,NRTI,6,118,I,0.031971903023987974
205679,D4T,NRTI,7,143,R,0.021567983319016826
205679,D4T,NRTI,8,69,D,0.014490194334165695
205679,D4T,NRTI,9,74,L,0.013653121381495093
205679,D4T,NRTI,10,129,A,0.013369862600412858
205679,D4T,NRTI,1,72,R,0.9999999523014768
205679,D4T,NRTI,2,75,T,0.21424840406203768
205679,D4T,NRTI,3,106,V,0.12704631560020796
205679,D4T,NRTI,4,115,Y,0.10763544409601533
205679,D4T,NRTI,5,151,Q,0.041574520301385226
205679,D4T,NRTI,6,118,I,0.031971903023987974
205679,D4T,NRTI,7,143,R,0.021567983319016826
205679,D4T,NRTI,8,69,D,0.014490194334165695
205679,D4T,NRTI,9,74,L,0.013653121381495093
205679,D4T,NRTI,10,129,A,0.013369862600412858
205675,D4T,NRTI,1,72,R,0.9999999523008136
205675,D4T,NRTI,2,106,V,0.18458408261158005
205675,D4T,NRTI,3,115,Y,0.13016376337667257
205675,D4T,NRTI,4,90,I,0.06757344820041046
205675,D4T,NRTI,5,151,Q,0.046106116894931354
205675,D4T,NRTI,6,118,I,0.045252371095197724
205675,D4T,NRTI,7,135,M,0.03937232399568027
205675,D4T,NRTI,8,143,R,0.024888633578552817
205675,D4T,NRTI,9,70,R,0.01695659313223146
205675,D4T,NRTI,10,129,A,0.014406521305629236
205675,D4T,NRTI,1,72,R,0.9999999523008136
205675,D4T,NRTI,2,106,V,0.18458408261158005
205675,D4T,NRTI,3,115,Y,0.13016376337667257
205675,D4T,NRTI,4,90,I,0.06757344820041046
205675,D4T,NRTI,5,151,Q,0.046106116894931354
205675,D4T,NRTI,6,118,I,0.045252371095197724
205675,D4T,NRTI,7,135,M,0.03937232399568027
205675,D4T,NRTI,8,143,R,0.024888633578552817
205675,D4T,NRTI,9,70,R,0.01695659313223146
205675,D4T,NRTI,10,129,A,0.014406521305629236
270335,D4T,NRTI,1,72,R,0.9999998330850339
270335,D4T,NRTI,2,106,V,0.257567228088223
270335,D4T,NRTI,3,115,Y,0.19518143399383436
270335,D4T,NRTI,4,151,Q,0.061426824180827885
270335,D4T,NRTI,5,184,I,0.042745266304573724
270335,D4T,NRTI,6,143,R,0.03693143561172346
270335,D4T,NRTI,7,129,A,0.017259485391677893
270335,D4T,NRTI,8,152,G,0.015371709382923916
270335,D4T,NRTI,9,74,L,0.014801563192382879
270335,D4T,NRTI,10,144,Y,0.012685540681197427
270334,D4T,NRTI,1,72,R,0.9999998330820125
270334,D4T,NRTI,2,106,V,0.2912304571992143
270334,D4T,NRTI,3,115,Y,0.18926577514006368
270334,D4T,NRTI,4,101,E,0.08605939440025914
270334,D4T,NRTI,5,151,Q,0.058590666983594074
270334,D4T,NRTI,6,143,R,0.04028839683784834
270334,D4T,NRTI,7,129,A,0.017200677728328555
270334,D4T,NRTI,8,74,L,0.015022849238403156
270334,D4T,NRTI,9,152,G,0.014883888680565074
270334,D4T,NRTI,10,144,Y,0.013290467800599306
270334,D4T,NRTI,1,72,R,0.9999998330820125
270334,D4T,NRTI,2,106,V,0.2912304571992143
270334,D4T,NRTI,3,115,Y,0.18926577514006368
270334,D4T,NRTI,4,101,E,0.08605939440025914
270334,D4T,NRTI,5,151,Q,0.058590666983594074
270334,D4T,NRTI,6,143,R,0.04028839683784834
270334,D4T,NRTI,7,129,A,0.017200677728328555
270334,D4T,NRTI,8,74,L,0.015022849238403156
270334,D4T,NRTI,9,152,G,0.014883888680565074
270334,D4T,NRTI,10,144,Y,0.013290467800599306
205683,D4T,NRTI,1,72,R,0.999999952306471
205683,D4T,NRTI,2,74,I,0.27648135870543555
205683,D4T,NRTI,3,106,V,0.171364561954443
205683,D4T,NRTI,4,115,Y,0.11649930393072681
205683,D4T,NRTI,5,181,C,0.06308912387295236
205683,D4T,NRTI,6,151,Q,0.04794279718287975
205683,D4T,NRTI,7,43,N,0.04034051150341648
205683,D4T,NRTI,8,67,G,0.03583777580297937
205683,D4T,NRTI,9,143,R,0.0269961533620465
205683,D4T,NRTI,10,41,L,0.014233757693026204
205683,D4T,NRTI,1,72,R,0.999999952306471
205683,D4T,NRTI,2,74,I,0.27648135870543555
205683,D4T,NRTI,3,106,V,0.171364561954443
205683,D4T,NRTI,4,115,Y,0.11649930393072681
205683,D4T,NRTI,5,181,C,0.06308912387295236
205683,D4T,NRTI,6,151,Q,0.04794279718287975
205683,D4T,NRTI,7,43,N,0.04034051150341648
205683,D4T,NRTI,8,67,G,0.03583777580297937
205683,D4T,NRTI,9,143,R,0.0269961533620465
205683,D4T,NRTI,10,41,L,0.014233757693026204
205661,D4T,NRTI,1,72,R,0.9999998330882286
205661,D4T,NRTI,2,106,V,0.2644853539021158
205661,D4T,NRTI,3,115,Y,0.19586469732848147
205661,D4T,NRTI,4,151,Q,0.06831239912052531
205661,D4T,NRTI,5,184,I,0.04153893714737289
205661,D4T,NRTI,6,143,R,0.038051443694455754
205661,D4T,NRTI,7,214,L,0.023612315433624277
205661,D4T,NRTI,8,129,A,0.017395409435043755
205661,D4T,NRTI,9,152,G,0.01647200134705226
205661,D4T,NRTI,10,74,L,0.014659889425034274
205661,D4T,NRTI,1,72,R,0.9999998330882286
205661,D4T,NRTI,2,106,V,0.2644853539021158
205661,D4T,NRTI,3,115,Y,0.19586469732848147
205661,D4T,NRTI,4,151,Q,0.06831239912052531
205661,D4T,NRTI,5,184,I,0.04153893714737289
205661,D4T,NRTI,6,143,R,0.038051443694455754
205661,D4T,NRTI,7,214,L,0.023612315433624277
205661,D4T,NRTI,8,129,A,0.017395409435043755
205661,D4T,NRTI,9,152,G,0.01647200134705226
205661,D4T,NRTI,10,74,L,0.014659889425034274
205648,D4T,NRTI,1,151,M,0.9646558209323344
205648,D4T,NRTI,2,72,R,0.5801203369867898
205648,D4T,NRTI,3,106,V,0.10496822349619328
205648,D4T,NRTI,4,115,Y,0.08632854304221871
205648,D4T,NRTI,5,143,R,0.020116497165718904
205648,D4T,NRTI,6,129,A,0.011727480794188627
205648,D4T,NRTI,7,152,G,0.010404527764743246
205648,D4T,NRTI,8,144,Y,0.00831572704074865
205648,D4T,NRTI,9,130,F,0.007089747823902683
205648,D4T,NRTI,10,81,N,0.006114839124356923
205648,D4T,NRTI,1,151,M,0.9646558209323344
205648,D4T,NRTI,2,72,R,0.5801203369867898
205648,D4T,NRTI,3,106,V,0.10496822349619328
205648,D4T,NRTI,4,115,Y,0.08632854304221871
205648,D4T,NRTI,5,143,R,0.020116497165718904
205648,D4T,NRTI,6,129,A,0.011727480794188627
205648,D4T,NRTI,7,152,G,0.010404527764743246
205648,D4T,NRTI,8,144,Y,0.00831572704074865
205648,D4T,NRTI,9,130,F,0.007089747823902683
205648,D4T,NRTI,10,81,N,0.006114839124356923
771853,D4T,NRTI,1,72,R,0.9999998926935121
771853,D4T,NRTI,2,106,V,0.29913834722478594
771853,D4T,NRTI,3,115,Y,0.23747219396381852
771853,D4T,NRTI,4,98,G,0.16259980415302316
771853,D4T,NRTI,5,151,Q,0.06787531863913598
771853,D4T,NRTI,6,227,C,0.03134305505795273
771853,D4T,NRTI,7,143,R,0.03106475574471573
771853,D4T,NRTI,8,108,V,0.018489491359483787
771853,D4T,NRTI,9,129,A,0.01710106667267714
771853,D4T,NRTI,10,152,G,0.016594124976608206
270337,D4T,NRTI,1,72,R,0.9999998330826424
270337,D4T,NRTI,2,106,V,0.24795938916848934
270337,D4T,NRTI,3,115,Y,0.2008858663059326
270337,D4T,NRTI,4,151,Q,0.06089299191967547
270337,D4T,NRTI,5,143,R,0.03987701689075887
270337,D4T,NRTI,6,129,A,0.017241125329499084
270337,D4T,NRTI,7,152,G,0.015466198792583433
270337,D4T,NRTI,8,74,L,0.015159184118798907
270337,D4T,NRTI,9,144,Y,0.013357272748489088
270337,D4T,NRTI,10,130,F,0.011386480649196576
270337,D4T,NRTI,1,72,R,0.9999998330826424
270337,D4T,NRTI,2,106,V,0.24795938916848934
270337,D4T,NRTI,3,115,Y,0.2008858663059326
270337,D4T,NRTI,4,151,Q,0.06089299191967547
270337,D4T,NRTI,5,143,R,0.03987701689075887
270337,D4T,NRTI,6,129,A,0.017241125329499084
270337,D4T,NRTI,7,152,G,0.015466198792583433
270337,D4T,NRTI,8,74,L,0.015159184118798907
270337,D4T,NRTI,9,144,Y,0.013357272748489088
270337,D4T,NRTI,10,130,F,0.011386480649196576
205653,D4T,NRTI,1,72,R,0.9999998330665227
205653,D4T,NRTI,2,106,V,0.2545990556031606
205653,D4T,NRTI,3,115,Y,0.20650129624176136
205653,D4T,NRTI,4,151,Q,0.05908457716645913
205653,D4T,NRTI,5,143,R,0.027935188163033177
205653,D4T,NRTI,6,74,L,0.015632386123766797
205653,D4T,NRTI,7,152,G,0.015076724553911663
205653,D4T,NRTI,8,129,A,0.014881393608435368
205653,D4T,NRTI,9,144,Y,0.011599315157544376
205653,D4T,NRTI,10,108,V,0.010201180601412311
205653,D4T,NRTI,1,72,R,0.9999998330665227
205653,D4T,NRTI,2,106,V,0.2545990556031606
205653,D4T,NRTI,3,115,Y,0.20650129624176136
205653,D4T,NRTI,4,151,Q,0.05908457716645913
205653,D4T,NRTI,5,143,R,0.027935188163033177
205653,D4T,NRTI,6,74,L,0.015632386123766797
205653,D4T,NRTI,7,152,G,0.015076724553911663
205653,D4T,NRTI,8,129,A,0.014881393608435368
205653,D4T,NRTI,9,144,Y,0.011599315157544376
205653,D4T,NRTI,10,108,V,0.010201180601412311
205652,D4T,NRTI,1,72,R,0.9999999522931684
205652,D4T,NRTI,2,74,V,0.3894731906359245
205652,D4T,NRTI,3,106,V,0.13388074917647289
205652,D4T,NRTI,4,115,Y,0.11290624057768761
205652,D4T,NRTI,5,151,Q,0.04840305697004253
205652,D4T,NRTI,6,143,R,0.0211021469213395
205652,D4T,NRTI,7,129,A,0.01207409850127399
205652,D4T,NRTI,8,152,G,0.011685828493880359
205652,D4T,NRTI,9,61,F,0.00950423329512719
205652,D4T,NRTI,10,81,N,0.008832257005468813
205652,D4T,NRTI,1,72,R,0.9999999522931684
205652,D4T,NRTI,2,74,V,0.3894731906359245
205652,D4T,NRTI,3,106,V,0.13388074917647289
205652,D4T,NRTI,4,115,Y,0.11290624057768761
205652,D4T,NRTI,5,151,Q,0.04840305697004253
205652,D4T,NRTI,6,143,R,0.0211021469213395
205652,D4T,NRTI,7,129,A,0.01207409850127399
205652,D4T,NRTI,8,152,G,0.011685828493880359
205652,D4T,NRTI,9,61,F,0.00950423329512719
205652,D4T,NRTI,10,81,N,0.008832257005468813
205681,D4T,NRTI,1,106,A,1.0000000119134997
205681,D4T,NRTI,2,72,R,0.1082252246304643
205681,D4T,NRTI,3,115,Y,0.014452789752818912
205681,D4T,NRTI,4,151,Q,0.006323723193821852
205681,D4T,NRTI,5,143,R,0.0037234418321249883
205681,D4T,NRTI,6,211,N,0.0029330189315636456
205681,D4T,NRTI,7,35,T,0.002842018760869353
205681,D4T,NRTI,8,129,A,0.001994820234845711
205681,D4T,NRTI,9,152,G,0.001786787043617092
205681,D4T,NRTI,10,144,Y,0.0014390851329243374
205664,D4T,NRTI,1,72,R,0.9999998330798876
205664,D4T,NRTI,2,106,V,0.26792383347736465
205664,D4T,NRTI,3,115,Y,0.25509137537075793
205664,D4T,NRTI,4,151,Q,0.06961437711220501
205664,D4T,NRTI,5,143,R,0.02951700889648238
205664,D4T,NRTI,6,214,L,0.024529820605913626
205664,D4T,NRTI,7,152,G,0.01686021954355501
205664,D4T,NRTI,8,129,A,0.015920522700736336
205664,D4T,NRTI,9,74,L,0.01532123881861637
205664,D4T,NRTI,10,144,Y,0.01150559763874038
205664,D4T,NRTI,1,72,R,0.9999998330798876
205664,D4T,NRTI,2,106,V,0.26792383347736465
205664,D4T,NRTI,3,115,Y,0.25509137537075793
205664,D4T,NRTI,4,151,Q,0.06961437711220501
205664,D4T,NRTI,5,143,R,0.02951700889648238
205664,D4T,NRTI,6,214,L,0.024529820605913626
205664,D4T,NRTI,7,152,G,0.01686021954355501
205664,D4T,NRTI,8,129,A,0.015920522700736336
205664,D4T,NRTI,9,74,L,0.01532123881861637
205664,D4T,NRTI,10,144,Y,0.01150559763874038
205660,D4T,NRTI,1,72,R,0.9999998330867176
205660,D4T,NRTI,2,106,V,0.24902078149747842
205660,D4T,NRTI,3,115,Y,0.195882238868258
205660,D4T,NRTI,4,151,Q,0.0649122954396537
205660,D4T,NRTI,5,143,R,0.0404181190353353
205660,D4T,NRTI,6,214,L,0.023863492163991164
205660,D4T,NRTI,7,129,A,0.017913523005337037
205660,D4T,NRTI,8,152,G,0.015945568860536455
205660,D4T,NRTI,9,74,L,0.014806340629973096
205660,D4T,NRTI,10,144,Y,0.013772118126667676
205660,D4T,NRTI,1,72,R,0.9999998330867176
205660,D4T,NRTI,2,106,V,0.24902078149747842
205660,D4T,NRTI,3,115,Y,0.195882238868258
205660,D4T,NRTI,4,151,Q,0.0649122954396537
205660,D4T,NRTI,5,143,R,0.0404181190353353
205660,D4T,NRTI,6,214,L,0.023863492163991164
205660,D4T,NRTI,7,129,A,0.017913523005337037
205660,D4T,NRTI,8,152,G,0.015945568860536455
205660,D4T,NRTI,9,74,L,0.014806340629973096
205660,D4T,NRTI,10,144,Y,0.013772118126667676
771855,D4T,NRTI,1,106,A,1.0000000119090227
771855,D4T,NRTI,2,72,R,0.10092548740049576
771855,D4T,NRTI,3,65,R,0.027943211712986697
771855,D4T,NRTI,4,115,Y,0.015082393268422097
771855,D4T,NRTI,5,151,Q,0.00569513434062036
771855,D4T,NRTI,6,143,R,0.003188142454399967
771855,D4T,NRTI,7,129,A,0.0019611816856344912
771855,D4T,NRTI,8,152,G,0.0018835017683923923
771855,D4T,NRTI,9,225,H,0.0016192633471997584
771855,D4T,NRTI,10,144,Y,0.0013027426975254605
716523,D4T,NRTI,1,72,R,0.9730942964344385
716523,D4T,NRTI,2,188,L,0.5203142217593912
716523,D4T,NRTI,3,106,V,0.36131268134817424
716523,D4T,NRTI,4,115,Y,0.2112125195471983
716523,D4T,NRTI,5,151,Q,0.06908307803935843
716523,D4T,NRTI,6,143,R,0.033325130346192264
716523,D4T,NRTI,7,108,V,0.02207940930393196
716523,D4T,NRTI,8,152,G,0.017814582705729082
716523,D4T,NRTI,9,129,A,0.017484449014346495
716523,D4T,NRTI,10,74,L,0.016679908740997892
716520,D4T,NRTI,1,106,I,0.9999999522890441
716520,D4T,NRTI,2,72,R,0.39640465413545845
716520,D4T,NRTI,3,115,Y,0.061976151152673575
716520,D4T,NRTI,4,151,Q,0.025111182686295353
716520,D4T,NRTI,5,143,R,0.013856814910882352
716520,D4T,NRTI,6,152,G,0.007545528464794817
716520,D4T,NRTI,7,129,A,0.007345955949795901
716520,D4T,NRTI,8,144,Y,0.005212572612076916
716520,D4T,NRTI,9,130,F,0.004480494518428634
716520,D4T,NRTI,10,114,A,0.00447409251893701
270338,D4T,NRTI,1,72,R,0.9999998330847893
270338,D4T,NRTI,2,106,V,0.29405755765475017
270338,D4T,NRTI,3,115,Y,0.1930117459853886
270338,D4T,NRTI,4,101,E,0.08717504176892339
270338,D4T,NRTI,5,151,Q,0.059013576299837715
270338,D4T,NRTI,6,143,R,0.02977801410205566
270338,D4T,NRTI,7,129,A,0.016028546300679205
270338,D4T,NRTI,8,74,L,0.015176551060609705
270338,D4T,NRTI,9,152,G,0.014610091231917501
270338,D4T,NRTI,10,108,V,0.012376757839721123
270338,D4T,NRTI,1,72,R,0.9999998330847893
270338,D4T,NRTI,2,106,V,0.29405755765475017
270338,D4T,NRTI,3,115,Y,0.1930117459853886
270338,D4T,NRTI,4,101,E,0.08717504176892339
270338,D4T,NRTI,5,151,Q,0.059013576299837715
270338,D4T,NRTI,6,143,R,0.02977801410205566
270338,D4T,NRTI,7,129,A,0.016028546300679205
270338,D4T,NRTI,8,74,L,0.015176551060609705
270338,D4T,NRTI,9,152,G,0.014610091231917501
270338,D4T,NRTI,10,108,V,0.012376757839721123
270335,D4T,NRTI,1,72,R,0.9999998330850339
270335,D4T,NRTI,2,106,V,0.257567228088223
270335,D4T,NRTI,3,115,Y,0.19518143399383436
270335,D4T,NRTI,4,151,Q,0.061426824180827885
270335,D4T,NRTI,5,184,I,0.042745266304573724
270335,D4T,NRTI,6,143,R,0.03693143561172346
270335,D4T,NRTI,7,129,A,0.017259485391677893
270335,D4T,NRTI,8,152,G,0.015371709382923916
270335,D4T,NRTI,9,74,L,0.014801563192382879
270335,D4T,NRTI,10,144,Y,0.012685540681197427
52839,D4T,NRTI,1,72,R,0.7554621219494627
52839,D4T,NRTI,2,75,M,0.654523408110875
52839,D4T,NRTI,3,106,V,0.12732917461710547
52839,D4T,NRTI,4,115,Y,0.10859570429274976
52839,D4T,NRTI,5,151,Q,0.04076891466338491
52839,D4T,NRTI,6,143,R,0.02354810690489298
52839,D4T,NRTI,7,129,A,0.012496849352941531
52839,D4T,NRTI,8,152,G,0.0119993033158763
52839,D4T,NRTI,9,41,L,0.011934459415807386
52839,D4T,NRTI,10,74,L,0.010419252846057553
81866,D4T,NRTI,1,72,R,0.999999892697898
81866,D4T,NRTI,2,106,V,0.2747987487835896
81866,D4T,NRTI,3,115,Y,0.18297384735654795
81866,D4T,NRTI,4,83,K,0.078004357573146
81866,D4T,NRTI,5,101,E,0.07761515282405125
81866,D4T,NRTI,6,151,Q,0.06134972777334941
81866,D4T,NRTI,7,143,R,0.029960565291209086
81866,D4T,NRTI,8,129,A,0.018208155850565746
81866,D4T,NRTI,9,125,R,0.016735461576085894
81866,D4T,NRTI,10,152,G,0.015001874610381893
614693,D4T,NRTI,1,72,R,0.999999952306437
614693,D4T,NRTI,2,108,I,0.4229529098448931
614693,D4T,NRTI,3,74,I,0.2705127861032741
614693,D4T,NRTI,4,106,V,0.1461650210569687
614693,D4T,NRTI,5,115,Y,0.11422572792149449
614693,D4T,NRTI,6,228,H,0.11041357689160416
614693,D4T,NRTI,7,162,A,0.10048422319264058
614693,D4T,NRTI,8,39,S,0.08406520487200395
614693,D4T,NRTI,9,151,Q,0.04358990808364678
614693,D4T,NRTI,10,219,E,0.03989096554742325
40381,D4T,NRTI,1,72,R,0.7755038261295022
40381,D4T,NRTI,2,172,K,0.5487904890027835
40381,D4T,NRTI,3,106,V,0.1911656177878882
40381,D4T,NRTI,4,188,L,0.17314233466731976
40381,D4T,NRTI,5,115,Y,0.13678712095137852
40381,D4T,NRTI,6,219,R,0.05290637736885296
40381,D4T,NRTI,7,151,Q,0.04831297805152206
40381,D4T,NRTI,8,189,I,0.04155681278927137
40381,D4T,NRTI,9,162,C,0.03238794747920418
40381,D4T,NRTI,10,143,R,0.026440726003609503
216594,D4T,NRTI,1,72,R,0.9266016006328117
216594,D4T,NRTI,2,162,Y,0.546706311797345
216594,D4T,NRTI,3,106,V,0.2194625509945225
216594,D4T,NRTI,4,115,Y,0.17823286723407317
216594,D4T,NRTI,5,151,Q,0.07209405675062801
216594,D4T,NRTI,6,83,K,0.0590030899780179
216594,D4T,NRTI,7,143,R,0.03616687727815165
216594,D4T,NRTI,8,178,L,0.034283622396631006
216594,D4T,NRTI,9,129,A,0.01963004288129467
216594,D4T,NRTI,10,152,G,0.019341000740273465
56287,D4T,NRTI,1,72,R,0.9999999523017863
56287,D4T,NRTI,2,65,R,0.4119330078337554
56287,D4T,NRTI,3,106,V,0.20463075401850908
56287,D4T,NRTI,4,115,Y,0.12942516939397983
56287,D4T,NRTI,5,173,N,0.08198956801166231
56287,D4T,NRTI,6,174,R,0.060952612831852895
56287,D4T,NRTI,7,35,I,0.04998571170799981
56287,D4T,NRTI,8,151,Q,0.04931553660053138
56287,D4T,NRTI,9,83,K,0.03594492347559131
56287,D4T,NRTI,10,143,R,0.023735130521528706
5641,D4T,NRTI,1,72,R,0.9999999523056361
5641,D4T,NRTI,2,106,V,0.15917758019006814
5641,D4T,NRTI,3,115,Y,0.12545030096045356
5641,D4T,NRTI,4,62,V,0.08883417645509754
5641,D4T,NRTI,5,98,S,0.06550482618449173
5641,D4T,NRTI,6,196,R,0.06068311095043804
5641,D4T,NRTI,7,151,Q,0.04816244778949751
5641,D4T,NRTI,8,143,R,0.029278517087245576
5641,D4T,NRTI,9,70,R,0.018083537269528896
5641,D4T,NRTI,10,129,A,0.0149035221951841
75719,D4T,NRTI,1,72,R,0.9999999523032453
75719,D4T,NRTI,2,106,V,0.28341587234304805
75719,D4T,NRTI,3,115,Y,0.18437214750536057
75719,D4T,NRTI,4,64,R,0.17076370483895878
75719,D4T,NRTI,5,122,P,0.0811130542076822
75719,D4T,NRTI,6,151,Q,0.058517322481549214
75719,D4T,NRTI,7,225,H,0.043459304832268814
75719,D4T,NRTI,8,143,R,0.03520691614273052
75719,D4T,NRTI,9,129,A,0.02415782858407265
75719,D4T,NRTI,10,125,R,0.023399850279628542
614879,D4T,NRTI,1,72,R,0.9999998926981674
614879,D4T,NRTI,2,106,V,0.32015597110207394
614879,D4T,NRTI,3,115,Y,0.18682950206690122
614879,D4T,NRTI,4,35,I,0.09743403292577071
614879,D4T,NRTI,5,173,E,0.08539084332352566
614879,D4T,NRTI,6,151,Q,0.0618247237071703
614879,D4T,NRTI,7,143,R,0.02895835527309632
614879,D4T,NRTI,8,103,N,0.019432651337355472
614879,D4T,NRTI,9,129,A,0.01766999885746929
614879,D4T,NRTI,10,207,E,0.01627601124281495
614643,D4T,NRTI,1,106,I,0.9999999522975361
614643,D4T,NRTI,2,72,R,0.46323892819793006
614643,D4T,NRTI,3,107,A,0.37305485494150514
614643,D4T,NRTI,4,115,Y,0.06848453679452539
614643,D4T,NRTI,5,151,Q,0.02943667679161143
614643,D4T,NRTI,6,178,V,0.01688962363401357
614643,D4T,NRTI,7,143,R,0.015363079821954773
614643,D4T,NRTI,8,228,R,0.010737352196020455
614643,D4T,NRTI,9,129,A,0.00890648004707977
614643,D4T,NRTI,10,152,G,0.007886808388974095
771859,D4T,NRTI,1,72,R,0.9637107372082482
771859,D4T,NRTI,2,188,L,0.5223630656600301
771859,D4T,NRTI,3,106,V,0.35691992420974045
771859,D4T,NRTI,4,115,Y,0.2467840340407389
771859,D4T,NRTI,5,151,Q,0.07148846067745954
771859,D4T,NRTI,6,143,R,0.03327850152057122
771859,D4T,NRTI,7,108,V,0.02268569771033203
771859,D4T,NRTI,8,152,G,0.017324393195306455
771859,D4T,NRTI,9,129,A,0.016810659385766213
771859,D4T,NRTI,10,74,L,0.016231397640708137
716522,D4T,NRTI,1,106,M,1.0000000119103398
716522,D4T,NRTI,2,72,R,0.05530247386515106
716522,D4T,NRTI,3,115,Y,0.008191594204293773
716522,D4T,NRTI,4,151,Q,0.003459482057998965
716522,D4T,NRTI,5,143,R,0.002027717527299886
716522,D4T,NRTI,6,129,A,0.0010834334037432137
716522,D4T,NRTI,7,152,G,0.0010200752304984303
716522,D4T,NRTI,8,144,Y,0.0007124927707813601
716522,D4T,NRTI,9,130,F,0.0006601486112251264
716522,D4T,NRTI,10,114,A,0.000630991964533629
270336,D4T,NRTI,1,72,R,0.9999998330835698
270336,D4T,NRTI,2,106,V,0.2955241329512115
270336,D4T,NRTI,3,115,Y,0.19259192793626156
270336,D4T,NRTI,4,101,E,0.08492480731117537
270336,D4T,NRTI,5,151,Q,0.0613648507385489
270336,D4T,NRTI,6,184,I,0.04109971872611157
270336,D4T,NRTI,7,143,R,0.03795216588104866
270336,D4T,NRTI,8,129,A,0.01757556689647926
270336,D4T,NRTI,9,152,G,0.015756066724726077
270336,D4T,NRTI,10,74,L,0.01475380561891357
270336,D4T,NRTI,1,72,R,0.9999998330835698
270336,D4T,NRTI,2,106,V,0.2955241329512115
270336,D4T,NRTI,3,115,Y,0.19259192793626156
270336,D4T,NRTI,4,101,E,0.08492480731117537
270336,D4T,NRTI,5,151,Q,0.0613648507385489
270336,D4T,NRTI,6,184,I,0.04109971872611157
270336,D4T,NRTI,7,143,R,0.03795216588104866
270336,D4T,NRTI,8,129,A,0.01757556689647926
270336,D4T,NRTI,9,152,G,0.015756066724726077
270336,D4T,NRTI,10,74,L,0.01475380561891357
205685,D4T,NRTI,1,72,R,0.9999999523038516
205685,D4T,NRTI,2,106,V,0.17436260679353233
205685,D4T,NRTI,3,115,Y,0.12922705291183167
205685,D4T,NRTI,4,103,R,0.086617848032858
205685,D4T,NRTI,5,151,Q,0.04472136450488058
205685,D4T,NRTI,6,39,A,0.027978188581795384
205685,D4T,NRTI,7,143,R,0.026283994915329643
205685,D4T,NRTI,8,135,L,0.019275812211192414
205685,D4T,NRTI,9,70,R,0.01786473916439635
205685,D4T,NRTI,10,129,A,0.01377586362777028
205685,D4T,NRTI,1,72,R,0.9999999523038516
205685,D4T,NRTI,2,106,V,0.17436260679353233
205685,D4T,NRTI,3,115,Y,0.12922705291183167
205685,D4T,NRTI,4,103,R,0.086617848032858
205685,D4T,NRTI,5,151,Q,0.04472136450488058
205685,D4T,NRTI,6,39,A,0.027978188581795384
205685,D4T,NRTI,7,143,R,0.026283994915329643
205685,D4T,NRTI,8,135,L,0.019275812211192414
205685,D4T,NRTI,9,70,R,0.01786473916439635
205685,D4T,NRTI,10,129,A,0.01377586362777028
205665,D4T,NRTI,1,72,R,0.9999998330799702
205665,D4T,NRTI,2,106,V,0.2536339147813162
205665,D4T,NRTI,3,115,Y,0.199249866518793
205665,D4T,NRTI,4,151,Q,0.06494945843466353
205665,D4T,NRTI,5,143,R,0.02908045475014691
205665,D4T,NRTI,6,214,L,0.02477547811861235
205665,D4T,NRTI,7,152,G,0.015958891063901977
205665,D4T,NRTI,8,129,A,0.015389681884235305
205665,D4T,NRTI,9,74,L,0.015134336072164915
205665,D4T,NRTI,10,144,Y,0.012153707114733568
205665,D4T,NRTI,1,72,R,0.9999998330799702
205665,D4T,NRTI,2,106,V,0.2536339147813162
205665,D4T,NRTI,3,115,Y,0.199249866518793
205665,D4T,NRTI,4,151,Q,0.06494945843466353
205665,D4T,NRTI,5,143,R,0.02908045475014691
205665,D4T,NRTI,6,214,L,0.02477547811861235
205665,D4T,NRTI,7,152,G,0.015958891063901977
205665,D4T,NRTI,8,129,A,0.015389681884235305
205665,D4T,NRTI,9,74,L,0.015134336072164915
205665,D4T,NRTI,10,144,Y,0.012153707114733568
205663,D4T,NRTI,1,72,R,0.9999998330814928
205663,D4T,NRTI,2,106,V,0.2674304298351484
205663,D4T,NRTI,3,115,Y,0.19859136408500025
205663,D4T,NRTI,4,151,Q,0.06982491729170771
205663,D4T,NRTI,5,184,I,0.042656452630483115
205663,D4T,NRTI,6,143,R,0.02895022791541653
205663,D4T,NRTI,7,214,L,0.024239012803902175
205663,D4T,NRTI,8,152,G,0.01694775157941316
205663,D4T,NRTI,9,129,A,0.015782102386453004
205663,D4T,NRTI,10,74,L,0.014914737884502914
205663,D4T,NRTI,1,72,R,0.9999998330814928
205663,D4T,NRTI,2,106,V,0.2674304298351484
205663,D4T,NRTI,3,115,Y,0.19859136408500025
205663,D4T,NRTI,4,151,Q,0.06982491729170771
205663,D4T,NRTI,5,184,I,0.042656452630483115
205663,D4T,NRTI,6,143,R,0.02895022791541653
205663,D4T,NRTI,7,214,L,0.024239012803902175
205663,D4T,NRTI,8,152,G,0.01694775157941316
205663,D4T,NRTI,9,129,A,0.015782102386453004
205663,D4T,NRTI,10,74,L,0.014914737884502914
205650,D4T,NRTI,1,151,M,0.9646558209323344
205650,D4T,NRTI,2,72,R,0.5801203369867898
205650,D4T,NRTI,3,106,V,0.10496822349619328
205650,D4T,NRTI,4,115,Y,0.08632854304221871
205650,D4T,NRTI,5,143,R,0.020116497165718904
205650,D4T,NRTI,6,129,A,0.011727480794188627
205650,D4T,NRTI,7,152,G,0.010404527764743246
205650,D4T,NRTI,8,144,Y,0.00831572704074865
205650,D4T,NRTI,9,130,F,0.007089747823902683
205650,D4T,NRTI,10,81,N,0.006114839124356923
205650,D4T,NRTI,1,151,M,0.9646558209323344
205650,D4T,NRTI,2,72,R,0.5801203369867898
205650,D4T,NRTI,3,106,V,0.10496822349619328
205650,D4T,NRTI,4,115,Y,0.08632854304221871
205650,D4T,NRTI,5,143,R,0.020116497165718904
205650,D4T,NRTI,6,129,A,0.011727480794188627
205650,D4T,NRTI,7,152,G,0.010404527764743246
205650,D4T,NRTI,8,144,Y,0.00831572704074865
205650,D4T,NRTI,9,130,F,0.007089747823902683
205650,D4T,NRTI,10,81,N,0.006114839124356923
771858,D4T,NRTI,1,106,M,1.000000011910705
771858,D4T,NRTI,2,72,R,0.056754633369588754
771858,D4T,NRTI,3,65,R,0.014394390797302436
771858,D4T,NRTI,4,115,Y,0.007019315138723042
771858,D4T,NRTI,5,151,Q,0.003372570582068673
771858,D4T,NRTI,6,143,R,0.001816304799923462
771858,D4T,NRTI,7,129,A,0.0010241888438136727
771858,D4T,NRTI,8,152,G,0.000993285742683189
771858,D4T,NRTI,9,144,Y,0.000655828979565843
771858,D4T,NRTI,10,130,F,0.0006314717383649365
716517,D4T,NRTI,1,72,R,0.999999833088477
716517,D4T,NRTI,2,106,V,0.31064997641035197
716517,D4T,NRTI,3,115,Y,0.20012137372324623
716517,D4T,NRTI,4,98,G,0.17752996123021617
716517,D4T,NRTI,5,151,Q,0.0627019521199326
716517,D4T,NRTI,6,227,C,0.03424121255293736
716517,D4T,NRTI,7,143,R,0.030288451551427113
716517,D4T,NRTI,8,108,V,0.019821464503353283
716517,D4T,NRTI,9,129,A,0.01628253579298106
716517,D4T,NRTI,10,152,G,0.01583677399337893
205681,D4T,NRTI,1,106,A,1.0000000119134997
205681,D4T,NRTI,2,72,R,0.1082252246304643
205681,D4T,NRTI,3,115,Y,0.014452789752818912
205681,D4T,NRTI,4,151,Q,0.006323723193821852
205681,D4T,NRTI,5,143,R,0.0037234418321249883
205681,D4T,NRTI,6,211,N,0.0029330189315636456
205681,D4T,NRTI,7,35,T,0.002842018760869353
205681,D4T,NRTI,8,129,A,0.001994820234845711
205681,D4T,NRTI,9,152,G,0.001786787043617092
205681,D4T,NRTI,10,144,Y,0.0014390851329243374
44022,D4T,NRTI,1,116,Y,0.9764144539676103
44022,D4T,NRTI,2,151,M,0.9686671457492606
44022,D4T,NRTI,3,72,R,0.5835329023467746
44022,D4T,NRTI,4,106,V,0.11817063792818322
44022,D4T,NRTI,5,115,Y,0.093327041334738
44022,D4T,NRTI,6,143,R,0.0223078570608993
44022,D4T,NRTI,7,129,A,0.012742071509039238
44022,D4T,NRTI,8,152,G,0.010523529838544547
44022,D4T,NRTI,9,60,I,0.00966990834671132
44022,D4T,NRTI,10,144,Y,0.008905120774190842
716519,D4T,NRTI,1,106,A,1.0000000119084422
716519,D4T,NRTI,2,72,R,0.09606243126627936
716519,D4T,NRTI,3,115,Y,0.015555053671717821
716519,D4T,NRTI,4,151,Q,0.005857121354874629
716519,D4T,NRTI,5,143,R,0.0033872261508184776
716519,D4T,NRTI,6,129,A,0.0019104574465489631
716519,D4T,NRTI,7,152,G,0.0018887505759855139
716519,D4T,NRTI,8,225,H,0.001654734920202381
716519,D4T,NRTI,9,144,Y,0.0013437204679396571
716519,D4T,NRTI,10,108,V,0.0012079055831704182
716518,D4T,NRTI,1,106,I,0.9999999522962675
716518,D4T,NRTI,2,72,R,0.3871845455218341
716518,D4T,NRTI,3,115,Y,0.06225213077775791
716518,D4T,NRTI,4,151,Q,0.024868132167993127
716518,D4T,NRTI,5,98,G,0.014644993993481412
716518,D4T,NRTI,6,143,R,0.013620081133097858
716518,D4T,NRTI,7,129,A,0.007424312289946885
716518,D4T,NRTI,8,152,G,0.007350167900417858
716518,D4T,NRTI,9,221,Y,0.006507354484807311
716518,D4T,NRTI,10,144,Y,0.005136967506985324
205662,D4T,NRTI,1,72,R,0.999999833087247
205662,D4T,NRTI,2,106,V,0.26590600341506343
205662,D4T,NRTI,3,115,Y,0.253112481393872
205662,D4T,NRTI,4,151,Q,0.06851582718783125
205662,D4T,NRTI,5,143,R,0.037432686548904734
205662,D4T,NRTI,6,214,L,0.024168574090004124
205662,D4T,NRTI,7,129,A,0.017293934314875026
205662,D4T,NRTI,8,152,G,0.01665452486280164
205662,D4T,NRTI,9,74,L,0.01512513132179262
205662,D4T,NRTI,10,144,Y,0.01302156383684588
205662,D4T,NRTI,1,72,R,0.999999833087247
205662,D4T,NRTI,2,106,V,0.26590600341506343
205662,D4T,NRTI,3,115,Y,0.253112481393872
205662,D4T,NRTI,4,151,Q,0.06851582718783125
205662,D4T,NRTI,5,143,R,0.037432686548904734
205662,D4T,NRTI,6,214,L,0.024168574090004124
205662,D4T,NRTI,7,129,A,0.017293934314875026
205662,D4T,NRTI,8,152,G,0.01665452486280164
205662,D4T,NRTI,9,74,L,0.01512513132179262
205662,D4T,NRTI,10,144,Y,0.01302156383684588
205651,D4T,NRTI,1,72,R,0.9999999522931684
205651,D4T,NRTI,2,74,V,0.3894731906359245
205651,D4T,NRTI,3,106,V,0.13388074917647289
205651,D4T,NRTI,4,115,Y,0.11290624057768761
205651,D4T,NRTI,5,151,Q,0.04840305697004253
205651,D4T,NRTI,6,143,R,0.0211021469213395
205651,D4T,NRTI,7,129,A,0.01207409850127399
205651,D4T,NRTI,8,152,G,0.011685828493880359
205651,D4T,NRTI,9,61,F,0.00950423329512719
205651,D4T,NRTI,10,81,N,0.008832257005468813
205651,D4T,NRTI,1,72,R,0.9999999522931684
205651,D4T,NRTI,2,74,V,0.3894731906359245
205651,D4T,NRTI,3,106,V,0.13388074917647289
205651,D4T,NRTI,4,115,Y,0.11290624057768761
205651,D4T,NRTI,5,151,Q,0.04840305697004253
205651,D4T,NRTI,6,143,R,0.0211021469213395
205651,D4T,NRTI,7,129,A,0.01207409850127399
205651,D4T,NRTI,8,152,G,0.011685828493880359
205651,D4T,NRTI,9,61,F,0.00950423329512719
205651,D4T,NRTI,10,81,N,0.008832257005468813
771857,D4T,NRTI,1,106,I,0.9999999522923617
771857,D4T,NRTI,2,72,R,0.38600698516913123
771857,D4T,NRTI,3,115,Y,0.05386994331867263
771857,D4T,NRTI,4,151,Q,0.02493472690688605
771857,D4T,NRTI,5,143,R,0.012913585153407632
771857,D4T,NRTI,6,152,G,0.0072713721804520655
771857,D4T,NRTI,7,129,A,0.0070609980227925905
771857,D4T,NRTI,8,221,Y,0.0063532781285905535
771857,D4T,NRTI,9,144,Y,0.004898940146868152
771857,D4T,NRTI,10,130,F,0.004428301594094316
771856,D4T,NRTI,1,106,I,0.9999999522890441
771856,D4T,NRTI,2,72,R,0.39640465413545845
771856,D4T,NRTI,3,115,Y,0.061976151152673575
771856,D4T,NRTI,4,151,Q,0.025111182686295353
771856,D4T,NRTI,5,143,R,0.013856814910882352
771856,D4T,NRTI,6,152,G,0.007545528464794817
771856,D4T,NRTI,7,129,A,0.007345955949795901
771856,D4T,NRTI,8,144,Y,0.005212572612076916
771856,D4T,NRTI,9,130,F,0.004480494518428634
771856,D4T,NRTI,10,114,A,0.00447409251893701
205677,D4T,NRTI,1,72,R,0.9999999523081031
205677,D4T,NRTI,2,108,I,0.4784099349252107
205677,D4T,NRTI,3,106,V,0.1711369201225289
205677,D4T,NRTI,4,115,Y,0.13587900045573031
205677,D4T,NRTI,5,35,R,0.0770448982363825
205677,D4T,NRTI,6,181,C,0.074156979836295
205677,D4T,NRTI,7,162,D,0.06434969680164135
205677,D4T,NRTI,8,49,R,0.05609397493246703
205677,D4T,NRTI,9,151,Q,0.05262367972514197
205677,D4T,NRTI,10,122,Q,0.049420459806995866
205677,D4T,NRTI,1,72,R,0.9999999523081031
205677,D4T,NRTI,2,108,I,0.4784099349252107
205677,D4T,NRTI,3,106,V,0.1711369201225289
205677,D4T,NRTI,4,115,Y,0.13587900045573031
205677,D4T,NRTI,5,35,R,0.0770448982363825
205677,D4T,NRTI,6,181,C,0.074156979836295
205677,D4T,NRTI,7,162,D,0.06434969680164135
205677,D4T,NRTI,8,49,R,0.05609397493246703
205677,D4T,NRTI,9,151,Q,0.05262367972514197
205677,D4T,NRTI,10,122,Q,0.049420459806995866
143485,D4T,NRTI,1,72,R,0.7582294463945105
143485,D4T,NRTI,2,145,M,0.5497173997477142
143485,D4T,NRTI,3,106,V,0.18833584901497918
143485,D4T,NRTI,4,115,Y,0.13510283312630456
143485,D4T,NRTI,5,102,Q,0.12551809064154418
143485,D4T,NRTI,6,151,Q,0.054866147881114775
143485,D4T,NRTI,7,143,R,0.051144848849534394
143485,D4T,NRTI,8,162,C,0.04588946463402754
143485,D4T,NRTI,9,129,A,0.026330874810337856
143485,D4T,NRTI,10,144,Y,0.015647171155718308
109393,D4T,NRTI,1,72,R,0.9999998926994023
109393,D4T,NRTI,2,158,S,0.35897034368147324
109393,D4T,NRTI,3,162,A,0.3302275995603386
109393,D4T,NRTI,4,106,V,0.2541460684027959
109393,D4T,NRTI,5,115,Y,0.1992794983611199
109393,D4T,NRTI,6,169,D,0.168638222266896
109393,D4T,NRTI,7,122,P,0.09996519028271002
109393,D4T,NRTI,8,151,Q,0.07261999405833852
109393,D4T,NRTI,9,143,R,0.0391775163913064
109393,D4T,NRTI,10,125,R,0.02918736562591363
117074,D4T,NRTI,1,72,R,0.9999999523083472
117074,D4T,NRTI,2,74,I,0.3130954761647698
117074,D4T,NRTI,3,111,I,0.297307654950134
117074,D4T,NRTI,4,106,V,0.18082010981174493
117074,D4T,NRTI,5,115,Y,0.1325512356432395
117074,D4T,NRTI,6,151,Q,0.050215376139735146
117074,D4T,NRTI,7,98,S,0.04926999376124214
117074,D4T,NRTI,8,43,N,0.048468340869262085
117074,D4T,NRTI,9,219,R,0.0440399382341573
117074,D4T,NRTI,10,118,I,0.038010301541927805
11501,D4T,NRTI,1,72,R,0.9999999523040768
11501,D4T,NRTI,2,75,T,0.2737991687684965
11501,D4T,NRTI,3,106,V,0.15071763060189594
11501,D4T,NRTI,4,115,Y,0.12135628230780726
11501,D4T,NRTI,5,62,V,0.07842701898084718
11501,D4T,NRTI,6,151,Q,0.049491040108120984
11501,D4T,NRTI,7,143,R,0.029538801351187548
11501,D4T,NRTI,8,83,K,0.02859214862778026
11501,D4T,NRTI,9,41,L,0.01709805213122031
11501,D4T,NRTI,10,129,A,0.015789046603583972
207306,D4T,NRTI,1,72,R,0.9999999523041796
207306,D4T,NRTI,2,106,V,0.20590841090006404
207306,D4T,NRTI,3,115,Y,0.15079458478787655
207306,D4T,NRTI,4,173,Q,0.08313325906974153
207306,D4T,NRTI,5,151,Q,0.05080793483378702
207306,D4T,NRTI,6,143,R,0.02518298114669061
207306,D4T,NRTI,7,70,R,0.02012260783954247
207306,D4T,NRTI,8,152,G,0.01404848045858708
207306,D4T,NRTI,9,129,A,0.013713402695157709
207306,D4T,NRTI,10,103,N,0.01014685920204674
116520,D4T,NRTI,1,72,R,0.9999999523068663
116520,D4T,NRTI,2,35,K,0.2679092382622055
116520,D4T,NRTI,3,106,V,0.19090717095278845
116520,D4T,NRTI,4,115,Y,0.15716981095500265
116520,D4T,NRTI,5,211,T,0.12224631466193935
116520,D4T,NRTI,6,207,K,0.10498501664483559
116520,D4T,NRTI,7,162,D,0.09400686458089857
116520,D4T,NRTI,8,151,Q,0.06455776607715594
116520,D4T,NRTI,9,118,I,0.055144398806439995
116520,D4T,NRTI,10,60,I,0.03552574933084238
44012,D4T,NRTI,1,72,R,0.9999999523063616
44012,D4T,NRTI,2,47,V,0.4772318530121723
44012,D4T,NRTI,3,106,V,0.22154246440806888
44012,D4T,NRTI,4,115,Y,0.1525714114989312
44012,D4T,NRTI,5,32,T,0.11657596668840015
44012,D4T,NRTI,6,98,S,0.07832378800017813
44012,D4T,NRTI,7,219,N,0.07301180434790375
44012,D4T,NRTI,8,151,Q,0.05204415848479796
44012,D4T,NRTI,9,39,A,0.03604147639572892
44012,D4T,NRTI,10,44,D,0.03589777391671436
614809,D4T,NRTI,1,72,R,0.999999892702207
614809,D4T,NRTI,2,39,Q,0.2619161729953109
614809,D4T,NRTI,3,28,A,0.22726537818331422
614809,D4T,NRTI,4,106,V,0.22421207356533499
614809,D4T,NRTI,5,207,A,0.1975343130125608
614809,D4T,NRTI,6,173,A,0.1808637945780711
614809,D4T,NRTI,7,115,Y,0.166063758789423
614809,D4T,NRTI,8,211,S,0.15914749969447742
614809,D4T,NRTI,9,169,D,0.14822127898359555
614809,D4T,NRTI,10,11,T,0.13416366633823995
97969,D4T,NRTI,1,72,R,0.9999999523054514
97969,D4T,NRTI,2,108,I,0.435124406701479
97969,D4T,NRTI,3,181,G,0.42181470807567656
97969,D4T,NRTI,4,74,I,0.2686163786317399
97969,D4T,NRTI,5,106,V,0.1843405550061636
97969,D4T,NRTI,6,44,A,0.15644475108897377
97969,D4T,NRTI,7,115,Y,0.1306052297704861
97969,D4T,NRTI,8,158,S,0.10659494523690746
97969,D4T,NRTI,9,27,S,0.06721642000824009
97969,D4T,NRTI,10,223,Q,0.06692371239149777
615235,D4T,NRTI,1,72,R,0.9999999523051354
615235,D4T,NRTI,2,106,V,0.24386572880484644
615235,D4T,NRTI,3,115,Y,0.13259127136356516
615235,D4T,NRTI,4,103,S,0.07817718122071471
615235,D4T,NRTI,5,190,A,0.07315926200759526
615235,D4T,NRTI,6,123,N,0.049935704802404904
615235,D4T,NRTI,7,151,Q,0.04746954150649971
615235,D4T,NRTI,8,60,I,0.029079289933555522
615235,D4T,NRTI,9,143,R,0.026232667077413417
615235,D4T,NRTI,10,20,R,0.020938360173774602
173669,D4T,NRTI,1,72,R,0.9999999523066754
173669,D4T,NRTI,2,106,V,0.2980111762009918
173669,D4T,NRTI,3,179,E,0.20828361669506515
173669,D4T,NRTI,4,207,D,0.17412902830319205
173669,D4T,NRTI,5,115,Y,0.16842056169246983
173669,D4T,NRTI,6,123,S,0.1468796040338452
173669,D4T,NRTI,7,173,I,0.14486651145082613
173669,D4T,NRTI,8,176,A,0.13207790698643515
173669,D4T,NRTI,9,138,G,0.10258358460709881
173669,D4T,NRTI,10,151,Q,0.06506964526686818
66814,D4T,NRTI,1,72,R,0.9999998330855189
66814,D4T,NRTI,2,106,V,0.2550132696938101
66814,D4T,NRTI,3,115,Y,0.2077568475127934
66814,D4T,NRTI,4,21,I,0.11042991296882283
66814,D4T,NRTI,5,162,C,0.10777155510093583
66814,D4T,NRTI,6,151,Q,0.06783649132172674
66814,D4T,NRTI,7,143,R,0.03274803842674759
66814,D4T,NRTI,8,207,E,0.021590898930827676
66814,D4T,NRTI,9,152,G,0.017995857965523825
66814,D4T,NRTI,10,129,A,0.01657920067750772
144046,D4T,NRTI,1,72,R,0.9999999523056153
144046,D4T,NRTI,2,101,H,0.34169607506084254
144046,D4T,NRTI,3,106,V,0.2749590950013119
144046,D4T,NRTI,4,43,Q,0.19366700978927984
144046,D4T,NRTI,5,115,Y,0.16253194252258318
144046,D4T,NRTI,6,181,C,0.11581560919559925
144046,D4T,NRTI,7,190,A,0.10027968459842797
144046,D4T,NRTI,8,49,R,0.08322064102175256
144046,D4T,NRTI,9,118,I,0.05694277697649551
144046,D4T,NRTI,10,151,Q,0.05633615083072102
77372,D4T,NRTI,1,72,R,0.9999999523043485
77372,D4T,NRTI,2,74,V,0.38404461302758447
77372,D4T,NRTI,3,106,V,0.14559490242186493
77372,D4T,NRTI,4,115,Y,0.12118000476024796
77372,D4T,NRTI,5,151,Q,0.05015412539065911
77372,D4T,NRTI,6,118,I,0.04059286625571128
77372,D4T,NRTI,7,143,R,0.02416806010645585
77372,D4T,NRTI,8,41,L,0.01660077972510469
77372,D4T,NRTI,9,179,I,0.015228328028957796
77372,D4T,NRTI,10,129,A,0.013834821237993372
148110,D4T,NRTI,1,72,R,0.9999998330798874
148110,D4T,NRTI,2,106,V,0.2565607001669781
148110,D4T,NRTI,3,115,Y,0.20609925771187443
148110,D4T,NRTI,4,151,Q,0.06066524783897341
148110,D4T,NRTI,5,143,R,0.02945790830949124
148110,D4T,NRTI,6,129,A,0.01559489988577397
148110,D4T,NRTI,7,74,L,0.015531592675853911
148110,D4T,NRTI,8,152,G,0.015337979509502046
148110,D4T,NRTI,9,211,K,0.013857391001197537
148110,D4T,NRTI,10,144,Y,0.011580426033542694
259192,D4T,NRTI,1,72,R,0.9999999523067469
259192,D4T,NRTI,2,74,I,0.2846206456112635
259192,D4T,NRTI,3,106,V,0.22587471794260264
259192,D4T,NRTI,4,33,G,0.135325019188542
259192,D4T,NRTI,5,115,Y,0.1140187281427422
259192,D4T,NRTI,6,192,N,0.08598010947410627
259192,D4T,NRTI,7,211,A,0.07035738356118776
259192,D4T,NRTI,8,190,A,0.06318415043658726
259192,D4T,NRTI,9,103,S,0.06033199370490596
259192,D4T,NRTI,10,203,K,0.04705576433996077
8040,D4T,NRTI,1,72,R,0.9999999523055827
8040,D4T,NRTI,2,106,V,0.18523047300394224
8040,D4T,NRTI,3,115,Y,0.1265285853376115
8040,D4T,NRTI,4,181,C,0.07841621009410593
8040,D4T,NRTI,5,151,Q,0.04775145602363451
8040,D4T,NRTI,6,35,I,0.04095714658017072
8040,D4T,NRTI,7,177,G,0.030600587884530673
8040,D4T,NRTI,8,143,R,0.02708276159124541
8040,D4T,NRTI,9,208,Y,0.022080811668255713
8040,D4T,NRTI,10,69,D,0.017616024367418378
614659,D4T,NRTI,1,72,R,0.9999998330913954
614659,D4T,NRTI,2,106,V,0.24946043228344975
614659,D4T,NRTI,3,115,Y,0.1925849949288262
614659,D4T,NRTI,4,178,M,0.1890450334270785
614659,D4T,NRTI,5,123,N,0.1443787305863663
614659,D4T,NRTI,6,151,Q,0.06756428200258784
614659,D4T,NRTI,7,174,K,0.05218859918538115
614659,D4T,NRTI,8,143,R,0.03429625386482389
614659,D4T,NRTI,9,129,A,0.019512459180002568
614659,D4T,NRTI,10,125,R,0.017032525250550185
109447,D4T,NRTI,1,72,R,0.9999998926989776
109447,D4T,NRTI,2,106,V,0.21949071502424333
109447,D4T,NRTI,3,115,Y,0.21191421015997103
109447,D4T,NRTI,4,60,I,0.06314381597034407
109447,D4T,NRTI,5,151,Q,0.06301822071098943
109447,D4T,NRTI,6,143,R,0.043727242412040755
109447,D4T,NRTI,7,142,V,0.02498070889034644
109447,D4T,NRTI,8,129,A,0.020892360279651273
109447,D4T,NRTI,9,152,G,0.0164501908021393
109447,D4T,NRTI,10,144,Y,0.015713138206164663
10126,DDI,NRTI,1,65,K,0.9999999523061442
10126,DDI,NRTI,2,64,K,0.11929456026635928
10126,DDI,NRTI,3,70,K,0.08544433165372899
10126,DDI,NRTI,4,66,K,0.033092466853981886
10126,DDI,NRTI,5,22,K,0.02584959082207848
10126,DDI,NRTI,6,98,S,0.015129726371095754
10126,DDI,NRTI,7,21,V,0.011540513842504613
10126,DDI,NRTI,8,135,V,0.011397221286285925
10126,DDI,NRTI,9,67,N,0.009705150982861217
10126,DDI,NRTI,10,23,Q,0.006913230442775269
73551,DDI,NRTI,1,65,K,0.9999999523092803
73551,DDI,NRTI,2,68,G,0.30734131087479166
73551,DDI,NRTI,3,70,K,0.12650922944772894
73551,DDI,NRTI,4,64,K,0.11055825219678059
73551,DDI,NRTI,5,67,G,0.0734417376489716
73551,DDI,NRTI,6,219,E,0.03938228061794326
73551,DDI,NRTI,7,1,L,0.03162830615781011
73551,DDI,NRTI,8,66,K,0.03159816730136729
73551,DDI,NRTI,9,22,K,0.026872991324936875
73551,DDI,NRTI,10,115,F,0.0232705852419565
56249,DDI,NRTI,1,65,K,0.9999999523028162
56249,DDI,NRTI,2,35,L,0.13857369783644827
56249,DDI,NRTI,3,20,R,0.13827922554397917
56249,DDI,NRTI,4,64,K,0.12240837256095291
56249,DDI,NRTI,5,70,K,0.1174502004901779
56249,DDI,NRTI,6,22,K,0.047954587993612435
56249,DDI,NRTI,7,178,L,0.034734671491116975
56249,DDI,NRTI,8,66,K,0.027863943950069237
56249,DDI,NRTI,9,21,V,0.02286358732665715
56249,DDI,NRTI,10,23,Q,0.011583359306587571
614859,DDI,NRTI,1,65,K,0.9999999523003571
614859,DDI,NRTI,2,64,K,0.11853146042100587
614859,DDI,NRTI,3,70,K,0.10752960060950072
614859,DDI,NRTI,4,22,K,0.03670114140706841
614859,DDI,NRTI,5,66,K,0.026949239501517532
614859,DDI,NRTI,6,35,T,0.026686943085771707
614859,DDI,NRTI,7,21,V,0.015853112121375555
614859,DDI,NRTI,8,23,Q,0.011255390137429544
614859,DDI,NRTI,9,27,T,0.008551752027778326
614859,DDI,NRTI,10,24,W,0.007688015661395779
614627,DDI,NRTI,1,21,I,0.8433413561471177
614627,DDI,NRTI,2,65,K,0.8314591765319836
614627,DDI,NRTI,3,64,K,0.10210668814451125
614627,DDI,NRTI,4,70,K,0.06957624595089959
614627,DDI,NRTI,5,79,D,0.05194455456818463
614627,DDI,NRTI,6,75,I,0.0400271881898582
614627,DDI,NRTI,7,223,T,0.038499787494248996
614627,DDI,NRTI,8,20,R,0.035343449432759605
614627,DDI,NRTI,9,69,D,0.032711878623251624
614627,DDI,NRTI,10,22,K,0.02968151598075628
615375,DDI,NRTI,1,65,K,0.9999999523059959
615375,DDI,NRTI,2,64,K,0.12063259207408278
615375,DDI,NRTI,3,70,K,0.11314469296989992
615375,DDI,NRTI,4,200,I,0.05838395867456235
615375,DDI,NRTI,5,22,K,0.028306843578763022
615375,DDI,NRTI,6,66,K,0.027807152060506546
615375,DDI,NRTI,7,21,V,0.01254856381037538
615375,DDI,NRTI,8,23,Q,0.007283385111901507
615375,DDI,NRTI,9,211,K,0.006875253944641655
615375,DDI,NRTI,10,214,L,0.006158396530185063
81888,DDI,NRTI,1,65,K,0.9999999523092595
81888,DDI,NRTI,2,64,K,0.11031915825367541
81888,DDI,NRTI,3,70,K,0.08947811650229984
81888,DDI,NRTI,4,107,S,0.051454972864909986
81888,DDI,NRTI,5,200,K,0.050109434910481615
81888,DDI,NRTI,6,43,E,0.04845070533528141
81888,DDI,NRTI,7,66,K,0.029978587852358275
81888,DDI,NRTI,8,22,K,0.026847472249119212
81888,DDI,NRTI,9,203,D,0.023186782003190166
81888,DDI,NRTI,10,44,D,0.015473151156419085
59265,DDI,NRTI,1,65,K,0.9999999523053471
59265,DDI,NRTI,2,64,K,0.12030968290676093
59265,DDI,NRTI,3,70,K,0.11565457282029105
59265,DDI,NRTI,4,195,L,0.08388750757574587
59265,DDI,NRTI,5,169,K,0.07071637651807014
59265,DDI,NRTI,6,178,L,0.038714203734976596
59265,DDI,NRTI,7,22,K,0.027984010756741735
59265,DDI,NRTI,8,66,K,0.027885322419160263
59265,DDI,NRTI,9,173,E,0.02433021305436185
59265,DDI,NRTI,10,21,V,0.012401038842711539
259216,DDI,NRTI,1,65,K,0.9999999523018119
259216,DDI,NRTI,2,68,G,0.3019456324277437
259216,DDI,NRTI,3,70,K,0.142321216343776
259216,DDI,NRTI,4,64,K,0.1083654502153914
259216,DDI,NRTI,5,22,K,0.02637964091612552
259216,DDI,NRTI,6,66,K,0.02563540646104634
259216,DDI,NRTI,7,21,V,0.010688629315770002
259216,DDI,NRTI,8,60,I,0.00990007000472742
259216,DDI,NRTI,9,71,W,0.006968851479277667
259216,DDI,NRTI,10,23,Q,0.006600063205861246
615175,DDI,NRTI,1,65,K,0.9999999523080908
615175,DDI,NRTI,2,70,K,0.11937390588449051
615175,DDI,NRTI,3,64,K,0.11634690581994878
615175,DDI,NRTI,4,142,T,0.07738143338953099
615175,DDI,NRTI,5,22,K,0.03886648196649824
615175,DDI,NRTI,6,35,R,0.03439443575563574
615175,DDI,NRTI,7,66,K,0.02493217328114025
615175,DDI,NRTI,8,21,V,0.016924208570584215
615175,DDI,NRTI,9,74,V,0.01451819335832825
615175,DDI,NRTI,10,23,Q,0.012137003180975192
205649,DDI,NRTI,1,65,K,0.9999999522854602
205649,DDI,NRTI,2,64,K,0.1190341884351799
205649,DDI,NRTI,3,70,K,0.11457775798635372
205649,DDI,NRTI,4,66,K,0.027681476493176427
205649,DDI,NRTI,5,22,K,0.02542068430750344
205649,DDI,NRTI,6,21,V,0.011167742864741908
205649,DDI,NRTI,7,23,Q,0.006582105205479278
205649,DDI,NRTI,8,68,S,0.005897084345452759
205649,DDI,NRTI,9,71,W,0.005241293640103953
205649,DDI,NRTI,10,27,T,0.0050133647981683675
205649,DDI,NRTI,1,65,K,0.9999999522854602
205649,DDI,NRTI,2,64,K,0.1190341884351799
205649,DDI,NRTI,3,70,K,0.11457775798635372
205649,DDI,NRTI,4,66,K,0.027681476493176427
205649,DDI,NRTI,5,22,K,0.02542068430750344
205649,DDI,NRTI,6,21,V,0.011167742864741908
205649,DDI,NRTI,7,23,Q,0.006582105205479278
205649,DDI,NRTI,8,68,S,0.005897084345452759
205649,DDI,NRTI,9,71,W,0.005241293640103953
205649,DDI,NRTI,10,27,T,0.0050133647981683675
716521,DDI,NRTI,1,65,K,0.9999999523001373
716521,DDI,NRTI,2,64,K,0.11811822616410972
716521,DDI,NRTI,3,70,K,0.11308563941866562
716521,DDI,NRTI,4,66,K,0.027124860134603065
716521,DDI,NRTI,5,22,K,0.02706975007309155
716521,DDI,NRTI,6,21,V,0.011426741355525669
716521,DDI,NRTI,7,227,C,0.009163743512304855
716521,DDI,NRTI,8,221,Y,0.007847259476147925
716521,DDI,NRTI,9,23,Q,0.006886269192903492
716521,DDI,NRTI,10,68,S,0.005909986422233298
771854,DDI,NRTI,1,65,K,0.9999999523036329
771854,DDI,NRTI,2,64,K,0.11557990537215054
771854,DDI,NRTI,3,70,K,0.1089999399005756
771854,DDI,NRTI,4,22,K,0.029642179237515495
771854,DDI,NRTI,5,66,K,0.02649324662460895
771854,DDI,NRTI,6,98,G,0.023668940902037396
771854,DDI,NRTI,7,21,V,0.012998256982776391
771854,DDI,NRTI,8,227,C,0.008517658172669204
771854,DDI,NRTI,9,23,Q,0.00806422366090319
771854,DDI,NRTI,10,221,Y,0.007200295381350754
205679,DDI,NRTI,1,65,K,0.9999999523054988
205679,DDI,NRTI,2,64,K,0.12114156701917292
205679,DDI,NRTI,3,70,K,0.08847614488314837
205679,DDI,NRTI,4,69,D,0.05036921001759041
205679,DDI,NRTI,5,66,K,0.033442925181512276
205679,DDI,NRTI,6,75,T,0.025722405695082683
205679,DDI,NRTI,7,22,K,0.024940193484794905
205679,DDI,NRTI,8,21,V,0.011700680156902937
205679,DDI,NRTI,9,67,N,0.00991603857345586
205679,DDI,NRTI,10,23,Q,0.006829834832184864
205679,DDI,NRTI,1,65,K,0.9999999523054988
205679,DDI,NRTI,2,64,K,0.12114156701917292
205679,DDI,NRTI,3,70,K,0.08847614488314837
205679,DDI,NRTI,4,69,D,0.05036921001759041
205679,DDI,NRTI,5,66,K,0.033442925181512276
205679,DDI,NRTI,6,75,T,0.025722405695082683
205679,DDI,NRTI,7,22,K,0.024940193484794905
205679,DDI,NRTI,8,21,V,0.011700680156902937
205679,DDI,NRTI,9,67,N,0.00991603857345586
205679,DDI,NRTI,10,23,Q,0.006829834832184864
205675,DDI,NRTI,1,65,K,0.9999999523033487
205675,DDI,NRTI,2,70,R,0.3874716094509849
205675,DDI,NRTI,3,64,K,0.11948539851134192
205675,DDI,NRTI,4,66,K,0.03104132497257108
205675,DDI,NRTI,5,22,K,0.02483976127952109
205675,DDI,NRTI,6,69,N,0.01919596082860125
205675,DDI,NRTI,7,135,M,0.013669766021973999
205675,DDI,NRTI,8,21,V,0.011319587976036782
205675,DDI,NRTI,9,90,I,0.009940424071155134
205675,DDI,NRTI,10,67,N,0.0075192867907434525
205675,DDI,NRTI,1,65,K,0.9999999523033487
205675,DDI,NRTI,2,70,R,0.3874716094509849
205675,DDI,NRTI,3,64,K,0.11948539851134192
205675,DDI,NRTI,4,66,K,0.03104132497257108
205675,DDI,NRTI,5,22,K,0.02483976127952109
205675,DDI,NRTI,6,69,N,0.01919596082860125
205675,DDI,NRTI,7,135,M,0.013669766021973999
205675,DDI,NRTI,8,21,V,0.011319587976036782
205675,DDI,NRTI,9,90,I,0.009940424071155134
205675,DDI,NRTI,10,67,N,0.0075192867907434525
270335,DDI,NRTI,1,65,K,0.99999995229903
270335,DDI,NRTI,2,64,K,0.12109480774628192
270335,DDI,NRTI,3,70,K,0.1136130937394546
270335,DDI,NRTI,4,66,K,0.027465766847555785
270335,DDI,NRTI,5,22,K,0.026055319502071614
270335,DDI,NRTI,6,21,V,0.011327955922161225
270335,DDI,NRTI,7,23,Q,0.006944699333861923
270335,DDI,NRTI,8,68,S,0.005851776092120687
270335,DDI,NRTI,9,27,T,0.0055230291507208686
270335,DDI,NRTI,10,184,I,0.005366111069432407
270334,DDI,NRTI,1,65,K,0.9999999522964744
270334,DDI,NRTI,2,64,K,0.12316064647887935
270334,DDI,NRTI,3,70,K,0.11558804186800488
270334,DDI,NRTI,4,66,K,0.02774292404890607
270334,DDI,NRTI,5,22,K,0.026654718270763662
270334,DDI,NRTI,6,101,E,0.01363628430973703
270334,DDI,NRTI,7,21,V,0.011956042403408845
270334,DDI,NRTI,8,23,Q,0.007044521902757974
270334,DDI,NRTI,9,68,S,0.0059745120823834034
270334,DDI,NRTI,10,27,T,0.0055880146752903415
270334,DDI,NRTI,1,65,K,0.9999999522964744
270334,DDI,NRTI,2,64,K,0.12316064647887935
270334,DDI,NRTI,3,70,K,0.11558804186800488
270334,DDI,NRTI,4,66,K,0.02774292404890607
270334,DDI,NRTI,5,22,K,0.026654718270763662
270334,DDI,NRTI,6,101,E,0.01363628430973703
270334,DDI,NRTI,7,21,V,0.011956042403408845
270334,DDI,NRTI,8,23,Q,0.007044521902757974
270334,DDI,NRTI,9,68,S,0.0059745120823834034
270334,DDI,NRTI,10,27,T,0.0055880146752903415
205683,DDI,NRTI,1,65,K,0.9999999523081422
205683,DDI,NRTI,2,70,R,0.3889382221306146
205683,DDI,NRTI,3,64,K,0.1286599937758327
205683,DDI,NRTI,4,67,G,0.05530839060421402
205683,DDI,NRTI,5,66,K,0.03454038208584725
205683,DDI,NRTI,6,22,K,0.02662182232925927
205683,DDI,NRTI,7,43,N,0.021120097121787963
205683,DDI,NRTI,8,69,N,0.01783507964370564
205683,DDI,NRTI,9,21,V,0.012599983835490105
205683,DDI,NRTI,10,23,Q,0.00721826798333694
205683,DDI,NRTI,1,65,K,0.9999999523081422
205683,DDI,NRTI,2,70,R,0.3889382221306146
205683,DDI,NRTI,3,64,K,0.1286599937758327
205683,DDI,NRTI,4,67,G,0.05530839060421402
205683,DDI,NRTI,5,66,K,0.03454038208584725
205683,DDI,NRTI,6,22,K,0.02662182232925927
205683,DDI,NRTI,7,43,N,0.021120097121787963
205683,DDI,NRTI,8,69,N,0.01783507964370564
205683,DDI,NRTI,9,21,V,0.012599983835490105
205683,DDI,NRTI,10,23,Q,0.00721826798333694
205661,DDI,NRTI,1,65,K,0.9999999523012586
205661,DDI,NRTI,2,64,K,0.12162733202017259
205661,DDI,NRTI,3,70,K,0.11194160290481572
205661,DDI,NRTI,4,66,K,0.027284417502841968
205661,DDI,NRTI,5,22,K,0.02648019671319078
205661,DDI,NRTI,6,21,V,0.011459393249653902
205661,DDI,NRTI,7,23,Q,0.007023433803590736
205661,DDI,NRTI,8,214,L,0.006102918319096051
205661,DDI,NRTI,9,68,S,0.005832159348320839
205661,DDI,NRTI,10,27,T,0.00551958790682345
205661,DDI,NRTI,1,65,K,0.9999999523012586
205661,DDI,NRTI,2,64,K,0.12162733202017259
205661,DDI,NRTI,3,70,K,0.11194160290481572
205661,DDI,NRTI,4,66,K,0.027284417502841968
205661,DDI,NRTI,5,22,K,0.02648019671319078
205661,DDI,NRTI,6,21,V,0.011459393249653902
205661,DDI,NRTI,7,23,Q,0.007023433803590736
205661,DDI,NRTI,8,214,L,0.006102918319096051
205661,DDI,NRTI,9,68,S,0.005832159348320839
205661,DDI,NRTI,10,27,T,0.00551958790682345
205648,DDI,NRTI,1,65,K,0.9999999523038663
205648,DDI,NRTI,2,64,K,0.11930733980023879
205648,DDI,NRTI,3,70,K,0.11477027589188707
205648,DDI,NRTI,4,151,M,0.10996817389668367
205648,DDI,NRTI,5,66,K,0.02745185485510883
205648,DDI,NRTI,6,22,K,0.026718290125513182
205648,DDI,NRTI,7,21,V,0.011611823172037343
205648,DDI,NRTI,8,23,Q,0.00733625351744052
205648,DDI,NRTI,9,72,R,0.006098367354367591
205648,DDI,NRTI,10,68,S,0.005869884604533469
205648,DDI,NRTI,1,65,K,0.9999999523038663
205648,DDI,NRTI,2,64,K,0.11930733980023879
205648,DDI,NRTI,3,70,K,0.11477027589188707
205648,DDI,NRTI,4,151,M,0.10996817389668367
205648,DDI,NRTI,5,66,K,0.02745185485510883
205648,DDI,NRTI,6,22,K,0.026718290125513182
205648,DDI,NRTI,7,21,V,0.011611823172037343
205648,DDI,NRTI,8,23,Q,0.00733625351744052
205648,DDI,NRTI,9,72,R,0.006098367354367591
205648,DDI,NRTI,10,68,S,0.005869884604533469
771853,DDI,NRTI,1,65,K,0.9999999523021547
771853,DDI,NRTI,2,64,K,0.1181506773917663
771853,DDI,NRTI,3,70,K,0.1100620085463849
771853,DDI,NRTI,4,22,K,0.02888831749416494
771853,DDI,NRTI,5,66,K,0.026690898612166333
771853,DDI,NRTI,6,98,G,0.023873618456705444
771853,DDI,NRTI,7,21,V,0.012880564553504385
771853,DDI,NRTI,8,227,C,0.00836203940993764
771853,DDI,NRTI,9,23,Q,0.007969696008991181
771853,DDI,NRTI,10,27,T,0.006247292197577494
270337,DDI,NRTI,1,65,K,0.999999952297718
270337,DDI,NRTI,2,64,K,0.12088556698565238
270337,DDI,NRTI,3,70,K,0.11429141935828543
270337,DDI,NRTI,4,66,K,0.028008254175785098
270337,DDI,NRTI,5,22,K,0.02577183707710854
270337,DDI,NRTI,6,21,V,0.011176095882633732
270337,DDI,NRTI,7,23,Q,0.006742018719286868
270337,DDI,NRTI,8,68,S,0.005916005258067655
270337,DDI,NRTI,9,27,T,0.0054520095796611896
270337,DDI,NRTI,10,71,W,0.005207482996381983
270337,DDI,NRTI,1,65,K,0.999999952297718
270337,DDI,NRTI,2,64,K,0.12088556698565238
270337,DDI,NRTI,3,70,K,0.11429141935828543
270337,DDI,NRTI,4,66,K,0.028008254175785098
270337,DDI,NRTI,5,22,K,0.02577183707710854
270337,DDI,NRTI,6,21,V,0.011176095882633732
270337,DDI,NRTI,7,23,Q,0.006742018719286868
270337,DDI,NRTI,8,68,S,0.005916005258067655
270337,DDI,NRTI,9,27,T,0.0054520095796611896
270337,DDI,NRTI,10,71,W,0.005207482996381983
205653,DDI,NRTI,1,65,K,0.9999999522854602
205653,DDI,NRTI,2,64,K,0.1190341884351799
205653,DDI,NRTI,3,70,K,0.11457775798635372
205653,DDI,NRTI,4,66,K,0.027681476493176427
205653,DDI,NRTI,5,22,K,0.02542068430750344
205653,DDI,NRTI,6,21,V,0.011167742864741908
205653,DDI,NRTI,7,23,Q,0.006582105205479278
205653,DDI,NRTI,8,68,S,0.005897084345452759
205653,DDI,NRTI,9,71,W,0.005241293640103953
205653,DDI,NRTI,10,27,T,0.0050133647981683675
205653,DDI,NRTI,1,65,K,0.9999999522854602
205653,DDI,NRTI,2,64,K,0.1190341884351799
205653,DDI,NRTI,3,70,K,0.11457775798635372
205653,DDI,NRTI,4,66,K,0.027681476493176427
205653,DDI,NRTI,5,22,K,0.02542068430750344
205653,DDI,NRTI,6,21,V,0.011167742864741908
205653,DDI,NRTI,7,23,Q,0.006582105205479278
205653,DDI,NRTI,8,68,S,0.005897084345452759
205653,DDI,NRTI,9,71,W,0.005241293640103953
205653,DDI,NRTI,10,27,T,0.0050133647981683675
205652,DDI,NRTI,1,65,K,0.9999999522994775
205652,DDI,NRTI,2,70,K,0.12731587123460986
205652,DDI,NRTI,3,64,K,0.11119356488366929
205652,DDI,NRTI,4,22,K,0.02705922130716145
205652,DDI,NRTI,5,66,K,0.025188351659405517
205652,DDI,NRTI,6,74,V,0.01647908741347306
205652,DDI,NRTI,7,63,I,0.012681392195425804
205652,DDI,NRTI,8,21,V,0.011613258522808688
205652,DDI,NRTI,9,23,Q,0.007634383548862896
205652,DDI,NRTI,10,72,R,0.006981652009790356
205652,DDI,NRTI,1,65,K,0.9999999522994775
205652,DDI,NRTI,2,70,K,0.12731587123460986
205652,DDI,NRTI,3,64,K,0.11119356488366929
205652,DDI,NRTI,4,22,K,0.02705922130716145
205652,DDI,NRTI,5,66,K,0.025188351659405517
205652,DDI,NRTI,6,74,V,0.01647908741347306
205652,DDI,NRTI,7,63,I,0.012681392195425804
205652,DDI,NRTI,8,21,V,0.011613258522808688
205652,DDI,NRTI,9,23,Q,0.007634383548862896
205652,DDI,NRTI,10,72,R,0.006981652009790356
205681,DDI,NRTI,1,65,K,0.9999999523070184
205681,DDI,NRTI,2,70,R,0.4713785991871311
205681,DDI,NRTI,3,64,K,0.11940522259358057
205681,DDI,NRTI,4,66,K,0.029588456922071064
205681,DDI,NRTI,5,22,K,0.028040510234275458
205681,DDI,NRTI,6,211,N,0.014807124769312596
205681,DDI,NRTI,7,21,V,0.012392956226685372
205681,DDI,NRTI,8,35,T,0.011991856597893306
205681,DDI,NRTI,9,219,Q,0.009782350854410529
205681,DDI,NRTI,10,67,N,0.008469336807938934
205664,DDI,NRTI,1,65,K,0.9999999522939768
205664,DDI,NRTI,2,64,K,0.12064667043736768
205664,DDI,NRTI,3,70,K,0.11413342994292339
205664,DDI,NRTI,4,22,K,0.02796090993364403
205664,DDI,NRTI,5,66,K,0.027556792131371986
205664,DDI,NRTI,6,21,V,0.012277914194811897
205664,DDI,NRTI,7,23,Q,0.007261325352372222
205664,DDI,NRTI,8,214,L,0.006180146843920092
205664,DDI,NRTI,9,68,S,0.005969739629939661
205664,DDI,NRTI,10,27,T,0.005504767583889274
205664,DDI,NRTI,1,65,K,0.9999999522939768
205664,DDI,NRTI,2,64,K,0.12064667043736768
205664,DDI,NRTI,3,70,K,0.11413342994292339
205664,DDI,NRTI,4,22,K,0.02796090993364403
205664,DDI,NRTI,5,66,K,0.027556792131371986
205664,DDI,NRTI,6,21,V,0.012277914194811897
205664,DDI,NRTI,7,23,Q,0.007261325352372222
205664,DDI,NRTI,8,214,L,0.006180146843920092
205664,DDI,NRTI,9,68,S,0.005969739629939661
205664,DDI,NRTI,10,27,T,0.005504767583889274
205660,DDI,NRTI,1,65,K,0.9999999523006293
205660,DDI,NRTI,2,64,K,0.12241531839915726
205660,DDI,NRTI,3,70,K,0.11353209900003727
205660,DDI,NRTI,4,66,K,0.02798988991550474
205660,DDI,NRTI,5,22,K,0.02644791062103917
205660,DDI,NRTI,6,21,V,0.011544465094101126
205660,DDI,NRTI,7,23,Q,0.007025048377330553
205660,DDI,NRTI,8,214,L,0.006257101648388106
205660,DDI,NRTI,9,68,S,0.005901776879062848
205660,DDI,NRTI,10,27,T,0.005555121164035698
205660,DDI,NRTI,1,65,K,0.9999999523006293
205660,DDI,NRTI,2,64,K,0.12241531839915726
205660,DDI,NRTI,3,70,K,0.11353209900003727
205660,DDI,NRTI,4,66,K,0.02798988991550474
205660,DDI,NRTI,5,22,K,0.02644791062103917
205660,DDI,NRTI,6,21,V,0.011544465094101126
205660,DDI,NRTI,7,23,Q,0.007025048377330553
205660,DDI,NRTI,8,214,L,0.006257101648388106
205660,DDI,NRTI,9,68,S,0.005901776879062848
205660,DDI,NRTI,10,27,T,0.005555121164035698
771855,DDI,NRTI,1,65,R,1.0000000119119064
771855,DDI,NRTI,2,64,K,0.005440103640609191
771855,DDI,NRTI,3,70,K,0.004096924329820402
771855,DDI,NRTI,4,22,K,0.0015362584292476988
771855,DDI,NRTI,5,66,K,0.0011572493262985858
771855,DDI,NRTI,6,21,V,0.0007061727184701641
771855,DDI,NRTI,7,225,H,0.0003763606780882207
771855,DDI,NRTI,8,23,Q,0.00035464007721593084
771855,DDI,NRTI,9,27,T,0.0002894369027387734
771855,DDI,NRTI,10,71,W,0.0002694564734318372
716523,DDI,NRTI,1,65,K,0.9999999523010675
716523,DDI,NRTI,2,64,K,0.12028468368828789
716523,DDI,NRTI,3,70,K,0.11462832618302769
716523,DDI,NRTI,4,66,K,0.02744102774282809
716523,DDI,NRTI,5,22,K,0.026925399909093435
716523,DDI,NRTI,6,21,V,0.011645888669632832
716523,DDI,NRTI,7,188,L,0.009149132097697072
716523,DDI,NRTI,8,23,Q,0.007435873890929701
716523,DDI,NRTI,9,68,S,0.005819023970150238
716523,DDI,NRTI,10,71,W,0.005403543755921254
716520,DDI,NRTI,1,65,K,0.9999999522991292
716520,DDI,NRTI,2,64,K,0.12093343619798966
716520,DDI,NRTI,3,70,K,0.11351402608030851
716520,DDI,NRTI,4,66,K,0.02748170750453076
716520,DDI,NRTI,5,22,K,0.026954183264630303
716520,DDI,NRTI,6,21,V,0.011544818582065873
716520,DDI,NRTI,7,227,C,0.009057643831360868
716520,DDI,NRTI,8,23,Q,0.0068712669081372425
716520,DDI,NRTI,9,68,S,0.005994315814314796
716520,DDI,NRTI,10,27,T,0.0054348863208468256
270338,DDI,NRTI,1,65,K,0.9999999522989373
270338,DDI,NRTI,2,64,K,0.12256715994511427
270338,DDI,NRTI,3,70,K,0.1150663610267201
270338,DDI,NRTI,4,66,K,0.027728566377344655
270338,DDI,NRTI,5,22,K,0.02663957653676153
270338,DDI,NRTI,6,101,E,0.013693646952478487
270338,DDI,NRTI,7,21,V,0.012084958041051329
270338,DDI,NRTI,8,23,Q,0.0069346282309915176
270338,DDI,NRTI,9,68,S,0.006009254771989854
270338,DDI,NRTI,10,71,W,0.005369268765061769
270338,DDI,NRTI,1,65,K,0.9999999522989373
270338,DDI,NRTI,2,64,K,0.12256715994511427
270338,DDI,NRTI,3,70,K,0.1150663610267201
270338,DDI,NRTI,4,66,K,0.027728566377344655
270338,DDI,NRTI,5,22,K,0.02663957653676153
270338,DDI,NRTI,6,101,E,0.013693646952478487
270338,DDI,NRTI,7,21,V,0.012084958041051329
270338,DDI,NRTI,8,23,Q,0.0069346282309915176
270338,DDI,NRTI,9,68,S,0.006009254771989854
270338,DDI,NRTI,10,71,W,0.005369268765061769
270335,DDI,NRTI,1,65,K,0.99999995229903
270335,DDI,NRTI,2,64,K,0.12109480774628192
270335,DDI,NRTI,3,70,K,0.1136130937394546
270335,DDI,NRTI,4,66,K,0.027465766847555785
270335,DDI,NRTI,5,22,K,0.026055319502071614
270335,DDI,NRTI,6,21,V,0.011327955922161225
270335,DDI,NRTI,7,23,Q,0.006944699333861923
270335,DDI,NRTI,8,68,S,0.005851776092120687
270335,DDI,NRTI,9,27,T,0.0055230291507208686
270335,DDI,NRTI,10,184,I,0.005366111069432407
52839,DDI,NRTI,1,65,K,0.9999999523068877
52839,DDI,NRTI,2,64,K,0.1274801684078451
52839,DDI,NRTI,3,75,M,0.09274996705386011
52839,DDI,NRTI,4,70,K,0.08543984363503429
52839,DDI,NRTI,5,66,K,0.03297080540471553
52839,DDI,NRTI,6,22,K,0.02615112245362652
52839,DDI,NRTI,7,21,V,0.011884062259978817
52839,DDI,NRTI,8,67,N,0.009158869202562644
52839,DDI,NRTI,9,23,Q,0.006875493099429905
52839,DDI,NRTI,10,68,S,0.0055832630075999265
81866,DDI,NRTI,1,65,K,0.9999999523053272
81866,DDI,NRTI,2,64,K,0.12191640551036384
81866,DDI,NRTI,3,70,K,0.11209006633870257
81866,DDI,NRTI,4,83,K,0.03128668511293822
81866,DDI,NRTI,5,66,K,0.02861120200817207
81866,DDI,NRTI,6,22,K,0.028265241023461674
81866,DDI,NRTI,7,101,E,0.013081837693399571
81866,DDI,NRTI,8,21,V,0.012792760847319423
81866,DDI,NRTI,9,23,Q,0.007385922586966801
81866,DDI,NRTI,10,202,V,0.006906105173632102
614693,DDI,NRTI,1,65,K,0.999999952309234
614693,DDI,NRTI,2,70,R,0.4229148004504265
614693,DDI,NRTI,3,64,K,0.11514766055596565
614693,DDI,NRTI,4,228,H,0.06895516820825541
614693,DDI,NRTI,5,219,E,0.05088850598365375
614693,DDI,NRTI,6,20,R,0.04761056813789655
614693,DDI,NRTI,7,39,S,0.03300515067683083
614693,DDI,NRTI,8,66,K,0.03260009024813598
614693,DDI,NRTI,9,22,K,0.02955694024434571
614693,DDI,NRTI,10,69,N,0.018329504278136018
40381,DDI,NRTI,1,65,K,0.9999999523075725
40381,DDI,NRTI,2,64,K,0.12007805546172717
40381,DDI,NRTI,3,172,K,0.0911988422368969
40381,DDI,NRTI,4,70,K,0.0806332941336303
40381,DDI,NRTI,5,219,R,0.06695755763382287
40381,DDI,NRTI,6,66,K,0.030534907467057747
40381,DDI,NRTI,7,22,K,0.027046322864264075
40381,DDI,NRTI,8,44,D,0.017361110417562393
40381,DDI,NRTI,9,21,V,0.011869127374087803
40381,DDI,NRTI,10,67,N,0.0092457902482674
216594,DDI,NRTI,1,65,K,0.9999999523052627
216594,DDI,NRTI,2,64,K,0.11900349308918852
216594,DDI,NRTI,3,70,K,0.10868409080858105
216594,DDI,NRTI,4,162,Y,0.04897534033735421
216594,DDI,NRTI,5,178,L,0.036689709463780314
216594,DDI,NRTI,6,83,K,0.03109068207748281
216594,DDI,NRTI,7,22,K,0.02954232729863797
216594,DDI,NRTI,8,66,K,0.02820788095012706
216594,DDI,NRTI,9,21,V,0.012959743054204467
216594,DDI,NRTI,10,23,Q,0.007596829402206979
56287,DDI,NRTI,1,65,R,1.0000000119140502
56287,DDI,NRTI,2,64,K,0.0054991286359805935
56287,DDI,NRTI,3,70,K,0.004310614427958661
56287,DDI,NRTI,4,22,K,0.0014376931790897893
56287,DDI,NRTI,5,66,K,0.0011123610378714053
56287,DDI,NRTI,6,21,V,0.0006090032822140413
56287,DDI,NRTI,7,83,K,0.0005301699995526045
56287,DDI,NRTI,8,173,N,0.0004676230321179326
56287,DDI,NRTI,9,23,Q,0.00036623540790328994
56287,DDI,NRTI,10,174,R,0.0003616313545339862
5641,DDI,NRTI,1,65,K,0.9999999523067551
5641,DDI,NRTI,2,70,R,0.4940430070522538
5641,DDI,NRTI,3,62,V,0.2863419518833381
5641,DDI,NRTI,4,64,K,0.14287653085035412
5641,DDI,NRTI,5,22,K,0.02744622605535322
5641,DDI,NRTI,6,196,R,0.02529535173639786
5641,DDI,NRTI,7,66,K,0.02423692930383412
5641,DDI,NRTI,8,98,S,0.012544646620272272
5641,DDI,NRTI,9,21,V,0.01121213098760357
5641,DDI,NRTI,10,71,W,0.007690698825484374
75719,DDI,NRTI,1,64,R,1.0000000119123489
75719,DDI,NRTI,2,65,K,0.11762857969548907
75719,DDI,NRTI,3,70,K,0.012047466968557189
75719,DDI,NRTI,4,22,K,0.0039030926028057705
75719,DDI,NRTI,5,66,K,0.003173869483762882
75719,DDI,NRTI,6,122,P,0.0021474502751792114
75719,DDI,NRTI,7,21,V,0.0017706764978857826
75719,DDI,NRTI,8,23,Q,0.0009568672965300434
75719,DDI,NRTI,9,225,H,0.0008665382401962968
75719,DDI,NRTI,10,27,T,0.0007471608238198034
614879,DDI,NRTI,1,65,K,0.9999999523055939
614879,DDI,NRTI,2,64,K,0.11889914356175818
614879,DDI,NRTI,3,70,K,0.11495633384079683
614879,DDI,NRTI,4,22,K,0.030290072024688613
614879,DDI,NRTI,5,35,I,0.028312349335191316
614879,DDI,NRTI,6,66,K,0.027701652013786472
614879,DDI,NRTI,7,173,E,0.017521892683900676
614879,DDI,NRTI,8,21,V,0.014748727818184721
614879,DDI,NRTI,9,23,Q,0.008620029362926484
614879,DDI,NRTI,10,103,N,0.007491924371023019
614643,DDI,NRTI,1,65,K,0.999999952306502
614643,DDI,NRTI,2,64,K,0.11281313468524574
614643,DDI,NRTI,3,70,K,0.08068415114615063
614643,DDI,NRTI,4,178,V,0.06911770339832482
614643,DDI,NRTI,5,20,R,0.06712537168763053
614643,DDI,NRTI,6,107,A,0.0565334479041029
614643,DDI,NRTI,7,22,K,0.03280838243352357
614643,DDI,NRTI,8,66,K,0.03099598368224083
614643,DDI,NRTI,9,228,R,0.02286129622515229
614643,DDI,NRTI,10,21,V,0.015034102889910354
771859,DDI,NRTI,1,65,K,0.9999999523010684
771859,DDI,NRTI,2,64,K,0.11923839825217836
771859,DDI,NRTI,3,70,K,0.11279199456603112
771859,DDI,NRTI,4,22,K,0.02796034715139535
771859,DDI,NRTI,5,66,K,0.02706704851658951
771859,DDI,NRTI,6,21,V,0.01247778123849791
771859,DDI,NRTI,7,188,L,0.009101061789836452
771859,DDI,NRTI,8,23,Q,0.007604669255768198
771859,DDI,NRTI,9,68,S,0.005829891929990493
771859,DDI,NRTI,10,27,T,0.005649186228667957
716522,DDI,NRTI,1,65,K,0.9999999523031684
716522,DDI,NRTI,2,64,K,0.12512979819362924
716522,DDI,NRTI,3,70,K,0.1133314547517103
716522,DDI,NRTI,4,22,K,0.028101811144047355
716522,DDI,NRTI,5,66,K,0.02803234821925529
716522,DDI,NRTI,6,106,M,0.024742665899333428
716522,DDI,NRTI,7,21,V,0.012019146812113092
716522,DDI,NRTI,8,227,C,0.009018655055251798
716522,DDI,NRTI,9,23,Q,0.007400973063497563
716522,DDI,NRTI,10,68,S,0.005940248334770699
270336,DDI,NRTI,1,65,K,0.999999952297429
270336,DDI,NRTI,2,64,K,0.12280144365699672
270336,DDI,NRTI,3,70,K,0.11457620264416704
270336,DDI,NRTI,4,66,K,0.02743803905233771
270336,DDI,NRTI,5,22,K,0.026564355782348205
270336,DDI,NRTI,6,101,E,0.013253937171857346
270336,DDI,NRTI,7,21,V,0.011741508285838465
270336,DDI,NRTI,8,23,Q,0.006992440377956112
270336,DDI,NRTI,9,68,S,0.005979421746119573
270336,DDI,NRTI,10,27,T,0.00560129169870515
270336,DDI,NRTI,1,65,K,0.999999952297429
270336,DDI,NRTI,2,64,K,0.12280144365699672
270336,DDI,NRTI,3,70,K,0.11457620264416704
270336,DDI,NRTI,4,66,K,0.02743803905233771
270336,DDI,NRTI,5,22,K,0.026564355782348205
270336,DDI,NRTI,6,101,E,0.013253937171857346
270336,DDI,NRTI,7,21,V,0.011741508285838465
270336,DDI,NRTI,8,23,Q,0.006992440377956112
270336,DDI,NRTI,9,68,S,0.005979421746119573
270336,DDI,NRTI,10,27,T,0.00560129169870515
205685,DDI,NRTI,1,65,K,0.9999999523062488
205685,DDI,NRTI,2,70,R,0.3993034108078667
205685,DDI,NRTI,3,64,K,0.12240936381391776
205685,DDI,NRTI,4,66,K,0.03202476546212348
205685,DDI,NRTI,5,22,K,0.025620816452234737
205685,DDI,NRTI,6,103,R,0.0233211094298878
205685,DDI,NRTI,7,69,N,0.019620535220494933
205685,DDI,NRTI,8,21,V,0.01138744822273148
205685,DDI,NRTI,9,135,L,0.009861483077952878
205685,DDI,NRTI,10,219,Q,0.00834988276127917
205685,DDI,NRTI,1,65,K,0.9999999523062488
205685,DDI,NRTI,2,70,R,0.3993034108078667
205685,DDI,NRTI,3,64,K,0.12240936381391776
205685,DDI,NRTI,4,66,K,0.03202476546212348
205685,DDI,NRTI,5,22,K,0.025620816452234737
205685,DDI,NRTI,6,103,R,0.0233211094298878
205685,DDI,NRTI,7,69,N,0.019620535220494933
205685,DDI,NRTI,8,21,V,0.01138744822273148
205685,DDI,NRTI,9,135,L,0.009861483077952878
205685,DDI,NRTI,10,219,Q,0.00834988276127917
205665,DDI,NRTI,1,65,K,0.9999999522951903
205665,DDI,NRTI,2,64,K,0.12176819446160983
205665,DDI,NRTI,3,70,K,0.11508568896937783
205665,DDI,NRTI,4,66,K,0.02816494577404543
205665,DDI,NRTI,5,22,K,0.026640786148014566
205665,DDI,NRTI,6,21,V,0.011704074267432404
205665,DDI,NRTI,7,23,Q,0.007129947193133344
205665,DDI,NRTI,8,214,L,0.006350773801514982
205665,DDI,NRTI,9,68,S,0.005978137324448287
205665,DDI,NRTI,10,71,W,0.005348888425983186
205665,DDI,NRTI,1,65,K,0.9999999522951903
205665,DDI,NRTI,2,64,K,0.12176819446160983
205665,DDI,NRTI,3,70,K,0.11508568896937783
205665,DDI,NRTI,4,66,K,0.02816494577404543
205665,DDI,NRTI,5,22,K,0.026640786148014566
205665,DDI,NRTI,6,21,V,0.011704074267432404
205665,DDI,NRTI,7,23,Q,0.007129947193133344
205665,DDI,NRTI,8,214,L,0.006350773801514982
205665,DDI,NRTI,9,68,S,0.005978137324448287
205665,DDI,NRTI,10,71,W,0.005348888425983186
205663,DDI,NRTI,1,65,K,0.9999999522957332
205663,DDI,NRTI,2,64,K,0.11958906168334155
205663,DDI,NRTI,3,70,K,0.11182746020302303
205663,DDI,NRTI,4,66,K,0.027186417574921427
205663,DDI,NRTI,5,22,K,0.0265153195776072
205663,DDI,NRTI,6,21,V,0.01149791918891475
205663,DDI,NRTI,7,23,Q,0.006849678431082208
205663,DDI,NRTI,8,214,L,0.006181133362374005
205663,DDI,NRTI,9,68,S,0.005856990108459156
205663,DDI,NRTI,10,184,I,0.005426779575061636
205663,DDI,NRTI,1,65,K,0.9999999522957332
205663,DDI,NRTI,2,64,K,0.11958906168334155
205663,DDI,NRTI,3,70,K,0.11182746020302303
205663,DDI,NRTI,4,66,K,0.027186417574921427
205663,DDI,NRTI,5,22,K,0.0265153195776072
205663,DDI,NRTI,6,21,V,0.01149791918891475
205663,DDI,NRTI,7,23,Q,0.006849678431082208
205663,DDI,NRTI,8,214,L,0.006181133362374005
205663,DDI,NRTI,9,68,S,0.005856990108459156
205663,DDI,NRTI,10,184,I,0.005426779575061636
205650,DDI,NRTI,1,65,K,0.9999999523038663
205650,DDI,NRTI,2,64,K,0.11930733980023879
205650,DDI,NRTI,3,70,K,0.11477027589188707
205650,DDI,NRTI,4,151,M,0.10996817389668367
205650,DDI,NRTI,5,66,K,0.02745185485510883
205650,DDI,NRTI,6,22,K,0.026718290125513182
205650,DDI,NRTI,7,21,V,0.011611823172037343
205650,DDI,NRTI,8,23,Q,0.00733625351744052
205650,DDI,NRTI,9,72,R,0.006098367354367591
205650,DDI,NRTI,10,68,S,0.005869884604533469
205650,DDI,NRTI,1,65,K,0.9999999523038663
205650,DDI,NRTI,2,64,K,0.11930733980023879
205650,DDI,NRTI,3,70,K,0.11477027589188707
205650,DDI,NRTI,4,151,M,0.10996817389668367
205650,DDI,NRTI,5,66,K,0.02745185485510883
205650,DDI,NRTI,6,22,K,0.026718290125513182
205650,DDI,NRTI,7,21,V,0.011611823172037343
205650,DDI,NRTI,8,23,Q,0.00733625351744052
205650,DDI,NRTI,9,72,R,0.006098367354367591
205650,DDI,NRTI,10,68,S,0.005869884604533469
771858,DDI,NRTI,1,65,R,1.0000000119124677
771858,DDI,NRTI,2,64,K,0.005239175611950522
771858,DDI,NRTI,3,70,K,0.0037784891213198868
771858,DDI,NRTI,4,22,K,0.0014264544795134326
771858,DDI,NRTI,5,66,K,0.0010117914136004004
771858,DDI,NRTI,6,21,V,0.0005966083732449309
771858,DDI,NRTI,7,23,Q,0.00034617784166060387
771858,DDI,NRTI,8,27,T,0.0002792397390129582
771858,DDI,NRTI,9,106,M,0.00025022703127767804
771858,DDI,NRTI,10,71,W,0.0002477481703881859
716517,DDI,NRTI,1,65,K,0.9999999523019878
716517,DDI,NRTI,2,64,K,0.11989590881752235
716517,DDI,NRTI,3,70,K,0.11192297377667602
716517,DDI,NRTI,4,22,K,0.027371991322198492
716517,DDI,NRTI,5,66,K,0.02713739050568364
716517,DDI,NRTI,6,98,G,0.024828894836014942
716517,DDI,NRTI,7,21,V,0.01199559728425038
716517,DDI,NRTI,8,227,C,0.008522928149149733
716517,DDI,NRTI,9,23,Q,0.007450222404664411
716517,DDI,NRTI,10,68,S,0.005798113222323334
205681,DDI,NRTI,1,65,K,0.9999999523070184
205681,DDI,NRTI,2,70,R,0.4713785991871311
205681,DDI,NRTI,3,64,K,0.11940522259358057
205681,DDI,NRTI,4,66,K,0.029588456922071064
205681,DDI,NRTI,5,22,K,0.028040510234275458
205681,DDI,NRTI,6,211,N,0.014807124769312596
205681,DDI,NRTI,7,21,V,0.012392956226685372
205681,DDI,NRTI,8,35,T,0.011991856597893306
205681,DDI,NRTI,9,219,Q,0.009782350854410529
205681,DDI,NRTI,10,67,N,0.008469336807938934
44022,DDI,NRTI,1,65,K,0.9999999523094101
44022,DDI,NRTI,2,64,K,0.12634023411906722
44022,DDI,NRTI,3,70,K,0.10987462053905937
44022,DDI,NRTI,4,151,M,0.09005165590870846
44022,DDI,NRTI,5,22,K,0.02900926921364895
44022,DDI,NRTI,6,116,Y,0.027171577670616807
44022,DDI,NRTI,7,60,I,0.026904784195681458
44022,DDI,NRTI,8,66,K,0.026659220912913575
44022,DDI,NRTI,9,135,V,0.01920227435550474
44022,DDI,NRTI,10,21,V,0.012881793094267954
716519,DDI,NRTI,1,65,K,0.9999999523022719
716519,DDI,NRTI,2,64,K,0.12093506424842046
716519,DDI,NRTI,3,70,K,0.1114597705069358
716519,DDI,NRTI,4,225,H,0.03212431985650171
716519,DDI,NRTI,5,22,K,0.02763894137358326
716519,DDI,NRTI,6,66,K,0.027294976495255082
716519,DDI,NRTI,7,106,A,0.012510548750602956
716519,DDI,NRTI,8,21,V,0.012468423872483135
716519,DDI,NRTI,9,23,Q,0.00737276662697033
716519,DDI,NRTI,10,68,S,0.00560356242067174
716518,DDI,NRTI,1,65,K,0.9999999523038369
716518,DDI,NRTI,2,64,K,0.11623183759028687
716518,DDI,NRTI,3,70,K,0.10989971642598066
716518,DDI,NRTI,4,22,K,0.02795214892846692
716518,DDI,NRTI,5,66,K,0.0269327956903886
716518,DDI,NRTI,6,98,G,0.024781148124488145
716518,DDI,NRTI,7,21,V,0.01204318316717554
716518,DDI,NRTI,8,227,C,0.008772531474172474
716518,DDI,NRTI,9,221,Y,0.007489607211489189
716518,DDI,NRTI,10,23,Q,0.007458946394284278
205662,DDI,NRTI,1,65,K,0.9999999523001528
205662,DDI,NRTI,2,64,K,0.12161031995879858
205662,DDI,NRTI,3,70,K,0.11377625156262375
205662,DDI,NRTI,4,66,K,0.027505229469306596
205662,DDI,NRTI,5,22,K,0.02743556005271581
205662,DDI,NRTI,6,21,V,0.011989716507274966
205662,DDI,NRTI,7,23,Q,0.007282575165736528
205662,DDI,NRTI,8,214,L,0.006099059352737577
205662,DDI,NRTI,9,68,S,0.005953110600680661
205662,DDI,NRTI,10,27,T,0.005766705903852767
205662,DDI,NRTI,1,65,K,0.9999999523001528
205662,DDI,NRTI,2,64,K,0.12161031995879858
205662,DDI,NRTI,3,70,K,0.11377625156262375
205662,DDI,NRTI,4,66,K,0.027505229469306596
205662,DDI,NRTI,5,22,K,0.02743556005271581
205662,DDI,NRTI,6,21,V,0.011989716507274966
205662,DDI,NRTI,7,23,Q,0.007282575165736528
205662,DDI,NRTI,8,214,L,0.006099059352737577
205662,DDI,NRTI,9,68,S,0.005953110600680661
205662,DDI,NRTI,10,27,T,0.005766705903852767
205651,DDI,NRTI,1,65,K,0.9999999522994775
205651,DDI,NRTI,2,70,K,0.12731587123460986
205651,DDI,NRTI,3,64,K,0.11119356488366929
205651,DDI,NRTI,4,22,K,0.02705922130716145
205651,DDI,NRTI,5,66,K,0.025188351659405517
205651,DDI,NRTI,6,74,V,0.01647908741347306
205651,DDI,NRTI,7,63,I,0.012681392195425804
205651,DDI,NRTI,8,21,V,0.011613258522808688
205651,DDI,NRTI,9,23,Q,0.007634383548862896
205651,DDI,NRTI,10,72,R,0.006981652009790356
205651,DDI,NRTI,1,65,K,0.9999999522994775
205651,DDI,NRTI,2,70,K,0.12731587123460986
205651,DDI,NRTI,3,64,K,0.11119356488366929
205651,DDI,NRTI,4,22,K,0.02705922130716145
205651,DDI,NRTI,5,66,K,0.025188351659405517
205651,DDI,NRTI,6,74,V,0.01647908741347306
205651,DDI,NRTI,7,63,I,0.012681392195425804
205651,DDI,NRTI,8,21,V,0.011613258522808688
205651,DDI,NRTI,9,23,Q,0.007634383548862896
205651,DDI,NRTI,10,72,R,0.006981652009790356
771857,DDI,NRTI,1,65,K,0.9999999523010303
771857,DDI,NRTI,2,64,K,0.11737096961624693
771857,DDI,NRTI,3,70,K,0.11072181511619311
771857,DDI,NRTI,4,22,K,0.028620227981365744
771857,DDI,NRTI,5,66,K,0.026471026321511375
771857,DDI,NRTI,6,21,V,0.012282459353306454
771857,DDI,NRTI,7,227,C,0.008791662560788378
771857,DDI,NRTI,8,23,Q,0.007539568226737682
771857,DDI,NRTI,9,221,Y,0.007447555917347562
771857,DDI,NRTI,10,68,S,0.005839792224317044
771856,DDI,NRTI,1,65,K,0.9999999522991292
771856,DDI,NRTI,2,64,K,0.12093343619798966
771856,DDI,NRTI,3,70,K,0.11351402608030851
771856,DDI,NRTI,4,66,K,0.02748170750453076
771856,DDI,NRTI,5,22,K,0.026954183264630303
771856,DDI,NRTI,6,21,V,0.011544818582065873
771856,DDI,NRTI,7,227,C,0.009057643831360868
771856,DDI,NRTI,8,23,Q,0.0068712669081372425
771856,DDI,NRTI,9,68,S,0.005994315814314796
771856,DDI,NRTI,10,27,T,0.0054348863208468256
205677,DDI,NRTI,1,65,K,0.9999999523101929
205677,DDI,NRTI,2,70,R,0.3709111414337755
205677,DDI,NRTI,3,64,K,0.12724029348697033
205677,DDI,NRTI,4,49,R,0.08680351785016574
205677,DDI,NRTI,5,122,Q,0.032702647791347086
205677,DDI,NRTI,6,22,K,0.03138331285540186
205677,DDI,NRTI,7,66,K,0.029110839290552748
205677,DDI,NRTI,8,69,N,0.018243833472272934
205677,DDI,NRTI,9,228,R,0.017844115415686087
205677,DDI,NRTI,10,35,R,0.016371167830303072
205677,DDI,NRTI,1,65,K,0.9999999523101929
205677,DDI,NRTI,2,70,R,0.3709111414337755
205677,DDI,NRTI,3,64,K,0.12724029348697033
205677,DDI,NRTI,4,49,R,0.08680351785016574
205677,DDI,NRTI,5,122,Q,0.032702647791347086
205677,DDI,NRTI,6,22,K,0.03138331285540186
205677,DDI,NRTI,7,66,K,0.029110839290552748
205677,DDI,NRTI,8,69,N,0.018243833472272934
205677,DDI,NRTI,9,228,R,0.017844115415686087
205677,DDI,NRTI,10,35,R,0.016371167830303072
143485,DDI,NRTI,1,65,K,0.9999999523038567
143485,DDI,NRTI,2,145,M,0.16410488033660925
143485,DDI,NRTI,3,102,Q,0.15055593970469844
143485,DDI,NRTI,4,64,K,0.12213994242945099
143485,DDI,NRTI,5,70,K,0.11695086058143195
143485,DDI,NRTI,6,66,K,0.027335408933033312
143485,DDI,NRTI,7,22,K,0.02707359840112538
143485,DDI,NRTI,8,21,V,0.012888754688021918
143485,DDI,NRTI,9,162,C,0.007619469770939228
143485,DDI,NRTI,10,23,Q,0.007350644938851783
109393,DDI,NRTI,1,65,K,0.9999999523070455
109393,DDI,NRTI,2,64,K,0.12089946945053909
109393,DDI,NRTI,3,70,K,0.11027952871719184
109393,DDI,NRTI,4,122,P,0.06645600378578413
109393,DDI,NRTI,5,158,S,0.0401845652727955
109393,DDI,NRTI,6,22,K,0.02988283531764234
109393,DDI,NRTI,7,66,K,0.028585628966010513
109393,DDI,NRTI,8,162,A,0.02558456688456873
109393,DDI,NRTI,9,169,D,0.019366655691352284
109393,DDI,NRTI,10,21,V,0.013782422605765118
117074,DDI,NRTI,1,65,K,0.9999999523105574
117074,DDI,NRTI,2,70,K,0.12591305314787302
117074,DDI,NRTI,3,64,K,0.11304137109204504
117074,DDI,NRTI,4,219,R,0.07977029959913266
117074,DDI,NRTI,5,43,N,0.04835523595514175
117074,DDI,NRTI,6,122,P,0.04172220945599711
117074,DDI,NRTI,7,111,I,0.03816340205790853
117074,DDI,NRTI,8,22,K,0.03373375452590592
117074,DDI,NRTI,9,228,R,0.031283259894563376
117074,DDI,NRTI,10,66,K,0.026815566107745045
11501,DDI,NRTI,1,65,K,0.9999999523064845
11501,DDI,NRTI,2,62,V,0.31123153587504215
11501,DDI,NRTI,3,64,K,0.14386772871472664
11501,DDI,NRTI,4,70,K,0.0914879017206722
11501,DDI,NRTI,5,75,T,0.0346907081277531
11501,DDI,NRTI,6,22,K,0.028070648932815433
11501,DDI,NRTI,7,66,K,0.026107135095640648
11501,DDI,NRTI,8,83,K,0.01602059055656435
11501,DDI,NRTI,9,21,V,0.012490055035306459
11501,DDI,NRTI,10,71,W,0.009402323834515072
207306,DDI,NRTI,1,65,K,0.9999999523057788
207306,DDI,NRTI,2,70,R,0.4613899781973353
207306,DDI,NRTI,3,64,K,0.1198628645356779
207306,DDI,NRTI,4,66,K,0.029245203528185427
207306,DDI,NRTI,5,22,K,0.024290009421100982
207306,DDI,NRTI,6,173,Q,0.016986990462986344
207306,DDI,NRTI,7,21,V,0.010915964811821537
207306,DDI,NRTI,8,219,Q,0.009455766416984384
207306,DDI,NRTI,9,67,N,0.007978360115979377
207306,DDI,NRTI,10,23,Q,0.006170176686826762
116520,DDI,NRTI,1,65,K,0.9999999523092677
116520,DDI,NRTI,2,35,K,0.14255053536954504
116520,DDI,NRTI,3,64,K,0.12450545859352036
116520,DDI,NRTI,4,70,K,0.08229049650142095
116520,DDI,NRTI,5,207,K,0.04929295509911079
116520,DDI,NRTI,6,211,T,0.037708586997650874
116520,DDI,NRTI,7,22,K,0.03515562690979532
116520,DDI,NRTI,8,66,K,0.031105536062087012
116520,DDI,NRTI,9,21,V,0.015778762176252015
116520,DDI,NRTI,10,60,I,0.015146911339806397
44012,DDI,NRTI,1,65,K,0.9999999523089277
44012,DDI,NRTI,2,64,K,0.12038492668050393
44012,DDI,NRTI,3,32,T,0.11156519619925356
44012,DDI,NRTI,4,70,K,0.0836223541244848
44012,DDI,NRTI,5,219,N,0.06833386214816797
44012,DDI,NRTI,6,47,V,0.052832416022598395
44012,DDI,NRTI,7,66,K,0.03330266625542148
44012,DDI,NRTI,8,22,K,0.029229257818869717
44012,DDI,NRTI,9,44,D,0.01686991134108158
44012,DDI,NRTI,10,98,S,0.014375228088556274
614809,DDI,NRTI,1,65,K,0.9999999523086155
614809,DDI,NRTI,2,28,A,0.5375242219218159
614809,DDI,NRTI,3,11,T,0.366232656767907
614809,DDI,NRTI,4,64,K,0.11884235861390144
614809,DDI,NRTI,5,70,K,0.10659209428914448
614809,DDI,NRTI,6,39,Q,0.0741316079724959
614809,DDI,NRTI,7,211,S,0.05429561856228746
614809,DDI,NRTI,8,207,A,0.04608255413447423
614809,DDI,NRTI,9,22,K,0.04158041826537742
614809,DDI,NRTI,10,173,A,0.03923317878104936
97969,DDI,NRTI,1,27,S,0.8865313169958717
97969,DDI,NRTI,2,65,K,0.7889832973385796
97969,DDI,NRTI,3,64,K,0.09244456343737428
97969,DDI,NRTI,4,70,K,0.06674622202080652
97969,DDI,NRTI,5,44,A,0.04486336122993654
97969,DDI,NRTI,6,223,Q,0.034376922532303365
97969,DDI,NRTI,7,219,N,0.03236442190639823
97969,DDI,NRTI,8,22,K,0.02592821347372934
97969,DDI,NRTI,9,66,K,0.022824520344964842
97969,DDI,NRTI,10,43,E,0.022156365639519816
615235,DDI,NRTI,1,65,K,0.9999999523067569
615235,DDI,NRTI,2,70,R,0.37694565854993994
615235,DDI,NRTI,3,64,K,0.12447003274624685
615235,DDI,NRTI,4,20,R,0.04943221434359169
615235,DDI,NRTI,5,22,K,0.031707784254522524
615235,DDI,NRTI,6,66,K,0.029169311521082146
615235,DDI,NRTI,7,103,S,0.027793712763017522
615235,DDI,NRTI,8,123,N,0.026040738488812214
615235,DDI,NRTI,9,69,N,0.01889876914726031
615235,DDI,NRTI,10,21,V,0.015144693454616383
173669,DDI,NRTI,1,65,K,0.9999999523089008
173669,DDI,NRTI,2,64,K,0.1215032781880345
173669,DDI,NRTI,3,123,S,0.11923815170203603
173669,DDI,NRTI,4,70,K,0.10646088078631821
173669,DDI,NRTI,5,176,A,0.09108848815429299
173669,DDI,NRTI,6,179,E,0.06817200278761412
173669,DDI,NRTI,7,173,I,0.0456199277424553
173669,DDI,NRTI,8,207,D,0.0389480088118852
173669,DDI,NRTI,9,22,K,0.034308228071417084
173669,DDI,NRTI,10,138,G,0.030436069512748673
66814,DDI,NRTI,1,21,I,0.7521819983915515
66814,DDI,NRTI,2,65,K,0.6239732026844167
66814,DDI,NRTI,3,64,K,0.075277805588721
66814,DDI,NRTI,4,70,K,0.06706472482315966
66814,DDI,NRTI,5,22,K,0.023812113940770405
66814,DDI,NRTI,6,66,K,0.016366229399444022
66814,DDI,NRTI,7,23,Q,0.0058379476417435745
66814,DDI,NRTI,8,27,T,0.004154982311985883
66814,DDI,NRTI,9,24,W,0.003665538358496441
66814,DDI,NRTI,10,71,W,0.0034488627463480446
144046,DDI,NRTI,1,65,K,0.9999999523089853
144046,DDI,NRTI,2,64,K,0.12714410943729457
144046,DDI,NRTI,3,49,R,0.12011557381000194
144046,DDI,NRTI,4,43,Q,0.1056207879563825
144046,DDI,NRTI,5,70,K,0.08046029095580762
144046,DDI,NRTI,6,101,H,0.051915141349009375
144046,DDI,NRTI,7,66,K,0.02828849168741699
144046,DDI,NRTI,8,22,K,0.027769414265373448
144046,DDI,NRTI,9,44,D,0.016107001057327375
144046,DDI,NRTI,10,190,A,0.014548954133702694
77372,DDI,NRTI,1,65,K,0.9999999523073169
77372,DDI,NRTI,2,70,K,0.12372784995152053
77372,DDI,NRTI,3,64,K,0.11207180391363544
77372,DDI,NRTI,4,22,K,0.02786414393764674
77372,DDI,NRTI,5,66,K,0.02537411823172671
77372,DDI,NRTI,6,74,V,0.015876810064320835
77372,DDI,NRTI,7,21,V,0.012392917953084613
77372,DDI,NRTI,8,63,I,0.012167783889444287
77372,DDI,NRTI,9,179,I,0.008962180982878586
77372,DDI,NRTI,10,23,Q,0.007459847068284153
148110,DDI,NRTI,1,65,K,0.999999952295563
148110,DDI,NRTI,2,64,K,0.11867356562652143
148110,DDI,NRTI,3,70,K,0.11464252143545883
148110,DDI,NRTI,4,66,K,0.027788989488397833
148110,DDI,NRTI,5,22,K,0.02562775526416021
148110,DDI,NRTI,6,21,V,0.01128070629249265
148110,DDI,NRTI,7,211,K,0.006851870537847262
148110,DDI,NRTI,8,23,Q,0.006531824736865699
148110,DDI,NRTI,9,68,S,0.005810012046464004
148110,DDI,NRTI,10,71,W,0.005218856541530332
259192,DDI,NRTI,1,65,K,0.9999999523091495
259192,DDI,NRTI,2,70,R,0.4050840651534133
259192,DDI,NRTI,3,64,K,0.12513178582405526
259192,DDI,NRTI,4,33,G,0.09131393290173585
259192,DDI,NRTI,5,4,T,0.053990518235427803
259192,DDI,NRTI,6,192,N,0.04687570623941423
259192,DDI,NRTI,7,20,R,0.044853713453310115
259192,DDI,NRTI,8,6,D,0.0362817964724954
259192,DDI,NRTI,9,22,K,0.03105256033541858
259192,DDI,NRTI,10,203,K,0.03099974774950773
8040,DDI,NRTI,1,65,K,0.9999999523073404
8040,DDI,NRTI,2,70,R,0.4110033683974714
8040,DDI,NRTI,3,64,K,0.12662684833824855
8040,DDI,NRTI,4,69,D,0.04793411530126527
8040,DDI,NRTI,5,66,K,0.03354640207607783
8040,DDI,NRTI,6,22,K,0.02661975110492794
8040,DDI,NRTI,7,21,V,0.012548568184393871
8040,DDI,NRTI,8,177,G,0.011842352174222196
8040,DDI,NRTI,9,35,I,0.011389753669325046
8040,DDI,NRTI,10,135,L,0.0100506030618315
614659,DDI,NRTI,1,65,K,0.999999952304637
614659,DDI,NRTI,2,64,K,0.1165600725569015
614659,DDI,NRTI,3,178,M,0.10946367069055873
614659,DDI,NRTI,4,70,K,0.1094044722563366
614659,DDI,NRTI,5,123,N,0.0733933819764267
614659,DDI,NRTI,6,22,K,0.026584845568166322
614659,DDI,NRTI,7,66,K,0.0262673171718896
614659,DDI,NRTI,8,174,K,0.02526260535226976
614659,DDI,NRTI,9,21,V,0.011547769921990065
614659,DDI,NRTI,10,23,Q,0.006836790164574471
109447,DDI,NRTI,1,65,K,0.9999999523062103
109447,DDI,NRTI,2,64,K,0.12213185727972188
109447,DDI,NRTI,3,70,K,0.10717381714008437
109447,DDI,NRTI,4,22,K,0.02737230715048037
109447,DDI,NRTI,5,60,I,0.02647092817542253
109447,DDI,NRTI,6,66,K,0.025389199486400595
109447,DDI,NRTI,7,21,V,0.01182559163379825
109447,DDI,NRTI,8,142,V,0.01037230150532387
109447,DDI,NRTI,9,23,Q,0.007200328640331578
109447,DDI,NRTI,10,211,K,0.006013247659227187
10126,3TC,NRTI,1,67,N,0.9999999523079715
10126,3TC,NRTI,2,98,S,0.06751211638216155
10126,3TC,NRTI,3,162,C,0.028171018417069503
10126,3TC,NRTI,4,65,K,0.02767167649282959
10126,3TC,NRTI,5,135,V,0.02354190678026287
10126,3TC,NRTI,6,207,E,0.018626959387489494
10126,3TC,NRTI,7,200,A,0.01628427411184721
10126,3TC,NRTI,8,66,K,0.01359172760562552
10126,3TC,NRTI,9,41,L,0.007412386993791746
10126,3TC,NRTI,10,215,Y,0.0071271607469701945
73551,3TC,NRTI,1,67,G,1.0000000119169634
73551,3TC,NRTI,2,68,G,0.06960815624921285
73551,3TC,NRTI,3,219,E,0.04628736969500961
73551,3TC,NRTI,4,1,L,0.02091646086818598
73551,3TC,NRTI,5,115,F,0.006935440695508063
73551,3TC,NRTI,6,65,K,0.005339499662080005
73551,3TC,NRTI,7,177,E,0.005331103059011787
73551,3TC,NRTI,8,74,V,0.0026737967705240495
73551,3TC,NRTI,9,200,A,0.002378851258977071
73551,3TC,NRTI,10,66,K,0.0021331357154003756
56249,3TC,NRTI,1,35,L,0.9999999522843319
56249,3TC,NRTI,2,67,D,0.5508343435862235
56249,3TC,NRTI,3,178,L,0.5261009971177422
56249,3TC,NRTI,4,20,R,0.11035699440840924
56249,3TC,NRTI,5,162,C,0.09832316513873182
56249,3TC,NRTI,6,211,K,0.09380329823751585
56249,3TC,NRTI,7,65,K,0.09105340627006214
56249,3TC,NRTI,8,103,N,0.07617663659953786
56249,3TC,NRTI,9,207,E,0.0659033270581601
56249,3TC,NRTI,10,66,K,0.044436568711842137
614859,3TC,NRTI,1,67,D,0.9999999522864002
614859,3TC,NRTI,2,35,T,0.407376285244642
614859,3TC,NRTI,3,202,V,0.24229229279890843
614859,3TC,NRTI,4,65,K,0.14771162922224013
614859,3TC,NRTI,5,123,E,0.10118703563550249
614859,3TC,NRTI,6,66,K,0.0692855407140716
614859,3TC,NRTI,7,219,K,0.030898215644914524
614859,3TC,NRTI,8,196,G,0.023362454465515367
614859,3TC,NRTI,9,15,G,0.021782133581967445
614859,3TC,NRTI,10,43,K,0.021306783283818808
614627,3TC,NRTI,1,67,N,0.9999999523091315
614627,3TC,NRTI,2,39,D,0.21251056876789812
614627,3TC,NRTI,3,203,V,0.2010339376799666
614627,3TC,NRTI,4,223,T,0.19920679415126602
614627,3TC,NRTI,5,194,D,0.1451714611436449
614627,3TC,NRTI,6,79,D,0.09669862272505314
614627,3TC,NRTI,7,75,I,0.0897221142862321
614627,3TC,NRTI,8,21,I,0.0789786169313242
614627,3TC,NRTI,9,69,D,0.049467549254631406
614627,3TC,NRTI,10,20,R,0.026020293940286085
615375,3TC,NRTI,1,200,I,0.9969523016430669
615375,3TC,NRTI,2,67,D,0.5454471826325145
615375,3TC,NRTI,3,177,E,0.12841743724325416
615375,3TC,NRTI,4,65,K,0.09346598163899428
615375,3TC,NRTI,5,211,K,0.09123411691001382
615375,3TC,NRTI,6,66,K,0.0452202657042305
615375,3TC,NRTI,7,219,K,0.020524157550722295
615375,3TC,NRTI,8,214,L,0.01741534716290736
615375,3TC,NRTI,9,196,G,0.015873085748305635
615375,3TC,NRTI,10,43,K,0.013934232544273936
81888,3TC,NRTI,1,67,N,0.999999952308158
81888,3TC,NRTI,2,43,E,0.33020490172988537
81888,3TC,NRTI,3,200,K,0.31738595743738346
81888,3TC,NRTI,4,203,D,0.2754305004002493
81888,3TC,NRTI,5,107,S,0.11221413285745001
81888,3TC,NRTI,6,35,I,0.06205169607471381
81888,3TC,NRTI,7,39,A,0.054142652608139205
81888,3TC,NRTI,8,189,I,0.05044929978604849
81888,3TC,NRTI,9,44,D,0.04785166697188389
81888,3TC,NRTI,10,221,Y,0.03572780823401701
59265,3TC,NRTI,1,195,L,0.9999999522898901
59265,3TC,NRTI,2,169,K,0.6023381476393825
59265,3TC,NRTI,3,67,D,0.43428095481230766
59265,3TC,NRTI,4,173,E,0.42714445494671727
59265,3TC,NRTI,5,178,L,0.42137715129060865
59265,3TC,NRTI,6,65,K,0.07093372268405149
59265,3TC,NRTI,7,200,A,0.047630319929265925
59265,3TC,NRTI,8,66,K,0.03462870962277646
59265,3TC,NRTI,9,219,K,0.014893953084903228
59265,3TC,NRTI,10,196,G,0.012873647214462955
259216,3TC,NRTI,1,68,G,0.9999999522978836
259216,3TC,NRTI,2,67,D,0.3685248098137825
259216,3TC,NRTI,3,65,K,0.08799314262445102
259216,3TC,NRTI,4,196,E,0.07323407172570087
259216,3TC,NRTI,5,66,K,0.04197256795560235
259216,3TC,NRTI,6,60,I,0.03441366089455103
259216,3TC,NRTI,7,219,K,0.012793144740596247
259216,3TC,NRTI,8,70,K,0.012078311612026937
259216,3TC,NRTI,9,15,G,0.010272030620778307
259216,3TC,NRTI,10,43,K,0.00982120700574998
615175,3TC,NRTI,1,67,D,0.9700845002931959
615175,3TC,NRTI,2,35,R,0.8020087664747454
615175,3TC,NRTI,3,142,T,0.46023997576796266
615175,3TC,NRTI,4,39,A,0.38520537729275217
615175,3TC,NRTI,5,177,E,0.2331521703997365
615175,3TC,NRTI,6,196,E,0.23276885737966388
615175,3TC,NRTI,7,211,K,0.18253901972398373
615175,3TC,NRTI,8,65,K,0.1637911575043556
615175,3TC,NRTI,9,103,N,0.12419876930063449
615175,3TC,NRTI,10,74,V,0.12090927695570161
205649,3TC,NRTI,1,67,D,0.9999999522632455
205649,3TC,NRTI,2,65,K,0.14663648363204812
205649,3TC,NRTI,3,66,K,0.06942792598583167
205649,3TC,NRTI,4,219,K,0.03144318780834594
205649,3TC,NRTI,5,196,G,0.023027627337716166
205649,3TC,NRTI,6,43,K,0.019926408963521602
205649,3TC,NRTI,7,211,R,0.01923183312678204
205649,3TC,NRTI,8,70,K,0.019216484756286276
205649,3TC,NRTI,9,15,G,0.018451571026212633
205649,3TC,NRTI,10,68,S,0.018305413375707798
205649,3TC,NRTI,1,67,D,0.9999999522632455
205649,3TC,NRTI,2,65,K,0.14663648363204812
205649,3TC,NRTI,3,66,K,0.06942792598583167
205649,3TC,NRTI,4,219,K,0.03144318780834594
205649,3TC,NRTI,5,196,G,0.023027627337716166
205649,3TC,NRTI,6,43,K,0.019926408963521602
205649,3TC,NRTI,7,211,R,0.01923183312678204
205649,3TC,NRTI,8,70,K,0.019216484756286276
205649,3TC,NRTI,9,15,G,0.018451571026212633
205649,3TC,NRTI,10,68,S,0.018305413375707798
716521,3TC,NRTI,1,67,D,0.9999999522865235
716521,3TC,NRTI,2,221,Y,0.32627170614022455
716521,3TC,NRTI,3,65,K,0.1466168582124918
716521,3TC,NRTI,4,227,C,0.11229640605097221
716521,3TC,NRTI,5,66,K,0.06975642651997246
716521,3TC,NRTI,6,106,I,0.06269220123691815
716521,3TC,NRTI,7,219,K,0.04250338368968892
716521,3TC,NRTI,8,196,G,0.02395077394109174
716521,3TC,NRTI,9,43,K,0.02034567608849595
716521,3TC,NRTI,10,211,R,0.019770282855419985
771854,3TC,NRTI,1,67,D,0.9301937937470633
771854,3TC,NRTI,2,98,G,0.7106886670569592
771854,3TC,NRTI,3,221,Y,0.28600389461241926
771854,3TC,NRTI,4,65,K,0.14207238810804637
771854,3TC,NRTI,5,227,C,0.09764109450218326
771854,3TC,NRTI,6,66,K,0.06735574813974038
771854,3TC,NRTI,7,106,I,0.05593381092285735
771854,3TC,NRTI,8,219,K,0.0386290822783168
771854,3TC,NRTI,9,196,G,0.02297200516511345
771854,3TC,NRTI,10,15,G,0.02081715911783524
205679,3TC,NRTI,1,67,N,1.0000000119120123
205679,3TC,NRTI,2,69,D,0.056126268188464265
205679,3TC,NRTI,3,75,T,0.032175053099265785
205679,3TC,NRTI,4,65,K,0.026839845106569796
205679,3TC,NRTI,5,207,E,0.01603401482291861
205679,3TC,NRTI,6,210,W,0.015612220745198607
205679,3TC,NRTI,7,66,K,0.013351993905197767
205679,3TC,NRTI,8,123,E,0.010765867866551485
205679,3TC,NRTI,9,41,L,0.006260489049071439
205679,3TC,NRTI,10,215,Y,0.005953896098651116
205679,3TC,NRTI,1,67,N,1.0000000119120123
205679,3TC,NRTI,2,69,D,0.056126268188464265
205679,3TC,NRTI,3,75,T,0.032175053099265785
205679,3TC,NRTI,4,65,K,0.026839845106569796
205679,3TC,NRTI,5,207,E,0.01603401482291861
205679,3TC,NRTI,6,210,W,0.015612220745198607
205679,3TC,NRTI,7,66,K,0.013351993905197767
205679,3TC,NRTI,8,123,E,0.010765867866551485
205679,3TC,NRTI,9,41,L,0.006260489049071439
205679,3TC,NRTI,10,215,Y,0.005953896098651116
205675,3TC,NRTI,1,67,N,1.0000000119109698
205675,3TC,NRTI,2,135,M,0.063421920027312
205675,3TC,NRTI,3,69,N,0.03967497582095016
205675,3TC,NRTI,4,70,R,0.03660739245863321
205675,3TC,NRTI,5,90,I,0.035465800744026804
205675,3TC,NRTI,6,65,K,0.029965819731645284
205675,3TC,NRTI,7,103,N,0.018730570043349097
205675,3TC,NRTI,8,66,K,0.013600362494136299
205675,3TC,NRTI,9,68,S,0.004382584065881405
205675,3TC,NRTI,10,219,K,0.004380346092345545
205675,3TC,NRTI,1,67,N,1.0000000119109698
205675,3TC,NRTI,2,135,M,0.063421920027312
205675,3TC,NRTI,3,69,N,0.03967497582095016
205675,3TC,NRTI,4,70,R,0.03660739245863321
205675,3TC,NRTI,5,90,I,0.035465800744026804
205675,3TC,NRTI,6,65,K,0.029965819731645284
205675,3TC,NRTI,7,103,N,0.018730570043349097
205675,3TC,NRTI,8,66,K,0.013600362494136299
205675,3TC,NRTI,9,68,S,0.004382584065881405
205675,3TC,NRTI,10,219,K,0.004380346092345545
270335,3TC,NRTI,1,67,D,0.9999999522854093
270335,3TC,NRTI,2,65,K,0.14899120133263458
270335,3TC,NRTI,3,138,K,0.11862190524215711
270335,3TC,NRTI,4,66,K,0.06929230118713896
270335,3TC,NRTI,5,184,I,0.03537671687936911
270335,3TC,NRTI,6,219,K,0.03244021615685703
270335,3TC,NRTI,7,136,N,0.02612709008832182
270335,3TC,NRTI,8,196,G,0.02331815302053229
270335,3TC,NRTI,9,43,K,0.020652185359883588
270335,3TC,NRTI,10,15,G,0.019592964467911412
270334,3TC,NRTI,1,67,D,0.9999999522806756
270334,3TC,NRTI,2,101,E,0.234167719091664
270334,3TC,NRTI,3,65,K,0.14848939900694033
270334,3TC,NRTI,4,138,K,0.1185960451671317
270334,3TC,NRTI,5,66,K,0.06976803414337764
270334,3TC,NRTI,6,219,K,0.03154198714000933
270334,3TC,NRTI,7,136,N,0.02599786753140371
270334,3TC,NRTI,8,196,G,0.022824904172046932
270334,3TC,NRTI,9,43,K,0.020633296563807163
270334,3TC,NRTI,10,137,N,0.019697108300571392
270334,3TC,NRTI,1,67,D,0.9999999522806756
270334,3TC,NRTI,2,101,E,0.234167719091664
270334,3TC,NRTI,3,65,K,0.14848939900694033
270334,3TC,NRTI,4,138,K,0.1185960451671317
270334,3TC,NRTI,5,66,K,0.06976803414337764
270334,3TC,NRTI,6,219,K,0.03154198714000933
270334,3TC,NRTI,7,136,N,0.02599786753140371
270334,3TC,NRTI,8,196,G,0.022824904172046932
270334,3TC,NRTI,9,43,K,0.020633296563807163
270334,3TC,NRTI,10,137,N,0.019697108300571392
205683,3TC,NRTI,1,67,G,1.000000011916816
205683,3TC,NRTI,2,43,N,0.039622138833271994
205683,3TC,NRTI,3,219,Q,0.0067994303617770376
205683,3TC,NRTI,4,69,N,0.005843247760806074
205683,3TC,NRTI,5,70,R,0.0051746569400981535
205683,3TC,NRTI,6,65,K,0.004728615540094864
205683,3TC,NRTI,7,196,E,0.004423059179524262
205683,3TC,NRTI,8,202,V,0.003958539340389176
205683,3TC,NRTI,9,74,I,0.0031869155003615424
205683,3TC,NRTI,10,181,C,0.003178824766054583
205683,3TC,NRTI,1,67,G,1.000000011916816
205683,3TC,NRTI,2,43,N,0.039622138833271994
205683,3TC,NRTI,3,219,Q,0.0067994303617770376
205683,3TC,NRTI,4,69,N,0.005843247760806074
205683,3TC,NRTI,5,70,R,0.0051746569400981535
205683,3TC,NRTI,6,65,K,0.004728615540094864
205683,3TC,NRTI,7,196,E,0.004423059179524262
205683,3TC,NRTI,8,202,V,0.003958539340389176
205683,3TC,NRTI,9,74,I,0.0031869155003615424
205683,3TC,NRTI,10,181,C,0.003178824766054583
205661,3TC,NRTI,1,67,D,0.9999999522881975
205661,3TC,NRTI,2,65,K,0.14953354073565234
205661,3TC,NRTI,3,138,K,0.1183718057808936
205661,3TC,NRTI,4,66,K,0.06968854613928664
205661,3TC,NRTI,5,214,L,0.04272878721051647
205661,3TC,NRTI,6,219,K,0.03606200136096226
205661,3TC,NRTI,7,184,I,0.03533852476340968
205661,3TC,NRTI,8,136,N,0.02608775146361237
205661,3TC,NRTI,9,196,G,0.023598401029100144
205661,3TC,NRTI,10,211,R,0.021059595289437027
205661,3TC,NRTI,1,67,D,0.9999999522881975
205661,3TC,NRTI,2,65,K,0.14953354073565234
205661,3TC,NRTI,3,138,K,0.1183718057808936
205661,3TC,NRTI,4,66,K,0.06968854613928664
205661,3TC,NRTI,5,214,L,0.04272878721051647
205661,3TC,NRTI,6,219,K,0.03606200136096226
205661,3TC,NRTI,7,184,I,0.03533852476340968
205661,3TC,NRTI,8,136,N,0.02608775146361237
205661,3TC,NRTI,9,196,G,0.023598401029100144
205661,3TC,NRTI,10,211,R,0.021059595289437027
205648,3TC,NRTI,1,67,D,0.9999999522921558
205648,3TC,NRTI,2,151,M,0.20386037183156858
205648,3TC,NRTI,3,65,K,0.1438647252145984
205648,3TC,NRTI,4,66,K,0.06903934028625285
205648,3TC,NRTI,5,219,K,0.03191400152454664
205648,3TC,NRTI,6,196,G,0.022734211157534222
205648,3TC,NRTI,7,43,K,0.02004849547052536
205648,3TC,NRTI,8,136,N,0.01951485690256101
205648,3TC,NRTI,9,70,K,0.019237337641209287
205648,3TC,NRTI,10,211,R,0.019217340099660925
205648,3TC,NRTI,1,67,D,0.9999999522921558
205648,3TC,NRTI,2,151,M,0.20386037183156858
205648,3TC,NRTI,3,65,K,0.1438647252145984
205648,3TC,NRTI,4,66,K,0.06903934028625285
205648,3TC,NRTI,5,219,K,0.03191400152454664
205648,3TC,NRTI,6,196,G,0.022734211157534222
205648,3TC,NRTI,7,43,K,0.02004849547052536
205648,3TC,NRTI,8,136,N,0.01951485690256101
205648,3TC,NRTI,9,70,K,0.019237337641209287
205648,3TC,NRTI,10,211,R,0.019217340099660925
771853,3TC,NRTI,1,67,D,0.9245724200915778
771853,3TC,NRTI,2,98,G,0.7152453952902127
771853,3TC,NRTI,3,65,K,0.14157560911625955
771853,3TC,NRTI,4,227,C,0.09619026954710891
771853,3TC,NRTI,5,66,K,0.0676029111306868
771853,3TC,NRTI,6,219,K,0.03419319819890542
771853,3TC,NRTI,7,196,G,0.022985403820498428
771853,3TC,NRTI,8,15,G,0.02057398513816061
771853,3TC,NRTI,9,43,K,0.020375520645631418
771853,3TC,NRTI,10,70,K,0.01827529934532091
270337,3TC,NRTI,1,67,D,0.99999995228368
270337,3TC,NRTI,2,65,K,0.1463894172545649
270337,3TC,NRTI,3,138,K,0.11870498068013817
270337,3TC,NRTI,4,66,K,0.06936429473615212
270337,3TC,NRTI,5,219,K,0.03132932991318206
270337,3TC,NRTI,6,136,N,0.025879506265939847
270337,3TC,NRTI,7,196,G,0.023146303461743192
270337,3TC,NRTI,8,43,K,0.020344677298538314
270337,3TC,NRTI,9,137,N,0.019327735100909137
270337,3TC,NRTI,10,211,R,0.019238046420930292
270337,3TC,NRTI,1,67,D,0.99999995228368
270337,3TC,NRTI,2,65,K,0.1463894172545649
270337,3TC,NRTI,3,138,K,0.11870498068013817
270337,3TC,NRTI,4,66,K,0.06936429473615212
270337,3TC,NRTI,5,219,K,0.03132932991318206
270337,3TC,NRTI,6,136,N,0.025879506265939847
270337,3TC,NRTI,7,196,G,0.023146303461743192
270337,3TC,NRTI,8,43,K,0.020344677298538314
270337,3TC,NRTI,9,137,N,0.019327735100909137
270337,3TC,NRTI,10,211,R,0.019238046420930292
205653,3TC,NRTI,1,67,D,0.9999999522632455
205653,3TC,NRTI,2,65,K,0.14663648363204812
205653,3TC,NRTI,3,66,K,0.06942792598583167
205653,3TC,NRTI,4,219,K,0.03144318780834594
205653,3TC,NRTI,5,196,G,0.023027627337716166
205653,3TC,NRTI,6,43,K,0.019926408963521602
205653,3TC,NRTI,7,211,R,0.01923183312678204
205653,3TC,NRTI,8,70,K,0.019216484756286276
205653,3TC,NRTI,9,15,G,0.018451571026212633
205653,3TC,NRTI,10,68,S,0.018305413375707798
205653,3TC,NRTI,1,67,D,0.9999999522632455
205653,3TC,NRTI,2,65,K,0.14663648363204812
205653,3TC,NRTI,3,66,K,0.06942792598583167
205653,3TC,NRTI,4,219,K,0.03144318780834594
205653,3TC,NRTI,5,196,G,0.023027627337716166
205653,3TC,NRTI,6,43,K,0.019926408963521602
205653,3TC,NRTI,7,211,R,0.01923183312678204
205653,3TC,NRTI,8,70,K,0.019216484756286276
205653,3TC,NRTI,9,15,G,0.018451571026212633
205653,3TC,NRTI,10,68,S,0.018305413375707798
205652,3TC,NRTI,1,67,D,0.9999999522853537
205652,3TC,NRTI,2,65,K,0.16539331691207376
205652,3TC,NRTI,3,74,V,0.1376741394801061
205652,3TC,NRTI,4,66,K,0.0704443054134921
205652,3TC,NRTI,5,219,K,0.029525242822211327
205652,3TC,NRTI,6,70,K,0.021897968574509787
205652,3TC,NRTI,7,196,G,0.021433190953262446
205652,3TC,NRTI,8,43,K,0.01975040155852772
205652,3TC,NRTI,9,68,S,0.01927755907736763
205652,3TC,NRTI,10,15,G,0.018996650849776586
205652,3TC,NRTI,1,67,D,0.9999999522853537
205652,3TC,NRTI,2,65,K,0.16539331691207376
205652,3TC,NRTI,3,74,V,0.1376741394801061
205652,3TC,NRTI,4,66,K,0.0704443054134921
205652,3TC,NRTI,5,219,K,0.029525242822211327
205652,3TC,NRTI,6,70,K,0.021897968574509787
205652,3TC,NRTI,7,196,G,0.021433190953262446
205652,3TC,NRTI,8,43,K,0.01975040155852772
205652,3TC,NRTI,9,68,S,0.01927755907736763
205652,3TC,NRTI,10,15,G,0.018996650849776586
205681,3TC,NRTI,1,67,N,0.9999999523083732
205681,3TC,NRTI,2,211,N,0.23082717106364345
205681,3TC,NRTI,3,219,Q,0.052359994809803204
205681,3TC,NRTI,4,35,T,0.04980300940440069
205681,3TC,NRTI,5,70,R,0.03773569895593006
205681,3TC,NRTI,6,177,E,0.03553254845509742
205681,3TC,NRTI,7,196,E,0.03364638409328169
205681,3TC,NRTI,8,65,K,0.029143713058579414
205681,3TC,NRTI,9,106,A,0.021214278849998724
205681,3TC,NRTI,10,103,N,0.020561931922802396
205664,3TC,NRTI,1,67,D,0.9999999522774706
205664,3TC,NRTI,2,65,K,0.14596077783184974
205664,3TC,NRTI,3,66,K,0.06928065496184072
205664,3TC,NRTI,4,214,L,0.043061574704928315
205664,3TC,NRTI,5,219,K,0.035190313331840216
205664,3TC,NRTI,6,196,G,0.023481058057683364
205664,3TC,NRTI,7,211,R,0.020982831679885627
205664,3TC,NRTI,8,43,K,0.020321495083755383
205664,3TC,NRTI,9,15,G,0.01938707189091895
205664,3TC,NRTI,10,70,K,0.019191772242392116
205664,3TC,NRTI,1,67,D,0.9999999522774706
205664,3TC,NRTI,2,65,K,0.14596077783184974
205664,3TC,NRTI,3,66,K,0.06928065496184072
205664,3TC,NRTI,4,214,L,0.043061574704928315
205664,3TC,NRTI,5,219,K,0.035190313331840216
205664,3TC,NRTI,6,196,G,0.023481058057683364
205664,3TC,NRTI,7,211,R,0.020982831679885627
205664,3TC,NRTI,8,43,K,0.020321495083755383
205664,3TC,NRTI,9,15,G,0.01938707189091895
205664,3TC,NRTI,10,70,K,0.019191772242392116
205660,3TC,NRTI,1,67,D,0.9999999522887295
205660,3TC,NRTI,2,65,K,0.147431297135731
205660,3TC,NRTI,3,138,K,0.11866239218503681
205660,3TC,NRTI,4,66,K,0.07025238149842394
205660,3TC,NRTI,5,214,L,0.042530651744040325
205660,3TC,NRTI,6,219,K,0.03534796225112232
205660,3TC,NRTI,7,136,N,0.025941354879527787
205660,3TC,NRTI,8,196,G,0.023392710931753255
205660,3TC,NRTI,9,211,R,0.020902616993842566
205660,3TC,NRTI,10,43,K,0.02057805864053376
205660,3TC,NRTI,1,67,D,0.9999999522887295
205660,3TC,NRTI,2,65,K,0.147431297135731
205660,3TC,NRTI,3,138,K,0.11866239218503681
205660,3TC,NRTI,4,66,K,0.07025238149842394
205660,3TC,NRTI,5,214,L,0.042530651744040325
205660,3TC,NRTI,6,219,K,0.03534796225112232
205660,3TC,NRTI,7,136,N,0.025941354879527787
205660,3TC,NRTI,8,196,G,0.023392710931753255
205660,3TC,NRTI,9,211,R,0.020902616993842566
205660,3TC,NRTI,10,43,K,0.02057805864053376
771855,3TC,NRTI,1,65,R,1.0000000119113137
771855,3TC,NRTI,2,67,D,0.07661412199123137
771855,3TC,NRTI,3,225,H,0.0653702105657994
771855,3TC,NRTI,4,106,A,0.011397501736963803
771855,3TC,NRTI,5,66,K,0.0075712791462185375
771855,3TC,NRTI,6,219,K,0.003004984714572405
771855,3TC,NRTI,7,196,G,0.0019885446791621983
771855,3TC,NRTI,8,15,G,0.0019371338963469764
771855,3TC,NRTI,9,70,K,0.0018217180689232542
771855,3TC,NRTI,10,43,K,0.0017960725068343387
716523,3TC,NRTI,1,67,D,0.9999999522890987
716523,3TC,NRTI,2,188,L,0.3071482407676793
716523,3TC,NRTI,3,65,K,0.14859234030373347
716523,3TC,NRTI,4,66,K,0.06953205644636509
716523,3TC,NRTI,5,219,K,0.032410614279521806
716523,3TC,NRTI,6,196,G,0.02564189189436484
716523,3TC,NRTI,7,43,K,0.02014100092253302
716523,3TC,NRTI,8,211,R,0.019740751659617722
716523,3TC,NRTI,9,190,G,0.019444741911251052
716523,3TC,NRTI,10,15,G,0.019197540445152567
716520,3TC,NRTI,1,67,D,0.9999999522870452
716520,3TC,NRTI,2,65,K,0.14595451984719077
716520,3TC,NRTI,3,227,C,0.11157261251188398
716520,3TC,NRTI,4,66,K,0.06996303347268878
716520,3TC,NRTI,5,106,I,0.06251800089753465
716520,3TC,NRTI,6,219,K,0.036034205929401986
716520,3TC,NRTI,7,196,G,0.023957266709920953
716520,3TC,NRTI,8,43,K,0.020346526081589725
716520,3TC,NRTI,9,211,R,0.019611209631202785
716520,3TC,NRTI,10,70,K,0.019151884852077777
270338,3TC,NRTI,1,67,D,0.9999999522846232
270338,3TC,NRTI,2,101,E,0.23348633096787885
270338,3TC,NRTI,3,65,K,0.14806981098093563
270338,3TC,NRTI,4,66,K,0.07054525216360565
270338,3TC,NRTI,5,219,K,0.03188334320451358
270338,3TC,NRTI,6,196,G,0.02268924203275911
270338,3TC,NRTI,7,43,K,0.020316980389610616
270338,3TC,NRTI,8,70,K,0.019459420343317206
270338,3TC,NRTI,9,211,R,0.01925871791975186
270338,3TC,NRTI,10,15,G,0.019040903702205632
270338,3TC,NRTI,1,67,D,0.9999999522846232
270338,3TC,NRTI,2,101,E,0.23348633096787885
270338,3TC,NRTI,3,65,K,0.14806981098093563
270338,3TC,NRTI,4,66,K,0.07054525216360565
270338,3TC,NRTI,5,219,K,0.03188334320451358
270338,3TC,NRTI,6,196,G,0.02268924203275911
270338,3TC,NRTI,7,43,K,0.020316980389610616
270338,3TC,NRTI,8,70,K,0.019459420343317206
270338,3TC,NRTI,9,211,R,0.01925871791975186
270338,3TC,NRTI,10,15,G,0.019040903702205632
270335,3TC,NRTI,1,67,D,0.9999999522854093
270335,3TC,NRTI,2,65,K,0.14899120133263458
270335,3TC,NRTI,3,138,K,0.11862190524215711
270335,3TC,NRTI,4,66,K,0.06929230118713896
270335,3TC,NRTI,5,184,I,0.03537671687936911
270335,3TC,NRTI,6,219,K,0.03244021615685703
270335,3TC,NRTI,7,136,N,0.02612709008832182
270335,3TC,NRTI,8,196,G,0.02331815302053229
270335,3TC,NRTI,9,43,K,0.020652185359883588
270335,3TC,NRTI,10,15,G,0.019592964467911412
52839,3TC,NRTI,1,67,N,0.9999999523083917
52839,3TC,NRTI,2,75,M,0.1298808392864322
52839,3TC,NRTI,3,65,K,0.027299255780644363
52839,3TC,NRTI,4,210,W,0.01821108237115384
52839,3TC,NRTI,5,66,K,0.01346033695454494
52839,3TC,NRTI,6,41,L,0.0071688560360162225
52839,3TC,NRTI,7,215,Y,0.006819533570625471
52839,3TC,NRTI,8,219,K,0.005626697939835775
52839,3TC,NRTI,9,214,L,0.005358870123619384
52839,3TC,NRTI,10,211,R,0.004002284518300334
81866,3TC,NRTI,1,67,D,0.9999999522955565
81866,3TC,NRTI,2,83,K,0.25920409951329565
81866,3TC,NRTI,3,202,V,0.24483109044361226
81866,3TC,NRTI,4,101,E,0.23265968012008514
81866,3TC,NRTI,5,65,K,0.15103776400471686
81866,3TC,NRTI,6,123,E,0.10292008782345767
81866,3TC,NRTI,7,66,K,0.07223019077617453
81866,3TC,NRTI,8,219,K,0.03168919217139762
81866,3TC,NRTI,9,15,G,0.024972629791050617
81866,3TC,NRTI,10,196,G,0.02346505362345106
614693,3TC,NRTI,1,67,N,0.9999999523085872
614693,3TC,NRTI,2,219,E,0.3159457891042524
614693,3TC,NRTI,3,39,S,0.2397202399533708
614693,3TC,NRTI,4,228,H,0.1848166094760288
614693,3TC,NRTI,5,174,R,0.17250634239688298
614693,3TC,NRTI,6,162,A,0.0788905258524849
614693,3TC,NRTI,7,69,N,0.03739138574766562
614693,3TC,NRTI,8,70,R,0.03421767576542002
614693,3TC,NRTI,9,65,K,0.028582304104857015
614693,3TC,NRTI,10,218,E,0.028375967623046103
40381,3TC,NRTI,1,67,N,0.9999999523066743
40381,3TC,NRTI,2,219,R,0.49302092469943426
40381,3TC,NRTI,3,172,K,0.2054262151438569
40381,3TC,NRTI,4,189,I,0.049716776432295995
40381,3TC,NRTI,5,44,D,0.0496484068413781
40381,3TC,NRTI,6,188,L,0.036057920842687295
40381,3TC,NRTI,7,218,E,0.03223024592027555
40381,3TC,NRTI,8,162,C,0.027196154468254758
40381,3TC,NRTI,9,65,K,0.02696107815308567
40381,3TC,NRTI,10,210,W,0.017647269648286622
216594,3TC,NRTI,1,162,Y,0.9375698730758031
216594,3TC,NRTI,2,178,L,0.72787766873887
216594,3TC,NRTI,3,67,D,0.7203284024919889
216594,3TC,NRTI,4,83,K,0.15359449405997808
216594,3TC,NRTI,5,65,K,0.12039031357244276
216594,3TC,NRTI,6,66,K,0.058687235167323513
216594,3TC,NRTI,7,135,T,0.03442423541200827
216594,3TC,NRTI,8,219,K,0.027115634941379245
216594,3TC,NRTI,9,214,L,0.0225388519847353
216594,3TC,NRTI,10,15,G,0.020543662338652798
56287,3TC,NRTI,1,65,R,1.0000000119123067
56287,3TC,NRTI,2,173,N,0.1889126763924581
56287,3TC,NRTI,3,174,R,0.09640028174798185
56287,3TC,NRTI,4,67,D,0.07325195447523937
56287,3TC,NRTI,5,35,I,0.03152261492153138
56287,3TC,NRTI,6,83,K,0.015641122716219272
56287,3TC,NRTI,7,211,K,0.01266710571117201
56287,3TC,NRTI,8,103,N,0.010859774610816325
56287,3TC,NRTI,9,66,K,0.00739121430661953
56287,3TC,NRTI,10,219,K,0.0024348842107471055
5641,3TC,NRTI,1,196,R,0.9999999523041128
5641,3TC,NRTI,2,67,D,0.2611601951365254
5641,3TC,NRTI,3,98,S,0.10367992835904118
5641,3TC,NRTI,4,62,V,0.06733849162769505
5641,3TC,NRTI,5,70,R,0.06284297561463047
5641,3TC,NRTI,6,177,E,0.05699452944139703
5641,3TC,NRTI,7,65,K,0.049652443166911656
5641,3TC,NRTI,8,211,K,0.038845277180323476
5641,3TC,NRTI,9,207,E,0.028242831015922624
5641,3TC,NRTI,10,66,K,0.022956268536742493
75719,3TC,NRTI,1,64,R,0.999999952296084
75719,3TC,NRTI,2,67,D,0.579820385459994
75719,3TC,NRTI,3,225,H,0.4156112755382846
75719,3TC,NRTI,4,122,P,0.2326263673120659
75719,3TC,NRTI,5,177,E,0.1273168921490454
75719,3TC,NRTI,6,65,K,0.09745134717808611
75719,3TC,NRTI,7,103,N,0.07598042207390264
75719,3TC,NRTI,8,66,K,0.04752615672741511
75719,3TC,NRTI,9,135,T,0.02545684666492841
75719,3TC,NRTI,10,219,K,0.0219910028869433
614879,3TC,NRTI,1,67,D,0.7914155244590753
614879,3TC,NRTI,2,173,E,0.7558179981450789
614879,3TC,NRTI,3,35,I,0.34761668265941126
614879,3TC,NRTI,4,65,K,0.12767163794706146
614879,3TC,NRTI,5,103,N,0.11904082343624994
614879,3TC,NRTI,6,207,E,0.10233081618014332
614879,3TC,NRTI,7,200,A,0.09262150213195167
614879,3TC,NRTI,8,66,K,0.06250498928663467
614879,3TC,NRTI,9,219,K,0.027240122356470955
614879,3TC,NRTI,10,196,G,0.02173254664678546
614643,3TC,NRTI,1,67,N,0.9999999523064325
614643,3TC,NRTI,2,178,V,0.3252889670743633
614643,3TC,NRTI,3,107,A,0.18250011617641837
614643,3TC,NRTI,4,174,K,0.07894892075217085
614643,3TC,NRTI,5,228,R,0.05059350248517398
614643,3TC,NRTI,6,177,E,0.03523050271669806
614643,3TC,NRTI,7,196,E,0.03222617189697106
614643,3TC,NRTI,8,202,V,0.029706151577232408
614643,3TC,NRTI,9,20,R,0.028981572346169885
614643,3TC,NRTI,10,179,I,0.028727322333019584
771859,3TC,NRTI,1,67,D,0.9999999522882906
771859,3TC,NRTI,2,188,L,0.31138830065107614
771859,3TC,NRTI,3,65,K,0.14825062417713353
771859,3TC,NRTI,4,66,K,0.06909159485845101
771859,3TC,NRTI,5,219,K,0.03292179501259537
771859,3TC,NRTI,6,196,G,0.025454876372459478
771859,3TC,NRTI,7,43,K,0.020271951193547084
771859,3TC,NRTI,8,15,G,0.020116728264621186
771859,3TC,NRTI,9,211,R,0.01943407176897871
771859,3TC,NRTI,10,190,G,0.01914788631959303
716522,3TC,NRTI,1,67,D,0.999999952293119
716522,3TC,NRTI,2,106,M,0.31596750923121664
716522,3TC,NRTI,3,65,K,0.14612394622638358
716522,3TC,NRTI,4,227,C,0.1120524081248201
716522,3TC,NRTI,5,66,K,0.06974564342217379
716522,3TC,NRTI,6,219,K,0.03612067558059254
716522,3TC,NRTI,7,196,G,0.023957705707042275
716522,3TC,NRTI,8,43,K,0.0207828655106381
716522,3TC,NRTI,9,211,R,0.01962275618246108
716522,3TC,NRTI,10,15,G,0.019224711881747996
270336,3TC,NRTI,1,67,D,0.9999999522803987
270336,3TC,NRTI,2,101,E,0.23099135825839717
270336,3TC,NRTI,3,65,K,0.14887412501296257
270336,3TC,NRTI,4,138,K,0.1186930641001478
270336,3TC,NRTI,5,66,K,0.06978041773069521
270336,3TC,NRTI,6,184,I,0.03472441717182885
270336,3TC,NRTI,7,219,K,0.0320567679901878
270336,3TC,NRTI,8,136,N,0.026079457396824147
270336,3TC,NRTI,9,196,G,0.0229838933113736
270336,3TC,NRTI,10,43,K,0.02075803960566635
270336,3TC,NRTI,1,67,D,0.9999999522803987
270336,3TC,NRTI,2,101,E,0.23099135825839717
270336,3TC,NRTI,3,65,K,0.14887412501296257
270336,3TC,NRTI,4,138,K,0.1186930641001478
270336,3TC,NRTI,5,66,K,0.06978041773069521
270336,3TC,NRTI,6,184,I,0.03472441717182885
270336,3TC,NRTI,7,219,K,0.0320567679901878
270336,3TC,NRTI,8,136,N,0.026079457396824147
270336,3TC,NRTI,9,196,G,0.0229838933113736
270336,3TC,NRTI,10,43,K,0.02075803960566635
205685,3TC,NRTI,1,67,N,0.9999999523076497
205685,3TC,NRTI,2,103,R,0.11300556056818256
205685,3TC,NRTI,3,39,A,0.050663119109625065
205685,3TC,NRTI,4,219,Q,0.04749078314187044
205685,3TC,NRTI,5,135,L,0.04265550091846241
205685,3TC,NRTI,6,69,N,0.03935304736644239
205685,3TC,NRTI,7,70,R,0.03540650253510061
205685,3TC,NRTI,8,65,K,0.029089476923398035
205685,3TC,NRTI,9,66,K,0.013443953065357808
205685,3TC,NRTI,10,214,L,0.0044964023200536
205685,3TC,NRTI,1,67,N,0.9999999523076497
205685,3TC,NRTI,2,103,R,0.11300556056818256
205685,3TC,NRTI,3,39,A,0.050663119109625065
205685,3TC,NRTI,4,219,Q,0.04749078314187044
205685,3TC,NRTI,5,135,L,0.04265550091846241
205685,3TC,NRTI,6,69,N,0.03935304736644239
205685,3TC,NRTI,7,70,R,0.03540650253510061
205685,3TC,NRTI,8,65,K,0.029089476923398035
205685,3TC,NRTI,9,66,K,0.013443953065357808
205685,3TC,NRTI,10,214,L,0.0044964023200536
205665,3TC,NRTI,1,67,D,0.9999999522807864
205665,3TC,NRTI,2,65,K,0.14614602638771315
205665,3TC,NRTI,3,66,K,0.07004573552485584
205665,3TC,NRTI,4,214,L,0.04269469664168134
205665,3TC,NRTI,5,219,K,0.03516050755630295
205665,3TC,NRTI,6,196,G,0.02307259564000877
205665,3TC,NRTI,7,211,R,0.021024298728991843
205665,3TC,NRTI,8,43,K,0.020128190256226933
205665,3TC,NRTI,9,70,K,0.019228442786955582
205665,3TC,NRTI,10,15,G,0.018492796010321243
205665,3TC,NRTI,1,67,D,0.9999999522807864
205665,3TC,NRTI,2,65,K,0.14614602638771315
205665,3TC,NRTI,3,66,K,0.07004573552485584
205665,3TC,NRTI,4,214,L,0.04269469664168134
205665,3TC,NRTI,5,219,K,0.03516050755630295
205665,3TC,NRTI,6,196,G,0.02307259564000877
205665,3TC,NRTI,7,211,R,0.021024298728991843
205665,3TC,NRTI,8,43,K,0.020128190256226933
205665,3TC,NRTI,9,70,K,0.019228442786955582
205665,3TC,NRTI,10,15,G,0.018492796010321243
205663,3TC,NRTI,1,67,D,0.999999952280112
205663,3TC,NRTI,2,65,K,0.14812834743330294
205663,3TC,NRTI,3,66,K,0.06923802611191998
205663,3TC,NRTI,4,214,L,0.0428291237720411
205663,3TC,NRTI,5,219,K,0.035469886896459364
205663,3TC,NRTI,6,184,I,0.035382860225422134
205663,3TC,NRTI,7,196,G,0.02324754622827653
205663,3TC,NRTI,8,211,R,0.021033571678223634
205663,3TC,NRTI,9,43,K,0.01997841034427873
205663,3TC,NRTI,10,70,K,0.019090483446928642
205663,3TC,NRTI,1,67,D,0.999999952280112
205663,3TC,NRTI,2,65,K,0.14812834743330294
205663,3TC,NRTI,3,66,K,0.06923802611191998
205663,3TC,NRTI,4,214,L,0.0428291237720411
205663,3TC,NRTI,5,219,K,0.035469886896459364
205663,3TC,NRTI,6,184,I,0.035382860225422134
205663,3TC,NRTI,7,196,G,0.02324754622827653
205663,3TC,NRTI,8,211,R,0.021033571678223634
205663,3TC,NRTI,9,43,K,0.01997841034427873
205663,3TC,NRTI,10,70,K,0.019090483446928642
205650,3TC,NRTI,1,67,D,0.9999999522921558
205650,3TC,NRTI,2,151,M,0.20386037183156858
205650,3TC,NRTI,3,65,K,0.1438647252145984
205650,3TC,NRTI,4,66,K,0.06903934028625285
205650,3TC,NRTI,5,219,K,0.03191400152454664
205650,3TC,NRTI,6,196,G,0.022734211157534222
205650,3TC,NRTI,7,43,K,0.02004849547052536
205650,3TC,NRTI,8,136,N,0.01951485690256101
205650,3TC,NRTI,9,70,K,0.019237337641209287
205650,3TC,NRTI,10,211,R,0.019217340099660925
205650,3TC,NRTI,1,67,D,0.9999999522921558
205650,3TC,NRTI,2,151,M,0.20386037183156858
205650,3TC,NRTI,3,65,K,0.1438647252145984
205650,3TC,NRTI,4,66,K,0.06903934028625285
205650,3TC,NRTI,5,219,K,0.03191400152454664
205650,3TC,NRTI,6,196,G,0.022734211157534222
205650,3TC,NRTI,7,43,K,0.02004849547052536
205650,3TC,NRTI,8,136,N,0.01951485690256101
205650,3TC,NRTI,9,70,K,0.019237337641209287
205650,3TC,NRTI,10,211,R,0.019217340099660925
771858,3TC,NRTI,1,65,R,1.0000000119122325
771858,3TC,NRTI,2,67,D,0.07581379454545328
771858,3TC,NRTI,3,106,M,0.02116487006934089
771858,3TC,NRTI,4,66,K,0.007561272195227723
771858,3TC,NRTI,5,227,C,0.007502049781063389
771858,3TC,NRTI,6,219,K,0.002783186941165365
771858,3TC,NRTI,7,15,G,0.002055319452228188
771858,3TC,NRTI,8,196,G,0.002033270402884233
771858,3TC,NRTI,9,43,K,0.0018769955114544476
771858,3TC,NRTI,10,70,K,0.0017873346273488372
716517,3TC,NRTI,1,67,D,0.9208828925797732
716517,3TC,NRTI,2,98,G,0.7125257769638914
716517,3TC,NRTI,3,65,K,0.1401454953305029
716517,3TC,NRTI,4,227,C,0.09660512184799529
716517,3TC,NRTI,5,66,K,0.06725364982669793
716517,3TC,NRTI,6,219,K,0.03350098556923357
716517,3TC,NRTI,7,196,G,0.02280488001869804
716517,3TC,NRTI,8,43,K,0.019994422290307023
716517,3TC,NRTI,9,15,G,0.01957455883630472
716517,3TC,NRTI,10,211,R,0.01840864540644571
205681,3TC,NRTI,1,67,N,0.9999999523083732
205681,3TC,NRTI,2,211,N,0.23082717106364345
205681,3TC,NRTI,3,219,Q,0.052359994809803204
205681,3TC,NRTI,4,35,T,0.04980300940440069
205681,3TC,NRTI,5,70,R,0.03773569895593006
205681,3TC,NRTI,6,177,E,0.03553254845509742
205681,3TC,NRTI,7,196,E,0.03364638409328169
205681,3TC,NRTI,8,65,K,0.029143713058579414
205681,3TC,NRTI,9,106,A,0.021214278849998724
205681,3TC,NRTI,10,103,N,0.020561931922802396
44022,3TC,NRTI,1,67,D,0.9999999523018388
44022,3TC,NRTI,2,116,Y,0.3811160651328758
44022,3TC,NRTI,3,202,V,0.24604742856797113
44022,3TC,NRTI,4,151,M,0.1935617631658937
44022,3TC,NRTI,5,135,V,0.18907555709243726
44022,3TC,NRTI,6,65,K,0.15179238843159615
44022,3TC,NRTI,7,200,A,0.13229370487001532
44022,3TC,NRTI,8,60,I,0.11526816120263059
44022,3TC,NRTI,9,123,E,0.10348544447118134
44022,3TC,NRTI,10,66,K,0.07280567299939705
716519,3TC,NRTI,1,67,D,0.8466575860703665
716519,3TC,NRTI,2,225,H,0.7648430147297374
716519,3TC,NRTI,3,65,K,0.13136328675592907
716519,3TC,NRTI,4,106,A,0.13090517007323665
716519,3TC,NRTI,5,66,K,0.06415234942443382
716519,3TC,NRTI,6,219,K,0.03507975001927614
716519,3TC,NRTI,7,196,G,0.021243022880776168
716519,3TC,NRTI,8,43,K,0.018518494279787936
716519,3TC,NRTI,9,15,G,0.018194536710356795
716519,3TC,NRTI,10,211,R,0.01725950675613408
716518,3TC,NRTI,1,67,D,0.9250667810178037
716518,3TC,NRTI,2,98,G,0.7091311082537356
716518,3TC,NRTI,3,221,Y,0.28570566133681397
716518,3TC,NRTI,4,65,K,0.14020356107710324
716518,3TC,NRTI,5,227,C,0.09889751778012999
716518,3TC,NRTI,6,66,K,0.06715394945296138
716518,3TC,NRTI,7,106,I,0.056171800306219447
716518,3TC,NRTI,8,219,K,0.038961275414659685
716518,3TC,NRTI,9,196,G,0.022814299804023244
716518,3TC,NRTI,10,43,K,0.0200061376596974
205662,3TC,NRTI,1,67,D,0.9999999522862518
205662,3TC,NRTI,2,65,K,0.14749736721968298
205662,3TC,NRTI,3,138,K,0.11819375065151976
205662,3TC,NRTI,4,66,K,0.06962777353055825
205662,3TC,NRTI,5,214,L,0.04283006191963065
205662,3TC,NRTI,6,219,K,0.03565985228925267
205662,3TC,NRTI,7,136,N,0.02572619315198207
205662,3TC,NRTI,8,196,G,0.023733413193490746
205662,3TC,NRTI,9,211,R,0.021019257675697307
205662,3TC,NRTI,10,43,K,0.020980715199415138
205662,3TC,NRTI,1,67,D,0.9999999522862518
205662,3TC,NRTI,2,65,K,0.14749736721968298
205662,3TC,NRTI,3,138,K,0.11819375065151976
205662,3TC,NRTI,4,66,K,0.06962777353055825
205662,3TC,NRTI,5,214,L,0.04283006191963065
205662,3TC,NRTI,6,219,K,0.03565985228925267
205662,3TC,NRTI,7,136,N,0.02572619315198207
205662,3TC,NRTI,8,196,G,0.023733413193490746
205662,3TC,NRTI,9,211,R,0.021019257675697307
205662,3TC,NRTI,10,43,K,0.020980715199415138
205651,3TC,NRTI,1,67,D,0.9999999522853537
205651,3TC,NRTI,2,65,K,0.16539331691207376
205651,3TC,NRTI,3,74,V,0.1376741394801061
205651,3TC,NRTI,4,66,K,0.0704443054134921
205651,3TC,NRTI,5,219,K,0.029525242822211327
205651,3TC,NRTI,6,70,K,0.021897968574509787
205651,3TC,NRTI,7,196,G,0.021433190953262446
205651,3TC,NRTI,8,43,K,0.01975040155852772
205651,3TC,NRTI,9,68,S,0.01927755907736763
205651,3TC,NRTI,10,15,G,0.018996650849776586
205651,3TC,NRTI,1,67,D,0.9999999522853537
205651,3TC,NRTI,2,65,K,0.16539331691207376
205651,3TC,NRTI,3,74,V,0.1376741394801061
205651,3TC,NRTI,4,66,K,0.0704443054134921
205651,3TC,NRTI,5,219,K,0.029525242822211327
205651,3TC,NRTI,6,70,K,0.021897968574509787
205651,3TC,NRTI,7,196,G,0.021433190953262446
205651,3TC,NRTI,8,43,K,0.01975040155852772
205651,3TC,NRTI,9,68,S,0.01927755907736763
205651,3TC,NRTI,10,15,G,0.018996650849776586
771857,3TC,NRTI,1,67,D,0.9999999522869146
771857,3TC,NRTI,2,221,Y,0.3239256915878397
771857,3TC,NRTI,3,65,K,0.15010042057409492
771857,3TC,NRTI,4,227,C,0.11005727554015707
771857,3TC,NRTI,5,66,K,0.06979409838015407
771857,3TC,NRTI,6,106,I,0.061964791588596066
771857,3TC,NRTI,7,219,K,0.04224468577311821
771857,3TC,NRTI,8,196,G,0.024134700920375306
771857,3TC,NRTI,9,43,K,0.020807724964963997
771857,3TC,NRTI,10,15,G,0.020693926323653238
771856,3TC,NRTI,1,67,D,0.9999999522870452
771856,3TC,NRTI,2,65,K,0.14595451984719077
771856,3TC,NRTI,3,227,C,0.11157261251188398
771856,3TC,NRTI,4,66,K,0.06996303347268878
771856,3TC,NRTI,5,106,I,0.06251800089753465
771856,3TC,NRTI,6,219,K,0.036034205929401986
771856,3TC,NRTI,7,196,G,0.023957266709920953
771856,3TC,NRTI,8,43,K,0.020346526081589725
771856,3TC,NRTI,9,211,R,0.019611209631202785
771856,3TC,NRTI,10,70,K,0.019151884852077777
205677,3TC,NRTI,1,67,N,0.9999999523107588
205677,3TC,NRTI,2,35,R,0.1139096233668655
205677,3TC,NRTI,3,122,Q,0.09063410465491714
205677,3TC,NRTI,4,49,R,0.057571924584071774
205677,3TC,NRTI,5,219,Q,0.05143107639130039
205677,3TC,NRTI,6,228,R,0.048586782830441294
205677,3TC,NRTI,7,189,I,0.04666982103442879
205677,3TC,NRTI,8,162,D,0.04079821377983806
205677,3TC,NRTI,9,69,N,0.03925072171808601
205677,3TC,NRTI,10,70,R,0.03541181236747839
205677,3TC,NRTI,1,67,N,0.9999999523107588
205677,3TC,NRTI,2,35,R,0.1139096233668655
205677,3TC,NRTI,3,122,Q,0.09063410465491714
205677,3TC,NRTI,4,49,R,0.057571924584071774
205677,3TC,NRTI,5,219,Q,0.05143107639130039
205677,3TC,NRTI,6,228,R,0.048586782830441294
205677,3TC,NRTI,7,189,I,0.04666982103442879
205677,3TC,NRTI,8,162,D,0.04079821377983806
205677,3TC,NRTI,9,69,N,0.03925072171808601
205677,3TC,NRTI,10,70,R,0.03541181236747839
143485,3TC,NRTI,1,102,Q,0.9999999522882326
143485,3TC,NRTI,2,145,M,0.49627598555938146
143485,3TC,NRTI,3,67,D,0.4902634874961748
143485,3TC,NRTI,4,162,C,0.08256802084060169
143485,3TC,NRTI,5,65,K,0.08165974269874696
143485,3TC,NRTI,6,66,K,0.04005822987511112
143485,3TC,NRTI,7,219,K,0.01725028602920886
143485,3TC,NRTI,8,196,G,0.013034979094017353
143485,3TC,NRTI,9,43,K,0.012723220647580597
143485,3TC,NRTI,10,15,G,0.012705392960751356
109393,3TC,NRTI,1,67,D,0.9740893959780303
109393,3TC,NRTI,2,162,A,0.7113926333780389
109393,3TC,NRTI,3,158,S,0.5887076244295386
109393,3TC,NRTI,4,169,D,0.5726007052831847
109393,3TC,NRTI,5,122,P,0.5063149042853253
109393,3TC,NRTI,6,177,E,0.26485553269678985
109393,3TC,NRTI,7,65,K,0.145952187636068
109393,3TC,NRTI,8,200,A,0.1253469271559328
109393,3TC,NRTI,9,123,E,0.10955839468195011
109393,3TC,NRTI,10,66,K,0.07041266133397642
117074,3TC,NRTI,1,219,R,0.9999999523048371
117074,3TC,NRTI,2,43,N,0.696933729878661
117074,3TC,NRTI,3,67,D,0.3257622137973203
117074,3TC,NRTI,4,98,S,0.14404162263856557
117074,3TC,NRTI,5,122,P,0.1360139615328603
117074,3TC,NRTI,6,228,R,0.11581648915948825
117074,3TC,NRTI,7,44,D,0.10790157577933818
117074,3TC,NRTI,8,177,E,0.07539995676401241
117074,3TC,NRTI,9,196,E,0.07282291306261293
117074,3TC,NRTI,10,211,K,0.06464434633627728
11501,3TC,NRTI,1,67,D,0.9999999522973546
11501,3TC,NRTI,2,62,V,0.3163941393319812
11501,3TC,NRTI,3,75,T,0.2695415751335998
11501,3TC,NRTI,4,83,K,0.2260540462294544
11501,3TC,NRTI,5,65,K,0.1773171067090945
11501,3TC,NRTI,6,123,E,0.08698496124914294
11501,3TC,NRTI,7,66,K,0.08079497410965768
11501,3TC,NRTI,8,41,L,0.04974048694780134
11501,3TC,NRTI,9,215,Y,0.04825071570495818
11501,3TC,NRTI,10,219,K,0.034106897691270566
207306,3TC,NRTI,1,67,N,0.9999999523077764
207306,3TC,NRTI,2,173,Q,0.27943224421387913
207306,3TC,NRTI,3,219,Q,0.0499976558144198
207306,3TC,NRTI,4,70,R,0.037205545185105646
207306,3TC,NRTI,5,65,K,0.029687775373900334
207306,3TC,NRTI,6,103,N,0.020131555392392846
207306,3TC,NRTI,7,66,K,0.014073441464759915
207306,3TC,NRTI,8,68,S,0.004209057884795164
207306,3TC,NRTI,9,196,G,0.003540850869581885
207306,3TC,NRTI,10,15,G,0.003371661744561206
116520,3TC,NRTI,1,67,N,0.9999999523090011
116520,3TC,NRTI,2,211,T,0.3680473319393768
116520,3TC,NRTI,3,35,K,0.31528736227991544
116520,3TC,NRTI,4,207,K,0.28366567588175506
116520,3TC,NRTI,5,39,A,0.055017120529167164
116520,3TC,NRTI,6,162,D,0.04356559649634291
116520,3TC,NRTI,7,65,K,0.027259864732468178
116520,3TC,NRTI,8,135,V,0.026215209634177467
116520,3TC,NRTI,9,210,W,0.017333921302698462
116520,3TC,NRTI,10,200,A,0.015496865400744906
44012,3TC,NRTI,1,67,N,0.9999999523084513
44012,3TC,NRTI,2,219,N,0.4432889710322926
44012,3TC,NRTI,3,32,T,0.33367998396012716
44012,3TC,NRTI,4,47,V,0.09526300899710023
44012,3TC,NRTI,5,98,S,0.06553047600017495
44012,3TC,NRTI,6,39,A,0.05280133703383149
44012,3TC,NRTI,7,44,D,0.04771145236542382
44012,3TC,NRTI,8,211,K,0.028225719204146876
44012,3TC,NRTI,9,65,K,0.02670598887196555
44012,3TC,NRTI,10,208,Y,0.024302233593121333
614809,3TC,NRTI,1,28,A,0.9999999522947073
614809,3TC,NRTI,2,177,G,0.7265469685060698
614809,3TC,NRTI,3,173,A,0.5794926617737739
614809,3TC,NRTI,4,211,S,0.5560897087808404
614809,3TC,NRTI,5,39,Q,0.5509203011204347
614809,3TC,NRTI,6,207,A,0.4610246798817721
614809,3TC,NRTI,7,67,D,0.3148133325078141
614809,3TC,NRTI,8,11,T,0.26590859144700507
614809,3TC,NRTI,9,174,K,0.14759170253181655
614809,3TC,NRTI,10,169,D,0.1277715170810454
97969,3TC,NRTI,1,67,N,0.9999999523070071
97969,3TC,NRTI,2,219,N,0.45323563593481475
97969,3TC,NRTI,3,44,A,0.36712663473720225
97969,3TC,NRTI,4,43,E,0.30742123507606184
97969,3TC,NRTI,5,223,Q,0.2380964112447
97969,3TC,NRTI,6,27,S,0.2343084937192525
97969,3TC,NRTI,7,181,G,0.17050205993970935
97969,3TC,NRTI,8,158,S,0.06777594345307884
97969,3TC,NRTI,9,6,D,0.05809746964039764
97969,3TC,NRTI,10,228,R,0.05081245735433217
615235,3TC,NRTI,1,67,N,0.9999999523081534
615235,3TC,NRTI,2,123,N,0.18381986599237057
615235,3TC,NRTI,3,190,A,0.08252306522799711
615235,3TC,NRTI,4,103,S,0.07496178039873752
615235,3TC,NRTI,5,219,Q,0.04942855948532016
615235,3TC,NRTI,6,69,N,0.03834922826538908
615235,3TC,NRTI,7,70,R,0.03433921614841918
615235,3TC,NRTI,8,65,K,0.030197502923965266
615235,3TC,NRTI,9,20,R,0.027884200755900444
615235,3TC,NRTI,10,218,E,0.027659724372666308
173669,3TC,NRTI,1,173,I,0.9999999522883927
173669,3TC,NRTI,2,138,G,0.7138580250681339
173669,3TC,NRTI,3,176,A,0.6921034093718788
173669,3TC,NRTI,4,123,S,0.6713557061543718
173669,3TC,NRTI,5,207,D,0.5591321035013896
173669,3TC,NRTI,6,179,E,0.5465791737570023
173669,3TC,NRTI,7,67,D,0.5264393114520017
173669,3TC,NRTI,8,174,K,0.24760975205930938
173669,3TC,NRTI,9,35,T,0.1591819184106242
173669,3TC,NRTI,10,65,K,0.09334604781958669
66814,3TC,NRTI,1,67,D,0.9388488053929437
66814,3TC,NRTI,2,21,I,0.7567880873085682
66814,3TC,NRTI,3,162,C,0.20124388684296635
66814,3TC,NRTI,4,65,K,0.14126770377959125
66814,3TC,NRTI,5,207,E,0.13928428044208008
66814,3TC,NRTI,6,66,K,0.0668591271333786
66814,3TC,NRTI,7,219,K,0.03039447195921418
66814,3TC,NRTI,8,211,R,0.023064298985844507
66814,3TC,NRTI,9,196,G,0.022439261767628907
66814,3TC,NRTI,10,43,K,0.020659971175730305
144046,3TC,NRTI,1,67,N,0.9999999523087375
144046,3TC,NRTI,2,43,Q,0.5976845022828543
144046,3TC,NRTI,3,101,H,0.23680260592300767
144046,3TC,NRTI,4,190,A,0.09478087303194485
144046,3TC,NRTI,5,49,R,0.06024586094469194
144046,3TC,NRTI,6,44,D,0.047220519874382916
144046,3TC,NRTI,7,218,E,0.03276928359086514
144046,3TC,NRTI,8,65,K,0.02881164313787696
144046,3TC,NRTI,9,181,C,0.021616584556204133
144046,3TC,NRTI,10,210,W,0.01691729356231592
77372,3TC,NRTI,1,67,D,0.9999999522997105
77372,3TC,NRTI,2,177,E,0.25157990135575525
77372,3TC,NRTI,3,179,I,0.21045366186391296
77372,3TC,NRTI,4,65,K,0.16795947274586998
77372,3TC,NRTI,5,74,V,0.13744653627259662
77372,3TC,NRTI,6,210,W,0.13224448270620867
77372,3TC,NRTI,7,123,E,0.09383935411010963
77372,3TC,NRTI,8,66,K,0.07046050828335709
77372,3TC,NRTI,9,135,T,0.05445906368476234
77372,3TC,NRTI,10,41,L,0.05384574348074419
148110,3TC,NRTI,1,67,D,0.999999952279736
148110,3TC,NRTI,2,211,K,0.21893442743441321
148110,3TC,NRTI,3,65,K,0.14792748952546816
148110,3TC,NRTI,4,66,K,0.07051758734520558
148110,3TC,NRTI,5,219,K,0.0317714321573517
148110,3TC,NRTI,6,196,G,0.02315129208212316
148110,3TC,NRTI,7,43,K,0.02054177007615637
148110,3TC,NRTI,8,70,K,0.01941153048377783
148110,3TC,NRTI,9,15,G,0.018997627938470513
148110,3TC,NRTI,10,68,S,0.018207004733174055
259192,3TC,NRTI,1,67,N,0.9999999523071685
259192,3TC,NRTI,2,33,G,0.38747166662515614
259192,3TC,NRTI,3,203,K,0.3254393292414139
259192,3TC,NRTI,4,211,A,0.3066551510233659
259192,3TC,NRTI,5,192,N,0.17757259613448323
259192,3TC,NRTI,6,138,A,0.173305765254632
259192,3TC,NRTI,7,4,T,0.14328076939644122
259192,3TC,NRTI,8,190,A,0.07709775770102369
259192,3TC,NRTI,9,103,S,0.06691180603449814
259192,3TC,NRTI,10,6,D,0.0587717100761846
8040,3TC,NRTI,1,67,N,0.999999952307994
8040,3TC,NRTI,2,177,G,0.31088297928558517
8040,3TC,NRTI,3,35,I,0.05354938058971698
8040,3TC,NRTI,4,69,D,0.05225373471009015
8040,3TC,NRTI,5,219,Q,0.04880961958516385
8040,3TC,NRTI,6,135,L,0.041082529174434695
8040,3TC,NRTI,7,70,R,0.033925899812958044
8040,3TC,NRTI,8,65,K,0.028114341091723193
8040,3TC,NRTI,9,218,E,0.027445759621915602
8040,3TC,NRTI,10,211,K,0.02388620424237881
614659,3TC,NRTI,1,178,M,0.9999999522944526
614659,3TC,NRTI,2,123,N,0.4715889343009323
614659,3TC,NRTI,3,67,D,0.34521058431778423
614659,3TC,NRTI,4,174,K,0.1890423870951044
614659,3TC,NRTI,5,196,E,0.07290145032107527
614659,3TC,NRTI,6,65,K,0.05934671223379401
614659,3TC,NRTI,7,66,K,0.028072904523569902
614659,3TC,NRTI,8,219,K,0.011898024251865945
614659,3TC,NRTI,9,15,G,0.009123764040438697
614659,3TC,NRTI,10,43,K,0.008708997814916889
109447,3TC,NRTI,1,67,D,0.9999999522961631
109447,3TC,NRTI,2,196,E,0.28547421134581313
109447,3TC,NRTI,3,211,K,0.21167924924642645
109447,3TC,NRTI,4,65,K,0.15572144685004263
109447,3TC,NRTI,5,207,E,0.15016276982706503
109447,3TC,NRTI,6,60,I,0.11588830760714121
109447,3TC,NRTI,7,123,E,0.10215465270706191
109447,3TC,NRTI,8,66,K,0.07178665881415777
109447,3TC,NRTI,9,135,T,0.058145535770588036
109447,3TC,NRTI,10,142,V,0.03972870209661969
10126,TDF,NRTI,1,69,T,0.999999952306748
10126,TDF,NRTI,2,67,N,0.02767522881184329
10126,TDF,NRTI,3,98,S,0.023712333831955135
10126,TDF,NRTI,4,135,V,0.021406691486946655
10126,TDF,NRTI,5,200,A,0.005548181585532343
10126,TDF,NRTI,6,207,E,0.004938559541624182
10126,TDF,NRTI,7,68,S,0.004736269832099608
10126,TDF,NRTI,8,70,K,0.0027993813500118937
10126,TDF,NRTI,9,162,C,0.002269975072075252
10126,TDF,NRTI,10,177,D,0.0021274683430968296
73551,TDF,NRTI,1,69,T,1.0000000119121544
73551,TDF,NRTI,2,68,G,0.31173316946436436
73551,TDF,NRTI,3,67,G,0.11570201519358131
73551,TDF,NRTI,4,1,L,0.02531273494068326
73551,TDF,NRTI,5,177,E,0.02361072211886253
73551,TDF,NRTI,6,135,T,0.008234896794792206
73551,TDF,NRTI,7,219,E,0.007714070136860891
73551,TDF,NRTI,8,123,E,0.004340382205171129
73551,TDF,NRTI,9,70,K,0.0033930840866168125
73551,TDF,NRTI,10,200,A,0.0030694821634488574
56249,TDF,NRTI,1,69,T,0.9999999523030224
56249,TDF,NRTI,2,35,L,0.03505606446699909
56249,TDF,NRTI,3,178,L,0.028388220846835795
56249,TDF,NRTI,4,67,D,0.007508621252641503
56249,TDF,NRTI,5,207,E,0.007056825991166897
56249,TDF,NRTI,6,20,R,0.006692553937791116
56249,TDF,NRTI,7,68,S,0.003958323032643376
56249,TDF,NRTI,8,103,N,0.0037239952933136146
56249,TDF,NRTI,9,162,C,0.003214370526681012
56249,TDF,NRTI,10,177,D,0.002981594748361842
614859,TDF,NRTI,1,69,T,0.9999999523004051
614859,TDF,NRTI,2,35,T,0.013232321100357393
614859,TDF,NRTI,3,123,E,0.007970914518749726
614859,TDF,NRTI,4,67,D,0.006972985487219396
614859,TDF,NRTI,5,68,S,0.003800809920999679
614859,TDF,NRTI,6,202,V,0.0024756896332977073
614859,TDF,NRTI,7,70,K,0.002327942147482112
614859,TDF,NRTI,8,177,D,0.0018105892279830765
614859,TDF,NRTI,9,138,E,0.0013980807802662846
614859,TDF,NRTI,10,139,T,0.0011437428786600294
614627,TDF,NRTI,1,69,D,1.0000000119152155
614627,TDF,NRTI,2,194,D,0.015167438797884552
614627,TDF,NRTI,3,223,T,0.003239609112133073
614627,TDF,NRTI,4,79,D,0.003163846648620376
614627,TDF,NRTI,5,39,D,0.002820666473534534
614627,TDF,NRTI,6,203,V,0.002653470821093795
614627,TDF,NRTI,7,67,N,0.0018861611697740042
614627,TDF,NRTI,8,21,I,0.0016700356349211545
614627,TDF,NRTI,9,75,I,0.0009290535561934084
614627,TDF,NRTI,10,196,E,0.0008539901548909473
615375,TDF,NRTI,1,69,T,0.9999999523056053
615375,TDF,NRTI,2,200,I,0.15080746850436597
615375,TDF,NRTI,3,177,E,0.04038857793176017
615375,TDF,NRTI,4,67,D,0.007060619338391742
615375,TDF,NRTI,5,68,S,0.0037892135102327845
615375,TDF,NRTI,6,70,K,0.0023671562655347023
615375,TDF,NRTI,7,211,K,0.002350167352338916
615375,TDF,NRTI,8,138,E,0.0012940340184564839
615375,TDF,NRTI,9,194,E,0.0011367932426348522
615375,TDF,NRTI,10,139,T,0.001088424585427167
81888,TDF,NRTI,1,69,T,0.9999999523087537
81888,TDF,NRTI,2,200,K,0.09778920425467619
81888,TDF,NRTI,3,203,D,0.06754610022935784
81888,TDF,NRTI,4,107,S,0.029783166134108193
81888,TDF,NRTI,5,67,N,0.026085234590764343
81888,TDF,NRTI,6,43,E,0.020453987255804724
81888,TDF,NRTI,7,135,T,0.011900749282161992
81888,TDF,NRTI,8,39,A,0.00957547834052389
81888,TDF,NRTI,9,44,D,0.007603715395628776
81888,TDF,NRTI,10,35,I,0.007047522632829347
59265,TDF,NRTI,1,69,T,0.9999999523050002
59265,TDF,NRTI,2,195,L,0.13635086959630863
59265,TDF,NRTI,3,169,K,0.04371463902124261
59265,TDF,NRTI,4,173,E,0.029060174840271936
59265,TDF,NRTI,5,178,L,0.02714164279485091
59265,TDF,NRTI,6,200,A,0.007820988656686217
59265,TDF,NRTI,7,67,D,0.007114106104119659
59265,TDF,NRTI,8,68,S,0.0035811022899849563
59265,TDF,NRTI,9,177,D,0.002909875566286973
59265,TDF,NRTI,10,70,K,0.002366611854818721
259216,TDF,NRTI,1,69,T,1.0000000119048593
259216,TDF,NRTI,2,68,G,0.24903508406262334
259216,TDF,NRTI,3,196,E,0.006672615402953719
259216,TDF,NRTI,4,67,D,0.004425247658890175
259216,TDF,NRTI,5,70,K,0.0035741119940261162
259216,TDF,NRTI,6,177,D,0.0018212994366714275
259216,TDF,NRTI,7,194,E,0.0011932168894741402
259216,TDF,NRTI,8,138,E,0.001136045483001295
259216,TDF,NRTI,9,139,T,0.0010939748184463985
259216,TDF,NRTI,10,27,T,0.0008915377096062574
615175,TDF,NRTI,1,69,T,0.9999999523078206
615175,TDF,NRTI,2,142,T,0.049548778509611056
615175,TDF,NRTI,3,177,E,0.030586267624862183
615175,TDF,NRTI,4,39,A,0.012517525374313018
615175,TDF,NRTI,5,196,E,0.01202754217743787
615175,TDF,NRTI,6,35,R,0.008429420646085503
615175,TDF,NRTI,7,67,D,0.006451179905405701
615175,TDF,NRTI,8,68,S,0.003782244535065789
615175,TDF,NRTI,9,103,N,0.002436533766146477
615175,TDF,NRTI,10,70,K,0.002427136000467827
205649,TDF,NRTI,1,69,T,0.9999999522861079
205649,TDF,NRTI,2,67,D,0.007410136407101658
205649,TDF,NRTI,3,68,S,0.003886994252198412
205649,TDF,NRTI,4,70,K,0.0024806363748648046
205649,TDF,NRTI,5,177,D,0.0018638517913854014
205649,TDF,NRTI,6,138,E,0.0013204528669595787
205649,TDF,NRTI,7,139,T,0.001006784337451516
205649,TDF,NRTI,8,194,E,0.0008469824918781681
205649,TDF,NRTI,9,200,T,0.0007362546674596542
205649,TDF,NRTI,10,192,D,0.0006459334670883274
205649,TDF,NRTI,1,69,T,0.9999999522861079
205649,TDF,NRTI,2,67,D,0.007410136407101658
205649,TDF,NRTI,3,68,S,0.003886994252198412
205649,TDF,NRTI,4,70,K,0.0024806363748648046
205649,TDF,NRTI,5,177,D,0.0018638517913854014
205649,TDF,NRTI,6,138,E,0.0013204528669595787
205649,TDF,NRTI,7,139,T,0.001006784337451516
205649,TDF,NRTI,8,194,E,0.0008469824918781681
205649,TDF,NRTI,9,200,T,0.0007362546674596542
205649,TDF,NRTI,10,192,D,0.0006459334670883274
716521,TDF,NRTI,1,69,T,0.999999952300943
716521,TDF,NRTI,2,67,D,0.007467631339634959
716521,TDF,NRTI,3,68,S,0.003895051280613993
716521,TDF,NRTI,4,70,K,0.0025112487026400718
716521,TDF,NRTI,5,221,Y,0.002505990496083675
716521,TDF,NRTI,6,177,D,0.0019932836888513494
716521,TDF,NRTI,7,227,C,0.001566082297211188
716521,TDF,NRTI,8,138,E,0.0013645668283548975
716521,TDF,NRTI,9,139,T,0.0010584734960091351
716521,TDF,NRTI,10,194,E,0.0009384106002773593
771854,TDF,NRTI,1,69,T,0.9999999523039615
771854,TDF,NRTI,2,98,G,0.03151877668436321
771854,TDF,NRTI,3,67,D,0.00720761757426254
771854,TDF,NRTI,4,68,S,0.0038361935704299306
771854,TDF,NRTI,5,70,K,0.002464096303516614
771854,TDF,NRTI,6,221,Y,0.0024340052482241174
771854,TDF,NRTI,7,177,D,0.0019279960104504612
771854,TDF,NRTI,8,227,C,0.0014762174388579102
771854,TDF,NRTI,9,138,E,0.001342180286871695
771854,TDF,NRTI,10,139,T,0.001077847053598691
205679,TDF,NRTI,1,69,D,1.0000000119104566
205679,TDF,NRTI,2,67,N,0.0021211598938708515
205679,TDF,NRTI,3,75,T,0.0006998985044245885
205679,TDF,NRTI,4,123,E,0.00048319535520905885
205679,TDF,NRTI,5,68,S,0.0004813989638557703
205679,TDF,NRTI,6,207,E,0.00029080904815655107
205679,TDF,NRTI,7,177,D,0.00028633205361490655
205679,TDF,NRTI,8,70,K,0.000283259878576508
205679,TDF,NRTI,9,139,T,0.0001945974332512249
205679,TDF,NRTI,10,138,E,0.00018662179757622516
205679,TDF,NRTI,1,69,D,1.0000000119104566
205679,TDF,NRTI,2,67,N,0.0021211598938708515
205679,TDF,NRTI,3,75,T,0.0006998985044245885
205679,TDF,NRTI,4,123,E,0.00048319535520905885
205679,TDF,NRTI,5,68,S,0.0004813989638557703
205679,TDF,NRTI,6,207,E,0.00029080904815655107
205679,TDF,NRTI,7,177,D,0.00028633205361490655
205679,TDF,NRTI,8,70,K,0.000283259878576508
205679,TDF,NRTI,9,139,T,0.0001945974332512249
205679,TDF,NRTI,10,138,E,0.00018662179757622516
205675,TDF,NRTI,1,69,N,1.0000000119091208
205675,TDF,NRTI,2,135,M,0.010376563790826653
205675,TDF,NRTI,3,70,R,0.007431854741512457
205675,TDF,NRTI,4,67,N,0.006768213047446077
205675,TDF,NRTI,5,90,I,0.0018577140041982829
205675,TDF,NRTI,6,68,S,0.0017513491310180655
205675,TDF,NRTI,7,177,D,0.0010385185852689667
205675,TDF,NRTI,8,138,E,0.000802645166492585
205675,TDF,NRTI,9,139,T,0.0007448604050032009
205675,TDF,NRTI,10,103,N,0.0005978249556556882
205675,TDF,NRTI,1,69,N,1.0000000119091208
205675,TDF,NRTI,2,135,M,0.010376563790826653
205675,TDF,NRTI,3,70,R,0.007431854741512457
205675,TDF,NRTI,4,67,N,0.006768213047446077
205675,TDF,NRTI,5,90,I,0.0018577140041982829
205675,TDF,NRTI,6,68,S,0.0017513491310180655
205675,TDF,NRTI,7,177,D,0.0010385185852689667
205675,TDF,NRTI,8,138,E,0.000802645166492585
205675,TDF,NRTI,9,139,T,0.0007448604050032009
205675,TDF,NRTI,10,103,N,0.0005978249556556882
270335,TDF,NRTI,1,69,T,0.9999999522994092
270335,TDF,NRTI,2,138,K,0.017491318922375005
270335,TDF,NRTI,3,67,D,0.007246971799532677
270335,TDF,NRTI,4,68,S,0.003918533949859888
270335,TDF,NRTI,5,70,K,0.0023918481465219294
270335,TDF,NRTI,6,139,T,0.0021760745800989897
270335,TDF,NRTI,7,177,D,0.0019315150001387128
270335,TDF,NRTI,8,135,I,0.0009630457651847995
270335,TDF,NRTI,9,194,E,0.0009396071354799631
270335,TDF,NRTI,10,200,T,0.0007438866824204061
270334,TDF,NRTI,1,69,T,0.9999999522971431
270334,TDF,NRTI,2,101,E,0.029034165884606992
270334,TDF,NRTI,3,138,K,0.017296788361068315
270334,TDF,NRTI,4,67,D,0.007380252769870827
270334,TDF,NRTI,5,68,S,0.0038889679319963144
270334,TDF,NRTI,6,70,K,0.002445470882912269
270334,TDF,NRTI,7,139,T,0.0021560374180844646
270334,TDF,NRTI,8,177,D,0.0018550439497942595
270334,TDF,NRTI,9,192,D,0.0011662756210723054
270334,TDF,NRTI,10,135,I,0.0009388837337805666
270334,TDF,NRTI,1,69,T,0.9999999522971431
270334,TDF,NRTI,2,101,E,0.029034165884606992
270334,TDF,NRTI,3,138,K,0.017296788361068315
270334,TDF,NRTI,4,67,D,0.007380252769870827
270334,TDF,NRTI,5,68,S,0.0038889679319963144
270334,TDF,NRTI,6,70,K,0.002445470882912269
270334,TDF,NRTI,7,139,T,0.0021560374180844646
270334,TDF,NRTI,8,177,D,0.0018550439497942595
270334,TDF,NRTI,9,192,D,0.0011662756210723054
270334,TDF,NRTI,10,135,I,0.0009388837337805666
205683,TDF,NRTI,1,69,N,1.000000011913455
205683,TDF,NRTI,2,67,G,0.04823501141814472
205683,TDF,NRTI,3,70,R,0.008325928019925545
205683,TDF,NRTI,4,196,E,0.003410501833458503
205683,TDF,NRTI,5,68,S,0.0022931002029897406
205683,TDF,NRTI,6,43,N,0.0017734737398266557
205683,TDF,NRTI,7,177,D,0.001123208948928249
205683,TDF,NRTI,8,139,T,0.0007567470735600035
205683,TDF,NRTI,9,194,E,0.0007050284970933002
205683,TDF,NRTI,10,138,E,0.0006964773615199733
205683,TDF,NRTI,1,69,N,1.000000011913455
205683,TDF,NRTI,2,67,G,0.04823501141814472
205683,TDF,NRTI,3,70,R,0.008325928019925545
205683,TDF,NRTI,4,196,E,0.003410501833458503
205683,TDF,NRTI,5,68,S,0.0022931002029897406
205683,TDF,NRTI,6,43,N,0.0017734737398266557
205683,TDF,NRTI,7,177,D,0.001123208948928249
205683,TDF,NRTI,8,139,T,0.0007567470735600035
205683,TDF,NRTI,9,194,E,0.0007050284970933002
205683,TDF,NRTI,10,138,E,0.0006964773615199733
205661,TDF,NRTI,1,69,T,0.9999999523014993
205661,TDF,NRTI,2,138,K,0.017471836389293963
205661,TDF,NRTI,3,67,D,0.007375396270788503
205661,TDF,NRTI,4,68,S,0.004064718628091302
205661,TDF,NRTI,5,70,K,0.0024419706562049583
205661,TDF,NRTI,6,139,T,0.0022042220947596125
205661,TDF,NRTI,7,177,D,0.002042633519766382
205661,TDF,NRTI,8,194,E,0.0010167263565469477
205661,TDF,NRTI,9,135,I,0.0009586111485076186
205661,TDF,NRTI,10,200,T,0.000785469097685243
205661,TDF,NRTI,1,69,T,0.9999999523014993
205661,TDF,NRTI,2,138,K,0.017471836389293963
205661,TDF,NRTI,3,67,D,0.007375396270788503
205661,TDF,NRTI,4,68,S,0.004064718628091302
205661,TDF,NRTI,5,70,K,0.0024419706562049583
205661,TDF,NRTI,6,139,T,0.0022042220947596125
205661,TDF,NRTI,7,177,D,0.002042633519766382
205661,TDF,NRTI,8,194,E,0.0010167263565469477
205661,TDF,NRTI,9,135,I,0.0009586111485076186
205661,TDF,NRTI,10,200,T,0.000785469097685243
205648,TDF,NRTI,1,69,T,0.9999999523032062
205648,TDF,NRTI,2,67,D,0.0075653424107055495
205648,TDF,NRTI,3,68,S,0.003943158610389297
205648,TDF,NRTI,4,70,K,0.0025523698269194666
205648,TDF,NRTI,5,177,D,0.0020103853238635887
205648,TDF,NRTI,6,151,M,0.0018961094123936563
205648,TDF,NRTI,7,138,E,0.001633573396152381
205648,TDF,NRTI,8,139,T,0.0014405529387318693
205648,TDF,NRTI,9,194,E,0.00093887654457355
205648,TDF,NRTI,10,192,D,0.0007500742285756513
205648,TDF,NRTI,1,69,T,0.9999999523032062
205648,TDF,NRTI,2,67,D,0.0075653424107055495
205648,TDF,NRTI,3,68,S,0.003943158610389297
205648,TDF,NRTI,4,70,K,0.0025523698269194666
205648,TDF,NRTI,5,177,D,0.0020103853238635887
205648,TDF,NRTI,6,151,M,0.0018961094123936563
205648,TDF,NRTI,7,138,E,0.001633573396152381
205648,TDF,NRTI,8,139,T,0.0014405529387318693
205648,TDF,NRTI,9,194,E,0.00093887654457355
205648,TDF,NRTI,10,192,D,0.0007500742285756513
771853,TDF,NRTI,1,69,T,0.9999999523025288
771853,TDF,NRTI,2,98,G,0.03197419702004114
771853,TDF,NRTI,3,67,D,0.007126440255567446
771853,TDF,NRTI,4,68,S,0.0038567160287084224
771853,TDF,NRTI,5,70,K,0.002475001830821391
771853,TDF,NRTI,6,177,D,0.001926811134120696
771853,TDF,NRTI,7,227,C,0.0014625689755209607
771853,TDF,NRTI,8,138,E,0.0013151824132705899
771853,TDF,NRTI,9,139,T,0.0010400763027640116
771853,TDF,NRTI,10,194,E,0.0009359964243116905
270337,TDF,NRTI,1,69,T,0.9999999522975026
270337,TDF,NRTI,2,138,K,0.017643071617390916
270337,TDF,NRTI,3,67,D,0.0074336016574331745
270337,TDF,NRTI,4,68,S,0.003931249624262363
270337,TDF,NRTI,5,70,K,0.0024386698729759473
270337,TDF,NRTI,6,139,T,0.002200678551878926
270337,TDF,NRTI,7,177,D,0.0019283703006028048
270337,TDF,NRTI,8,135,I,0.0009561009003742235
270337,TDF,NRTI,9,194,E,0.0008715580489854277
270337,TDF,NRTI,10,200,T,0.0007376850286500232
270337,TDF,NRTI,1,69,T,0.9999999522975026
270337,TDF,NRTI,2,138,K,0.017643071617390916
270337,TDF,NRTI,3,67,D,0.0074336016574331745
270337,TDF,NRTI,4,68,S,0.003931249624262363
270337,TDF,NRTI,5,70,K,0.0024386698729759473
270337,TDF,NRTI,6,139,T,0.002200678551878926
270337,TDF,NRTI,7,177,D,0.0019283703006028048
270337,TDF,NRTI,8,135,I,0.0009561009003742235
270337,TDF,NRTI,9,194,E,0.0008715580489854277
270337,TDF,NRTI,10,200,T,0.0007376850286500232
205653,TDF,NRTI,1,69,T,0.9999999522861079
205653,TDF,NRTI,2,67,D,0.007410136407101658
205653,TDF,NRTI,3,68,S,0.003886994252198412
205653,TDF,NRTI,4,70,K,0.0024806363748648046
205653,TDF,NRTI,5,177,D,0.0018638517913854014
205653,TDF,NRTI,6,138,E,0.0013204528669595787
205653,TDF,NRTI,7,139,T,0.001006784337451516
205653,TDF,NRTI,8,194,E,0.0008469824918781681
205653,TDF,NRTI,9,200,T,0.0007362546674596542
205653,TDF,NRTI,10,192,D,0.0006459334670883274
205653,TDF,NRTI,1,69,T,0.9999999522861079
205653,TDF,NRTI,2,67,D,0.007410136407101658
205653,TDF,NRTI,3,68,S,0.003886994252198412
205653,TDF,NRTI,4,70,K,0.0024806363748648046
205653,TDF,NRTI,5,177,D,0.0018638517913854014
205653,TDF,NRTI,6,138,E,0.0013204528669595787
205653,TDF,NRTI,7,139,T,0.001006784337451516
205653,TDF,NRTI,8,194,E,0.0008469824918781681
205653,TDF,NRTI,9,200,T,0.0007362546674596542
205653,TDF,NRTI,10,192,D,0.0006459334670883274
205652,TDF,NRTI,1,69,T,0.9999999522994882
205652,TDF,NRTI,2,67,D,0.0070063398013983005
205652,TDF,NRTI,3,68,S,0.0037657237367198946
205652,TDF,NRTI,4,70,K,0.002544091504938105
205652,TDF,NRTI,5,177,D,0.0015834773522268911
205652,TDF,NRTI,6,74,V,0.0013093101050832717
205652,TDF,NRTI,7,138,E,0.0010882172857962645
205652,TDF,NRTI,8,139,T,0.0008764073323915772
205652,TDF,NRTI,9,194,E,0.0007430437786387688
205652,TDF,NRTI,10,27,T,0.0006344037947732461
205652,TDF,NRTI,1,69,T,0.9999999522994882
205652,TDF,NRTI,2,67,D,0.0070063398013983005
205652,TDF,NRTI,3,68,S,0.0037657237367198946
205652,TDF,NRTI,4,70,K,0.002544091504938105
205652,TDF,NRTI,5,177,D,0.0015834773522268911
205652,TDF,NRTI,6,74,V,0.0013093101050832717
205652,TDF,NRTI,7,138,E,0.0010882172857962645
205652,TDF,NRTI,8,139,T,0.0008764073323915772
205652,TDF,NRTI,9,194,E,0.0007430437786387688
205652,TDF,NRTI,10,27,T,0.0006344037947732461
205681,TDF,NRTI,1,69,T,1.0000000119119696
205681,TDF,NRTI,2,177,E,0.029716288728060692
205681,TDF,NRTI,3,70,R,0.024663097652341044
205681,TDF,NRTI,4,67,N,0.023523882291360154
205681,TDF,NRTI,5,196,E,0.0119237994947418
205681,TDF,NRTI,6,211,N,0.010898935047793405
205681,TDF,NRTI,7,35,T,0.010015129613968981
205681,TDF,NRTI,8,123,E,0.005849648428476826
205681,TDF,NRTI,9,200,A,0.005199910802119391
205681,TDF,NRTI,10,68,S,0.004877878497236624
205664,TDF,NRTI,1,69,T,0.9999999522952283
205664,TDF,NRTI,2,67,D,0.007450355569200278
205664,TDF,NRTI,3,68,S,0.004007268705709757
205664,TDF,NRTI,4,70,K,0.0025310843179048572
205664,TDF,NRTI,5,177,D,0.001998188794171788
205664,TDF,NRTI,6,138,E,0.0013745249951133778
205664,TDF,NRTI,7,139,T,0.0010984247775367435
205664,TDF,NRTI,8,194,E,0.0009818595913853175
205664,TDF,NRTI,9,200,T,0.0007771696955723095
205664,TDF,NRTI,10,192,D,0.0007622422167795218
205664,TDF,NRTI,1,69,T,0.9999999522952283
205664,TDF,NRTI,2,67,D,0.007450355569200278
205664,TDF,NRTI,3,68,S,0.004007268705709757
205664,TDF,NRTI,4,70,K,0.0025310843179048572
205664,TDF,NRTI,5,177,D,0.001998188794171788
205664,TDF,NRTI,6,138,E,0.0013745249951133778
205664,TDF,NRTI,7,139,T,0.0010984247775367435
205664,TDF,NRTI,8,194,E,0.0009818595913853175
205664,TDF,NRTI,9,200,T,0.0007771696955723095
205664,TDF,NRTI,10,192,D,0.0007622422167795218
205660,TDF,NRTI,1,69,T,0.9999999523009049
205660,TDF,NRTI,2,138,K,0.01760241488979135
205660,TDF,NRTI,3,67,D,0.007418468298277541
205660,TDF,NRTI,4,68,S,0.00403736926941133
205660,TDF,NRTI,5,70,K,0.002477131938003403
205660,TDF,NRTI,6,139,T,0.0022196163922769603
205660,TDF,NRTI,7,177,D,0.0020136037383402146
205660,TDF,NRTI,8,135,I,0.0009512271418823812
205660,TDF,NRTI,9,194,E,0.0009411945213168802
205660,TDF,NRTI,10,200,T,0.0007708838368903409
205660,TDF,NRTI,1,69,T,0.9999999523009049
205660,TDF,NRTI,2,138,K,0.01760241488979135
205660,TDF,NRTI,3,67,D,0.007418468298277541
205660,TDF,NRTI,4,68,S,0.00403736926941133
205660,TDF,NRTI,5,70,K,0.002477131938003403
205660,TDF,NRTI,6,139,T,0.0022196163922769603
205660,TDF,NRTI,7,177,D,0.0020136037383402146
205660,TDF,NRTI,8,135,I,0.0009512271418823812
205660,TDF,NRTI,9,194,E,0.0009411945213168802
205660,TDF,NRTI,10,200,T,0.0007708838368903409
771855,TDF,NRTI,1,69,T,0.9999999523026677
771855,TDF,NRTI,2,65,R,0.022843130930684373
771855,TDF,NRTI,3,225,H,0.01128206757744026
771855,TDF,NRTI,4,67,D,0.009664313337001816
771855,TDF,NRTI,5,68,S,0.005026732518946479
771855,TDF,NRTI,6,70,K,0.0031931399330537083
771855,TDF,NRTI,7,177,D,0.0019414835577502157
771855,TDF,NRTI,8,106,A,0.001655490141933847
771855,TDF,NRTI,9,138,E,0.0013495740323737513
771855,TDF,NRTI,10,139,T,0.0012504352998784648
716523,TDF,NRTI,1,69,T,0.9999999523007874
716523,TDF,NRTI,2,67,D,0.00712910810745608
716523,TDF,NRTI,3,188,L,0.005153158452474836
716523,TDF,NRTI,4,68,S,0.003880800868074171
716523,TDF,NRTI,5,70,K,0.0025043475699965977
716523,TDF,NRTI,6,177,D,0.0021365129446330898
716523,TDF,NRTI,7,138,E,0.0013373407808447094
716523,TDF,NRTI,8,192,D,0.0012746814701665684
716523,TDF,NRTI,9,194,E,0.0012699462814462596
716523,TDF,NRTI,10,139,T,0.001036862872990594
716520,TDF,NRTI,1,69,T,0.9999999523004606
716520,TDF,NRTI,2,67,D,0.007368306773526858
716520,TDF,NRTI,3,68,S,0.0038355029850642643
716520,TDF,NRTI,4,70,K,0.002464199078979599
716520,TDF,NRTI,5,177,D,0.0018780183083310408
716520,TDF,NRTI,6,227,C,0.0015363508808428838
716520,TDF,NRTI,7,138,E,0.0013511005214066412
716520,TDF,NRTI,8,139,T,0.0010510297269127082
716520,TDF,NRTI,9,194,E,0.0008865170741261029
716520,TDF,NRTI,10,106,I,0.0007727116939416898
270338,TDF,NRTI,1,69,T,0.9999999522997722
270338,TDF,NRTI,2,101,E,0.0294448601364792
270338,TDF,NRTI,3,67,D,0.007427422953392035
270338,TDF,NRTI,4,68,S,0.003909518190940376
270338,TDF,NRTI,5,70,K,0.002490833911683564
270338,TDF,NRTI,6,177,D,0.001846152242330406
270338,TDF,NRTI,7,138,E,0.001306097880977119
270338,TDF,NRTI,8,192,D,0.001179848491399098
270338,TDF,NRTI,9,139,T,0.0009988677845949236
270338,TDF,NRTI,10,194,E,0.0008812098417528718
270338,TDF,NRTI,1,69,T,0.9999999522997722
270338,TDF,NRTI,2,101,E,0.0294448601364792
270338,TDF,NRTI,3,67,D,0.007427422953392035
270338,TDF,NRTI,4,68,S,0.003909518190940376
270338,TDF,NRTI,5,70,K,0.002490833911683564
270338,TDF,NRTI,6,177,D,0.001846152242330406
270338,TDF,NRTI,7,138,E,0.001306097880977119
270338,TDF,NRTI,8,192,D,0.001179848491399098
270338,TDF,NRTI,9,139,T,0.0009988677845949236
270338,TDF,NRTI,10,194,E,0.0008812098417528718
270335,TDF,NRTI,1,69,T,0.9999999522994092
270335,TDF,NRTI,2,138,K,0.017491318922375005
270335,TDF,NRTI,3,67,D,0.007246971799532677
270335,TDF,NRTI,4,68,S,0.003918533949859888
270335,TDF,NRTI,5,70,K,0.0023918481465219294
270335,TDF,NRTI,6,139,T,0.0021760745800989897
270335,TDF,NRTI,7,177,D,0.0019315150001387128
270335,TDF,NRTI,8,135,I,0.0009630457651847995
270335,TDF,NRTI,9,194,E,0.0009396071354799631
270335,TDF,NRTI,10,200,T,0.0007438866824204061
52839,TDF,NRTI,1,69,T,1.0000000119120063
52839,TDF,NRTI,2,67,N,0.02859826342880127
52839,TDF,NRTI,3,75,M,0.016677731930725106
52839,TDF,NRTI,4,68,S,0.005073406560093716
52839,TDF,NRTI,5,70,K,0.002693256033381835
52839,TDF,NRTI,6,177,D,0.002113775582336531
52839,TDF,NRTI,7,210,W,0.0017589126126642419
52839,TDF,NRTI,8,215,Y,0.0014604152332904439
52839,TDF,NRTI,9,138,E,0.0013984929867234736
52839,TDF,NRTI,10,139,T,0.0012245881202796157
81866,TDF,NRTI,1,69,T,0.9999999523054708
81866,TDF,NRTI,2,101,E,0.029377392499478357
81866,TDF,NRTI,3,123,E,0.008488312197042009
81866,TDF,NRTI,4,67,D,0.007425329087500468
81866,TDF,NRTI,5,83,K,0.005232187773853365
81866,TDF,NRTI,6,68,S,0.0038246978442385083
81866,TDF,NRTI,7,202,V,0.0026194213363205715
81866,TDF,NRTI,8,70,K,0.002535752208747332
81866,TDF,NRTI,9,177,D,0.0018636074888643346
81866,TDF,NRTI,10,138,E,0.0013128012905179755
614693,TDF,NRTI,1,69,N,1.0000000119145824
614693,TDF,NRTI,2,39,S,0.010174958944416368
614693,TDF,NRTI,3,67,N,0.006635560463840827
614693,TDF,NRTI,4,70,R,0.006493725468584682
614693,TDF,NRTI,5,228,H,0.003994591744050598
614693,TDF,NRTI,6,174,R,0.0032023445981770498
614693,TDF,NRTI,7,219,E,0.0028989131940774446
614693,TDF,NRTI,8,68,S,0.0016397498678689501
614693,TDF,NRTI,9,218,E,0.0016238922010002967
614693,TDF,NRTI,10,123,E,0.0016046695493766132
40381,TDF,NRTI,1,69,T,0.9999999523081404
40381,TDF,NRTI,2,67,N,0.027199716858770547
40381,TDF,NRTI,3,172,K,0.02681295670626252
40381,TDF,NRTI,4,135,T,0.011953580715430182
40381,TDF,NRTI,5,44,D,0.008144085260069241
40381,TDF,NRTI,6,218,E,0.007320781723678954
40381,TDF,NRTI,7,219,R,0.00637865079924003
40381,TDF,NRTI,8,200,A,0.005493100351488171
40381,TDF,NRTI,9,189,I,0.0053623671479699426
40381,TDF,NRTI,10,68,S,0.004755215394344859
216594,TDF,NRTI,1,69,T,0.9999999523055022
216594,TDF,NRTI,2,178,L,0.02850889046895524
216594,TDF,NRTI,3,162,Y,0.026959413382021836
216594,TDF,NRTI,4,135,T,0.01493526469269197
216594,TDF,NRTI,5,67,D,0.007434248500919736
216594,TDF,NRTI,6,83,K,0.005395154759425567
216594,TDF,NRTI,7,68,S,0.003879162848802056
216594,TDF,NRTI,8,177,D,0.0030604489869916224
216594,TDF,NRTI,9,70,K,0.0025106315240400784
216594,TDF,NRTI,10,138,E,0.002361723866153371
56287,TDF,NRTI,1,69,T,0.9999999523056221
56287,TDF,NRTI,2,173,N,0.0421581660232854
56287,TDF,NRTI,3,65,R,0.022652352925152112
56287,TDF,NRTI,4,174,R,0.020343499346111755
56287,TDF,NRTI,5,67,D,0.009744913653480911
56287,TDF,NRTI,6,35,I,0.00821086361366169
56287,TDF,NRTI,7,83,K,0.004994689359059885
56287,TDF,NRTI,8,68,S,0.004955290983771691
56287,TDF,NRTI,9,103,N,0.0033836812152768835
56287,TDF,NRTI,10,70,K,0.003266100830667799
5641,TDF,NRTI,1,69,T,0.9999999523074303
5641,TDF,NRTI,2,196,R,0.10171477444293939
5641,TDF,NRTI,3,177,E,0.026977384251073235
5641,TDF,NRTI,4,70,R,0.024095022603919394
5641,TDF,NRTI,5,98,S,0.019370466053419414
5641,TDF,NRTI,6,62,V,0.011047957291755138
5641,TDF,NRTI,7,67,D,0.0063616329563349824
5641,TDF,NRTI,8,123,E,0.005369762367543603
5641,TDF,NRTI,9,207,E,0.004159993405824064
5641,TDF,NRTI,10,68,S,0.004050679706027924
75719,TDF,NRTI,1,69,T,0.999999952305961
75719,TDF,NRTI,2,64,R,0.047383178523661834
75719,TDF,NRTI,3,177,E,0.0344016088145124
75719,TDF,NRTI,4,135,T,0.011533211617436883
75719,TDF,NRTI,5,122,P,0.010400270354864603
75719,TDF,NRTI,6,225,H,0.009448323639262173
75719,TDF,NRTI,7,67,D,0.00693930004307771
75719,TDF,NRTI,8,68,S,0.0046213641634552756
75719,TDF,NRTI,9,103,N,0.002842584036073609
75719,TDF,NRTI,10,70,K,0.0024148722234393735
614879,TDF,NRTI,1,69,T,0.9999999523058434
614879,TDF,NRTI,2,173,E,0.02830161848001923
614879,TDF,NRTI,3,35,I,0.009151703327895994
614879,TDF,NRTI,4,200,A,0.00799053361249082
614879,TDF,NRTI,5,67,D,0.0076468995684078386
614879,TDF,NRTI,6,207,E,0.006626039952734231
614879,TDF,NRTI,7,68,S,0.004135481400892835
614879,TDF,NRTI,8,103,N,0.0037835992976460453
614879,TDF,NRTI,9,70,K,0.0026493988148521587
614879,TDF,NRTI,10,177,D,0.002326429861506753
614643,TDF,NRTI,1,69,T,0.9999999523062015
614643,TDF,NRTI,2,178,V,0.08193688073762398
614643,TDF,NRTI,3,107,A,0.03482477528511252
614643,TDF,NRTI,4,177,E,0.03407696392585702
614643,TDF,NRTI,5,67,N,0.02736758110602723
614643,TDF,NRTI,6,196,E,0.012519003539084948
614643,TDF,NRTI,7,135,T,0.011804192018433513
614643,TDF,NRTI,8,174,K,0.007657673484995083
614643,TDF,NRTI,9,123,E,0.006581242445848576
614643,TDF,NRTI,10,68,S,0.00467977213015006
771859,TDF,NRTI,1,69,T,0.9999999523009706
771859,TDF,NRTI,2,67,D,0.0072502888660830375
771859,TDF,NRTI,3,188,L,0.005074717847658216
771859,TDF,NRTI,4,68,S,0.003939129295622573
771859,TDF,NRTI,5,70,K,0.0025185979504833297
771859,TDF,NRTI,6,177,D,0.002172620941365916
771859,TDF,NRTI,7,138,E,0.001353379530413965
771859,TDF,NRTI,8,192,D,0.0013096590275371398
771859,TDF,NRTI,9,194,E,0.0013030510820825488
771859,TDF,NRTI,10,139,T,0.001084773238164125
716522,TDF,NRTI,1,69,T,0.9999999523041021
716522,TDF,NRTI,2,67,D,0.007166856786949111
716522,TDF,NRTI,3,68,S,0.0039378356460072015
716522,TDF,NRTI,4,106,M,0.003875090688057236
716522,TDF,NRTI,5,70,K,0.002506120677742075
716522,TDF,NRTI,6,177,D,0.0019182905338963239
716522,TDF,NRTI,7,227,C,0.0015568261783478398
716522,TDF,NRTI,8,138,E,0.0013938029448498214
716522,TDF,NRTI,9,139,T,0.0010896541138890707
716522,TDF,NRTI,10,194,E,0.0009391504733116231
270336,TDF,NRTI,1,69,T,0.9999999522979506
270336,TDF,NRTI,2,101,E,0.028797017835113226
270336,TDF,NRTI,3,138,K,0.017159394120038637
270336,TDF,NRTI,4,67,D,0.007318487986260771
270336,TDF,NRTI,5,68,S,0.003935713576117039
270336,TDF,NRTI,6,70,K,0.0024189269541204164
270336,TDF,NRTI,7,139,T,0.002157751664000618
270336,TDF,NRTI,8,177,D,0.0019512425778013046
270336,TDF,NRTI,9,192,D,0.0011702764018250793
270336,TDF,NRTI,10,135,I,0.0009513696954229526
270336,TDF,NRTI,1,69,T,0.9999999522979506
270336,TDF,NRTI,2,101,E,0.028797017835113226
270336,TDF,NRTI,3,138,K,0.017159394120038637
270336,TDF,NRTI,4,67,D,0.007318487986260771
270336,TDF,NRTI,5,68,S,0.003935713576117039
270336,TDF,NRTI,6,70,K,0.0024189269541204164
270336,TDF,NRTI,7,139,T,0.002157751664000618
270336,TDF,NRTI,8,177,D,0.0019512425778013046
270336,TDF,NRTI,9,192,D,0.0011702764018250793
270336,TDF,NRTI,10,135,I,0.0009513696954229526
205685,TDF,NRTI,1,69,N,1.0000000119119927
205685,TDF,NRTI,2,67,N,0.0069054644444459
205685,TDF,NRTI,3,70,R,0.006721600445691004
205685,TDF,NRTI,4,135,L,0.005409967573261624
205685,TDF,NRTI,5,103,R,0.0050810296529430355
205685,TDF,NRTI,6,68,S,0.0017515021786461342
205685,TDF,NRTI,7,39,A,0.0014675500844310854
205685,TDF,NRTI,8,177,D,0.0010245656117521445
205685,TDF,NRTI,9,138,E,0.0007352033624740947
205685,TDF,NRTI,10,139,T,0.0006645172801809979
205685,TDF,NRTI,1,69,N,1.0000000119119927
205685,TDF,NRTI,2,67,N,0.0069054644444459
205685,TDF,NRTI,3,70,R,0.006721600445691004
205685,TDF,NRTI,4,135,L,0.005409967573261624
205685,TDF,NRTI,5,103,R,0.0050810296529430355
205685,TDF,NRTI,6,68,S,0.0017515021786461342
205685,TDF,NRTI,7,39,A,0.0014675500844310854
205685,TDF,NRTI,8,177,D,0.0010245656117521445
205685,TDF,NRTI,9,138,E,0.0007352033624740947
205685,TDF,NRTI,10,139,T,0.0006645172801809979
205665,TDF,NRTI,1,69,T,0.9999999522963705
205665,TDF,NRTI,2,67,D,0.007458309162920674
205665,TDF,NRTI,3,68,S,0.004019625928335346
205665,TDF,NRTI,4,70,K,0.0025263726411963133
205665,TDF,NRTI,5,177,D,0.001982206620898435
205665,TDF,NRTI,6,138,E,0.001353399348214635
205665,TDF,NRTI,7,139,T,0.0010525111964172365
205665,TDF,NRTI,8,194,E,0.0009126831738619521
205665,TDF,NRTI,9,200,T,0.0007710973691888897
205665,TDF,NRTI,10,192,D,0.0006728628179101855
205665,TDF,NRTI,1,69,T,0.9999999522963705
205665,TDF,NRTI,2,67,D,0.007458309162920674
205665,TDF,NRTI,3,68,S,0.004019625928335346
205665,TDF,NRTI,4,70,K,0.0025263726411963133
205665,TDF,NRTI,5,177,D,0.001982206620898435
205665,TDF,NRTI,6,138,E,0.001353399348214635
205665,TDF,NRTI,7,139,T,0.0010525111964172365
205665,TDF,NRTI,8,194,E,0.0009126831738619521
205665,TDF,NRTI,9,200,T,0.0007710973691888897
205665,TDF,NRTI,10,192,D,0.0006728628179101855
205663,TDF,NRTI,1,69,T,0.9999999522966704
205663,TDF,NRTI,2,67,D,0.007512651191072353
205663,TDF,NRTI,3,68,S,0.004081679157032775
205663,TDF,NRTI,4,70,K,0.0025156549749001432
205663,TDF,NRTI,5,177,D,0.002012180211079781
205663,TDF,NRTI,6,138,E,0.0013646003164381527
205663,TDF,NRTI,7,139,T,0.0010566485833456906
205663,TDF,NRTI,8,194,E,0.0010096177234769563
205663,TDF,NRTI,9,200,T,0.0007854139003065045
205663,TDF,NRTI,10,192,D,0.0007744313089147333
205663,TDF,NRTI,1,69,T,0.9999999522966704
205663,TDF,NRTI,2,67,D,0.007512651191072353
205663,TDF,NRTI,3,68,S,0.004081679157032775
205663,TDF,NRTI,4,70,K,0.0025156549749001432
205663,TDF,NRTI,5,177,D,0.002012180211079781
205663,TDF,NRTI,6,138,E,0.0013646003164381527
205663,TDF,NRTI,7,139,T,0.0010566485833456906
205663,TDF,NRTI,8,194,E,0.0010096177234769563
205663,TDF,NRTI,9,200,T,0.0007854139003065045
205663,TDF,NRTI,10,192,D,0.0007744313089147333
205650,TDF,NRTI,1,69,T,0.9999999523032062
205650,TDF,NRTI,2,67,D,0.0075653424107055495
205650,TDF,NRTI,3,68,S,0.003943158610389297
205650,TDF,NRTI,4,70,K,0.0025523698269194666
205650,TDF,NRTI,5,177,D,0.0020103853238635887
205650,TDF,NRTI,6,151,M,0.0018961094123936563
205650,TDF,NRTI,7,138,E,0.001633573396152381
205650,TDF,NRTI,8,139,T,0.0014405529387318693
205650,TDF,NRTI,9,194,E,0.00093887654457355
205650,TDF,NRTI,10,192,D,0.0007500742285756513
205650,TDF,NRTI,1,69,T,0.9999999523032062
205650,TDF,NRTI,2,67,D,0.0075653424107055495
205650,TDF,NRTI,3,68,S,0.003943158610389297
205650,TDF,NRTI,4,70,K,0.0025523698269194666
205650,TDF,NRTI,5,177,D,0.0020103853238635887
205650,TDF,NRTI,6,151,M,0.0018961094123936563
205650,TDF,NRTI,7,138,E,0.001633573396152381
205650,TDF,NRTI,8,139,T,0.0014405529387318693
205650,TDF,NRTI,9,194,E,0.00093887654457355
205650,TDF,NRTI,10,192,D,0.0007500742285756513
771858,TDF,NRTI,1,69,T,0.9999999523044353
771858,TDF,NRTI,2,65,R,0.022628945141038134
771858,TDF,NRTI,3,67,D,0.00923039684755204
771858,TDF,NRTI,4,68,S,0.004887591636034102
771858,TDF,NRTI,5,106,M,0.0035605820255408456
771858,TDF,NRTI,6,70,K,0.0030699634357704763
771858,TDF,NRTI,7,177,D,0.0019401896438703695
771858,TDF,NRTI,8,227,C,0.0014118437418022846
771858,TDF,NRTI,9,138,E,0.0013571014146521452
771858,TDF,NRTI,10,139,T,0.0011115115119672008
716517,TDF,NRTI,1,69,T,0.9999999523021137
716517,TDF,NRTI,2,98,G,0.031941272851220504
716517,TDF,NRTI,3,67,D,0.007138057587475544
716517,TDF,NRTI,4,68,S,0.003799406732743523
716517,TDF,NRTI,5,70,K,0.0024571767163911544
716517,TDF,NRTI,6,177,D,0.001870319578393848
716517,TDF,NRTI,7,227,C,0.0014894909762570017
716517,TDF,NRTI,8,138,E,0.0013095158528194952
716517,TDF,NRTI,9,139,T,0.0010128829699256655
716517,TDF,NRTI,10,194,E,0.0008957404475180997
205681,TDF,NRTI,1,69,T,1.0000000119119696
205681,TDF,NRTI,2,177,E,0.029716288728060692
205681,TDF,NRTI,3,70,R,0.024663097652341044
205681,TDF,NRTI,4,67,N,0.023523882291360154
205681,TDF,NRTI,5,196,E,0.0119237994947418
205681,TDF,NRTI,6,211,N,0.010898935047793405
205681,TDF,NRTI,7,35,T,0.010015129613968981
205681,TDF,NRTI,8,123,E,0.005849648428476826
205681,TDF,NRTI,9,200,A,0.005199910802119391
205681,TDF,NRTI,10,68,S,0.004877878497236624
44022,TDF,NRTI,1,69,T,0.999999952309648
44022,TDF,NRTI,2,135,V,0.028288300940143635
44022,TDF,NRTI,3,123,E,0.00897717799131468
44022,TDF,NRTI,4,200,A,0.007954516354774992
44022,TDF,NRTI,5,67,D,0.007430711763599319
44022,TDF,NRTI,6,116,Y,0.004377173035222938
44022,TDF,NRTI,7,68,S,0.004005094316080335
44022,TDF,NRTI,8,142,V,0.0034508260672756756
44022,TDF,NRTI,9,202,V,0.002765397680940526
44022,TDF,NRTI,10,70,K,0.0025359812004133895
716519,TDF,NRTI,1,69,T,0.9999999523018198
716519,TDF,NRTI,2,225,H,0.012236729103272618
716519,TDF,NRTI,3,67,D,0.007459988257237095
716519,TDF,NRTI,4,68,S,0.004153329595929178
716519,TDF,NRTI,5,70,K,0.0026427976130886334
716519,TDF,NRTI,6,177,D,0.00197216134337766
716519,TDF,NRTI,7,106,A,0.0018022499239012159
716519,TDF,NRTI,8,138,E,0.0013777192521719419
716519,TDF,NRTI,9,139,T,0.0012293018251001014
716519,TDF,NRTI,10,194,E,0.001049688718995489
716518,TDF,NRTI,1,69,T,0.9999999523039849
716518,TDF,NRTI,2,98,G,0.03164699878204307
716518,TDF,NRTI,3,67,D,0.0072400182146545415
716518,TDF,NRTI,4,68,S,0.003793273761517002
716518,TDF,NRTI,5,70,K,0.00244577090124998
716518,TDF,NRTI,6,221,Y,0.0024275012638635646
716518,TDF,NRTI,7,177,D,0.0019336185555384375
716518,TDF,NRTI,8,227,C,0.0015151220577504841
716518,TDF,NRTI,9,138,E,0.0013393263201209383
716518,TDF,NRTI,10,139,T,0.0010651655749008785
205662,TDF,NRTI,1,69,T,0.9999999523003756
205662,TDF,NRTI,2,138,K,0.017421303098943415
205662,TDF,NRTI,3,67,D,0.007305695453880007
205662,TDF,NRTI,4,68,S,0.003945826056193557
205662,TDF,NRTI,5,70,K,0.002431406464419436
205662,TDF,NRTI,6,139,T,0.0021747774541097994
205662,TDF,NRTI,7,177,D,0.002002926364904409
205662,TDF,NRTI,8,194,E,0.000976815413380845
205662,TDF,NRTI,9,135,I,0.0009468147841620283
205662,TDF,NRTI,10,200,T,0.0007691790874778966
205662,TDF,NRTI,1,69,T,0.9999999523003756
205662,TDF,NRTI,2,138,K,0.017421303098943415
205662,TDF,NRTI,3,67,D,0.007305695453880007
205662,TDF,NRTI,4,68,S,0.003945826056193557
205662,TDF,NRTI,5,70,K,0.002431406464419436
205662,TDF,NRTI,6,139,T,0.0021747774541097994
205662,TDF,NRTI,7,177,D,0.002002926364904409
205662,TDF,NRTI,8,194,E,0.000976815413380845
205662,TDF,NRTI,9,135,I,0.0009468147841620283
205662,TDF,NRTI,10,200,T,0.0007691790874778966
205651,TDF,NRTI,1,69,T,0.9999999522994882
205651,TDF,NRTI,2,67,D,0.0070063398013983005
205651,TDF,NRTI,3,68,S,0.0037657237367198946
205651,TDF,NRTI,4,70,K,0.002544091504938105
205651,TDF,NRTI,5,177,D,0.0015834773522268911
205651,TDF,NRTI,6,74,V,0.0013093101050832717
205651,TDF,NRTI,7,138,E,0.0010882172857962645
205651,TDF,NRTI,8,139,T,0.0008764073323915772
205651,TDF,NRTI,9,194,E,0.0007430437786387688
205651,TDF,NRTI,10,27,T,0.0006344037947732461
205651,TDF,NRTI,1,69,T,0.9999999522994882
205651,TDF,NRTI,2,67,D,0.0070063398013983005
205651,TDF,NRTI,3,68,S,0.0037657237367198946
205651,TDF,NRTI,4,70,K,0.002544091504938105
205651,TDF,NRTI,5,177,D,0.0015834773522268911
205651,TDF,NRTI,6,74,V,0.0013093101050832717
205651,TDF,NRTI,7,138,E,0.0010882172857962645
205651,TDF,NRTI,8,139,T,0.0008764073323915772
205651,TDF,NRTI,9,194,E,0.0007430437786387688
205651,TDF,NRTI,10,27,T,0.0006344037947732461
771857,TDF,NRTI,1,69,T,0.9999999523018994
771857,TDF,NRTI,2,67,D,0.007384504036050011
771857,TDF,NRTI,3,68,S,0.003920371087559928
771857,TDF,NRTI,4,70,K,0.00251137204744084
771857,TDF,NRTI,5,221,Y,0.002507825354956008
771857,TDF,NRTI,6,177,D,0.001976140406629398
771857,TDF,NRTI,7,227,C,0.0015187520990955056
771857,TDF,NRTI,8,138,E,0.0013596752351440486
771857,TDF,NRTI,9,139,T,0.0010749686026985986
771857,TDF,NRTI,10,194,E,0.000959699950534147
771856,TDF,NRTI,1,69,T,0.9999999523004606
771856,TDF,NRTI,2,67,D,0.007368306773526858
771856,TDF,NRTI,3,68,S,0.0038355029850642643
771856,TDF,NRTI,4,70,K,0.002464199078979599
771856,TDF,NRTI,5,177,D,0.0018780183083310408
771856,TDF,NRTI,6,227,C,0.0015363508808428838
771856,TDF,NRTI,7,138,E,0.0013511005214066412
771856,TDF,NRTI,8,139,T,0.0010510297269127082
771856,TDF,NRTI,9,194,E,0.0008865170741261029
771856,TDF,NRTI,10,106,I,0.0007727116939416898
205677,TDF,NRTI,1,69,N,1.000000011915397
205677,TDF,NRTI,2,177,E,0.009444534210788901
205677,TDF,NRTI,3,70,R,0.007025878714164919
205677,TDF,NRTI,4,67,N,0.006860626102907906
205677,TDF,NRTI,5,135,T,0.004152266142714764
205677,TDF,NRTI,6,122,Q,0.00346583512244601
205677,TDF,NRTI,7,218,E,0.0018819117120632757
205677,TDF,NRTI,8,35,R,0.0017549692294717882
205677,TDF,NRTI,9,162,D,0.0016570370967758413
205677,TDF,NRTI,10,68,S,0.0016391800289108243
205677,TDF,NRTI,1,69,N,1.000000011915397
205677,TDF,NRTI,2,177,E,0.009444534210788901
205677,TDF,NRTI,3,70,R,0.007025878714164919
205677,TDF,NRTI,4,67,N,0.006860626102907906
205677,TDF,NRTI,5,135,T,0.004152266142714764
205677,TDF,NRTI,6,122,Q,0.00346583512244601
205677,TDF,NRTI,7,218,E,0.0018819117120632757
205677,TDF,NRTI,8,35,R,0.0017549692294717882
205677,TDF,NRTI,9,162,D,0.0016570370967758413
205677,TDF,NRTI,10,68,S,0.0016391800289108243
143485,TDF,NRTI,1,69,T,0.9999999523040978
143485,TDF,NRTI,2,102,Q,0.11381281073563865
143485,TDF,NRTI,3,145,M,0.01051769756548121
143485,TDF,NRTI,4,67,D,0.007412339618442897
143485,TDF,NRTI,5,68,S,0.003875584332202422
143485,TDF,NRTI,6,162,C,0.003028234262364412
143485,TDF,NRTI,7,70,K,0.0025150854883682827
143485,TDF,NRTI,8,177,D,0.0019145853731524728
143485,TDF,NRTI,9,138,E,0.0015379187041078724
143485,TDF,NRTI,10,139,T,0.0012763284721399742
109393,TDF,NRTI,1,69,T,0.99999995230696
109393,TDF,NRTI,2,177,E,0.04240437542448533
109393,TDF,NRTI,3,169,D,0.02403926216464939
109393,TDF,NRTI,4,135,T,0.013778529651263985
109393,TDF,NRTI,5,122,P,0.012552664838036688
109393,TDF,NRTI,6,162,A,0.011517826153329004
109393,TDF,NRTI,7,123,E,0.010285453272439312
109393,TDF,NRTI,8,200,A,0.00760610762140489
109393,TDF,NRTI,9,67,D,0.007067199992965343
109393,TDF,NRTI,10,158,S,0.005877792608093541
117074,TDF,NRTI,1,69,T,0.9999999523106567
117074,TDF,NRTI,2,177,E,0.03641909392781453
117074,TDF,NRTI,3,98,S,0.02770624114441171
117074,TDF,NRTI,4,196,E,0.014494888133217922
117074,TDF,NRTI,5,122,P,0.01094762690636345
117074,TDF,NRTI,6,43,N,0.010536143901009324
117074,TDF,NRTI,7,44,D,0.009265118039781146
117074,TDF,NRTI,8,123,E,0.00924598227326714
117074,TDF,NRTI,9,67,D,0.007289667889322239
117074,TDF,NRTI,10,219,R,0.007027075602804611
11501,TDF,NRTI,1,69,T,0.9999999523072264
11501,TDF,NRTI,2,62,V,0.0160035364970653
11501,TDF,NRTI,3,75,T,0.011079624582601304
11501,TDF,NRTI,4,67,D,0.008205645856937165
11501,TDF,NRTI,5,123,E,0.007573757595097279
11501,TDF,NRTI,6,83,K,0.004673096454916943
11501,TDF,NRTI,7,68,S,0.004232234414142912
11501,TDF,NRTI,8,142,V,0.0030121078502446134
11501,TDF,NRTI,9,70,K,0.00298384401305438
11501,TDF,NRTI,10,177,D,0.002004744810664325
207306,TDF,NRTI,1,69,T,1.0000000119103947
207306,TDF,NRTI,2,173,Q,0.02672483863815949
207306,TDF,NRTI,3,70,R,0.02561512746429426
207306,TDF,NRTI,4,67,N,0.02499096964507392
207306,TDF,NRTI,5,68,S,0.005185300371502109
207306,TDF,NRTI,6,103,N,0.002460540803828192
207306,TDF,NRTI,7,177,D,0.002185693552411255
207306,TDF,NRTI,8,138,E,0.0012986183574026733
207306,TDF,NRTI,9,219,Q,0.001193602995593429
207306,TDF,NRTI,10,139,T,0.0011920723426847172
116520,TDF,NRTI,1,69,T,0.9999999523090282
116520,TDF,NRTI,2,211,T,0.0754474591135046
116520,TDF,NRTI,3,207,K,0.04354109792718852
116520,TDF,NRTI,4,35,K,0.02755431797545472
116520,TDF,NRTI,5,67,N,0.025478558074377135
116520,TDF,NRTI,6,135,V,0.023314161548465807
116520,TDF,NRTI,7,39,A,0.012499573460849284
116520,TDF,NRTI,8,162,D,0.007352698301233715
116520,TDF,NRTI,9,200,A,0.005568485409502954
116520,TDF,NRTI,10,68,S,0.004398595036202578
44012,TDF,NRTI,1,69,T,0.9999999523083407
44012,TDF,NRTI,2,32,T,0.18836759323711033
44012,TDF,NRTI,3,67,N,0.0269945639099064
44012,TDF,NRTI,4,98,S,0.02207249488259655
44012,TDF,NRTI,5,47,V,0.01625081498269337
44012,TDF,NRTI,6,39,A,0.009570073225220315
44012,TDF,NRTI,7,44,D,0.007528124342412026
44012,TDF,NRTI,8,219,N,0.006230661555691084
44012,TDF,NRTI,9,68,S,0.004497559056840976
44012,TDF,NRTI,10,103,N,0.00258898061657384
614809,TDF,NRTI,1,69,T,0.9999999523085832
614809,TDF,NRTI,2,177,G,0.20700079226542675
614809,TDF,NRTI,3,28,A,0.1326452701441743
614809,TDF,NRTI,4,39,Q,0.07452416594747292
614809,TDF,NRTI,5,11,T,0.07121357843954909
614809,TDF,NRTI,6,207,A,0.05224250481394534
614809,TDF,NRTI,7,173,A,0.0425345449618067
614809,TDF,NRTI,8,211,S,0.035802193688731436
614809,TDF,NRTI,9,169,D,0.020419185750590145
614809,TDF,NRTI,10,196,E,0.013199829596855001
97969,TDF,NRTI,1,69,T,0.9999999523090128
97969,TDF,NRTI,2,27,S,0.1463519556528485
97969,TDF,NRTI,3,6,D,0.03968988998654794
97969,TDF,NRTI,4,44,A,0.036985708769816855
97969,TDF,NRTI,5,67,N,0.026298835210076057
97969,TDF,NRTI,6,43,E,0.024898606795223367
97969,TDF,NRTI,7,223,Q,0.019403082273093775
97969,TDF,NRTI,8,181,G,0.018490495145300035
97969,TDF,NRTI,9,90,I,0.007443569771266575
97969,TDF,NRTI,10,219,N,0.006457604889389653
615235,TDF,NRTI,1,69,N,1.0000000119125838
615235,TDF,NRTI,2,123,N,0.008378926100000485
615235,TDF,NRTI,3,70,R,0.0070276864931990025
615235,TDF,NRTI,4,67,N,0.006878384522159506
615235,TDF,NRTI,5,103,S,0.004881978412637706
615235,TDF,NRTI,6,135,T,0.0033011421879261243
615235,TDF,NRTI,7,218,E,0.0017009126859803434
615235,TDF,NRTI,8,68,S,0.0016345244897206035
615235,TDF,NRTI,9,190,A,0.001072882657747577
615235,TDF,NRTI,10,177,D,0.0009824440027831277
173669,TDF,NRTI,1,69,T,0.999999952308898
173669,TDF,NRTI,2,138,G,0.1954457568332834
173669,TDF,NRTI,3,123,S,0.12057553710492952
173669,TDF,NRTI,4,207,D,0.06005102989542445
173669,TDF,NRTI,5,173,I,0.05534685238409846
173669,TDF,NRTI,6,176,A,0.040554093084166326
173669,TDF,NRTI,7,179,E,0.03345118636786944
173669,TDF,NRTI,8,135,V,0.029535351841612427
173669,TDF,NRTI,9,35,T,0.011277737805808027
173669,TDF,NRTI,10,174,K,0.009638115810457343
66814,TDF,NRTI,1,69,T,0.999999952299917
66814,TDF,NRTI,2,21,I,0.04099199883874646
66814,TDF,NRTI,3,67,D,0.007382867272936838
66814,TDF,NRTI,4,207,E,0.006711410593376298
66814,TDF,NRTI,5,68,S,0.003951653550125164
66814,TDF,NRTI,6,162,C,0.0031838836152441943
66814,TDF,NRTI,7,70,K,0.002550367172334635
66814,TDF,NRTI,8,177,D,0.0019834722015266305
66814,TDF,NRTI,9,138,E,0.0013771785901478422
66814,TDF,NRTI,10,139,T,0.0010940078376821404
144046,TDF,NRTI,1,69,T,0.9999999523083253
144046,TDF,NRTI,2,101,H,0.12916337029189062
144046,TDF,NRTI,3,43,Q,0.03344649840694927
144046,TDF,NRTI,4,67,N,0.025813180399226653
144046,TDF,NRTI,5,135,T,0.011166506133692224
144046,TDF,NRTI,6,44,D,0.008243908375534842
144046,TDF,NRTI,7,218,E,0.007056654896443074
144046,TDF,NRTI,8,123,E,0.006457560633868814
144046,TDF,NRTI,9,190,A,0.006088217563283696
144046,TDF,NRTI,10,49,R,0.005992482737084229
77372,TDF,NRTI,1,69,T,0.9999999523072644
77372,TDF,NRTI,2,177,E,0.034398809484578796
77372,TDF,NRTI,3,135,T,0.012120761205705988
77372,TDF,NRTI,4,67,D,0.007096385621205828
77372,TDF,NRTI,5,123,E,0.00687985577954855
77372,TDF,NRTI,6,68,S,0.00404055459811286
77372,TDF,NRTI,7,179,I,0.003511005165065183
77372,TDF,NRTI,8,70,K,0.0027270042321615446
77372,TDF,NRTI,9,138,E,0.0019190843756991655
77372,TDF,NRTI,10,210,W,0.0018073933316306951
148110,TDF,NRTI,1,69,T,0.9999999522956968
148110,TDF,NRTI,2,67,D,0.007368509020751002
148110,TDF,NRTI,3,68,S,0.0038800934541100875
148110,TDF,NRTI,4,70,K,0.0024625658952169525
148110,TDF,NRTI,5,211,K,0.002413815875886401
148110,TDF,NRTI,6,177,D,0.0018814030740347482
148110,TDF,NRTI,7,138,E,0.001307945384324997
148110,TDF,NRTI,8,139,T,0.001028607679687904
148110,TDF,NRTI,9,194,E,0.0008708100195243744
148110,TDF,NRTI,10,200,T,0.0007360942925338797
259192,TDF,NRTI,1,69,N,1.0000000119135652
259192,TDF,NRTI,2,4,T,0.03837072885857259
259192,TDF,NRTI,3,138,A,0.03615044731057851
259192,TDF,NRTI,4,192,N,0.029890933235746535
259192,TDF,NRTI,5,33,G,0.009288472702836973
259192,TDF,NRTI,6,6,D,0.008089217634532107
259192,TDF,NRTI,7,203,K,0.006717838316514398
259192,TDF,NRTI,8,211,A,0.005311911077834317
259192,TDF,NRTI,9,67,N,0.005190051023486938
259192,TDF,NRTI,10,70,R,0.005065301964557715
8040,TDF,NRTI,1,69,D,1.000000011913299
8040,TDF,NRTI,2,177,G,0.00941697915887987
8040,TDF,NRTI,3,67,N,0.00181741623484232
8040,TDF,NRTI,4,70,R,0.0017207546063325843
8040,TDF,NRTI,5,135,L,0.0013885397286173319
8040,TDF,NRTI,6,218,E,0.0004384429412754885
8040,TDF,NRTI,7,68,S,0.00039770068493310314
8040,TDF,NRTI,8,35,I,0.0003927568644054819
8040,TDF,NRTI,9,200,A,0.00026993332190073207
8040,TDF,NRTI,10,138,E,0.00017463550452166584
614659,TDF,NRTI,1,69,T,0.9999999523037262
614659,TDF,NRTI,2,178,M,0.09755628307796117
614659,TDF,NRTI,3,123,N,0.061486390948855635
614659,TDF,NRTI,4,196,E,0.015867149147885118
614659,TDF,NRTI,5,174,K,0.010826088250657524
614659,TDF,NRTI,6,67,D,0.00698283043155604
614659,TDF,NRTI,7,68,S,0.0036339416797583125
614659,TDF,NRTI,8,177,D,0.002929364935947986
614659,TDF,NRTI,9,70,K,0.00239312698098105
614659,TDF,NRTI,10,194,E,0.0020262740150390826
109447,TDF,NRTI,1,69,T,0.9999999523059121
109447,TDF,NRTI,2,196,E,0.016120141172346114
109447,TDF,NRTI,3,135,T,0.013499303329316113
109447,TDF,NRTI,4,123,E,0.008229673564068223
109447,TDF,NRTI,5,67,D,0.007383372177530076
109447,TDF,NRTI,6,207,E,0.006353658639547559
109447,TDF,NRTI,7,68,S,0.0038767810034082226
109447,TDF,NRTI,8,142,V,0.0033155954903238563
109447,TDF,NRTI,9,70,K,0.0024385099771278944
109447,TDF,NRTI,10,211,K,0.0023145798242256957
41125,EFV,NNRTI,1,64,R,0.9999999523028716
41125,EFV,NNRTI,2,172,K,0.32358532078953123
41125,EFV,NNRTI,3,101,P,0.19097878652212172
41125,EFV,NNRTI,4,219,E,0.13772994637786246
41125,EFV,NNRTI,5,103,N,0.12881644048687013
41125,EFV,NNRTI,6,74,L,0.10712914761175346
41125,EFV,NNRTI,7,67,G,0.07938403497410022
41125,EFV,NNRTI,8,20,R,0.043179746819662725
41125,EFV,NNRTI,9,70,R,0.03793787845583818
41125,EFV,NNRTI,10,214,L,0.03256286371614704
268430,EFV,NNRTI,1,103,R,0.9999999522539644
268430,EFV,NNRTI,2,74,L,0.2909928765049866
268430,EFV,NNRTI,3,179,D,0.177802671459033
268430,EFV,NNRTI,4,108,V,0.0774393670379318
268430,EFV,NNRTI,5,121,D,0.038847749885800614
268430,EFV,NNRTI,6,142,I,0.02826985731365713
268430,EFV,NNRTI,7,63,I,0.02546442005328398
268430,EFV,NNRTI,8,118,V,0.025125335353946312
268430,EFV,NNRTI,9,31,I,0.024203560304516814
268430,EFV,NNRTI,10,35,V,0.02393608388842952
205669,EFV,NNRTI,1,70,G,0.9999999522833052
205669,EFV,NNRTI,2,4,S,0.5631829965120454
205669,EFV,NNRTI,3,237,E,0.5412161087324109
205669,EFV,NNRTI,4,118,I,0.45822415714337217
205669,EFV,NNRTI,5,174,K,0.41531325393100865
205669,EFV,NNRTI,6,219,Q,0.3714504051745503
205669,EFV,NNRTI,7,74,L,0.31457672744348875
205669,EFV,NNRTI,8,102,Q,0.303566476139949
205669,EFV,NNRTI,9,60,I,0.23797528131900547
205669,EFV,NNRTI,10,35,T,0.2186573773204236
205685,EFV,NNRTI,1,103,R,0.9999999522758752
205685,EFV,NNRTI,2,135,L,0.6386587740494207
205685,EFV,NNRTI,3,219,Q,0.540537165783445
205685,EFV,NNRTI,4,39,A,0.41415406906826674
205685,EFV,NNRTI,5,74,L,0.36401308535388377
205685,EFV,NNRTI,6,69,N,0.2878140161156947
205685,EFV,NNRTI,7,70,R,0.15922438008826056
205685,EFV,NNRTI,8,67,N,0.1359041217571501
205685,EFV,NNRTI,9,214,L,0.12789737938214216
205685,EFV,NNRTI,10,108,V,0.08692436671571205
206442,EFV,NNRTI,1,219,Q,0.9703210911275274
206442,EFV,NNRTI,2,60,I,0.6361332631003969
206442,EFV,NNRTI,3,74,L,0.5951525389180924
206442,EFV,NNRTI,4,214,L,0.2203110844855877
206442,EFV,NNRTI,5,108,V,0.15947809793977827
206442,EFV,NNRTI,6,184,V,0.10597527536104218
206442,EFV,NNRTI,7,121,D,0.07822345663841263
206442,EFV,NNRTI,8,103,K,0.06562491180554672
206442,EFV,NNRTI,9,115,Y,0.061918510262763835
206442,EFV,NNRTI,10,118,V,0.05825556316237676
205675,EFV,NNRTI,1,135,M,0.9999999522864971
205675,EFV,NNRTI,2,90,I,0.2990717857289072
205675,EFV,NNRTI,3,118,I,0.28097472184231764
205675,EFV,NNRTI,4,103,N,0.1717595710452612
205675,EFV,NNRTI,5,74,L,0.16271795439433007
205675,EFV,NNRTI,6,69,N,0.10970795541547684
205675,EFV,NNRTI,7,70,R,0.06306760447768761
205675,EFV,NNRTI,8,67,N,0.05272335790710628
205675,EFV,NNRTI,9,108,V,0.041576872406219795
205675,EFV,NNRTI,10,121,D,0.019650066228429464
259174,EFV,NNRTI,1,142,V,0.9999999522881948
259174,EFV,NNRTI,2,4,S,0.40983106685824294
259174,EFV,NNRTI,3,123,N,0.31596403475943635
259174,EFV,NNRTI,4,74,L,0.16964599270257263
259174,EFV,NNRTI,5,6,D,0.16420815242826262
259174,EFV,NNRTI,6,162,C,0.08808827315975969
259174,EFV,NNRTI,7,178,L,0.08185577521435806
259174,EFV,NNRTI,8,108,V,0.04638967999932024
259174,EFV,NNRTI,9,121,D,0.02689538318721394
259174,EFV,NNRTI,10,177,E,0.022203782850627504
268428,EFV,NNRTI,1,100,I,0.8722771133308741
268428,EFV,NNRTI,2,74,L,0.609803271178112
268428,EFV,NNRTI,3,108,V,0.17003286583276744
268428,EFV,NNRTI,4,103,K,0.08653949918210818
268428,EFV,NNRTI,5,121,D,0.08514303808918454
268428,EFV,NNRTI,6,142,I,0.06267960952770099
268428,EFV,NNRTI,7,118,V,0.05698455062040745
268428,EFV,NNRTI,8,35,V,0.05524692030933303
268428,EFV,NNRTI,9,63,I,0.05492695889015395
268428,EFV,NNRTI,10,135,I,0.05434298830933371
268429,EFV,NNRTI,1,103,S,0.9999999522529689
268429,EFV,NNRTI,2,74,L,0.3202030686383843
268429,EFV,NNRTI,3,108,V,0.09161207052252088
268429,EFV,NNRTI,4,121,D,0.04342664190568982
268429,EFV,NNRTI,5,142,I,0.03224149598328684
268429,EFV,NNRTI,6,63,I,0.028802083252054834
268429,EFV,NNRTI,7,118,V,0.028008935454664523
268429,EFV,NNRTI,8,72,R,0.02694518778806903
268429,EFV,NNRTI,9,31,I,0.026810775922076542
268429,EFV,NNRTI,10,115,Y,0.02572074189463247
258504,EFV,NNRTI,1,215,V,0.9999999522849592
258504,EFV,NNRTI,2,49,R,0.7836993681866551
258504,EFV,NNRTI,3,44,D,0.7032660548303802
258504,EFV,NNRTI,4,228,H,0.48920286997260143
258504,EFV,NNRTI,5,219,E,0.31580957126516257
258504,EFV,NNRTI,6,103,N,0.271629857435031
258504,EFV,NNRTI,7,74,L,0.23560813603078862
258504,EFV,NNRTI,8,202,V,0.22487159329742681
258504,EFV,NNRTI,9,200,I,0.21893057156391987
258504,EFV,NNRTI,10,60,I,0.21561289133865238
235704,EFV,NNRTI,1,44,A,0.9999999522826809
235704,EFV,NNRTI,2,203,V,0.6817461504069977
235704,EFV,NNRTI,3,32,E,0.5705601040453291
235704,EFV,NNRTI,4,181,V,0.558174013945931
235704,EFV,NNRTI,5,39,K,0.47290649533736095
235704,EFV,NNRTI,6,75,M,0.366398163958942
235704,EFV,NNRTI,7,208,Y,0.3326231122329654
235704,EFV,NNRTI,8,179,T,0.32487263482288864
235704,EFV,NNRTI,9,103,S,0.31982916480204576
235704,EFV,NNRTI,10,228,H,0.23888253728363074
77294,EFV,NNRTI,1,101,R,0.999999952293894
77294,EFV,NNRTI,2,204,N,0.48475370229304926
77294,EFV,NNRTI,3,103,R,0.4010402962018892
77294,EFV,NNRTI,4,228,H,0.2875463720036101
77294,EFV,NNRTI,5,219,E,0.1840863447318397
77294,EFV,NNRTI,6,215,F,0.1814341693145742
77294,EFV,NNRTI,7,74,L,0.1293767930055882
77294,EFV,NNRTI,8,190,E,0.12558853486196786
77294,EFV,NNRTI,9,35,L,0.12076059855168053
77294,EFV,NNRTI,10,178,M,0.07506244616227503
51864,EFV,NNRTI,1,39,S,0.9999999522888059
51864,EFV,NNRTI,2,35,M,0.24564893525249873
51864,EFV,NNRTI,3,202,V,0.18702598297065284
51864,EFV,NNRTI,4,74,L,0.17447885154167095
51864,EFV,NNRTI,5,138,A,0.14332325964514991
51864,EFV,NNRTI,6,83,K,0.07586388084359548
51864,EFV,NNRTI,7,123,E,0.05319051385747044
51864,EFV,NNRTI,8,108,V,0.04919112272880212
51864,EFV,NNRTI,9,121,D,0.02871193205024833
51864,EFV,NNRTI,10,142,I,0.01924860605675755
235708,EFV,NNRTI,1,171,Y,0.9999999522894788
235708,EFV,NNRTI,2,202,V,0.1295408462091921
235708,EFV,NNRTI,3,74,L,0.1261636734235943
235708,EFV,NNRTI,4,35,I,0.07209000819340622
235708,EFV,NNRTI,5,108,V,0.03404191956586733
235708,EFV,NNRTI,6,200,A,0.02325832341103433
235708,EFV,NNRTI,7,121,D,0.01747283307208277
235708,EFV,NNRTI,8,103,K,0.013456293551075305
235708,EFV,NNRTI,9,142,I,0.013075405362173127
235708,EFV,NNRTI,10,63,I,0.011533696829089633
27725,EFV,NNRTI,1,74,V,1.0000000119161996
27725,EFV,NNRTI,2,219,N,0.03365592233058957
27725,EFV,NNRTI,3,211,A,0.01814052551260796
27725,EFV,NNRTI,4,68,G,0.015170848447264322
27725,EFV,NNRTI,5,173,E,0.013642914224351559
27725,EFV,NNRTI,6,190,E,0.011503038806212767
27725,EFV,NNRTI,7,60,I,0.011324636228453656
27725,EFV,NNRTI,8,67,G,0.009389107366934064
27725,EFV,NNRTI,9,138,A,0.00934355160717519
27725,EFV,NNRTI,10,135,V,0.009237103806626078
51819,EFV,NNRTI,1,121,H,1.0000000119121715
51819,EFV,NNRTI,2,88,C,0.235976525889878
51819,EFV,NNRTI,3,221,Y,0.03511390070356801
51819,EFV,NNRTI,4,74,L,0.026882476965321894
51819,EFV,NNRTI,5,135,T,0.009787460639271182
51819,EFV,NNRTI,6,181,C,0.009352211471581117
51819,EFV,NNRTI,7,108,V,0.007141614322270262
51819,EFV,NNRTI,8,177,E,0.003288866445918623
51819,EFV,NNRTI,9,103,K,0.0027993191859491556
51819,EFV,NNRTI,10,142,I,0.002756598681843146
205660,EFV,NNRTI,1,74,L,0.7548673867334265
205660,EFV,NNRTI,2,138,K,0.5834101920566483
205660,EFV,NNRTI,3,214,L,0.5787912187784964
205660,EFV,NNRTI,4,108,V,0.18945309477652209
205660,EFV,NNRTI,5,103,K,0.11347560818872403
205660,EFV,NNRTI,6,135,I,0.10795156241670631
205660,EFV,NNRTI,7,121,D,0.1047545499838697
205660,EFV,NNRTI,8,142,I,0.1041551976263981
205660,EFV,NNRTI,9,118,V,0.08567096499891744
205660,EFV,NNRTI,10,167,I,0.08318571488533252
205663,EFV,NNRTI,1,184,I,0.9999998330087567
205663,EFV,NNRTI,2,74,L,0.513631469284584
205663,EFV,NNRTI,3,214,L,0.2268423799386455
205663,EFV,NNRTI,4,108,V,0.14323707728575064
205663,EFV,NNRTI,5,121,D,0.07296099325574179
205663,EFV,NNRTI,6,103,K,0.062248488246675726
205663,EFV,NNRTI,7,118,V,0.05331473822978114
205663,EFV,NNRTI,8,142,I,0.05280324332244482
205663,EFV,NNRTI,9,115,Y,0.050897426059962295
205663,EFV,NNRTI,10,63,I,0.04569838392936759
205664,EFV,NNRTI,1,74,L,0.7666637419619762
205664,EFV,NNRTI,2,214,L,0.5787237403472825
205664,EFV,NNRTI,3,184,V,0.23085643823075785
205664,EFV,NNRTI,4,108,V,0.19407106905475802
205664,EFV,NNRTI,5,103,K,0.11401701759061933
205664,EFV,NNRTI,6,115,Y,0.1088502008945538
205664,EFV,NNRTI,7,121,D,0.1019545091612356
205664,EFV,NNRTI,8,167,I,0.08755128787977802
205664,EFV,NNRTI,9,118,V,0.08512109999628387
205664,EFV,NNRTI,10,211,R,0.08428366590689944
205665,EFV,NNRTI,1,74,L,0.7519124268397306
205665,EFV,NNRTI,2,214,L,0.5791741461720084
205665,EFV,NNRTI,3,108,V,0.18567882050358456
205665,EFV,NNRTI,4,103,K,0.11212377906321654
205665,EFV,NNRTI,5,121,D,0.10154590445508045
205665,EFV,NNRTI,6,118,V,0.08454220596308176
205665,EFV,NNRTI,7,211,R,0.0828628980256726
205665,EFV,NNRTI,8,167,I,0.08250248281513135
205665,EFV,NNRTI,9,35,V,0.08043031803302744
205665,EFV,NNRTI,10,135,I,0.07825632097218237
259230,EFV,NNRTI,1,181,I,0.9999999523049887
259230,EFV,NNRTI,2,90,I,0.16301795085708604
259230,EFV,NNRTI,3,123,N,0.14580023719283525
259230,EFV,NNRTI,4,174,K,0.14072368435830468
259230,EFV,NNRTI,5,135,L,0.1366379907354259
259230,EFV,NNRTI,6,74,L,0.07409794380110224
259230,EFV,NNRTI,7,179,I,0.052463662096949366
259230,EFV,NNRTI,8,35,I,0.04448710757660813
259230,EFV,NNRTI,9,162,C,0.04110898522414706
259230,EFV,NNRTI,10,108,V,0.020762181717547075
235690,EFV,NNRTI,1,210,F,0.9999999522609323
235690,EFV,NNRTI,2,123,N,0.6208602018976891
235690,EFV,NNRTI,3,74,L,0.285580228999315
235690,EFV,NNRTI,4,108,V,0.08014970262821042
235690,EFV,NNRTI,5,121,D,0.04950771961579222
235690,EFV,NNRTI,6,103,K,0.03346756303757939
235690,EFV,NNRTI,7,142,I,0.02966908301923664
235690,EFV,NNRTI,8,63,I,0.026550651311228524
235690,EFV,NNRTI,9,118,V,0.026501540676369645
235690,EFV,NNRTI,10,211,K,0.026017159746849122
40792,EFV,NNRTI,1,31,V,0.99999995230335
40792,EFV,NNRTI,2,237,E,0.16458724475153014
40792,EFV,NNRTI,3,219,Q,0.11474148040983889
40792,EFV,NNRTI,4,74,L,0.08671878611382414
40792,EFV,NNRTI,5,69,N,0.05763018086810189
40792,EFV,NNRTI,6,67,N,0.02898296156426336
40792,EFV,NNRTI,7,138,K,0.026983932041583794
40792,EFV,NNRTI,8,123,E,0.022418829965416304
40792,EFV,NNRTI,9,108,V,0.021579189858664312
40792,EFV,NNRTI,10,196,E,0.014768418517283112
205159,EFV,NNRTI,1,121,E,0.9999999523033725
205159,EFV,NNRTI,2,106,I,0.2754447214730869
205159,EFV,NNRTI,3,221,Y,0.05621599251254048
205159,EFV,NNRTI,4,68,G,0.052713118716747075
205159,EFV,NNRTI,5,74,L,0.04916302448332379
205159,EFV,NNRTI,6,98,S,0.037734669820299875
205159,EFV,NNRTI,7,135,V,0.03440148806102998
205159,EFV,NNRTI,8,35,I,0.02524986663317879
205159,EFV,NNRTI,9,181,C,0.01641629883667774
205159,EFV,NNRTI,10,214,L,0.014113663807892047
41121,EFV,NNRTI,1,219,H,0.9999999523030142
41121,EFV,NNRTI,2,162,N,0.2520576157770563
41121,EFV,NNRTI,3,90,I,0.16506090779229793
41121,EFV,NNRTI,4,203,D,0.1318266848046921
41121,EFV,NNRTI,5,74,L,0.08436686815683436
41121,EFV,NNRTI,6,101,E,0.03844773931540223
41121,EFV,NNRTI,7,70,R,0.031665624553449026
41121,EFV,NNRTI,8,67,N,0.025191262905363637
41121,EFV,NNRTI,9,108,V,0.021458191821548546
41121,EFV,NNRTI,10,190,A,0.019575957856799844
235702,EFV,NNRTI,1,207,N,0.9999999522905514
235702,EFV,NNRTI,2,118,I,0.40196587575651727
235702,EFV,NNRTI,3,69,D,0.3503621172603907
235702,EFV,NNRTI,4,221,Y,0.25689714143132203
235702,EFV,NNRTI,5,102,Q,0.25065464004025484
235702,EFV,NNRTI,6,74,L,0.24922257141305743
235702,EFV,NNRTI,7,103,N,0.23607745289700627
235702,EFV,NNRTI,8,6,K,0.19380936612096156
235702,EFV,NNRTI,9,179,I,0.12864408775228237
235702,EFV,NNRTI,10,181,C,0.07951314283835208
205156,EFV,NNRTI,1,192,N,0.9999999522819125
205156,EFV,NNRTI,2,166,R,0.6196339307661172
205156,EFV,NNRTI,3,101,P,0.5004481041797033
205156,EFV,NNRTI,4,103,N,0.3470799792448079
205156,EFV,NNRTI,5,102,Q,0.3280351952775223
205156,EFV,NNRTI,6,74,L,0.27790982045686397
205156,EFV,NNRTI,7,98,S,0.2314376077133395
205156,EFV,NNRTI,8,215,Y,0.1555791595858186
205156,EFV,NNRTI,9,108,V,0.08134249751852034
205156,EFV,NNRTI,10,123,E,0.07862804388961883
216608,EFV,NNRTI,1,39,A,0.8159357155776616
216608,EFV,NNRTI,2,200,I,0.7263637119866222
216608,EFV,NNRTI,3,35,L,0.6634711941188173
216608,EFV,NNRTI,4,74,L,0.603341144260753
216608,EFV,NNRTI,5,83,K,0.2937776700948228
216608,EFV,NNRTI,6,123,E,0.21096958011213304
216608,EFV,NNRTI,7,108,V,0.16356946624163737
216608,EFV,NNRTI,8,196,E,0.14405121609996877
216608,EFV,NNRTI,9,121,D,0.1036008490473344
216608,EFV,NNRTI,10,103,K,0.06754741960566359
205155,EFV,NNRTI,1,74,I,1.000000011915564
205155,EFV,NNRTI,2,240,K,0.03849320299436546
205155,EFV,NNRTI,3,103,R,0.026476501602964754
205155,EFV,NNRTI,4,230,L,0.014889760300947682
205155,EFV,NNRTI,5,202,V,0.01196044517026881
205155,EFV,NNRTI,6,100,I,0.010703072342465689
205155,EFV,NNRTI,7,67,G,0.007917673063139825
205155,EFV,NNRTI,8,179,D,0.005935430961096335
205155,EFV,NNRTI,9,35,I,0.005512329200871508
205155,EFV,NNRTI,10,215,Y,0.005371216415284034
51860,EFV,NNRTI,1,204,Q,0.9999999522762043
51860,EFV,NNRTI,2,230,L,0.34914623419612356
51860,EFV,NNRTI,3,162,A,0.31611042170389514
51860,EFV,NNRTI,4,103,N,0.28901346276898704
51860,EFV,NNRTI,5,74,L,0.2342336863044189
51860,EFV,NNRTI,6,200,I,0.2243242348492146
51860,EFV,NNRTI,7,6,D,0.19560529736175863
51860,EFV,NNRTI,8,135,T,0.08741352212963975
51860,EFV,NNRTI,9,214,L,0.07892385436596017
51860,EFV,NNRTI,10,123,E,0.0697470281820018
87123,EFV,NNRTI,1,101,H,0.9999999522585009
87123,EFV,NNRTI,2,200,E,0.3921744430363785
87123,EFV,NNRTI,3,74,L,0.33202620239148883
87123,EFV,NNRTI,4,135,V,0.3011415270331733
87123,EFV,NNRTI,5,35,I,0.20746745539206413
87123,EFV,NNRTI,6,162,C,0.1980794687927552
87123,EFV,NNRTI,7,108,V,0.09572475577932285
87123,EFV,NNRTI,8,190,A,0.09064497189571634
87123,EFV,NNRTI,9,177,E,0.04825409149844443
87123,EFV,NNRTI,10,121,D,0.04557419044202419
205676,EFV,NNRTI,1,108,I,0.9999999523085777
205676,EFV,NNRTI,2,122,Q,0.27239321982035436
205676,EFV,NNRTI,3,64,H,0.18534575622896254
205676,EFV,NNRTI,4,35,R,0.15310761872593434
205676,EFV,NNRTI,5,49,R,0.12659536687275547
205676,EFV,NNRTI,6,162,D,0.11863488003583
205676,EFV,NNRTI,7,228,R,0.11790435647825884
205676,EFV,NNRTI,8,189,I,0.07993549529608966
205676,EFV,NNRTI,9,218,E,0.0606216435955973
205676,EFV,NNRTI,10,215,F,0.0493294169931432
205662,EFV,NNRTI,1,74,L,0.7627149342669158
205662,EFV,NNRTI,2,138,K,0.5839922270284054
205662,EFV,NNRTI,3,214,L,0.5786801891058322
205662,EFV,NNRTI,4,184,V,0.23128720442359252
205662,EFV,NNRTI,5,108,V,0.19782579251924878
205662,EFV,NNRTI,6,103,K,0.11549647349407179
205662,EFV,NNRTI,7,115,Y,0.11034544084623962
205662,EFV,NNRTI,8,135,I,0.10828260918515087
205662,EFV,NNRTI,9,121,D,0.1048119149124313
205662,EFV,NNRTI,10,142,I,0.10357816104968084
205677,EFV,NNRTI,1,108,I,0.9999999523088106
205677,EFV,NNRTI,2,122,Q,0.2721580190585536
205677,EFV,NNRTI,3,35,R,0.15422338988177783
205677,EFV,NNRTI,4,49,R,0.12580157947327777
205677,EFV,NNRTI,5,162,D,0.11869997896700693
205677,EFV,NNRTI,6,228,R,0.11758747420174491
205677,EFV,NNRTI,7,189,I,0.08013711804035893
205677,EFV,NNRTI,8,218,E,0.060613415461751224
205677,EFV,NNRTI,9,215,F,0.04942032954807686
205677,EFV,NNRTI,10,219,Q,0.04795934872764203
257964,EFV,NNRTI,1,174,G,0.999999952291883
257964,EFV,NNRTI,2,162,A,0.21151090933552522
257964,EFV,NNRTI,3,74,L,0.15973058475306615
257964,EFV,NNRTI,4,83,K,0.0648066365258066
257964,EFV,NNRTI,5,108,V,0.044954887619329975
257964,EFV,NNRTI,6,207,E,0.03586060555764975
257964,EFV,NNRTI,7,196,E,0.03216053787980933
257964,EFV,NNRTI,8,200,A,0.028838058127640495
257964,EFV,NNRTI,9,121,D,0.02262441838538142
257964,EFV,NNRTI,10,142,I,0.0170079493328728
259246,EFV,NNRTI,1,162,H,0.9999999522992088
259246,EFV,NNRTI,2,35,M,0.15579885036328514
259246,EFV,NNRTI,3,74,L,0.11122190565807902
259246,EFV,NNRTI,4,60,I,0.10684781495663237
259246,EFV,NNRTI,5,83,K,0.04623167061153656
259246,EFV,NNRTI,6,135,T,0.04097340136906164
259246,EFV,NNRTI,7,108,V,0.029490356659704148
259246,EFV,NNRTI,8,121,D,0.014553319939276596
259246,EFV,NNRTI,9,103,K,0.011622105644911009
259246,EFV,NNRTI,10,142,I,0.011051190221136127
51884,EFV,NNRTI,1,215,V,0.9999999522934453
51884,EFV,NNRTI,2,103,S,0.7147129800542386
51884,EFV,NNRTI,3,101,P,0.37357939323727773
51884,EFV,NNRTI,4,219,E,0.30866307364870105
51884,EFV,NNRTI,5,68,G,0.30114517133401264
51884,EFV,NNRTI,6,102,Q,0.2763168389608147
51884,EFV,NNRTI,7,74,L,0.2514961121882514
51884,EFV,NNRTI,8,67,G,0.19700771009500478
51884,EFV,NNRTI,9,69,N,0.18226409260135706
51884,EFV,NNRTI,10,178,L,0.10920043910867605
258508,EFV,NNRTI,1,142,M,0.9999999523016927
258508,EFV,NNRTI,2,74,L,0.07658905868180822
258508,EFV,NNRTI,3,6,K,0.06946808797205437
258508,EFV,NNRTI,4,35,I,0.04160204354581968
258508,EFV,NNRTI,5,162,C,0.0352816953405462
258508,EFV,NNRTI,6,108,V,0.02086542120890942
258508,EFV,NNRTI,7,121,D,0.010658826688742342
258508,EFV,NNRTI,8,103,K,0.008072782207456528
258508,EFV,NNRTI,9,63,I,0.006967420042173215
258508,EFV,NNRTI,10,72,R,0.00694213716137402
259190,EFV,NNRTI,1,162,A,0.9043129854849425
259190,EFV,NNRTI,2,74,L,0.5920041321880882
259190,EFV,NNRTI,3,35,I,0.37294563908549594
259190,EFV,NNRTI,4,83,K,0.28068097579522794
259190,EFV,NNRTI,5,108,V,0.1610981599717742
259190,EFV,NNRTI,6,207,E,0.15972921456895417
259190,EFV,NNRTI,7,121,D,0.0825000702991022
259190,EFV,NNRTI,8,103,K,0.06724208255813255
259190,EFV,NNRTI,9,142,I,0.061960533164178905
259190,EFV,NNRTI,10,31,I,0.053977989297461976
259186,EFV,NNRTI,1,48,T,0.9999999522958771
259186,EFV,NNRTI,2,203,D,0.2487438987364755
259186,EFV,NNRTI,3,103,N,0.18833231070920692
259186,EFV,NNRTI,4,74,L,0.15262400850576435
259186,EFV,NNRTI,5,200,I,0.14940281985830656
259186,EFV,NNRTI,6,35,I,0.08549642418889455
259186,EFV,NNRTI,7,108,V,0.04177586402575273
259186,EFV,NNRTI,8,207,E,0.03645538468684612
259186,EFV,NNRTI,9,121,D,0.021050682174416368
259186,EFV,NNRTI,10,142,I,0.015686315159792234
235716,EFV,NNRTI,1,173,Q,0.964616360126249
235716,EFV,NNRTI,2,103,N,0.7024789276334478
235716,EFV,NNRTI,3,74,L,0.5357357084099259
235716,EFV,NNRTI,4,178,M,0.31342593862391616
235716,EFV,NNRTI,5,108,V,0.15270585725618036
235716,EFV,NNRTI,6,121,D,0.07323878514738001
235716,EFV,NNRTI,7,142,I,0.05489990463313392
235716,EFV,NNRTI,8,118,V,0.047131921343764385
235716,EFV,NNRTI,9,63,I,0.0467044821209862
235716,EFV,NNRTI,10,72,R,0.04511315608025372
259180,EFV,NNRTI,1,74,I,1.000000011916497
259180,EFV,NNRTI,2,4,T,0.04620260976816073
259180,EFV,NNRTI,3,195,K,0.03836780289512769
259180,EFV,NNRTI,4,219,N,0.029000299205433483
259180,EFV,NNRTI,5,43,E,0.01722140250423332
259180,EFV,NNRTI,6,118,I,0.01691289194380796
259180,EFV,NNRTI,7,162,A,0.014587250655111532
259180,EFV,NNRTI,8,6,K,0.012576828279372648
259180,EFV,NNRTI,9,179,F,0.012242772976462956
259180,EFV,NNRTI,10,210,W,0.006726814819093885
56595,EFV,NNRTI,1,102,R,0.9999999523007711
56595,EFV,NNRTI,2,151,M,0.36669825951450863
56595,EFV,NNRTI,3,90,I,0.1860572982615667
56595,EFV,NNRTI,4,101,P,0.17484077138042295
56595,EFV,NNRTI,5,211,A,0.14573468563372988
56595,EFV,NNRTI,6,219,Q,0.1330298666596884
56595,EFV,NNRTI,7,207,K,0.11907411981533733
56595,EFV,NNRTI,8,103,N,0.11349052171265367
56595,EFV,NNRTI,9,74,L,0.10137085701427165
56595,EFV,NNRTI,10,135,V,0.07392454486381778
75949,EFV,NNRTI,1,165,I,0.9999999522968317
75949,EFV,NNRTI,2,75,T,0.4269925672798528
75949,EFV,NNRTI,3,162,N,0.2765857401157949
75949,EFV,NNRTI,4,74,L,0.1149894367935465
75949,EFV,NNRTI,5,221,Y,0.11350961641369804
75949,EFV,NNRTI,6,35,L,0.07749271612237432
75949,EFV,NNRTI,7,20,R,0.03929290977668439
75949,EFV,NNRTI,8,83,K,0.03678622026480994
75949,EFV,NNRTI,9,214,L,0.028634390251344517
75949,EFV,NNRTI,10,108,V,0.023102452747823833
52040,EFV,NNRTI,1,123,G,0.9813050289981109
52040,EFV,NNRTI,2,166,R,0.8034651993977694
52040,EFV,NNRTI,3,74,L,0.36089089165273813
52040,EFV,NNRTI,4,200,E,0.3605434867438453
52040,EFV,NNRTI,5,138,A,0.283517579157379
52040,EFV,NNRTI,6,83,K,0.14714502216061162
52040,EFV,NNRTI,7,108,V,0.09821862396497957
52040,EFV,NNRTI,8,121,D,0.060495343175700836
52040,EFV,NNRTI,9,142,I,0.039982557892233025
52040,EFV,NNRTI,10,103,K,0.038451990073912916
257944,EFV,NNRTI,1,101,Q,0.999999952279436
257944,EFV,NNRTI,2,53,D,0.8779701218486899
257944,EFV,NNRTI,3,46,T,0.7977005293415891
257944,EFV,NNRTI,4,123,S,0.7445734868633122
257944,EFV,NNRTI,5,39,E,0.7310634478316557
257944,EFV,NNRTI,6,135,K,0.7071113819956496
257944,EFV,NNRTI,7,173,A,0.5379511806628584
257944,EFV,NNRTI,8,166,R,0.28917279039552046
257944,EFV,NNRTI,9,60,I,0.12918532188439244
257944,EFV,NNRTI,10,74,L,0.1253602277732542
205160,EFV,NNRTI,1,82,R,0.9999999523021109
205160,EFV,NNRTI,2,49,R,0.3030393020377527
205160,EFV,NNRTI,3,228,R,0.2944653143744193
205160,EFV,NNRTI,4,211,A,0.14915482321434748
205160,EFV,NNRTI,5,207,K,0.12688563090917068
205160,EFV,NNRTI,6,215,F,0.12210499318750197
205160,EFV,NNRTI,7,103,N,0.10709368731157043
205160,EFV,NNRTI,8,179,F,0.10107198799029699
205160,EFV,NNRTI,9,74,L,0.08342742417139176
205160,EFV,NNRTI,10,98,S,0.08210950273854002
205162,EFV,NNRTI,1,162,Y,0.9999999522874302
205162,EFV,NNRTI,2,98,G,0.6396164446120712
205162,EFV,NNRTI,3,210,F,0.3858153138890942
205162,EFV,NNRTI,4,215,D,0.30363089958387085
205162,EFV,NNRTI,5,74,L,0.12716385877547817
205162,EFV,NNRTI,6,101,E,0.061936161683654095
205162,EFV,NNRTI,7,135,T,0.04997479812490002
205162,EFV,NNRTI,8,181,C,0.04718141845897596
205162,EFV,NNRTI,9,138,K,0.04505886589810704
205162,EFV,NNRTI,10,108,V,0.039156310336279046
216602,EFV,NNRTI,1,69,D,0.9713454854277277
216602,EFV,NNRTI,2,35,M,0.8329222714457567
216602,EFV,NNRTI,3,102,Q,0.7215219020374379
216602,EFV,NNRTI,4,74,L,0.6375005363676546
216602,EFV,NNRTI,5,162,C,0.30046382365851193
216602,EFV,NNRTI,6,178,L,0.27265005463064
216602,EFV,NNRTI,7,20,R,0.2662100978976183
216602,EFV,NNRTI,8,108,V,0.15514857945948446
216602,EFV,NNRTI,9,207,E,0.1350502762172125
216602,EFV,NNRTI,10,121,D,0.07734037373010069
259178,EFV,NNRTI,1,74,L,0.7513423083973728
259178,EFV,NNRTI,2,20,R,0.6603917975808603
259178,EFV,NNRTI,3,108,V,0.1871379151188068
259178,EFV,NNRTI,4,103,K,0.11554723685429985
259178,EFV,NNRTI,5,211,K,0.11452362327619181
259178,EFV,NNRTI,6,121,D,0.10162789747403786
259178,EFV,NNRTI,7,35,V,0.08324687386841839
259178,EFV,NNRTI,8,135,I,0.08109889982571511
259178,EFV,NNRTI,9,118,V,0.07406520316885778
259178,EFV,NNRTI,10,142,I,0.07113127896952601
51811,EFV,NNRTI,1,142,T,0.9999999523023315
51811,EFV,NNRTI,2,195,L,0.11864045212865726
51811,EFV,NNRTI,3,74,L,0.09372686117602565
51811,EFV,NNRTI,4,202,V,0.08751447625217319
51811,EFV,NNRTI,5,6,D,0.06753118563955961
51811,EFV,NNRTI,6,138,A,0.06538247602026988
51811,EFV,NNRTI,7,178,M,0.04549102454230418
51811,EFV,NNRTI,8,108,V,0.02583326584882666
51811,EFV,NNRTI,9,121,D,0.013168176601195077
51811,EFV,NNRTI,10,177,E,0.011505903300532635
40011,EFV,NNRTI,1,74,V,1.000000011913881
40011,EFV,NNRTI,2,103,N,0.013755119431485358
40011,EFV,NNRTI,3,100,I,0.01350318896427317
40011,EFV,NNRTI,4,178,L,0.0063346306906663825
40011,EFV,NNRTI,5,215,Y,0.006319822379416756
40011,EFV,NNRTI,6,135,T,0.004429464818264372
40011,EFV,NNRTI,7,108,V,0.0028491646980937707
40011,EFV,NNRTI,8,41,L,0.0022750617649475936
40011,EFV,NNRTI,9,63,I,0.0014599157143208741
40011,EFV,NNRTI,10,121,D,0.001386118985489834
205672,EFV,NNRTI,1,115,F,0.9999999523062129
205672,EFV,NNRTI,2,142,V,0.34471489195426974
205672,EFV,NNRTI,3,106,M,0.2565694201129131
205672,EFV,NNRTI,4,173,Q,0.09856551318957754
205672,EFV,NNRTI,5,70,E,0.0880839779232151
205672,EFV,NNRTI,6,169,D,0.08687049399274271
205672,EFV,NNRTI,7,102,Q,0.07952878931385876
205672,EFV,NNRTI,8,74,L,0.0692452882573697
205672,EFV,NNRTI,9,67,G,0.04788721486626637
205672,EFV,NNRTI,10,162,C,0.030838821276381025
270336,EFV,NNRTI,1,184,I,0.9999998330095445
270336,EFV,NNRTI,2,74,L,0.5159184072521668
270336,EFV,NNRTI,3,101,E,0.3115649038100296
270336,EFV,NNRTI,4,138,K,0.24474754385303843
270336,EFV,NNRTI,5,108,V,0.14333176598859762
270336,EFV,NNRTI,6,103,K,0.0731377053628603
270336,EFV,NNRTI,7,121,D,0.07293178371315771
270336,EFV,NNRTI,8,142,I,0.06376002829570943
270336,EFV,NNRTI,9,135,I,0.05436762088362551
270336,EFV,NNRTI,10,115,Y,0.05019630714420957
216596,EFV,NNRTI,1,162,F,0.9999999522832469
216596,EFV,NNRTI,2,90,I,0.5053642054577661
216596,EFV,NNRTI,3,70,E,0.35090642408804207
216596,EFV,NNRTI,4,74,L,0.28402493270174956
216596,EFV,NNRTI,5,200,E,0.24588804276992193
216596,EFV,NNRTI,6,67,G,0.18982415270052239
216596,EFV,NNRTI,7,181,C,0.08677109049114486
216596,EFV,NNRTI,8,108,V,0.06974114464489217
216596,EFV,NNRTI,9,121,D,0.0329536426938367
216596,EFV,NNRTI,10,142,I,0.025905188993383572
259222,EFV,NNRTI,1,65,R,0.8989563107155076
259222,EFV,NNRTI,2,40,K,0.8860581804489966
259222,EFV,NNRTI,3,11,T,0.7238105722728605
259222,EFV,NNRTI,4,188,H,0.4382949885812947
259222,EFV,NNRTI,5,135,L,0.3332777452533059
259222,EFV,NNRTI,6,74,L,0.21657951724085533
259222,EFV,NNRTI,7,35,I,0.11407341705857849
259222,EFV,NNRTI,8,178,M,0.1097461650840307
259222,EFV,NNRTI,9,181,C,0.07099304591695703
259222,EFV,NNRTI,10,108,V,0.059121422141258415
259220,EFV,NNRTI,1,74,L,0.8093331574894993
259220,EFV,NNRTI,2,35,I,0.7166205837344899
259220,EFV,NNRTI,3,83,K,0.6230518842843461
259220,EFV,NNRTI,4,196,E,0.29559768820453336
259220,EFV,NNRTI,5,108,V,0.20319694341724945
259220,EFV,NNRTI,6,177,E,0.1721233348266536
259220,EFV,NNRTI,7,103,K,0.10836739491177659
259220,EFV,NNRTI,8,211,K,0.10444781772042962
259220,EFV,NNRTI,9,121,D,0.10387096408838001
259220,EFV,NNRTI,10,142,I,0.07874494824282663
40227,EFV,NNRTI,1,158,S,0.9999999522984515
40227,EFV,NNRTI,2,196,D,0.48282947437871626
40227,EFV,NNRTI,3,169,D,0.17010031983675572
40227,EFV,NNRTI,4,215,F,0.15949934463789125
40227,EFV,NNRTI,5,207,K,0.14822491136864327
40227,EFV,NNRTI,6,74,L,0.1273426145566007
40227,EFV,NNRTI,7,188,L,0.04510901937803085
40227,EFV,NNRTI,8,108,V,0.03672751201932406
40227,EFV,NNRTI,9,184,V,0.0224541383144944
40227,EFV,NNRTI,10,121,D,0.01710483034445302
40586,EFV,NNRTI,1,101,H,0.9999999522741111
40586,EFV,NNRTI,2,74,L,0.3557868148144465
40586,EFV,NNRTI,3,210,W,0.2501666668085079
40586,EFV,NNRTI,4,215,Y,0.21577217723888942
40586,EFV,NNRTI,5,135,T,0.14352495855134806
40586,EFV,NNRTI,6,108,V,0.09770826924728007
40586,EFV,NNRTI,7,190,A,0.09140024161866991
40586,EFV,NNRTI,8,184,V,0.06696601784077565
40586,EFV,NNRTI,9,41,L,0.06510303270437454
40586,EFV,NNRTI,10,121,D,0.049415360890860745
216598,EFV,NNRTI,1,138,G,0.9999999522782741
216598,EFV,NNRTI,2,103,N,0.2913616791151305
216598,EFV,NNRTI,3,74,L,0.26297519420790455
216598,EFV,NNRTI,4,35,I,0.1353978934143294
216598,EFV,NNRTI,5,135,T,0.10452465750517931
216598,EFV,NNRTI,6,83,K,0.09971526493131908
216598,EFV,NNRTI,7,108,V,0.07539078246759354
216598,EFV,NNRTI,8,121,D,0.036739141627698826
216598,EFV,NNRTI,9,142,I,0.032935688901130515
216598,EFV,NNRTI,10,118,V,0.023858177604542983
213422,EFV,NNRTI,1,179,L,0.9750905960466734
213422,EFV,NNRTI,2,169,D,0.6990483874691265
213422,EFV,NNRTI,3,202,V,0.5042177440041953
213422,EFV,NNRTI,4,74,L,0.4965779899851679
213422,EFV,NNRTI,5,135,T,0.1764656233449238
213422,EFV,NNRTI,6,108,V,0.1422263012277989
213422,EFV,NNRTI,7,121,D,0.070364603680414
213422,EFV,NNRTI,8,177,E,0.05978586914864948
213422,EFV,NNRTI,9,142,I,0.05502651200917942
213422,EFV,NNRTI,10,103,K,0.054641438059469694
51986,EFV,NNRTI,1,28,K,0.9547308621778423
51986,EFV,NNRTI,2,68,G,0.6492805223228415
51986,EFV,NNRTI,3,74,L,0.6219480156283668
51986,EFV,NNRTI,4,98,S,0.4699979955372571
51986,EFV,NNRTI,5,135,V,0.42863610689785137
51986,EFV,NNRTI,6,215,Y,0.3148102890636648
51986,EFV,NNRTI,7,101,E,0.2609777388543707
51986,EFV,NNRTI,8,123,E,0.16072118632820326
51986,EFV,NNRTI,9,108,V,0.15834621478141314
51986,EFV,NNRTI,10,121,D,0.08836586310108244
216590,EFV,NNRTI,1,177,G,0.9999999522762065
216590,EFV,NNRTI,2,103,S,0.7053517869063262
216590,EFV,NNRTI,3,118,I,0.43997596366578506
216590,EFV,NNRTI,4,68,G,0.27643111372502727
216590,EFV,NNRTI,5,74,L,0.26276811174526116
216590,EFV,NNRTI,6,35,L,0.19724184997545244
216590,EFV,NNRTI,7,210,W,0.14549454722438776
216590,EFV,NNRTI,8,179,I,0.1403318245707426
216590,EFV,NNRTI,9,215,Y,0.12948964146008732
216590,EFV,NNRTI,10,108,V,0.07040097164165839
270334,EFV,NNRTI,1,74,L,0.7292307137272891
270334,EFV,NNRTI,2,101,E,0.6537674183749582
270334,EFV,NNRTI,3,138,K,0.5354358492669445
270334,EFV,NNRTI,4,108,V,0.19332593191837047
270334,EFV,NNRTI,5,103,K,0.13554977333025414
270334,EFV,NNRTI,6,121,D,0.1006418216416931
270334,EFV,NNRTI,7,135,I,0.1005450575098862
270334,EFV,NNRTI,8,142,I,0.09832792234809824
270334,EFV,NNRTI,9,35,V,0.07723169134172397
270334,EFV,NNRTI,10,211,R,0.07255865985018521
270335,EFV,NNRTI,1,184,I,0.9999998330287793
270335,EFV,NNRTI,2,74,L,0.5047565020124135
270335,EFV,NNRTI,3,138,K,0.24236781365937743
270335,EFV,NNRTI,4,108,V,0.13629965529976576
270335,EFV,NNRTI,5,121,D,0.07288032900461751
270335,EFV,NNRTI,6,142,I,0.06353591040960505
270335,EFV,NNRTI,7,103,K,0.06259579115579444
270335,EFV,NNRTI,8,135,I,0.054518537960355176
270335,EFV,NNRTI,9,115,Y,0.05021205478109726
270335,EFV,NNRTI,10,118,V,0.04777334106733777
270337,EFV,NNRTI,1,74,L,0.7402936934498395
270337,EFV,NNRTI,2,138,K,0.6047360882509593
270337,EFV,NNRTI,3,108,V,0.19051431365233637
270337,EFV,NNRTI,4,103,K,0.11580661511193502
270337,EFV,NNRTI,5,135,I,0.11153043487267308
270337,EFV,NNRTI,6,121,D,0.10597014224950704
270337,EFV,NNRTI,7,142,I,0.10557019666786735
270337,EFV,NNRTI,8,35,V,0.08363256701244369
270337,EFV,NNRTI,9,211,R,0.08049923001259546
270337,EFV,NNRTI,10,118,V,0.07487856375891902
270338,EFV,NNRTI,1,74,L,0.732407820120245
270338,EFV,NNRTI,2,101,E,0.652711877518149
270338,EFV,NNRTI,3,108,V,0.1946393448261136
270338,EFV,NNRTI,4,103,K,0.13510384276877876
270338,EFV,NNRTI,5,121,D,0.09755745143762608
270338,EFV,NNRTI,6,35,V,0.07548764078850444
270338,EFV,NNRTI,7,135,I,0.07375212599760703
270338,EFV,NNRTI,8,211,R,0.07235937207047256
270338,EFV,NNRTI,9,142,I,0.06963696311338037
270338,EFV,NNRTI,10,118,V,0.06855617488137751
205678,EFV,NNRTI,1,64,H,0.9189797758786429
205678,EFV,NNRTI,2,75,T,0.8273438699606348
205678,EFV,NNRTI,3,118,I,0.32426676977291247
205678,EFV,NNRTI,4,69,D,0.3194317371886504
205678,EFV,NNRTI,5,74,L,0.2353915171935153
205678,EFV,NNRTI,6,210,W,0.11274635724830306
205678,EFV,NNRTI,7,215,Y,0.09794069976498486
205678,EFV,NNRTI,8,67,N,0.06717320398625425
205678,EFV,NNRTI,9,123,E,0.05073228688313361
205678,EFV,NNRTI,10,108,V,0.04839568934412164
259196,EFV,NNRTI,1,122,P,0.9999999522941689
259196,EFV,NNRTI,2,43,Q,0.8492704762664297
259196,EFV,NNRTI,3,142,V,0.7441046686037672
259196,EFV,NNRTI,4,203,K,0.509760438134086
259196,EFV,NNRTI,5,44,D,0.3913806476848595
259196,EFV,NNRTI,6,101,H,0.33496114257639953
259196,EFV,NNRTI,7,118,I,0.2478066458049452
259196,EFV,NNRTI,8,74,L,0.13657500899820962
259196,EFV,NNRTI,9,60,I,0.12135979634724367
259196,EFV,NNRTI,10,210,W,0.08582056484045447
235722,EFV,NNRTI,1,22,R,0.9999999522864207
235722,EFV,NNRTI,2,35,M,0.3762410710284392
235722,EFV,NNRTI,3,74,L,0.24957816379317388
235722,EFV,NNRTI,4,179,I,0.1696593916715785
235722,EFV,NNRTI,5,162,C,0.13948884827672076
235722,EFV,NNRTI,6,178,L,0.13276508581975915
235722,EFV,NNRTI,7,188,L,0.10696492937925246
235722,EFV,NNRTI,8,181,C,0.10005076575770155
235722,EFV,NNRTI,9,108,V,0.07580741263436225
235722,EFV,NNRTI,10,207,E,0.0631933619226254
259208,EFV,NNRTI,1,173,Q,0.9614753183729309
259208,EFV,NNRTI,2,74,L,0.506261241354211
259208,EFV,NNRTI,3,178,M,0.3148814456748879
259208,EFV,NNRTI,4,207,E,0.1397183143484006
259208,EFV,NNRTI,5,108,V,0.13607032004926695
259208,EFV,NNRTI,6,200,A,0.10470048212164791
259208,EFV,NNRTI,7,121,D,0.07062601477396244
259208,EFV,NNRTI,8,103,K,0.057623404305476134
259208,EFV,NNRTI,9,142,I,0.053110197435568926
259208,EFV,NNRTI,10,63,I,0.045761496825710846
183257,EFV,NNRTI,1,227,C,0.9999999522884848
183257,EFV,NNRTI,2,230,L,0.2620183134291707
183257,EFV,NNRTI,3,103,N,0.22964060305525505
183257,EFV,NNRTI,4,74,L,0.19899756479285646
183257,EFV,NNRTI,5,35,I,0.10918863826678654
183257,EFV,NNRTI,6,20,R,0.08664202094019355
183257,EFV,NNRTI,7,181,C,0.06830592822071177
183257,EFV,NNRTI,8,108,V,0.06274723939762902
183257,EFV,NNRTI,9,200,A,0.03401485472816535
183257,EFV,NNRTI,10,121,D,0.027364607891770757
235714,EFV,NNRTI,1,224,D,0.9999999522917178
235714,EFV,NNRTI,2,39,A,0.15739458233371045
235714,EFV,NNRTI,3,74,L,0.14229251185734637
235714,EFV,NNRTI,4,20,R,0.06618807106433704
235714,EFV,NNRTI,5,83,K,0.06062331078410137
235714,EFV,NNRTI,6,108,V,0.038010549996584264
235714,EFV,NNRTI,7,184,V,0.02406674167058382
235714,EFV,NNRTI,8,121,D,0.01906721506253903
235714,EFV,NNRTI,9,103,K,0.015416010188953014
235714,EFV,NNRTI,10,115,Y,0.014841958889666867
52593,EFV,NNRTI,1,177,N,0.9762649058963759
52593,EFV,NNRTI,2,106,M,0.8736505457176472
52593,EFV,NNRTI,3,179,E,0.5752361731187173
52593,EFV,NNRTI,4,74,L,0.21244821055590862
52593,EFV,NNRTI,5,135,V,0.16772980149703745
52593,EFV,NNRTI,6,178,M,0.10916994858360886
52593,EFV,NNRTI,7,108,V,0.07316875171484977
52593,EFV,NNRTI,8,67,N,0.06597907400553936
52593,EFV,NNRTI,9,207,E,0.04856488533626746
52593,EFV,NNRTI,10,200,A,0.037176664328515074
205680,EFV,NNRTI,1,74,I,1.0000000119159427
205680,EFV,NNRTI,2,106,A,0.09249046706217999
205680,EFV,NNRTI,3,64,Y,0.07377467988833247
205680,EFV,NNRTI,4,43,R,0.06362441366881089
205680,EFV,NNRTI,5,211,S,0.04811496573036848
205680,EFV,NNRTI,6,103,S,0.025900766411543222
205680,EFV,NNRTI,7,228,H,0.018853569199087625
205680,EFV,NNRTI,8,219,Q,0.012243442874198852
205680,EFV,NNRTI,9,215,F,0.011876103640388538
205680,EFV,NNRTI,10,35,T,0.009300169953663893
235706,EFV,NNRTI,1,135,V,0.7544259674450179
235706,EFV,NNRTI,2,74,L,0.6825286864758724
235706,EFV,NNRTI,3,215,Y,0.5354222736998266
235706,EFV,NNRTI,4,181,C,0.32521477623016526
235706,EFV,NNRTI,5,207,E,0.2451638033910277
235706,EFV,NNRTI,6,196,E,0.20487989093649117
235706,EFV,NNRTI,7,200,A,0.18335499223492066
235706,EFV,NNRTI,8,108,V,0.17589459094074097
235706,EFV,NNRTI,9,184,V,0.15253935641956373
235706,EFV,NNRTI,10,121,D,0.09165814667530581
216638,EFV,NNRTI,1,74,L,0.9999991177196292
216638,EFV,NNRTI,2,108,V,0.23568556787025113
216638,EFV,NNRTI,3,103,K,0.18659109216742276
216638,EFV,NNRTI,4,211,R,0.13598393319479044
216638,EFV,NNRTI,5,121,D,0.13472364647358614
216638,EFV,NNRTI,6,35,V,0.1327115744426779
216638,EFV,NNRTI,7,135,I,0.12920817850951907
216638,EFV,NNRTI,8,118,V,0.10546954483431498
216638,EFV,NNRTI,9,115,Y,0.09830882321623505
216638,EFV,NNRTI,10,142,I,0.08882649964075305
216604,EFV,NNRTI,1,74,L,0.9999991177498623
216604,EFV,NNRTI,2,108,V,0.2463802752272826
216604,EFV,NNRTI,3,211,K,0.21398819268864278
216604,EFV,NNRTI,4,103,K,0.18753651555410622
216604,EFV,NNRTI,5,121,D,0.13602705739547358
216604,EFV,NNRTI,6,35,V,0.13269774479430083
216604,EFV,NNRTI,7,135,I,0.13009560831402123
216604,EFV,NNRTI,8,118,V,0.10768522341626563
216604,EFV,NNRTI,9,115,Y,0.09916532915817734
216604,EFV,NNRTI,10,142,I,0.09054922601689586
259250,EFV,NNRTI,1,173,T,0.9999999522710887
259250,EFV,NNRTI,2,162,A,0.36489007704236687
259250,EFV,NNRTI,3,74,L,0.2735935586202913
259250,EFV,NNRTI,4,60,I,0.265740642379835
259250,EFV,NNRTI,5,35,T,0.24778735296989896
259250,EFV,NNRTI,6,135,V,0.2196281654131318
259250,EFV,NNRTI,7,178,M,0.14825440094381118
259250,EFV,NNRTI,8,108,V,0.07387190589330292
259250,EFV,NNRTI,9,207,E,0.06383719796336594
259250,EFV,NNRTI,10,200,A,0.048226903322656146
268427,EFV,NNRTI,1,103,N,0.8930643192451637
268427,EFV,NNRTI,2,100,I,0.7751383498608893
268427,EFV,NNRTI,3,74,L,0.6018799661768366
268427,EFV,NNRTI,4,108,V,0.18072654505709104
268427,EFV,NNRTI,5,121,D,0.08331131814146915
268427,EFV,NNRTI,6,142,I,0.06197778945895567
268427,EFV,NNRTI,7,118,V,0.054488659782852375
268427,EFV,NNRTI,8,63,I,0.052205854591003825
268427,EFV,NNRTI,9,31,I,0.05015676547800484
268427,EFV,NNRTI,10,35,V,0.05004828772741304
268426,EFV,NNRTI,1,103,S,0.999999952251208
268426,EFV,NNRTI,2,100,I,0.36876404097796334
268426,EFV,NNRTI,3,74,L,0.3158480505204696
268426,EFV,NNRTI,4,108,V,0.09376221967608847
268426,EFV,NNRTI,5,121,D,0.04230331912738637
268426,EFV,NNRTI,6,142,I,0.031299033302512456
268426,EFV,NNRTI,7,63,I,0.028230040422165148
268426,EFV,NNRTI,8,118,V,0.027558111223076054
268426,EFV,NNRTI,9,72,R,0.026109437625031658
268426,EFV,NNRTI,10,31,I,0.025960516859846634
268432,EFV,NNRTI,1,103,R,0.9999999522603806
268432,EFV,NNRTI,2,100,I,0.35411277242769823
268432,EFV,NNRTI,3,74,L,0.29380741196892074
268432,EFV,NNRTI,4,179,D,0.1792344407013346
268432,EFV,NNRTI,5,108,V,0.08194181821389741
268432,EFV,NNRTI,6,121,D,0.0388909606259841
268432,EFV,NNRTI,7,142,I,0.02818413152231227
268432,EFV,NNRTI,8,63,I,0.02586187519566229
268432,EFV,NNRTI,9,118,V,0.025137119129984155
268432,EFV,NNRTI,10,31,I,0.02415755739723565
268431,EFV,NNRTI,1,103,R,0.9999999522468646
268431,EFV,NNRTI,2,100,I,0.37294854226480967
268431,EFV,NNRTI,3,74,L,0.303138027676767
268431,EFV,NNRTI,4,108,V,0.08492933040727157
268431,EFV,NNRTI,5,121,D,0.04093006263950147
268431,EFV,NNRTI,6,142,I,0.029856354829968904
268431,EFV,NNRTI,7,63,I,0.027082945113496616
268431,EFV,NNRTI,8,118,V,0.026673469366907225
268431,EFV,NNRTI,9,31,I,0.025361563063369175
268431,EFV,NNRTI,10,115,Y,0.025214322924809754
268425,EFV,NNRTI,1,103,R,0.9999999522377638
268425,EFV,NNRTI,2,74,L,0.30380582082780305
268425,EFV,NNRTI,3,108,V,0.08095584512938828
268425,EFV,NNRTI,4,121,D,0.04067196764731822
268425,EFV,NNRTI,5,142,I,0.029676266212499417
268425,EFV,NNRTI,6,118,V,0.026527685653192655
268425,EFV,NNRTI,7,63,I,0.02609087079732403
268425,EFV,NNRTI,8,115,Y,0.025215524547975376
268425,EFV,NNRTI,9,31,I,0.02521186525802787
268425,EFV,NNRTI,10,72,R,0.025130341856585525
216606,EFV,NNRTI,1,106,I,0.9999999522803187
216606,EFV,NNRTI,2,22,R,0.6101056836997893
216606,EFV,NNRTI,3,74,L,0.1470230889691035
216606,EFV,NNRTI,4,178,L,0.07834341476901859
216606,EFV,NNRTI,5,108,V,0.041924040769903484
216606,EFV,NNRTI,6,121,D,0.020479830059456958
216606,EFV,NNRTI,7,103,K,0.016811066375080144
216606,EFV,NNRTI,8,142,I,0.015229129307553588
216606,EFV,NNRTI,9,63,I,0.013741681237489738
216606,EFV,NNRTI,10,118,V,0.013384519206993795
259202,EFV,NNRTI,1,135,R,0.9999999522775013
259202,EFV,NNRTI,2,173,E,0.330854936522992
259202,EFV,NNRTI,3,39,A,0.29242573762205126
259202,EFV,NNRTI,4,200,I,0.26281751356021177
259202,EFV,NNRTI,5,74,L,0.2482494806727969
259202,EFV,NNRTI,6,35,L,0.2323427561985099
259202,EFV,NNRTI,7,179,I,0.1579662097983134
259202,EFV,NNRTI,8,20,R,0.11541533485665736
259202,EFV,NNRTI,9,181,C,0.09089873425564139
259202,EFV,NNRTI,10,108,V,0.07129722573375838
259200,EFV,NNRTI,1,135,R,0.999999952276705
259200,EFV,NNRTI,2,173,E,0.3257462838691397
259200,EFV,NNRTI,3,39,A,0.2912159788976688
259200,EFV,NNRTI,4,200,I,0.26271700911544227
259200,EFV,NNRTI,5,202,V,0.259243232437647
259200,EFV,NNRTI,6,74,L,0.25091032472904595
259200,EFV,NNRTI,7,35,L,0.23524800942799082
259200,EFV,NNRTI,8,179,I,0.1429886671440263
259200,EFV,NNRTI,9,20,R,0.11606006073516172
259200,EFV,NNRTI,10,108,V,0.07022480641357028
205673,EFV,NNRTI,1,162,F,0.9999999522799665
205673,EFV,NNRTI,2,90,I,0.4966942287040128
205673,EFV,NNRTI,3,70,E,0.3473446596661184
205673,EFV,NNRTI,4,102,Q,0.29736170916348803
205673,EFV,NNRTI,5,74,L,0.27982084363840887
205673,EFV,NNRTI,6,200,E,0.24446031567221932
205673,EFV,NNRTI,7,67,G,0.18912336928151063
205673,EFV,NNRTI,8,135,T,0.08742076983765179
205673,EFV,NNRTI,9,181,C,0.08574095870181898
205673,EFV,NNRTI,10,108,V,0.06852908308885765
69215,EFV,NNRTI,1,74,V,1.00000001191406
69215,EFV,NNRTI,2,181,V,0.06651955139325452
69215,EFV,NNRTI,3,215,Y,0.006304847394998092
69215,EFV,NNRTI,4,20,R,0.004909241942424192
69215,EFV,NNRTI,5,135,T,0.004323678125050214
69215,EFV,NNRTI,6,108,V,0.0026399380247302444
69215,EFV,NNRTI,7,41,L,0.00228598755328392
69215,EFV,NNRTI,8,63,I,0.0014569478385103997
69215,EFV,NNRTI,9,121,D,0.001400149024331243
69215,EFV,NNRTI,10,72,R,0.0011456339272813316
259204,EFV,NNRTI,1,98,S,0.7725034285622903
259204,EFV,NNRTI,2,74,L,0.6170131682676104
259204,EFV,NNRTI,3,35,I,0.461901275413816
259204,EFV,NNRTI,4,108,V,0.1695962762878614
259204,EFV,NNRTI,5,121,D,0.0881229404098425
259204,EFV,NNRTI,6,103,K,0.07862656723968431
259204,EFV,NNRTI,7,142,I,0.065397682571415
259204,EFV,NNRTI,8,211,K,0.06266462850401928
259204,EFV,NNRTI,9,31,I,0.0600145345037289
259204,EFV,NNRTI,10,118,V,0.058228136013265305
259206,EFV,NNRTI,1,123,G,0.9999999522539393
259206,EFV,NNRTI,2,184,I,0.5897884898461934
259206,EFV,NNRTI,3,219,E,0.5153121581964152
259206,EFV,NNRTI,4,230,L,0.5072015910091962
259206,EFV,NNRTI,5,74,L,0.4048285567829003
259206,EFV,NNRTI,6,98,S,0.30168019284287767
259206,EFV,NNRTI,7,67,G,0.2795953251749917
259206,EFV,NNRTI,8,35,I,0.2043205002441742
259206,EFV,NNRTI,9,101,E,0.1683718084901833
259206,EFV,NNRTI,10,181,C,0.1287794717017998
51863,EFV,NNRTI,1,74,L,0.8345301865937752
51863,EFV,NNRTI,2,101,E,0.649782775237635
51863,EFV,NNRTI,3,20,R,0.5799338591478119
51863,EFV,NNRTI,4,190,A,0.3511320807479345
51863,EFV,NNRTI,5,184,V,0.2240724397628802
51863,EFV,NNRTI,6,108,V,0.22373500067830307
51863,EFV,NNRTI,7,103,K,0.1515387041928279
51863,EFV,NNRTI,8,115,Y,0.10816304670311438
51863,EFV,NNRTI,9,121,D,0.10253950208050121
51863,EFV,NNRTI,10,35,V,0.07520564793734535
205670,EFV,NNRTI,1,174,R,0.9999999522954403
205670,EFV,NNRTI,2,211,Q,0.6232477225082811
205670,EFV,NNRTI,3,106,M,0.5092084133366037
205670,EFV,NNRTI,4,102,Q,0.15735145160894512
205670,EFV,NNRTI,5,202,V,0.13471229617263963
205670,EFV,NNRTI,6,74,L,0.1152469866103362
205670,EFV,NNRTI,7,135,V,0.09469077805560569
205670,EFV,NNRTI,8,179,D,0.06252239906625365
205670,EFV,NNRTI,9,162,C,0.06190472728144744
205670,EFV,NNRTI,10,83,K,0.04908637160750497
205667,EFV,NNRTI,1,178,R,0.9999999522863318
205667,EFV,NNRTI,2,103,N,0.21060146520062417
205667,EFV,NNRTI,3,179,F,0.19289440340552524
205667,EFV,NNRTI,4,74,L,0.18708445376840432
205667,EFV,NNRTI,5,162,C,0.09171246071310676
205667,EFV,NNRTI,6,83,K,0.07262210478535704
205667,EFV,NNRTI,7,108,V,0.05482926209866609
205667,EFV,NNRTI,8,123,E,0.051547363493628325
205667,EFV,NNRTI,9,121,D,0.02881801222572801
205667,EFV,NNRTI,10,177,E,0.028417335731568086
257966,EFV,NNRTI,1,35,T,0.7741792303540839
257966,EFV,NNRTI,2,74,L,0.6158511160959441
257966,EFV,NNRTI,3,108,V,0.1708168349032705
257966,EFV,NNRTI,4,177,E,0.10039943088464207
257966,EFV,NNRTI,5,121,D,0.08685447016875047
257966,EFV,NNRTI,6,31,I,0.08174473979911658
257966,EFV,NNRTI,7,103,K,0.07782380629554139
257966,EFV,NNRTI,8,142,I,0.06479953497101737
257966,EFV,NNRTI,9,135,I,0.05975664997453923
257966,EFV,NNRTI,10,63,I,0.05812943955591163
41809,EFV,NNRTI,1,43,N,0.9999999522835139
41809,EFV,NNRTI,2,75,M,0.6817007215781253
41809,EFV,NNRTI,3,44,D,0.565000204242998
41809,EFV,NNRTI,4,208,Y,0.5645750018070418
41809,EFV,NNRTI,5,219,N,0.5392999546638438
41809,EFV,NNRTI,6,118,I,0.35571098750356084
41809,EFV,NNRTI,7,203,D,0.30312831960352715
41809,EFV,NNRTI,8,74,L,0.22678890064705393
41809,EFV,NNRTI,9,210,W,0.12227238226232759
41809,EFV,NNRTI,10,215,Y,0.10329687309895684
235730,EFV,NNRTI,1,80,I,0.9999999523088637
235730,EFV,NNRTI,2,198,E,0.35460366518331926
235730,EFV,NNRTI,3,215,D,0.11316220144051334
235730,EFV,NNRTI,4,74,L,0.044170995048017664
235730,EFV,NNRTI,5,35,T,0.04310374264963376
235730,EFV,NNRTI,6,188,L,0.019811702459469928
235730,EFV,NNRTI,7,108,V,0.0134592506823884
235730,EFV,NNRTI,8,41,L,0.008202202451309782
235730,EFV,NNRTI,9,177,E,0.0058906727677256075
235730,EFV,NNRTI,10,121,D,0.0055509744551615545
51927,EFV,NNRTI,1,122,P,0.999999952293736
51927,EFV,NNRTI,2,28,K,0.24250050822852875
51927,EFV,NNRTI,3,195,L,0.20061835960531796
51927,EFV,NNRTI,4,35,M,0.1884908371560855
51927,EFV,NNRTI,5,74,L,0.14606060457352435
51927,EFV,NNRTI,6,69,N,0.08942525025496008
51927,EFV,NNRTI,7,162,C,0.07009632606975372
51927,EFV,NNRTI,8,101,E,0.06379435543576324
51927,EFV,NNRTI,9,70,R,0.05697209468343094
51927,EFV,NNRTI,10,83,K,0.05567582254236987
39949,EFV,NNRTI,1,121,Y,0.9999999523094769
39949,EFV,NNRTI,2,207,A,0.16967981039693042
39949,EFV,NNRTI,3,75,M,0.12992363706930968
39949,EFV,NNRTI,4,190,S,0.07244530426151491
39949,EFV,NNRTI,5,118,I,0.06809013130276606
39949,EFV,NNRTI,6,174,K,0.059645724799766944
39949,EFV,NNRTI,7,43,E,0.0583724180421921
39949,EFV,NNRTI,8,74,L,0.04781567750355693
39949,EFV,NNRTI,9,60,I,0.0383002603035222
39949,EFV,NNRTI,10,210,W,0.02406537438663162
259176,EFV,NNRTI,1,215,D,0.9999999522671863
259176,EFV,NNRTI,2,74,L,0.41340625890749183
259176,EFV,NNRTI,3,60,I,0.40064343926173135
259176,EFV,NNRTI,4,35,T,0.36886570976866595
259176,EFV,NNRTI,5,188,L,0.16784412377816507
259176,EFV,NNRTI,6,108,V,0.12178763976920562
259176,EFV,NNRTI,7,196,E,0.08056056732954228
259176,EFV,NNRTI,8,41,L,0.07191934177871034
259176,EFV,NNRTI,9,121,D,0.05432259838326137
259176,EFV,NNRTI,10,103,K,0.047226011490032783
41125,ETR,NNRTI,1,172,K,0.9999999523021764
41125,ETR,NNRTI,2,64,R,0.35616593481930126
41125,ETR,NNRTI,3,214,L,0.1477619750792297
41125,ETR,NNRTI,4,101,P,0.10196578021183703
41125,ETR,NNRTI,5,219,E,0.08070462868291846
41125,ETR,NNRTI,6,120,L,0.056188696573411995
41125,ETR,NNRTI,7,115,Y,0.05122272313459528
41125,ETR,NNRTI,8,164,M,0.04834111970018856
41125,ETR,NNRTI,9,168,L,0.04834005716889342
41125,ETR,NNRTI,10,20,R,0.04472345505332109
268430,ETR,NNRTI,1,179,D,0.9999998925913164
268430,ETR,NNRTI,2,103,R,0.2994463490721093
268430,ETR,NNRTI,3,120,L,0.2640116054208903
268430,ETR,NNRTI,4,164,M,0.23011008031652502
268430,ETR,NNRTI,5,168,L,0.2199090002324639
268430,ETR,NNRTI,6,115,Y,0.21867415164244347
268430,ETR,NNRTI,7,109,L,0.20268712671362982
268430,ETR,NNRTI,8,60,V,0.19669991980166723
268430,ETR,NNRTI,9,149,L,0.18234517940336273
268430,ETR,NNRTI,10,34,L,0.16835633029733535
205669,ETR,NNRTI,1,60,I,0.9999999522922695
205669,ETR,NNRTI,2,70,G,0.6206511131521247
205669,ETR,NNRTI,3,4,S,0.5980425039963979
205669,ETR,NNRTI,4,118,I,0.403212174780522
205669,ETR,NNRTI,5,237,E,0.24151210259300293
205669,ETR,NNRTI,6,174,K,0.2108803204031348
205669,ETR,NNRTI,7,35,T,0.1921947541243454
205669,ETR,NNRTI,8,162,C,0.15399944918854433
205669,ETR,NNRTI,9,120,L,0.12180061554270596
205669,ETR,NNRTI,10,219,Q,0.11867867668618459
205685,ETR,NNRTI,1,214,L,0.9639386653239752
205685,ETR,NNRTI,2,135,L,0.8916465280280126
205685,ETR,NNRTI,3,39,A,0.6417383268547912
205685,ETR,NNRTI,4,69,N,0.43144006486559383
205685,ETR,NNRTI,5,219,Q,0.3900121643349387
205685,ETR,NNRTI,6,103,R,0.36666421650290204
205685,ETR,NNRTI,7,120,L,0.2991651461295498
205685,ETR,NNRTI,8,164,M,0.270055493877028
205685,ETR,NNRTI,9,115,Y,0.2441955284355682
205685,ETR,NNRTI,10,168,L,0.23698886695180443
206442,ETR,NNRTI,1,60,I,0.9999999522752844
206442,ETR,NNRTI,2,214,L,0.3146855260931318
206442,ETR,NNRTI,3,219,Q,0.12610558222435272
206442,ETR,NNRTI,4,115,Y,0.10429475960118516
206442,ETR,NNRTI,5,120,L,0.09975212045826035
206442,ETR,NNRTI,6,164,M,0.09949674883088026
206442,ETR,NNRTI,7,184,V,0.08904610645580144
206442,ETR,NNRTI,8,168,L,0.08398570990176388
206442,ETR,NNRTI,9,109,L,0.07733431323741909
206442,ETR,NNRTI,10,34,L,0.07131880343874615
205675,ETR,NNRTI,1,135,M,0.9999998926462426
205675,ETR,NNRTI,2,118,I,0.7689926225932682
205675,ETR,NNRTI,3,90,I,0.5471200577346733
205675,ETR,NNRTI,4,69,N,0.2669746847279159
205675,ETR,NNRTI,5,120,L,0.2151826618409018
205675,ETR,NNRTI,6,164,M,0.1681214099545234
205675,ETR,NNRTI,7,115,Y,0.16551092442805848
205675,ETR,NNRTI,8,109,L,0.15550680367151176
205675,ETR,NNRTI,9,60,V,0.15416620687830365
205675,ETR,NNRTI,10,168,L,0.1515124191190187
259174,ETR,NNRTI,1,4,S,0.9999999522553937
259174,ETR,NNRTI,2,142,V,0.504987597784474
259174,ETR,NNRTI,3,6,D,0.4923325381975633
259174,ETR,NNRTI,4,123,N,0.43284560239892755
259174,ETR,NNRTI,5,178,L,0.3370339601084808
259174,ETR,NNRTI,6,162,C,0.2581415277050798
259174,ETR,NNRTI,7,120,L,0.1980356729780136
259174,ETR,NNRTI,8,164,M,0.17064125931310656
259174,ETR,NNRTI,9,115,Y,0.1529755023140903
259174,ETR,NNRTI,10,168,L,0.1481113983679359
268428,ETR,NNRTI,1,100,I,0.9885469510162936
268428,ETR,NNRTI,2,120,L,0.441800337799617
268428,ETR,NNRTI,3,164,M,0.370409083098759
268428,ETR,NNRTI,4,115,Y,0.36146829909242445
268428,ETR,NNRTI,5,168,L,0.3394821971512131
268428,ETR,NNRTI,6,109,L,0.3292023703697777
268428,ETR,NNRTI,7,60,V,0.31786347719294594
268428,ETR,NNRTI,8,149,L,0.29527950545256126
268428,ETR,NNRTI,9,34,L,0.27588054378325527
268428,ETR,NNRTI,10,75,V,0.22722707229501865
268429,ETR,NNRTI,1,103,S,0.9772998631630327
268429,ETR,NNRTI,2,120,L,0.5340576885209198
268429,ETR,NNRTI,3,164,M,0.4670200052013088
268429,ETR,NNRTI,4,115,Y,0.45692795210018305
268429,ETR,NNRTI,5,109,L,0.4367895819345398
268429,ETR,NNRTI,6,168,L,0.42873048555380433
268429,ETR,NNRTI,7,60,V,0.4090566390475251
268429,ETR,NNRTI,8,149,L,0.36537195506017417
268429,ETR,NNRTI,9,34,L,0.3547744975493323
268429,ETR,NNRTI,10,209,L,0.28430684815079665
258504,ETR,NNRTI,1,60,I,0.9999999522924838
258504,ETR,NNRTI,2,215,V,0.5961868655383719
258504,ETR,NNRTI,3,44,D,0.3939243611805091
258504,ETR,NNRTI,4,6,D,0.29931614667353995
258504,ETR,NNRTI,5,228,H,0.2806169553481559
258504,ETR,NNRTI,6,202,V,0.2585870255682988
258504,ETR,NNRTI,7,41,L,0.20227534834820915
258504,ETR,NNRTI,8,219,E,0.17793416942667994
258504,ETR,NNRTI,9,49,R,0.16522024218966275
258504,ETR,NNRTI,10,200,I,0.12182333263892604
235704,ETR,NNRTI,1,181,V,0.9549170851523642
235704,ETR,NNRTI,2,75,M,0.8532661726039724
235704,ETR,NNRTI,3,179,T,0.6274062796603204
235704,ETR,NNRTI,4,208,Y,0.3946999444075382
235704,ETR,NNRTI,5,44,A,0.3305403328128729
235704,ETR,NNRTI,6,39,K,0.3153237048512835
235704,ETR,NNRTI,7,203,V,0.3098269243222119
235704,ETR,NNRTI,8,32,E,0.2852393019002782
235704,ETR,NNRTI,9,60,I,0.28022824988618045
235704,ETR,NNRTI,10,118,I,0.10358681482694009
77294,ETR,NNRTI,1,204,N,0.9999999522951453
77294,ETR,NNRTI,2,190,E,0.4617748008768828
77294,ETR,NNRTI,3,101,R,0.29391177330359064
77294,ETR,NNRTI,4,35,L,0.22241166100347798
77294,ETR,NNRTI,5,228,H,0.18233486629991758
77294,ETR,NNRTI,6,215,F,0.12778664927624853
77294,ETR,NNRTI,7,219,E,0.12307006158988516
77294,ETR,NNRTI,8,178,M,0.06974665384579419
77294,ETR,NNRTI,9,120,L,0.0683588431360147
77294,ETR,NNRTI,10,103,R,0.06725868636179333
51864,ETR,NNRTI,1,39,S,0.999999952283966
51864,ETR,NNRTI,2,83,K,0.2881513163602851
51864,ETR,NNRTI,3,202,V,0.25733477285327416
51864,ETR,NNRTI,4,35,M,0.25434499319244824
51864,ETR,NNRTI,5,120,L,0.1128834688972215
51864,ETR,NNRTI,6,138,A,0.10434900672995166
51864,ETR,NNRTI,7,164,M,0.08793430218804674
51864,ETR,NNRTI,8,115,Y,0.08529420895848179
51864,ETR,NNRTI,9,168,L,0.08124736159252115
51864,ETR,NNRTI,10,60,V,0.07915652635318009
235708,ETR,NNRTI,1,171,Y,0.9999999522954346
235708,ETR,NNRTI,2,202,V,0.12468822104927403
235708,ETR,NNRTI,3,120,L,0.05003492259582083
235708,ETR,NNRTI,4,164,M,0.046558884104506884
235708,ETR,NNRTI,5,35,I,0.041709178072203944
235708,ETR,NNRTI,6,115,Y,0.04163085726221287
235708,ETR,NNRTI,7,168,L,0.041082012383075794
235708,ETR,NNRTI,8,109,L,0.03762135409827756
235708,ETR,NNRTI,9,60,V,0.03685373685356361
235708,ETR,NNRTI,10,149,L,0.03494288613193797
27725,ETR,NNRTI,1,74,V,0.999999952293257
27725,ETR,NNRTI,2,60,I,0.811376739593998
27725,ETR,NNRTI,3,190,E,0.5456896472368444
27725,ETR,NNRTI,4,219,N,0.3698926223787086
27725,ETR,NNRTI,5,211,A,0.20458236172632172
27725,ETR,NNRTI,6,173,E,0.1414357980164476
27725,ETR,NNRTI,7,68,G,0.10657426139935765
27725,ETR,NNRTI,8,120,L,0.09539609060077917
27725,ETR,NNRTI,9,138,A,0.08891912543596102
27725,ETR,NNRTI,10,178,M,0.08683259249847475
51819,ETR,NNRTI,1,88,C,0.9999999522925903
51819,ETR,NNRTI,2,121,H,0.8347046692850402
51819,ETR,NNRTI,3,221,Y,0.252927182805156
51819,ETR,NNRTI,4,181,C,0.23701147350108542
51819,ETR,NNRTI,5,120,L,0.09315638535437484
51819,ETR,NNRTI,6,164,M,0.06286104490736077
51819,ETR,NNRTI,7,115,Y,0.059155248265732825
51819,ETR,NNRTI,8,168,L,0.05603916915542195
51819,ETR,NNRTI,9,109,L,0.05345603747856316
51819,ETR,NNRTI,10,60,V,0.052646796221978806
205660,ETR,NNRTI,1,214,L,0.9999998330059279
205660,ETR,NNRTI,2,120,L,0.30778916219592833
205660,ETR,NNRTI,3,164,M,0.291282617612374
205660,ETR,NNRTI,4,115,Y,0.25910432033295727
205660,ETR,NNRTI,5,168,L,0.25456288075939737
205660,ETR,NNRTI,6,138,K,0.24683213980900975
205660,ETR,NNRTI,7,109,L,0.23695326145022427
205660,ETR,NNRTI,8,60,V,0.23559238420123157
205660,ETR,NNRTI,9,149,L,0.21692893243288822
205660,ETR,NNRTI,10,34,L,0.2023984711707416
205663,ETR,NNRTI,1,184,I,0.9999999522639177
205663,ETR,NNRTI,2,214,L,0.4077321740184453
205663,ETR,NNRTI,3,164,M,0.11927871528091694
205663,ETR,NNRTI,4,120,L,0.1161541665990925
205663,ETR,NNRTI,5,115,Y,0.11179022541654347
205663,ETR,NNRTI,6,168,L,0.10031356746979947
205663,ETR,NNRTI,7,109,L,0.0909495848017678
205663,ETR,NNRTI,8,60,V,0.0889418286057481
205663,ETR,NNRTI,9,149,L,0.08341140967169086
205663,ETR,NNRTI,10,209,L,0.07622421854108861
205664,ETR,NNRTI,1,214,L,0.999999832987614
205664,ETR,NNRTI,2,115,Y,0.32619561458359814
205664,ETR,NNRTI,3,164,M,0.3079025965465217
205664,ETR,NNRTI,4,120,L,0.29715953653804267
205664,ETR,NNRTI,5,184,V,0.2833783719669754
205664,ETR,NNRTI,6,168,L,0.25860992348120293
205664,ETR,NNRTI,7,109,L,0.23407750798439303
205664,ETR,NNRTI,8,60,V,0.22801051986642246
205664,ETR,NNRTI,9,149,L,0.21491338518999026
205664,ETR,NNRTI,10,34,L,0.19443921432909328
205665,ETR,NNRTI,1,214,L,0.9999998329774042
205665,ETR,NNRTI,2,120,L,0.2997585079482793
205665,ETR,NNRTI,3,164,M,0.28716391484557935
205665,ETR,NNRTI,4,115,Y,0.25167579472312146
205665,ETR,NNRTI,5,168,L,0.2503552166649068
205665,ETR,NNRTI,6,109,L,0.23420790176788928
205665,ETR,NNRTI,7,60,V,0.2304939292563083
205665,ETR,NNRTI,8,149,L,0.21101538942165599
205665,ETR,NNRTI,9,34,L,0.19743131514613133
205665,ETR,NNRTI,10,209,L,0.18735073472074235
259230,ETR,NNRTI,1,181,I,0.9999999523102868
259230,ETR,NNRTI,2,179,I,0.061355986905153925
259230,ETR,NNRTI,3,90,I,0.04158487049811525
259230,ETR,NNRTI,4,135,L,0.03946464263649427
259230,ETR,NNRTI,5,123,N,0.035783698252891814
259230,ETR,NNRTI,6,174,K,0.030141816748311318
259230,ETR,NNRTI,7,162,C,0.021221267936352886
259230,ETR,NNRTI,8,120,L,0.01621290476340657
259230,ETR,NNRTI,9,115,Y,0.016046071546005944
259230,ETR,NNRTI,10,164,M,0.015859998289307682
235690,ETR,NNRTI,1,210,F,0.9999999522680622
235690,ETR,NNRTI,2,123,N,0.28344075793831486
235690,ETR,NNRTI,3,120,L,0.12406393224501602
235690,ETR,NNRTI,4,164,M,0.1015475084066871
235690,ETR,NNRTI,5,115,Y,0.09908475937469985
235690,ETR,NNRTI,6,168,L,0.09226371372931574
235690,ETR,NNRTI,7,109,L,0.09004901343651066
235690,ETR,NNRTI,8,60,V,0.08827330891234386
235690,ETR,NNRTI,9,149,L,0.08098668446628884
235690,ETR,NNRTI,10,34,L,0.07599066222707532
40792,ETR,NNRTI,1,31,V,0.9999999522978622
40792,ETR,NNRTI,2,237,E,0.1758928006347576
40792,ETR,NNRTI,3,69,N,0.09961355400483364
40792,ETR,NNRTI,4,219,Q,0.08935984862723972
40792,ETR,NNRTI,5,120,L,0.08331376441645816
40792,ETR,NNRTI,6,115,Y,0.07890653993102148
40792,ETR,NNRTI,7,164,M,0.06758059663644769
40792,ETR,NNRTI,8,184,V,0.06274852113928689
40792,ETR,NNRTI,9,168,L,0.059948037214498824
40792,ETR,NNRTI,10,60,V,0.05708624384347642
205159,ETR,NNRTI,1,121,E,0.9999999522861849
205159,ETR,NNRTI,2,106,I,0.8048873065815061
205159,ETR,NNRTI,3,221,Y,0.3080285855169441
205159,ETR,NNRTI,4,181,C,0.29020814198874595
205159,ETR,NNRTI,5,214,L,0.25249706299235525
205159,ETR,NNRTI,6,190,A,0.13023192436484665
205159,ETR,NNRTI,7,98,S,0.12363667817860977
205159,ETR,NNRTI,8,68,G,0.11740044441040984
205159,ETR,NNRTI,9,120,L,0.09378202466981653
205159,ETR,NNRTI,10,164,M,0.086163566471324
41121,ETR,NNRTI,1,219,H,0.9794419526793237
41121,ETR,NNRTI,2,162,N,0.9245920052433826
41121,ETR,NNRTI,3,203,D,0.3735691198472681
41121,ETR,NNRTI,4,90,I,0.2532229674722893
41121,ETR,NNRTI,5,190,A,0.12300529407488273
41121,ETR,NNRTI,6,115,Y,0.0971264791528857
41121,ETR,NNRTI,7,120,L,0.09005050120053629
41121,ETR,NNRTI,8,164,M,0.08984599005335361
41121,ETR,NNRTI,9,184,V,0.07866218716234376
41121,ETR,NNRTI,10,168,L,0.07586178415497984
235702,ETR,NNRTI,1,207,N,0.999999952296971
235702,ETR,NNRTI,2,188,L,0.43992155022700685
235702,ETR,NNRTI,3,179,I,0.3044609173580724
235702,ETR,NNRTI,4,118,I,0.28961138488409355
235702,ETR,NNRTI,5,6,K,0.2821698335865138
235702,ETR,NNRTI,6,181,C,0.26707593539509905
235702,ETR,NNRTI,7,221,Y,0.2554456780722416
235702,ETR,NNRTI,8,214,L,0.20983187218292948
235702,ETR,NNRTI,9,69,D,0.18169727570624666
235702,ETR,NNRTI,10,120,L,0.07728768690340408
205156,ETR,NNRTI,1,192,N,0.9999999522982239
205156,ETR,NNRTI,2,166,R,0.29365783035660553
205156,ETR,NNRTI,3,101,P,0.16850374776456356
205156,ETR,NNRTI,4,41,L,0.1396912689109573
205156,ETR,NNRTI,5,98,S,0.11184665110656627
205156,ETR,NNRTI,6,120,L,0.08245909120385711
205156,ETR,NNRTI,7,164,M,0.06657629443995787
205156,ETR,NNRTI,8,115,Y,0.06146184384270209
205156,ETR,NNRTI,9,168,L,0.06129342225981671
205156,ETR,NNRTI,10,109,L,0.06088583406017787
216608,ETR,NNRTI,1,35,L,0.9999998330312376
216608,ETR,NNRTI,2,83,K,0.790646660604633
216608,ETR,NNRTI,3,39,A,0.5520864995409486
216608,ETR,NNRTI,4,200,I,0.3448607206094169
216608,ETR,NNRTI,5,120,L,0.2750408414810114
216608,ETR,NNRTI,6,164,M,0.21949604436376624
216608,ETR,NNRTI,7,115,Y,0.2154021285204788
216608,ETR,NNRTI,8,168,L,0.20081659646980524
216608,ETR,NNRTI,9,34,L,0.1998597362125786
216608,ETR,NNRTI,10,60,V,0.19553107388774965
205155,ETR,NNRTI,1,74,I,0.9999999522916208
205155,ETR,NNRTI,2,230,L,0.745062192660155
205155,ETR,NNRTI,3,240,K,0.7370856458688003
205155,ETR,NNRTI,4,179,D,0.3044701921965586
205155,ETR,NNRTI,5,100,I,0.2192662078871376
205155,ETR,NNRTI,6,202,V,0.21407242095109025
205155,ETR,NNRTI,7,41,L,0.14790999404753105
205155,ETR,NNRTI,8,103,R,0.09240120995327665
205155,ETR,NNRTI,9,120,L,0.08963607939369093
205155,ETR,NNRTI,10,115,Y,0.08606288894184798
51860,ETR,NNRTI,1,204,Q,0.9687625221308787
51860,ETR,NNRTI,2,230,L,0.7900869965240154
51860,ETR,NNRTI,3,214,L,0.274371711946248
51860,ETR,NNRTI,4,162,A,0.2566105399502108
51860,ETR,NNRTI,5,6,D,0.25160560379922403
51860,ETR,NNRTI,6,200,I,0.11027634224288689
51860,ETR,NNRTI,7,120,L,0.10269891847211696
51860,ETR,NNRTI,8,164,M,0.09220132068287051
51860,ETR,NNRTI,9,115,Y,0.07685743591891653
51860,ETR,NNRTI,10,109,L,0.07615695415728657
87123,ETR,NNRTI,1,101,H,0.984552914460096
87123,ETR,NNRTI,2,200,E,0.8635565583594657
87123,ETR,NNRTI,3,162,C,0.741046750184212
87123,ETR,NNRTI,4,190,A,0.7312698773550879
87123,ETR,NNRTI,5,120,L,0.499283385120726
87123,ETR,NNRTI,6,164,M,0.47118108043476425
87123,ETR,NNRTI,7,115,Y,0.4171748008294188
87123,ETR,NNRTI,8,35,I,0.41283822224568195
87123,ETR,NNRTI,9,168,L,0.4062815003621967
87123,ETR,NNRTI,10,109,L,0.3747652193213419
205676,ETR,NNRTI,1,108,I,0.9999999523013032
205676,ETR,NNRTI,2,189,I,0.7241627715730394
205676,ETR,NNRTI,3,60,I,0.6532140642552653
205676,ETR,NNRTI,4,162,D,0.5323431965005418
205676,ETR,NNRTI,5,35,R,0.40623446477862724
205676,ETR,NNRTI,6,122,Q,0.24423137633170322
205676,ETR,NNRTI,7,228,R,0.23460809605298188
205676,ETR,NNRTI,8,64,H,0.2241665265599434
205676,ETR,NNRTI,9,218,E,0.21764480571094694
205676,ETR,NNRTI,10,181,C,0.2038889054667465
205662,ETR,NNRTI,1,214,L,0.9999998330096589
205662,ETR,NNRTI,2,115,Y,0.33223230596323633
205662,ETR,NNRTI,3,164,M,0.3088048704651516
205662,ETR,NNRTI,4,120,L,0.3057436784179061
205662,ETR,NNRTI,5,184,V,0.28378639752134566
205662,ETR,NNRTI,6,168,L,0.2610768464203715
205662,ETR,NNRTI,7,138,K,0.24516784989057808
205662,ETR,NNRTI,8,109,L,0.23495240173650145
205662,ETR,NNRTI,9,60,V,0.2334337297055909
205662,ETR,NNRTI,10,149,L,0.2178632775869001
205677,ETR,NNRTI,1,108,I,0.9999999523012015
205677,ETR,NNRTI,2,189,I,0.7191051079835139
205677,ETR,NNRTI,3,60,I,0.6372259693335232
205677,ETR,NNRTI,4,162,D,0.5335772254023995
205677,ETR,NNRTI,5,35,R,0.4056094568596706
205677,ETR,NNRTI,6,122,Q,0.24370369952232954
205677,ETR,NNRTI,7,228,R,0.23428390410252992
205677,ETR,NNRTI,8,218,E,0.21664729019558654
205677,ETR,NNRTI,9,181,C,0.20291900528303186
205677,ETR,NNRTI,10,41,L,0.13548891472244268
257964,ETR,NNRTI,1,174,G,0.9999999522695147
257964,ETR,NNRTI,2,83,K,0.5019248665874787
257964,ETR,NNRTI,3,162,A,0.49854393184604306
257964,ETR,NNRTI,4,120,L,0.17482665281823428
257964,ETR,NNRTI,5,164,M,0.16955769305849955
257964,ETR,NNRTI,6,168,L,0.15030535097926526
257964,ETR,NNRTI,7,115,Y,0.1462113080183104
257964,ETR,NNRTI,8,60,V,0.13189109978559305
257964,ETR,NNRTI,9,109,L,0.12930114438021914
257964,ETR,NNRTI,10,149,L,0.12338281293997203
259246,ETR,NNRTI,1,162,H,0.9999999522955579
259246,ETR,NNRTI,2,60,I,0.6108695865478535
259246,ETR,NNRTI,3,83,K,0.1830454742495925
259246,ETR,NNRTI,4,35,M,0.15941274416557272
259246,ETR,NNRTI,5,120,L,0.06631158645117756
259246,ETR,NNRTI,6,164,M,0.06101462289754411
259246,ETR,NNRTI,7,115,Y,0.054960544715046744
259246,ETR,NNRTI,8,168,L,0.052271324570783304
259246,ETR,NNRTI,9,109,L,0.04907519275968637
259246,ETR,NNRTI,10,34,L,0.049008858118683676
51884,ETR,NNRTI,1,215,V,0.9999998926812314
51884,ETR,NNRTI,2,101,P,0.38532507162191765
51884,ETR,NNRTI,3,178,L,0.3607443889051588
51884,ETR,NNRTI,4,219,E,0.30971776148978303
51884,ETR,NNRTI,5,69,N,0.30318696897116104
51884,ETR,NNRTI,6,103,S,0.2709579976689794
51884,ETR,NNRTI,7,68,G,0.23351285617368212
51884,ETR,NNRTI,8,115,Y,0.188602131600055
51884,ETR,NNRTI,9,120,L,0.18774557878516238
51884,ETR,NNRTI,10,164,M,0.1589105421807913
258508,ETR,NNRTI,1,142,M,0.9999999522788492
258508,ETR,NNRTI,2,6,K,0.49240827560347666
258508,ETR,NNRTI,3,162,C,0.20092908188680503
258508,ETR,NNRTI,4,120,L,0.13206283991314227
258508,ETR,NNRTI,5,164,M,0.1205358841316295
258508,ETR,NNRTI,6,115,Y,0.11172935292802616
258508,ETR,NNRTI,7,35,I,0.10523063790736051
258508,ETR,NNRTI,8,168,L,0.10520762811803733
258508,ETR,NNRTI,9,149,L,0.1000913010304754
258508,ETR,NNRTI,10,109,L,0.09922177573909927
259190,ETR,NNRTI,1,83,K,0.9278622983863576
259190,ETR,NNRTI,2,162,A,0.9265647526460702
259190,ETR,NNRTI,3,120,L,0.3080510680880352
259190,ETR,NNRTI,4,164,M,0.2988405267702327
259190,ETR,NNRTI,5,35,I,0.27204948857581207
259190,ETR,NNRTI,6,115,Y,0.2578658800291647
259190,ETR,NNRTI,7,168,L,0.24435895459524348
259190,ETR,NNRTI,8,60,V,0.23303864962489346
259190,ETR,NNRTI,9,109,L,0.22717106536092158
259190,ETR,NNRTI,10,34,L,0.22028758815438682
259186,ETR,NNRTI,1,203,D,0.9999998926470719
259186,ETR,NNRTI,2,48,T,0.6043950939351531
259186,ETR,NNRTI,3,200,I,0.2622459116721201
259186,ETR,NNRTI,4,120,L,0.24674833129564458
259186,ETR,NNRTI,5,164,M,0.21236298155308306
259186,ETR,NNRTI,6,115,Y,0.2027604712215741
259186,ETR,NNRTI,7,35,I,0.19482354139268926
259186,ETR,NNRTI,8,109,L,0.1914626799028722
259186,ETR,NNRTI,9,168,L,0.19130734935829644
259186,ETR,NNRTI,10,60,V,0.18664239170747104
235716,ETR,NNRTI,1,173,Q,0.8854855407778166
235716,ETR,NNRTI,2,178,M,0.554622846035379
235716,ETR,NNRTI,3,120,L,0.5469006417873503
235716,ETR,NNRTI,4,164,M,0.47575153753811644
235716,ETR,NNRTI,5,115,Y,0.44734813606366197
235716,ETR,NNRTI,6,109,L,0.4387696724556227
235716,ETR,NNRTI,7,168,L,0.43140795092412626
235716,ETR,NNRTI,8,103,N,0.40649056732968236
235716,ETR,NNRTI,9,60,V,0.40543041788893974
235716,ETR,NNRTI,10,149,L,0.369122093661047
259180,ETR,NNRTI,1,4,T,0.9307578087610742
259180,ETR,NNRTI,2,74,I,0.9289122342823776
259180,ETR,NNRTI,3,179,F,0.5780784669890118
259180,ETR,NNRTI,4,195,K,0.5432355991572003
259180,ETR,NNRTI,5,219,N,0.37791456157688863
259180,ETR,NNRTI,6,6,K,0.31019858319838767
259180,ETR,NNRTI,7,118,I,0.3044320402452627
259180,ETR,NNRTI,8,181,C,0.2402999466181763
259180,ETR,NNRTI,9,162,A,0.23779358586095228
259180,ETR,NNRTI,10,210,W,0.18139159705929822
56595,ETR,NNRTI,1,151,M,0.9999999523100364
56595,ETR,NNRTI,2,102,R,0.12549955158944676
56595,ETR,NNRTI,3,207,K,0.07957328275026103
56595,ETR,NNRTI,4,90,I,0.05890996689959414
56595,ETR,NNRTI,5,211,A,0.052690307247558035
56595,ETR,NNRTI,6,101,P,0.04495864969841452
56595,ETR,NNRTI,7,219,Q,0.024520150631355497
56595,ETR,NNRTI,8,120,L,0.023574854276946295
56595,ETR,NNRTI,9,115,Y,0.01995988022634069
56595,ETR,NNRTI,10,164,M,0.019086271117170553
75949,ETR,NNRTI,1,75,T,0.99999995230294
75949,ETR,NNRTI,2,165,I,0.2950162278617558
75949,ETR,NNRTI,3,162,N,0.20478485817483413
75949,ETR,NNRTI,4,221,Y,0.06846673512861862
75949,ETR,NNRTI,5,35,L,0.06451861689068991
75949,ETR,NNRTI,6,214,L,0.05817163072600978
75949,ETR,NNRTI,7,83,K,0.0538952476656325
75949,ETR,NNRTI,8,164,M,0.020909549969771332
75949,ETR,NNRTI,9,120,L,0.020414092384055556
75949,ETR,NNRTI,10,168,L,0.018017830133491865
52040,ETR,NNRTI,1,166,R,0.9999998926129532
52040,ETR,NNRTI,2,123,G,0.788426006561695
52040,ETR,NNRTI,3,83,K,0.7391181254097152
52040,ETR,NNRTI,4,200,E,0.44241023024806053
52040,ETR,NNRTI,5,120,L,0.3086895432592707
52040,ETR,NNRTI,6,138,A,0.2706454898573656
52040,ETR,NNRTI,7,164,M,0.24004141069047175
52040,ETR,NNRTI,8,115,Y,0.2257362722808106
52040,ETR,NNRTI,9,168,L,0.21331830689435444
52040,ETR,NNRTI,10,109,L,0.20152373838854581
257944,ETR,NNRTI,1,53,D,0.9999999522820755
257944,ETR,NNRTI,2,39,E,0.8881704006558803
257944,ETR,NNRTI,3,60,I,0.8001079047984211
257944,ETR,NNRTI,4,46,T,0.5069904365065158
257944,ETR,NNRTI,5,123,S,0.5031406757578367
257944,ETR,NNRTI,6,135,K,0.4655496007018491
257944,ETR,NNRTI,7,101,Q,0.4389058551444229
257944,ETR,NNRTI,8,173,A,0.42427973232173144
257944,ETR,NNRTI,9,166,R,0.3142171959347285
257944,ETR,NNRTI,10,35,T,0.16692128148240795
205160,ETR,NNRTI,1,82,R,0.9999999522878803
205160,ETR,NNRTI,2,179,F,0.8577408640040709
205160,ETR,NNRTI,3,207,K,0.4020091039895557
205160,ETR,NNRTI,4,228,R,0.3568602835815907
205160,ETR,NNRTI,5,181,C,0.3347333297031559
205160,ETR,NNRTI,6,211,A,0.2531969964353227
205160,ETR,NNRTI,7,41,L,0.19305529622927495
205160,ETR,NNRTI,8,215,F,0.18979336155154844
205160,ETR,NNRTI,9,49,R,0.16094909425651466
205160,ETR,NNRTI,10,98,S,0.14741507648699714
205162,ETR,NNRTI,1,162,Y,0.9999999522909173
205162,ETR,NNRTI,2,98,G,0.5635886100123342
205162,ETR,NNRTI,3,210,F,0.5290429189060801
205162,ETR,NNRTI,4,215,D,0.19685008959285044
205162,ETR,NNRTI,5,181,C,0.1853987942791961
205162,ETR,NNRTI,6,41,L,0.11306324363311385
205162,ETR,NNRTI,7,164,M,0.06731052795453317
205162,ETR,NNRTI,8,120,L,0.06203147045136084
205162,ETR,NNRTI,9,168,L,0.050216817074471745
205162,ETR,NNRTI,10,115,Y,0.04929469565242105
216602,ETR,NNRTI,1,69,D,0.9581152914828122
216602,ETR,NNRTI,2,35,M,0.9569703748474523
216602,ETR,NNRTI,3,178,L,0.8277912737181887
216602,ETR,NNRTI,4,162,C,0.5649979505872562
216602,ETR,NNRTI,5,120,L,0.37274996950305583
216602,ETR,NNRTI,6,20,R,0.37015603483093346
216602,ETR,NNRTI,7,164,M,0.35210727308000567
216602,ETR,NNRTI,8,115,Y,0.31222582575962654
216602,ETR,NNRTI,9,168,L,0.3013003721030838
216602,ETR,NNRTI,10,60,V,0.2947178932117526
259178,ETR,NNRTI,1,20,R,0.7661192963578796
259178,ETR,NNRTI,2,120,L,0.5620176908505821
259178,ETR,NNRTI,3,115,Y,0.5097716139746303
259178,ETR,NNRTI,4,164,M,0.49972134784850863
259178,ETR,NNRTI,5,60,V,0.45913377818861845
259178,ETR,NNRTI,6,168,L,0.4540181139004527
259178,ETR,NNRTI,7,109,L,0.4226336743149467
259178,ETR,NNRTI,8,34,L,0.38890318035117843
259178,ETR,NNRTI,9,149,L,0.38210190997252835
259178,ETR,NNRTI,10,209,L,0.31416509199994513
51811,ETR,NNRTI,1,142,T,0.9999999522891624
51811,ETR,NNRTI,2,195,L,0.5134180145341763
51811,ETR,NNRTI,3,6,D,0.29714280458638265
51811,ETR,NNRTI,4,202,V,0.2826807656416115
51811,ETR,NNRTI,5,138,A,0.11927805073974213
51811,ETR,NNRTI,6,120,L,0.1141166365166627
51811,ETR,NNRTI,7,178,M,0.10247222710211518
51811,ETR,NNRTI,8,164,M,0.09706425975516939
51811,ETR,NNRTI,9,115,Y,0.09401148307598864
51811,ETR,NNRTI,10,168,L,0.09040715800516014
40011,ETR,NNRTI,1,74,V,0.9999999522879885
40011,ETR,NNRTI,2,100,I,0.23391278877841148
40011,ETR,NNRTI,3,178,L,0.18936435653200684
40011,ETR,NNRTI,4,41,L,0.16457129681044436
40011,ETR,NNRTI,5,120,L,0.09944466914055147
40011,ETR,NNRTI,6,164,M,0.0799685375568172
40011,ETR,NNRTI,7,115,Y,0.07721616864488953
40011,ETR,NNRTI,8,109,L,0.07620658238559894
40011,ETR,NNRTI,9,60,V,0.07538080938580477
40011,ETR,NNRTI,10,168,L,0.07392857879285143
205672,ETR,NNRTI,1,115,F,1.0000000119170322
205672,ETR,NNRTI,2,106,M,0.04063870321163332
205672,ETR,NNRTI,3,179,D,0.024626064956480984
205672,ETR,NNRTI,4,169,D,0.021185783431762133
205672,ETR,NNRTI,5,142,V,0.020188254503697916
205672,ETR,NNRTI,6,70,E,0.014227965635970907
205672,ETR,NNRTI,7,178,L,0.013566198456898474
205672,ETR,NNRTI,8,173,Q,0.010886872565319086
205672,ETR,NNRTI,9,162,C,0.009655623205315978
205672,ETR,NNRTI,10,120,L,0.00794074054023775
270336,ETR,NNRTI,1,184,I,0.9999999522687057
270336,ETR,NNRTI,2,120,L,0.11443634459480126
270336,ETR,NNRTI,3,115,Y,0.11284132792385676
270336,ETR,NNRTI,4,164,M,0.10334761814474816
270336,ETR,NNRTI,5,138,K,0.10030163258618616
270336,ETR,NNRTI,6,168,L,0.0950482789645167
270336,ETR,NNRTI,7,109,L,0.08809674212561827
270336,ETR,NNRTI,8,60,V,0.08795603800202857
270336,ETR,NNRTI,9,149,L,0.07977164558616133
270336,ETR,NNRTI,10,34,L,0.07568487466328891
216596,ETR,NNRTI,1,162,F,0.9999999522888462
216596,ETR,NNRTI,2,181,C,0.3505820224246382
216596,ETR,NNRTI,3,90,I,0.29811345070170947
216596,ETR,NNRTI,4,70,E,0.21983949371789763
216596,ETR,NNRTI,5,200,E,0.17928311072287142
216596,ETR,NNRTI,6,164,M,0.13075770210685042
216596,ETR,NNRTI,7,120,L,0.11383984398291871
216596,ETR,NNRTI,8,168,L,0.0933028901122965
216596,ETR,NNRTI,9,115,Y,0.0903082988507734
216596,ETR,NNRTI,10,60,V,0.0844862696181697
259222,ETR,NNRTI,1,40,K,0.9890364388920615
259222,ETR,NNRTI,2,188,H,0.8831012963956231
259222,ETR,NNRTI,3,11,T,0.7135313239922227
259222,ETR,NNRTI,4,65,R,0.6335896477778402
259222,ETR,NNRTI,5,181,C,0.22567245191056723
259222,ETR,NNRTI,6,135,L,0.18304785871092338
259222,ETR,NNRTI,7,120,L,0.0722239689708302
259222,ETR,NNRTI,8,178,M,0.06650151391211363
259222,ETR,NNRTI,9,164,M,0.0655635227547933
259222,ETR,NNRTI,10,115,Y,0.05844121076521491
259220,ETR,NNRTI,1,83,K,0.9999998330479517
259220,ETR,NNRTI,2,120,L,0.31201940662741173
259220,ETR,NNRTI,3,35,I,0.2923110876703113
259220,ETR,NNRTI,4,164,M,0.27239320844628273
259220,ETR,NNRTI,5,115,Y,0.26542997179930505
259220,ETR,NNRTI,6,168,L,0.2504124191429133
259220,ETR,NNRTI,7,60,V,0.24138295161417425
259220,ETR,NNRTI,8,109,L,0.23388889079365477
259220,ETR,NNRTI,9,34,L,0.22698579873224634
259220,ETR,NNRTI,10,149,L,0.2190153118183757
40227,ETR,NNRTI,1,158,S,0.9999999522922804
40227,ETR,NNRTI,2,196,D,0.5896075039422385
40227,ETR,NNRTI,3,188,L,0.48116522517393834
40227,ETR,NNRTI,4,207,K,0.3656477881115093
40227,ETR,NNRTI,5,169,D,0.2990839669407977
40227,ETR,NNRTI,6,215,F,0.17189877154761812
40227,ETR,NNRTI,7,115,Y,0.09657837364622593
40227,ETR,NNRTI,8,120,L,0.09567498980463171
40227,ETR,NNRTI,9,168,L,0.08687639548040062
40227,ETR,NNRTI,10,164,M,0.08667675697646995
40586,ETR,NNRTI,1,210,W,0.9527180561245532
40586,ETR,NNRTI,2,101,H,0.8031189106996847
40586,ETR,NNRTI,3,41,L,0.7969686507285869
40586,ETR,NNRTI,4,190,A,0.576965827049764
40586,ETR,NNRTI,5,115,Y,0.447124862853525
40586,ETR,NNRTI,6,120,L,0.424088246405212
40586,ETR,NNRTI,7,164,M,0.395318482239816
40586,ETR,NNRTI,8,184,V,0.3653532672633712
40586,ETR,NNRTI,9,168,L,0.3467277513922404
40586,ETR,NNRTI,10,109,L,0.32536295784713687
216598,ETR,NNRTI,1,138,G,0.9999999522809397
216598,ETR,NNRTI,2,83,K,0.3684484529348135
216598,ETR,NNRTI,3,120,L,0.13289590184092123
216598,ETR,NNRTI,4,164,M,0.1112644134102663
216598,ETR,NNRTI,5,35,I,0.10970257283918522
216598,ETR,NNRTI,6,115,Y,0.10943608009987474
216598,ETR,NNRTI,7,109,L,0.1032080595739722
216598,ETR,NNRTI,8,168,L,0.09992802209310712
216598,ETR,NNRTI,9,60,V,0.0975736772852804
216598,ETR,NNRTI,10,103,N,0.09447744731165
213422,ETR,NNRTI,1,179,L,0.9999999523037488
213422,ETR,NNRTI,2,169,D,0.10362936382771543
213422,ETR,NNRTI,3,202,V,0.0846390834166853
213422,ETR,NNRTI,4,120,L,0.030859844747877854
213422,ETR,NNRTI,5,168,L,0.029188835208285295
213422,ETR,NNRTI,6,164,M,0.027339357315369538
213422,ETR,NNRTI,7,115,Y,0.025902528009717235
213422,ETR,NNRTI,8,60,V,0.02309400135309783
213422,ETR,NNRTI,9,109,L,0.022984165779771693
213422,ETR,NNRTI,10,149,L,0.02127002994338295
51986,ETR,NNRTI,1,28,K,0.9999998330165536
51986,ETR,NNRTI,2,98,S,0.5598694865421108
51986,ETR,NNRTI,3,68,G,0.509636832619132
51986,ETR,NNRTI,4,120,L,0.41961755173973947
51986,ETR,NNRTI,5,115,Y,0.40872687886521347
51986,ETR,NNRTI,6,164,M,0.3418156232414022
51986,ETR,NNRTI,7,184,V,0.32840843366869593
51986,ETR,NNRTI,8,168,L,0.30730188658659696
51986,ETR,NNRTI,9,60,V,0.30533971350277056
51986,ETR,NNRTI,10,109,L,0.30035805653280223
216590,ETR,NNRTI,1,177,G,0.9999999522641458
216590,ETR,NNRTI,2,118,I,0.6323600087415533
216590,ETR,NNRTI,3,35,L,0.5314829855950532
216590,ETR,NNRTI,4,179,I,0.5029154445536984
216590,ETR,NNRTI,5,210,W,0.3846949187386846
216590,ETR,NNRTI,6,41,L,0.3018214692027392
216590,ETR,NNRTI,7,103,S,0.28655619965556206
216590,ETR,NNRTI,8,190,A,0.24672045714645552
216590,ETR,NNRTI,9,68,G,0.2208660699686528
216590,ETR,NNRTI,10,120,L,0.1787662695327395
270334,ETR,NNRTI,1,138,K,0.7129856895342802
270334,ETR,NNRTI,2,120,L,0.5961579797188264
270334,ETR,NNRTI,3,115,Y,0.5365579634620681
270334,ETR,NNRTI,4,164,M,0.513437268585747
270334,ETR,NNRTI,5,60,V,0.4888955160451911
270334,ETR,NNRTI,6,109,L,0.4739531405063819
270334,ETR,NNRTI,7,101,E,0.4687924652978376
270334,ETR,NNRTI,8,168,L,0.4623201759335651
270334,ETR,NNRTI,9,34,L,0.40880858309841656
270334,ETR,NNRTI,10,149,L,0.4063121698019507
270335,ETR,NNRTI,1,184,I,0.9999999522769578
270335,ETR,NNRTI,2,120,L,0.11636977798204562
270335,ETR,NNRTI,3,115,Y,0.11253549721939113
270335,ETR,NNRTI,4,164,M,0.10339801807420226
270335,ETR,NNRTI,5,138,K,0.09986091969915645
270335,ETR,NNRTI,6,168,L,0.09510979120177537
270335,ETR,NNRTI,7,60,V,0.08940702849495895
270335,ETR,NNRTI,8,109,L,0.08570899040215182
270335,ETR,NNRTI,9,149,L,0.07960247079089744
270335,ETR,NNRTI,10,34,L,0.07556420909539421
270337,ETR,NNRTI,1,138,K,0.7062000701294999
270337,ETR,NNRTI,2,120,L,0.5836481867341053
270337,ETR,NNRTI,3,115,Y,0.538610859522766
270337,ETR,NNRTI,4,164,M,0.5074012092004778
270337,ETR,NNRTI,5,60,V,0.4837010526595854
270337,ETR,NNRTI,6,168,L,0.45689433390161793
270337,ETR,NNRTI,7,109,L,0.4325658113160381
270337,ETR,NNRTI,8,34,L,0.39826481461103413
270337,ETR,NNRTI,9,149,L,0.3935230678977093
270337,ETR,NNRTI,10,209,L,0.3141550959043266
270338,ETR,NNRTI,1,120,L,0.6449112711113248
270338,ETR,NNRTI,2,101,E,0.633054585177344
270338,ETR,NNRTI,3,115,Y,0.6073198125119348
270338,ETR,NNRTI,4,164,M,0.5662814567403237
270338,ETR,NNRTI,5,60,V,0.5572019751861097
270338,ETR,NNRTI,6,109,L,0.5211893877758081
270338,ETR,NNRTI,7,168,L,0.5004054899597352
270338,ETR,NNRTI,8,34,L,0.45308188754881973
270338,ETR,NNRTI,9,149,L,0.42232771212784337
270338,ETR,NNRTI,10,209,L,0.34959448168270707
205678,ETR,NNRTI,1,75,T,0.9999999523079873
205678,ETR,NNRTI,2,118,I,0.0745288426378865
205678,ETR,NNRTI,3,64,H,0.06739538017027238
205678,ETR,NNRTI,4,210,W,0.04519397117224959
205678,ETR,NNRTI,5,69,D,0.044179111750119654
205678,ETR,NNRTI,6,41,L,0.04216028939603379
205678,ETR,NNRTI,7,120,L,0.023705519087023508
205678,ETR,NNRTI,8,60,V,0.018904822539111226
205678,ETR,NNRTI,9,164,M,0.017499481038164958
205678,ETR,NNRTI,10,115,Y,0.01703787744722743
259196,ETR,NNRTI,1,203,K,0.986081892689427
259196,ETR,NNRTI,2,60,I,0.7362508892758595
259196,ETR,NNRTI,3,43,Q,0.4766793612574403
259196,ETR,NNRTI,4,122,P,0.38749304147515795
259196,ETR,NNRTI,5,118,I,0.3030025731366546
259196,ETR,NNRTI,6,44,D,0.2976492023894965
259196,ETR,NNRTI,7,142,V,0.2251594198144929
259196,ETR,NNRTI,8,210,W,0.1835688197786748
259196,ETR,NNRTI,9,101,H,0.15376510839685573
259196,ETR,NNRTI,10,41,L,0.14864390323359333
235722,ETR,NNRTI,1,188,L,0.9999999522686568
235722,ETR,NNRTI,2,179,I,0.6987123770078736
235722,ETR,NNRTI,3,22,R,0.6195101962405977
235722,ETR,NNRTI,4,181,C,0.5904357060304132
235722,ETR,NNRTI,5,35,M,0.40538521342747613
235722,ETR,NNRTI,6,178,L,0.3816515675324983
235722,ETR,NNRTI,7,162,C,0.24736382256225875
235722,ETR,NNRTI,8,120,L,0.17408868715462586
235722,ETR,NNRTI,9,164,M,0.17317548584462203
235722,ETR,NNRTI,10,115,Y,0.17013465747887574
259208,ETR,NNRTI,1,173,Q,0.8880325879461253
259208,ETR,NNRTI,2,178,M,0.5632836755736852
259208,ETR,NNRTI,3,120,L,0.5340848980650559
259208,ETR,NNRTI,4,164,M,0.46293883611334063
259208,ETR,NNRTI,5,115,Y,0.4492774076418804
259208,ETR,NNRTI,6,168,L,0.4315526535420523
259208,ETR,NNRTI,7,109,L,0.40979420147178564
259208,ETR,NNRTI,8,60,V,0.40524592717722185
259208,ETR,NNRTI,9,149,L,0.3674089302212694
259208,ETR,NNRTI,10,34,L,0.3513496484117685
183257,ETR,NNRTI,1,227,C,0.9999999522922908
183257,ETR,NNRTI,2,230,L,0.6233356534738872
183257,ETR,NNRTI,3,181,C,0.22347784029290113
183257,ETR,NNRTI,4,120,L,0.0712940082122437
183257,ETR,NNRTI,5,164,M,0.062016682365869324
183257,ETR,NNRTI,6,20,R,0.059173323383353196
183257,ETR,NNRTI,7,115,Y,0.055854174772830945
183257,ETR,NNRTI,8,35,I,0.05374862775423507
183257,ETR,NNRTI,9,168,L,0.0531276640011106
183257,ETR,NNRTI,10,109,L,0.05241860326050734
235714,ETR,NNRTI,1,224,D,0.9999999522655261
235714,ETR,NNRTI,2,83,K,0.48024277079414324
235714,ETR,NNRTI,3,39,A,0.32374906742898885
235714,ETR,NNRTI,4,115,Y,0.1782505669530692
235714,ETR,NNRTI,5,120,L,0.16896416981695278
235714,ETR,NNRTI,6,20,R,0.1557579110629259
235714,ETR,NNRTI,7,164,M,0.15102909972937528
235714,ETR,NNRTI,8,184,V,0.14537895168442333
235714,ETR,NNRTI,9,168,L,0.13926572706351817
235714,ETR,NNRTI,10,60,V,0.12886211388987312
52593,ETR,NNRTI,1,179,E,0.9999999522953842
52593,ETR,NNRTI,2,177,N,0.4014113187942091
52593,ETR,NNRTI,3,106,M,0.32259951789098623
52593,ETR,NNRTI,4,41,L,0.10405911734219361
52593,ETR,NNRTI,5,120,L,0.06014695479135252
52593,ETR,NNRTI,6,178,M,0.05501594970126318
52593,ETR,NNRTI,7,164,M,0.05212167948576553
52593,ETR,NNRTI,8,109,L,0.05117161007509177
52593,ETR,NNRTI,9,168,L,0.04970016480881875
52593,ETR,NNRTI,10,115,Y,0.049536823209068596
205680,ETR,NNRTI,1,106,A,0.9999999522966502
205680,ETR,NNRTI,2,74,I,0.7585803745959738
205680,ETR,NNRTI,3,64,Y,0.5452542666905954
205680,ETR,NNRTI,4,211,S,0.5166756969246235
205680,ETR,NNRTI,5,43,R,0.36254186279517775
205680,ETR,NNRTI,6,228,H,0.16314957704174965
205680,ETR,NNRTI,7,215,F,0.1169432375338495
205680,ETR,NNRTI,8,35,T,0.11487733282194965
205680,ETR,NNRTI,9,103,S,0.10576409764880931
205680,ETR,NNRTI,10,120,L,0.07669817025995204
235706,ETR,NNRTI,1,181,C,0.9999998330520513
235706,ETR,NNRTI,2,115,Y,0.323937479473658
235706,ETR,NNRTI,3,184,V,0.2986238395614421
235706,ETR,NNRTI,4,120,L,0.2925290284200118
235706,ETR,NNRTI,5,164,M,0.28072737741003184
235706,ETR,NNRTI,6,215,Y,0.26206499898143076
235706,ETR,NNRTI,7,168,L,0.2514755086645821
235706,ETR,NNRTI,8,60,V,0.22295535357473828
235706,ETR,NNRTI,9,109,L,0.21950522996424188
235706,ETR,NNRTI,10,207,E,0.20942526091813896
216638,ETR,NNRTI,1,115,Y,0.8857934106731703
216638,ETR,NNRTI,2,60,V,0.7979686501442772
216638,ETR,NNRTI,3,120,L,0.7474406477843006
216638,ETR,NNRTI,4,164,M,0.7359097039281329
216638,ETR,NNRTI,5,168,L,0.6290660693657496
216638,ETR,NNRTI,6,34,L,0.595191708942324
216638,ETR,NNRTI,7,109,L,0.5724197851509861
216638,ETR,NNRTI,8,181,Y,0.5189331059217481
216638,ETR,NNRTI,9,149,L,0.47768727662342114
216638,ETR,NNRTI,10,184,M,0.46248105477195245
216604,ETR,NNRTI,1,115,Y,0.8942804800307171
216604,ETR,NNRTI,2,60,V,0.8137277142340433
216604,ETR,NNRTI,3,120,L,0.7653971431385402
216604,ETR,NNRTI,4,164,M,0.7567742273974687
216604,ETR,NNRTI,5,168,L,0.6390537406485033
216604,ETR,NNRTI,6,34,L,0.6046345858233177
216604,ETR,NNRTI,7,109,L,0.5935469550145691
216604,ETR,NNRTI,8,181,Y,0.5293936345884882
216604,ETR,NNRTI,9,149,L,0.4906133664214849
216604,ETR,NNRTI,10,209,L,0.4882030377863841
259250,ETR,NNRTI,1,60,I,0.9999999522873655
259250,ETR,NNRTI,2,173,T,0.5702362920014983
259250,ETR,NNRTI,3,162,A,0.30362912930117014
259250,ETR,NNRTI,4,35,T,0.19705480903896389
259250,ETR,NNRTI,5,178,M,0.10387431872505937
259250,ETR,NNRTI,6,120,L,0.09886783857065551
259250,ETR,NNRTI,7,164,M,0.093330867748277
259250,ETR,NNRTI,8,34,L,0.08515695231802786
259250,ETR,NNRTI,9,168,L,0.08336097718426067
259250,ETR,NNRTI,10,115,Y,0.08207839356719214
268427,ETR,NNRTI,1,100,I,0.9986127227754855
268427,ETR,NNRTI,2,120,L,0.44752762896811354
268427,ETR,NNRTI,3,164,M,0.36817534710661637
268427,ETR,NNRTI,4,115,Y,0.3608335999954315
268427,ETR,NNRTI,5,109,L,0.34941792412835615
268427,ETR,NNRTI,6,168,L,0.33518645450581763
268427,ETR,NNRTI,7,60,V,0.3151215906979061
268427,ETR,NNRTI,8,149,L,0.2992275942542378
268427,ETR,NNRTI,9,103,N,0.2720034597051408
268427,ETR,NNRTI,10,34,L,0.2708675467643432
268426,ETR,NNRTI,1,100,I,0.999999832915494
268426,ETR,NNRTI,2,103,S,0.5976313267374015
268426,ETR,NNRTI,3,120,L,0.42576617025737107
268426,ETR,NNRTI,4,164,M,0.35875483544018894
268426,ETR,NNRTI,5,115,Y,0.34746572625881234
268426,ETR,NNRTI,6,109,L,0.3317155290154107
268426,ETR,NNRTI,7,168,L,0.327192200987649
268426,ETR,NNRTI,8,60,V,0.30695936387649947
268426,ETR,NNRTI,9,149,L,0.28548275686812474
268426,ETR,NNRTI,10,34,L,0.2649696618744599
268432,ETR,NNRTI,1,179,D,0.9999998330008241
268432,ETR,NNRTI,2,100,I,0.711966928853962
268432,ETR,NNRTI,3,103,R,0.29462036942367265
268432,ETR,NNRTI,4,120,L,0.2658570369883392
268432,ETR,NNRTI,5,164,M,0.22957474934282124
268432,ETR,NNRTI,6,115,Y,0.2174015809530792
268432,ETR,NNRTI,7,168,L,0.21701776122868116
268432,ETR,NNRTI,8,109,L,0.20212747676355633
268432,ETR,NNRTI,9,60,V,0.1944751979975255
268432,ETR,NNRTI,10,149,L,0.1813497968620424
268431,ETR,NNRTI,1,100,I,0.9900478501149366
268431,ETR,NNRTI,2,120,L,0.4436986861516195
268431,ETR,NNRTI,3,103,R,0.44020347950766275
268431,ETR,NNRTI,4,164,M,0.37064605513405785
268431,ETR,NNRTI,5,115,Y,0.35785566939494995
268431,ETR,NNRTI,6,168,L,0.3377004482676994
268431,ETR,NNRTI,7,109,L,0.33060653709642074
268431,ETR,NNRTI,8,60,V,0.3193127237222473
268431,ETR,NNRTI,9,149,L,0.29751145519490607
268431,ETR,NNRTI,10,34,L,0.27355393291691316
268425,ETR,NNRTI,1,103,R,0.8462424857578177
268425,ETR,NNRTI,2,120,L,0.5529640731713213
268425,ETR,NNRTI,3,115,Y,0.48722883427215985
268425,ETR,NNRTI,4,164,M,0.48126573646166637
268425,ETR,NNRTI,5,168,L,0.44106273564211773
268425,ETR,NNRTI,6,60,V,0.4388611752040419
268425,ETR,NNRTI,7,109,L,0.4344499599722079
268425,ETR,NNRTI,8,149,L,0.3700650757571473
268425,ETR,NNRTI,9,34,L,0.36725590838564487
268425,ETR,NNRTI,10,209,L,0.2996376002596488
216606,ETR,NNRTI,1,106,I,0.9999999522766888
216606,ETR,NNRTI,2,22,R,0.40698802440412296
216606,ETR,NNRTI,3,178,L,0.23437548920920187
216606,ETR,NNRTI,4,120,L,0.09944177704007104
216606,ETR,NNRTI,5,164,M,0.08745141199813158
216606,ETR,NNRTI,6,115,Y,0.08388057481099656
216606,ETR,NNRTI,7,168,L,0.08033969550982722
216606,ETR,NNRTI,8,109,L,0.07658679516750558
216606,ETR,NNRTI,9,60,V,0.07483129364822011
216606,ETR,NNRTI,10,149,L,0.06814371065084308
259202,ETR,NNRTI,1,35,L,0.9999998330340665
259202,ETR,NNRTI,2,179,I,0.9647882610730193
259202,ETR,NNRTI,3,181,C,0.7547572673146175
259202,ETR,NNRTI,4,135,R,0.662567415924573
259202,ETR,NNRTI,5,39,A,0.5135715245765116
259202,ETR,NNRTI,6,173,E,0.44344437799004177
259202,ETR,NNRTI,7,200,I,0.305641992735136
259202,ETR,NNRTI,8,115,Y,0.2572480975969985
259202,ETR,NNRTI,9,120,L,0.24870350255706392
259202,ETR,NNRTI,10,20,R,0.23640796011354068
259200,ETR,NNRTI,1,35,L,0.9999998330364316
259200,ETR,NNRTI,2,179,I,0.8610009604328137
259200,ETR,NNRTI,3,202,V,0.6834016982791785
259200,ETR,NNRTI,4,135,R,0.6525834857465473
259200,ETR,NNRTI,5,39,A,0.5060428387954581
259200,ETR,NNRTI,6,173,E,0.427446019798822
259200,ETR,NNRTI,7,200,I,0.30309655928037355
259200,ETR,NNRTI,8,120,L,0.2396119526759884
259200,ETR,NNRTI,9,20,R,0.23533301715165644
259200,ETR,NNRTI,10,164,M,0.20412084496750516
205673,ETR,NNRTI,1,162,F,0.9999999522867389
205673,ETR,NNRTI,2,181,C,0.34223412242017526
205673,ETR,NNRTI,3,90,I,0.29165749384373385
205673,ETR,NNRTI,4,70,E,0.21724492349887342
205673,ETR,NNRTI,5,200,E,0.17692220274474174
205673,ETR,NNRTI,6,164,M,0.12969770831844835
205673,ETR,NNRTI,7,120,L,0.11243209415330158
205673,ETR,NNRTI,8,168,L,0.09213927228255285
205673,ETR,NNRTI,9,115,Y,0.0883074021358854
205673,ETR,NNRTI,10,60,V,0.08278707356727338
69215,ETR,NNRTI,1,181,V,0.9999999523037075
69215,ETR,NNRTI,2,74,V,0.35406930642846834
69215,ETR,NNRTI,3,41,L,0.05516456259682088
69215,ETR,NNRTI,4,120,L,0.028687395556026445
69215,ETR,NNRTI,5,20,R,0.02621361263413014
69215,ETR,NNRTI,6,164,M,0.024787190384300793
69215,ETR,NNRTI,7,60,V,0.023872425340264264
69215,ETR,NNRTI,8,115,Y,0.023869483700085993
69215,ETR,NNRTI,9,168,L,0.023132630324384174
69215,ETR,NNRTI,10,109,L,0.021237275468045644
259204,ETR,NNRTI,1,98,S,0.9108299565048767
259204,ETR,NNRTI,2,120,L,0.546616089205356
259204,ETR,NNRTI,3,35,I,0.5110718642684586
259204,ETR,NNRTI,4,164,M,0.48342992795321793
259204,ETR,NNRTI,5,115,Y,0.4654460485224138
259204,ETR,NNRTI,6,168,L,0.43527226099251565
259204,ETR,NNRTI,7,60,V,0.4252188716042591
259204,ETR,NNRTI,8,109,L,0.4146551555614869
259204,ETR,NNRTI,9,34,L,0.3949882345533894
259204,ETR,NNRTI,10,149,L,0.37232344017343433
259206,ETR,NNRTI,1,230,L,0.9999999522877242
259206,ETR,NNRTI,2,184,I,0.8472544788355754
259206,ETR,NNRTI,3,123,G,0.36306613679974553
259206,ETR,NNRTI,4,181,C,0.3417583397386621
259206,ETR,NNRTI,5,219,E,0.20326271475324872
259206,ETR,NNRTI,6,98,S,0.17185981075008305
259206,ETR,NNRTI,7,120,L,0.12808012785695883
259206,ETR,NNRTI,8,115,Y,0.10131478924350523
259206,ETR,NNRTI,9,164,M,0.10037893966388549
259206,ETR,NNRTI,10,35,I,0.09569983556671854
51863,ETR,NNRTI,1,190,A,0.8365971218616816
51863,ETR,NNRTI,2,115,Y,0.6338231223294633
51863,ETR,NNRTI,3,20,R,0.5658363031067967
51863,ETR,NNRTI,4,120,L,0.5589074014385035
51863,ETR,NNRTI,5,164,M,0.5450945081946965
51863,ETR,NNRTI,6,184,V,0.5359193396418278
51863,ETR,NNRTI,7,168,L,0.4742900397880086
51863,ETR,NNRTI,8,109,L,0.43110261908592806
51863,ETR,NNRTI,9,60,V,0.4142651203776986
51863,ETR,NNRTI,10,149,L,0.3951835388991063
205670,ETR,NNRTI,1,211,Q,0.9999999522700302
205670,ETR,NNRTI,2,106,M,0.8433371455066606
205670,ETR,NNRTI,3,174,R,0.7450113741905202
205670,ETR,NNRTI,4,179,D,0.5093264705960251
205670,ETR,NNRTI,5,214,L,0.4236491372087697
205670,ETR,NNRTI,6,83,K,0.410226781012069
205670,ETR,NNRTI,7,202,V,0.4085807718681914
205670,ETR,NNRTI,8,162,C,0.20814534303869586
205670,ETR,NNRTI,9,120,L,0.15164101720758394
205670,ETR,NNRTI,10,164,M,0.14503889465960387
205667,ETR,NNRTI,1,178,R,0.9999999522792012
205667,ETR,NNRTI,2,179,F,0.7731463947808973
205667,ETR,NNRTI,3,83,K,0.30659671211586026
205667,ETR,NNRTI,4,162,C,0.15368313871641473
205667,ETR,NNRTI,5,120,L,0.12851027180266564
205667,ETR,NNRTI,6,164,M,0.11283625064855576
205667,ETR,NNRTI,7,168,L,0.10559034677560376
205667,ETR,NNRTI,8,115,Y,0.09545731160364604
205667,ETR,NNRTI,9,109,L,0.0922318770868944
205667,ETR,NNRTI,10,60,V,0.08471847977991204
257966,ETR,NNRTI,1,35,T,0.9862919874377158
257966,ETR,NNRTI,2,120,L,0.5016249237759
257966,ETR,NNRTI,3,164,M,0.43398890526299394
257966,ETR,NNRTI,4,34,L,0.4179624231321736
257966,ETR,NNRTI,5,115,Y,0.417709543081502
257966,ETR,NNRTI,6,168,L,0.3999208604223532
257966,ETR,NNRTI,7,60,V,0.388600586147934
257966,ETR,NNRTI,8,109,L,0.37150749656670223
257966,ETR,NNRTI,9,149,L,0.34270432506276494
257966,ETR,NNRTI,10,209,L,0.27052061383793685
41809,ETR,NNRTI,1,75,M,0.9999999523027525
41809,ETR,NNRTI,2,208,Y,0.4655436835261862
41809,ETR,NNRTI,3,43,N,0.30906671168683364
41809,ETR,NNRTI,4,219,N,0.16284448989956554
41809,ETR,NNRTI,5,203,D,0.150958779402381
41809,ETR,NNRTI,6,44,D,0.1273755603764091
41809,ETR,NNRTI,7,118,I,0.12611730265319412
41809,ETR,NNRTI,8,181,C,0.10776311363279505
41809,ETR,NNRTI,9,210,W,0.07860037330382366
41809,ETR,NNRTI,10,41,L,0.065071812057474
235730,ETR,NNRTI,1,80,I,0.9999999523090751
235730,ETR,NNRTI,2,198,E,0.41420481102620327
235730,ETR,NNRTI,3,188,L,0.09784200320890146
235730,ETR,NNRTI,4,215,D,0.057281232412338824
235730,ETR,NNRTI,5,41,L,0.034684200661135166
235730,ETR,NNRTI,6,35,T,0.030970027943268186
235730,ETR,NNRTI,7,120,L,0.019959364039895032
235730,ETR,NNRTI,8,164,M,0.017040256225455276
235730,ETR,NNRTI,9,115,Y,0.01596426696522607
235730,ETR,NNRTI,10,168,L,0.015585082505973055
51927,ETR,NNRTI,1,122,P,0.9562478780217865
51927,ETR,NNRTI,2,195,L,0.8815762487758745
51927,ETR,NNRTI,3,83,K,0.537931926373247
51927,ETR,NNRTI,4,28,K,0.5250148516424917
51927,ETR,NNRTI,5,35,M,0.47250348354586613
51927,ETR,NNRTI,6,41,L,0.3657748247405665
51927,ETR,NNRTI,7,162,C,0.27229329753736137
51927,ETR,NNRTI,8,69,N,0.2441830399343825
51927,ETR,NNRTI,9,120,L,0.2398148690254338
51927,ETR,NNRTI,10,115,Y,0.19984282480275922
39949,ETR,NNRTI,1,75,M,0.9999999523059319
39949,ETR,NNRTI,2,121,Y,0.408608787873703
39949,ETR,NNRTI,3,190,S,0.39259943650049817
39949,ETR,NNRTI,4,207,A,0.3547781623724814
39949,ETR,NNRTI,5,60,I,0.3313141085901684
39949,ETR,NNRTI,6,118,I,0.1284765693162427
39949,ETR,NNRTI,7,210,W,0.07502866303271571
39949,ETR,NNRTI,8,43,E,0.07205119945030347
39949,ETR,NNRTI,9,174,K,0.0713946084355263
39949,ETR,NNRTI,10,41,L,0.06210504840688038
259176,ETR,NNRTI,1,60,I,0.999999952289163
259176,ETR,NNRTI,2,188,L,0.5673359397626727
259176,ETR,NNRTI,3,215,D,0.3685809801061983
259176,ETR,NNRTI,4,41,L,0.2097545637534281
259176,ETR,NNRTI,5,35,T,0.1979575499291214
259176,ETR,NNRTI,6,120,L,0.10202477324820577
259176,ETR,NNRTI,7,164,M,0.09246392187053495
259176,ETR,NNRTI,8,34,L,0.08550180531806997
259176,ETR,NNRTI,9,168,L,0.08445989125961131
259176,ETR,NNRTI,10,115,Y,0.08411565891825722
41125,NVP,NNRTI,1,103,N,0.9999999522972612
41125,NVP,NNRTI,2,101,P,0.3483846606127112
41125,NVP,NNRTI,3,172,K,0.3179590737932723
41125,NVP,NNRTI,4,64,R,0.1697483093138089
41125,NVP,NNRTI,5,67,G,0.07890741603857575
41125,NVP,NNRTI,6,74,L,0.06243606580545602
41125,NVP,NNRTI,7,188,Y,0.06165504049612783
41125,NVP,NNRTI,8,106,V,0.05727881304567292
41125,NVP,NNRTI,9,184,V,0.04520462952171239
41125,NVP,NNRTI,10,108,V,0.04130671839180235
268430,NVP,NNRTI,1,103,R,0.9999999522896201
268430,NVP,NNRTI,2,179,D,0.04893388384586543
268430,NVP,NNRTI,3,188,Y,0.04208399827521861
268430,NVP,NNRTI,4,74,L,0.03930148000486158
268430,NVP,NNRTI,5,106,V,0.03913679393035957
268430,NVP,NNRTI,6,181,Y,0.02986026656070454
268430,NVP,NNRTI,7,108,V,0.02460402289117404
268430,NVP,NNRTI,8,184,M,0.017210708204110504
268430,NVP,NNRTI,9,109,L,0.01122430521987327
268430,NVP,NNRTI,10,105,S,0.010891872259063523
205669,NVP,NNRTI,1,237,E,0.9532801700509028
205669,NVP,NNRTI,2,4,S,0.8541630029181833
205669,NVP,NNRTI,3,70,G,0.4731641324086451
205669,NVP,NNRTI,4,118,I,0.35600355001266976
205669,NVP,NNRTI,5,60,I,0.2946186687473217
205669,NVP,NNRTI,6,102,Q,0.2832026460862669
205669,NVP,NNRTI,7,103,K,0.25664881874146456
205669,NVP,NNRTI,8,138,A,0.22518751697168365
205669,NVP,NNRTI,9,74,L,0.2136586889398317
205669,NVP,NNRTI,10,188,Y,0.1801869291590958
205685,NVP,NNRTI,1,103,R,0.9999999523017753
205685,NVP,NNRTI,2,69,N,0.06591898701286328
205685,NVP,NNRTI,3,135,L,0.0645367888389165
205685,NVP,NNRTI,4,74,L,0.04479613298343409
205685,NVP,NNRTI,5,39,A,0.043247927525329515
205685,NVP,NNRTI,6,67,N,0.042777272887652526
205685,NVP,NNRTI,7,188,Y,0.0400598984822001
205685,NVP,NNRTI,8,106,V,0.03880057652724286
205685,NVP,NNRTI,9,108,V,0.02612197175715835
205685,NVP,NNRTI,10,181,Y,0.024024398446147198
206442,NVP,NNRTI,1,60,I,0.9464866571018864
206442,NVP,NNRTI,2,103,K,0.7372380016661331
206442,NVP,NNRTI,3,188,Y,0.507650705352117
206442,NVP,NNRTI,4,74,L,0.4764303783581719
206442,NVP,NNRTI,5,184,V,0.4505637250389108
206442,NVP,NNRTI,6,106,V,0.429212181221744
206442,NVP,NNRTI,7,108,V,0.28850028877116296
206442,NVP,NNRTI,8,181,Y,0.28157390465277304
206442,NVP,NNRTI,9,219,Q,0.2750487292614887
206442,NVP,NNRTI,10,214,L,0.2455877761163238
205675,NVP,NNRTI,1,103,N,0.9999999522939473
205675,NVP,NNRTI,2,135,M,0.26633328818711766
205675,NVP,NNRTI,3,90,I,0.2117829522794255
205675,NVP,NNRTI,4,118,I,0.11447066110938234
205675,NVP,NNRTI,5,69,N,0.08135314232226344
205675,NVP,NNRTI,6,74,L,0.05257571905022807
205675,NVP,NNRTI,7,67,N,0.051548086507634046
205675,NVP,NNRTI,8,106,V,0.04776887265561909
205675,NVP,NNRTI,9,188,Y,0.045628486443057704
205675,NVP,NNRTI,10,108,V,0.032372367492869814
259174,NVP,NNRTI,1,4,S,0.9999999522605878
259174,NVP,NNRTI,2,123,N,0.3308591643146475
259174,NVP,NNRTI,3,142,V,0.27440544863961663
259174,NVP,NNRTI,4,103,K,0.2698637001322976
259174,NVP,NNRTI,5,6,D,0.23000716736258342
259174,NVP,NNRTI,6,178,L,0.2270392675069188
259174,NVP,NNRTI,7,74,L,0.17716536432858132
259174,NVP,NNRTI,8,188,Y,0.1750931946784769
259174,NVP,NNRTI,9,106,V,0.1637144295310471
259174,NVP,NNRTI,10,108,V,0.11151161971156956
268428,NVP,NNRTI,1,100,I,0.999999952183386
268428,NVP,NNRTI,2,103,K,0.44296291036787167
268428,NVP,NNRTI,3,74,L,0.2594609458184295
268428,NVP,NNRTI,4,188,Y,0.2513875357319385
268428,NVP,NNRTI,5,106,V,0.2483696667215181
268428,NVP,NNRTI,6,108,V,0.16721520343757973
268428,NVP,NNRTI,7,181,Y,0.16137124166277372
268428,NVP,NNRTI,8,184,M,0.10729421810359119
268428,NVP,NNRTI,9,109,L,0.07424948216656363
268428,NVP,NNRTI,10,105,S,0.06447274770920285
268429,NVP,NNRTI,1,103,S,1.0000000119033452
268429,NVP,NNRTI,2,74,L,0.021312332335546774
268429,NVP,NNRTI,3,188,Y,0.021019643153602302
268429,NVP,NNRTI,4,106,V,0.020890521468933616
268429,NVP,NNRTI,5,108,V,0.014437651177186026
268429,NVP,NNRTI,6,181,Y,0.012793153743022243
268429,NVP,NNRTI,7,184,M,0.009064152597088341
268429,NVP,NNRTI,8,109,L,0.00631733845965984
268429,NVP,NNRTI,9,105,S,0.006013274690156403
268429,NVP,NNRTI,10,187,L,0.004593524245122171
258504,NVP,NNRTI,1,103,N,0.9999999523026302
258504,NVP,NNRTI,2,60,I,0.09112191825739448
258504,NVP,NNRTI,3,44,D,0.0761591483208838
258504,NVP,NNRTI,4,6,D,0.06087541422771207
258504,NVP,NNRTI,5,188,Y,0.05339654076693101
258504,NVP,NNRTI,6,74,L,0.04979725152924332
258504,NVP,NNRTI,7,106,V,0.04776539544436187
258504,NVP,NNRTI,8,67,N,0.04650800968093944
258504,NVP,NNRTI,9,49,R,0.046286170096194644
258504,NVP,NNRTI,10,184,V,0.04355499505021027
235704,NVP,NNRTI,1,181,V,0.9999999523029169
235704,NVP,NNRTI,2,103,S,0.6626073342832788
235704,NVP,NNRTI,3,75,M,0.2469839832051896
235704,NVP,NNRTI,4,179,T,0.1154521037539484
235704,NVP,NNRTI,5,44,A,0.07567464366006695
235704,NVP,NNRTI,6,39,K,0.07547776942733839
235704,NVP,NNRTI,7,32,E,0.06260528906807492
235704,NVP,NNRTI,8,203,V,0.053341601663076894
235704,NVP,NNRTI,9,208,Y,0.0429092237429318
235704,NVP,NNRTI,10,118,I,0.03260813107204148
77294,NVP,NNRTI,1,103,R,0.9999999522956582
77294,NVP,NNRTI,2,101,R,0.7751969649417347
77294,NVP,NNRTI,3,190,E,0.5122578213729029
77294,NVP,NNRTI,4,204,N,0.21567762065507454
77294,NVP,NNRTI,5,35,L,0.05914775632313048
77294,NVP,NNRTI,6,188,Y,0.0564627337854758
77294,NVP,NNRTI,7,106,V,0.054629569381719915
77294,NVP,NNRTI,8,178,M,0.05162973131368184
77294,NVP,NNRTI,9,74,L,0.04613927685298008
77294,NVP,NNRTI,10,67,N,0.04092988837186772
51864,NVP,NNRTI,1,39,S,0.9999999522747071
51864,NVP,NNRTI,2,35,M,0.27966473471671094
51864,NVP,NNRTI,3,103,K,0.2195227878437049
51864,NVP,NNRTI,4,138,A,0.21669992732986573
51864,NVP,NNRTI,5,74,L,0.14883449501395402
51864,NVP,NNRTI,6,188,Y,0.1397688213808123
51864,NVP,NNRTI,7,106,V,0.13419613113040532
51864,NVP,NNRTI,8,202,V,0.10450551605582548
51864,NVP,NNRTI,9,108,V,0.09061087804809882
51864,NVP,NNRTI,10,181,Y,0.08853824248618103
235708,NVP,NNRTI,1,171,Y,0.9999999522576614
235708,NVP,NNRTI,2,103,K,0.25946567309078566
235708,NVP,NNRTI,3,188,Y,0.1740410735105586
235708,NVP,NNRTI,4,74,L,0.17224062729461315
235708,NVP,NNRTI,5,106,V,0.16097305991761973
235708,NVP,NNRTI,6,202,V,0.11548861687808389
235708,NVP,NNRTI,7,181,Y,0.11256766032057877
235708,NVP,NNRTI,8,108,V,0.10840893542946198
235708,NVP,NNRTI,9,35,I,0.08340727286122979
235708,NVP,NNRTI,10,184,M,0.07128601617847159
27725,NVP,NNRTI,1,74,V,1.0000000119118289
27725,NVP,NNRTI,2,190,E,0.20429155753394926
27725,NVP,NNRTI,3,60,I,0.035631041718978546
27725,NVP,NNRTI,4,219,N,0.034388695521820466
27725,NVP,NNRTI,5,103,K,0.03222626583552215
27725,NVP,NNRTI,6,138,A,0.028155480067859652
27725,NVP,NNRTI,7,67,G,0.025677604869644325
27725,NVP,NNRTI,8,188,Y,0.024699511837548108
27725,NVP,NNRTI,9,106,V,0.023291866089684952
27725,NVP,NNRTI,10,178,M,0.022708349302597988
51819,NVP,NNRTI,1,88,C,0.9999999522900823
51819,NVP,NNRTI,2,121,H,0.6365605889135353
51819,NVP,NNRTI,3,181,C,0.45163384272615675
51819,NVP,NNRTI,4,103,K,0.09858366345349531
51819,NVP,NNRTI,5,188,Y,0.07072217304598401
51819,NVP,NNRTI,6,221,Y,0.06709288408034896
51819,NVP,NNRTI,7,74,L,0.06426625825659069
51819,NVP,NNRTI,8,106,V,0.06129401218481692
51819,NVP,NNRTI,9,108,V,0.0404381621137863
51819,NVP,NNRTI,10,184,M,0.027279559363108236
205660,NVP,NNRTI,1,103,K,0.9999995945487925
205660,NVP,NNRTI,2,138,K,0.6184406582507206
205660,NVP,NNRTI,3,188,Y,0.5601745569894062
205660,NVP,NNRTI,4,74,L,0.5055496685015003
205660,NVP,NNRTI,5,106,V,0.5031815745529303
205660,NVP,NNRTI,6,214,L,0.39860600334133445
205660,NVP,NNRTI,7,181,Y,0.36852557217688114
205660,NVP,NNRTI,8,108,V,0.31038612035152746
205660,NVP,NNRTI,9,184,M,0.2709267243939927
205660,NVP,NNRTI,10,109,L,0.1468768707430579
205663,NVP,NNRTI,1,184,I,0.9999999522730871
205663,NVP,NNRTI,2,103,K,0.1675971017960989
205663,NVP,NNRTI,3,188,Y,0.11344075622289608
205663,NVP,NNRTI,4,74,L,0.10109544610019816
205663,NVP,NNRTI,5,106,V,0.09918470715760078
205663,NVP,NNRTI,6,108,V,0.06631988631710663
205663,NVP,NNRTI,7,181,Y,0.06585147433893515
205663,NVP,NNRTI,8,214,L,0.054272394659012596
205663,NVP,NNRTI,9,109,L,0.029986983976812813
205663,NVP,NNRTI,10,105,S,0.02652552187625206
205664,NVP,NNRTI,1,103,K,0.9713425157642015
205664,NVP,NNRTI,2,184,V,0.7038949477729373
205664,NVP,NNRTI,3,188,Y,0.6394386670285772
205664,NVP,NNRTI,4,74,L,0.513526740335899
205664,NVP,NNRTI,5,106,V,0.5096182095428766
205664,NVP,NNRTI,6,214,L,0.37787267738350533
205664,NVP,NNRTI,7,181,Y,0.36373112653482526
205664,NVP,NNRTI,8,108,V,0.3192039444988788
205664,NVP,NNRTI,9,115,Y,0.15947054385500645
205664,NVP,NNRTI,10,109,L,0.1464602620754967
205665,NVP,NNRTI,1,103,K,0.9999995945083876
205665,NVP,NNRTI,2,188,Y,0.5611279086530627
205665,NVP,NNRTI,3,74,L,0.5013351846300492
205665,NVP,NNRTI,4,106,V,0.49908159728996776
205665,NVP,NNRTI,5,214,L,0.40348741599854937
205665,NVP,NNRTI,6,181,Y,0.36858060611735033
205665,NVP,NNRTI,7,108,V,0.3068227540979684
205665,NVP,NNRTI,8,184,M,0.270230515177899
205665,NVP,NNRTI,9,109,L,0.1465658000939166
205665,NVP,NNRTI,10,105,S,0.13404403171887058
259230,NVP,NNRTI,1,181,I,1.0000000119153707
259230,NVP,NNRTI,2,90,I,0.027063401037267523
259230,NVP,NNRTI,3,123,N,0.01289915661406794
259230,NVP,NNRTI,4,135,L,0.010369014594264052
259230,NVP,NNRTI,5,103,K,0.00930898568633577
259230,NVP,NNRTI,6,179,I,0.00885380935963748
259230,NVP,NNRTI,7,188,Y,0.007619077835720785
259230,NVP,NNRTI,8,74,L,0.006622893478224621
259230,NVP,NNRTI,9,184,V,0.006388418141193533
259230,NVP,NNRTI,10,174,K,0.006387906237796564
235690,NVP,NNRTI,1,123,N,0.9053595165804844
235690,NVP,NNRTI,2,210,F,0.8934833568894086
235690,NVP,NNRTI,3,103,K,0.6949279426153063
235690,NVP,NNRTI,4,74,L,0.4404007365476428
235690,NVP,NNRTI,5,188,Y,0.42645088553340926
235690,NVP,NNRTI,6,106,V,0.40587115389037587
235690,NVP,NNRTI,7,108,V,0.2766338815855789
235690,NVP,NNRTI,8,181,Y,0.27396804232651273
235690,NVP,NNRTI,9,184,M,0.18880277058004635
235690,NVP,NNRTI,10,109,L,0.13278022832352399
40792,NVP,NNRTI,1,31,V,0.991883468588137
40792,NVP,NNRTI,2,237,E,0.9015552281233894
40792,NVP,NNRTI,3,69,N,0.22608942070387741
40792,NVP,NNRTI,4,103,K,0.22101554544718932
40792,NVP,NNRTI,5,74,L,0.16890231689590757
40792,NVP,NNRTI,6,188,Y,0.1643949580869012
40792,NVP,NNRTI,7,67,N,0.15037802138305026
40792,NVP,NNRTI,8,106,V,0.14326442581186208
40792,NVP,NNRTI,9,184,V,0.11871026195645568
40792,NVP,NNRTI,10,138,K,0.10095844616514574
205159,NVP,NNRTI,1,106,I,1.000000011910652
205159,NVP,NNRTI,2,121,E,0.0816565292425193
205159,NVP,NNRTI,3,181,C,0.07745537197081788
205159,NVP,NNRTI,4,190,A,0.04746623973236976
205159,NVP,NNRTI,5,98,S,0.021914785870722278
205159,NVP,NNRTI,6,103,K,0.017392799456243294
205159,NVP,NNRTI,7,74,L,0.013402824658556002
205159,NVP,NNRTI,8,188,Y,0.012023335930624622
205159,NVP,NNRTI,9,221,Y,0.01139379599046364
205159,NVP,NNRTI,10,68,G,0.00878193529040406
41121,NVP,NNRTI,1,190,A,0.9939469217669252
41121,NVP,NNRTI,2,90,I,0.9125900358677501
41121,NVP,NNRTI,3,219,H,0.9041920656136547
41121,NVP,NNRTI,4,162,N,0.6662747536508151
41121,NVP,NNRTI,5,103,K,0.38104310025525473
41121,NVP,NNRTI,6,101,E,0.3239567227919917
41121,NVP,NNRTI,7,203,D,0.32019140599459517
41121,NVP,NNRTI,8,188,Y,0.26467844913271477
41121,NVP,NNRTI,9,106,V,0.24618844088968517
41121,NVP,NNRTI,10,74,L,0.23959895082939137
235702,NVP,NNRTI,1,188,L,1.000000011914263
235702,NVP,NNRTI,2,103,N,0.20878350471535928
235702,NVP,NNRTI,3,181,C,0.07976043003968904
235702,NVP,NNRTI,4,207,N,0.05610241683343033
235702,NVP,NNRTI,5,69,D,0.0432124010865184
235702,NVP,NNRTI,6,118,I,0.025154450474317216
235702,NVP,NNRTI,7,6,K,0.018291619340849795
235702,NVP,NNRTI,8,102,Q,0.016560023204052914
235702,NVP,NNRTI,9,179,I,0.015729139262715047
235702,NVP,NNRTI,10,221,Y,0.012494821726548835
205156,NVP,NNRTI,1,103,N,0.9999999522982118
205156,NVP,NNRTI,2,192,N,0.7677611038852039
205156,NVP,NNRTI,3,101,P,0.3272140164491271
205156,NVP,NNRTI,4,98,S,0.09685055996107918
205156,NVP,NNRTI,5,166,R,0.06856053845162416
205156,NVP,NNRTI,6,102,Q,0.06600971230479993
205156,NVP,NNRTI,7,106,V,0.054256793848913194
205156,NVP,NNRTI,8,74,L,0.0515678126790905
205156,NVP,NNRTI,9,188,Y,0.05026024257145116
205156,NVP,NNRTI,10,108,V,0.03820689448752366
216608,NVP,NNRTI,1,35,L,0.8202085277460684
216608,NVP,NNRTI,2,103,K,0.7743308662239312
216608,NVP,NNRTI,3,39,A,0.5570480839513459
216608,NVP,NNRTI,4,188,Y,0.4902637270681468
216608,NVP,NNRTI,5,74,L,0.48827114150909645
216608,NVP,NNRTI,6,106,V,0.441922998879851
216608,NVP,NNRTI,7,200,I,0.40660570543376356
216608,NVP,NNRTI,8,83,K,0.3089917524571892
216608,NVP,NNRTI,9,181,Y,0.2995798224672801
216608,NVP,NNRTI,10,108,V,0.2889220958417131
205155,NVP,NNRTI,1,74,I,0.9999999523055876
205155,NVP,NNRTI,2,103,R,0.41592500928710396
205155,NVP,NNRTI,3,240,K,0.08504214728915618
205155,NVP,NNRTI,4,230,L,0.0738173060757242
205155,NVP,NNRTI,5,100,I,0.06336967772344308
205155,NVP,NNRTI,6,67,G,0.024475051892746125
205155,NVP,NNRTI,7,179,D,0.02122535560891708
205155,NVP,NNRTI,8,188,Y,0.016713288183977135
205155,NVP,NNRTI,9,106,V,0.01566721837698942
205155,NVP,NNRTI,10,184,V,0.014594649932692685
51860,NVP,NNRTI,1,103,N,0.999999952297576
51860,NVP,NNRTI,2,230,L,0.22458039226524085
51860,NVP,NNRTI,3,204,Q,0.2109810843588058
51860,NVP,NNRTI,4,6,D,0.058071912971635456
51860,NVP,NNRTI,5,162,A,0.05472692126593028
51860,NVP,NNRTI,6,188,Y,0.04684601523995559
51860,NVP,NNRTI,7,106,V,0.046419668434380765
51860,NVP,NNRTI,8,74,L,0.04362163825875495
51860,NVP,NNRTI,9,200,I,0.032477090677739295
51860,NVP,NNRTI,10,108,V,0.03169442650152138
87123,NVP,NNRTI,1,101,H,0.9999999522608729
87123,NVP,NNRTI,2,190,A,0.6731079525771528
87123,NVP,NNRTI,3,103,K,0.24422329894538072
87123,NVP,NNRTI,4,188,Y,0.17912764960431732
87123,NVP,NNRTI,5,106,V,0.17672131886785528
87123,NVP,NNRTI,6,74,L,0.15103811236895437
87123,NVP,NNRTI,7,200,E,0.1349824001800814
87123,NVP,NNRTI,8,181,Y,0.10349466907034986
87123,NVP,NNRTI,9,108,V,0.09880705017746752
87123,NVP,NNRTI,10,35,I,0.07652720711738957
205676,NVP,NNRTI,1,108,I,0.9999999523096872
205676,NVP,NNRTI,2,189,I,0.367480861746767
205676,NVP,NNRTI,3,181,C,0.09468997632620053
205676,NVP,NNRTI,4,35,R,0.05871791614277404
205676,NVP,NNRTI,5,162,D,0.03588879885523754
205676,NVP,NNRTI,6,60,I,0.027004164039772446
205676,NVP,NNRTI,7,122,Q,0.024850023720693344
205676,NVP,NNRTI,8,64,H,0.02264470640287258
205676,NVP,NNRTI,9,69,N,0.022323574168961264
205676,NVP,NNRTI,10,103,K,0.021783475796572697
205662,NVP,NNRTI,1,103,K,0.9802919148003489
205662,NVP,NNRTI,2,184,V,0.7006177775857841
205662,NVP,NNRTI,3,188,Y,0.6313484754983076
205662,NVP,NNRTI,4,138,K,0.5865048938856952
205662,NVP,NNRTI,5,74,L,0.512734665231019
205662,NVP,NNRTI,6,106,V,0.5087331951468859
205662,NVP,NNRTI,7,214,L,0.37761980870500966
205662,NVP,NNRTI,8,181,Y,0.36251755819678244
205662,NVP,NNRTI,9,108,V,0.3202567821400528
205662,NVP,NNRTI,10,115,Y,0.16111931043588495
205677,NVP,NNRTI,1,108,I,0.9999999523096035
205677,NVP,NNRTI,2,189,I,0.36638512033481996
205677,NVP,NNRTI,3,181,C,0.09470734087797406
205677,NVP,NNRTI,4,35,R,0.058954266965940604
205677,NVP,NNRTI,5,162,D,0.0358835824610138
205677,NVP,NNRTI,6,60,I,0.027629416735859023
205677,NVP,NNRTI,7,122,Q,0.024732276755644357
205677,NVP,NNRTI,8,69,N,0.02325412490347019
205677,NVP,NNRTI,9,103,K,0.021797475526407414
205677,NVP,NNRTI,10,228,R,0.0171241843934791
257964,NVP,NNRTI,1,174,G,0.9999998926131273
257964,NVP,NNRTI,2,103,K,0.6329365684255723
257964,NVP,NNRTI,3,162,A,0.4409461864316162
257964,NVP,NNRTI,4,188,Y,0.43499045909099887
257964,NVP,NNRTI,5,74,L,0.43430589002717057
257964,NVP,NNRTI,6,106,V,0.4001019691421379
257964,NVP,NNRTI,7,181,Y,0.2742312109445244
257964,NVP,NNRTI,8,108,V,0.2687370802585303
257964,NVP,NNRTI,9,83,K,0.2193235962199425
257964,NVP,NNRTI,10,184,M,0.1768386179288688
259246,NVP,NNRTI,1,162,H,0.9999999522596885
259246,NVP,NNRTI,2,35,M,0.4147322454964667
259246,NVP,NNRTI,3,60,I,0.3890318763387693
259246,NVP,NNRTI,4,103,K,0.33232486770661346
259246,NVP,NNRTI,5,74,L,0.23574421632671577
259246,NVP,NNRTI,6,188,Y,0.21589914022441242
259246,NVP,NNRTI,7,106,V,0.20865235976182886
259246,NVP,NNRTI,8,108,V,0.14158703333597983
259246,NVP,NNRTI,9,181,Y,0.13554599907009915
259246,NVP,NNRTI,10,83,K,0.11482556250929853
51884,NVP,NNRTI,1,103,S,1.000000011913058
51884,NVP,NNRTI,2,101,P,0.12675369185577895
51884,NVP,NNRTI,3,69,N,0.03666383461057049
51884,NVP,NNRTI,4,102,Q,0.030340839663118093
51884,NVP,NNRTI,5,67,G,0.029681061550129183
51884,NVP,NNRTI,6,178,L,0.027597108844082972
51884,NVP,NNRTI,7,74,L,0.025363265713489076
51884,NVP,NNRTI,8,188,Y,0.023493922434221458
51884,NVP,NNRTI,9,106,V,0.022792456718461154
51884,NVP,NNRTI,10,68,G,0.020317173127423482
258508,NVP,NNRTI,1,142,M,0.9999999522747577
258508,NVP,NNRTI,2,6,K,0.24693792679496251
258508,NVP,NNRTI,3,103,K,0.2460007702733253
258508,NVP,NNRTI,4,74,L,0.16103004394738402
258508,NVP,NNRTI,5,188,Y,0.1559792911051968
258508,NVP,NNRTI,6,106,V,0.1471757630229156
258508,NVP,NNRTI,7,108,V,0.09972761064426336
258508,NVP,NNRTI,8,181,Y,0.09943581753449576
258508,NVP,NNRTI,9,35,I,0.0807175525335002
258508,NVP,NNRTI,10,162,C,0.07331575371283103
259190,NVP,NNRTI,1,103,K,0.8280083654952397
259190,NVP,NNRTI,2,162,A,0.7415339933637602
259190,NVP,NNRTI,3,74,L,0.4883225018774542
259190,NVP,NNRTI,4,188,Y,0.4816798337342919
259190,NVP,NNRTI,5,106,V,0.45709925868661627
259190,NVP,NNRTI,6,83,K,0.3516737764760835
259190,NVP,NNRTI,7,181,Y,0.31989989195825536
259190,NVP,NNRTI,8,35,I,0.30882431886057526
259190,NVP,NNRTI,9,108,V,0.2897244792501935
259190,NVP,NNRTI,10,184,M,0.22141814189544326
259186,NVP,NNRTI,1,103,N,0.9999999523014473
259186,NVP,NNRTI,2,48,T,0.15041615902516717
259186,NVP,NNRTI,3,203,D,0.07106437219149415
259186,NVP,NNRTI,4,106,V,0.04659410391278247
259186,NVP,NNRTI,5,74,L,0.04590091510426943
259186,NVP,NNRTI,6,188,Y,0.0458628022803198
259186,NVP,NNRTI,7,200,I,0.03356219503294224
259186,NVP,NNRTI,8,108,V,0.030765259139522133
259186,NVP,NNRTI,9,181,Y,0.02889118480389817
259186,NVP,NNRTI,10,35,I,0.02416302358265879
235716,NVP,NNRTI,1,103,N,0.9999999522987394
235716,NVP,NNRTI,2,178,M,0.06011826403620123
235716,NVP,NNRTI,3,173,Q,0.05983683362213748
235716,NVP,NNRTI,4,106,V,0.04733482909786041
235716,NVP,NNRTI,5,188,Y,0.04636980287152438
235716,NVP,NNRTI,6,74,L,0.044135412623868615
235716,NVP,NNRTI,7,108,V,0.031272159788915524
235716,NVP,NNRTI,8,181,Y,0.028473045508720124
235716,NVP,NNRTI,9,184,M,0.019254655646401643
235716,NVP,NNRTI,10,109,L,0.013962086929201398
259180,NVP,NNRTI,1,74,I,0.9999999523081433
259180,NVP,NNRTI,2,4,T,0.14109500797724883
259180,NVP,NNRTI,3,181,C,0.11265137860287557
259180,NVP,NNRTI,4,190,A,0.0749031658962635
259180,NVP,NNRTI,5,195,K,0.06086664877195262
259180,NVP,NNRTI,6,118,I,0.03460843593904116
259180,NVP,NNRTI,7,179,F,0.03258609194818046
259180,NVP,NNRTI,8,219,N,0.031123276777566242
259180,NVP,NNRTI,9,6,K,0.025998932692871977
259180,NVP,NNRTI,10,103,K,0.02574639069839657
56595,NVP,NNRTI,1,103,N,0.9999999522970748
56595,NVP,NNRTI,2,102,R,0.6014880730431248
56595,NVP,NNRTI,3,101,P,0.35486048319757457
56595,NVP,NNRTI,4,151,M,0.32205889546909167
56595,NVP,NNRTI,5,90,I,0.22871203455544883
56595,NVP,NNRTI,6,74,L,0.06328039177439025
56595,NVP,NNRTI,7,207,K,0.06011914149146677
56595,NVP,NNRTI,8,188,Y,0.0580975004249914
56595,NVP,NNRTI,9,106,V,0.057944902644535716
56595,NVP,NNRTI,10,67,N,0.05184829644398292
75949,NVP,NNRTI,1,75,T,0.9999999522954429
75949,NVP,NNRTI,2,165,I,0.3212921908379205
75949,NVP,NNRTI,3,162,N,0.1445924439626171
75949,NVP,NNRTI,4,103,K,0.07448001448580327
75949,NVP,NNRTI,5,35,L,0.06344319161779648
75949,NVP,NNRTI,6,74,L,0.06304557271264684
75949,NVP,NNRTI,7,221,Y,0.04793206637524397
75949,NVP,NNRTI,8,188,Y,0.046476107694556984
75949,NVP,NNRTI,9,106,V,0.04422997697769574
75949,NVP,NNRTI,10,108,V,0.03028571031039949
52040,NVP,NNRTI,1,123,G,0.8478163042488787
52040,NVP,NNRTI,2,103,K,0.6760558603767194
52040,NVP,NNRTI,3,138,A,0.6757340903060025
52040,NVP,NNRTI,4,166,R,0.6420096431730828
52040,NVP,NNRTI,5,74,L,0.45464156420076307
52040,NVP,NNRTI,6,188,Y,0.4405340004072733
52040,NVP,NNRTI,7,106,V,0.4239999480397932
52040,NVP,NNRTI,8,200,E,0.40601063462366116
52040,NVP,NNRTI,9,181,Y,0.277777260631724
52040,NVP,NNRTI,10,108,V,0.2746115959705615
257944,NVP,NNRTI,1,101,Q,0.9999999522884395
257944,NVP,NNRTI,2,53,D,0.4502428996879872
257944,NVP,NNRTI,3,46,T,0.3584454815272055
257944,NVP,NNRTI,4,123,S,0.2694900775086749
257944,NVP,NNRTI,5,39,E,0.22527678671455065
257944,NVP,NNRTI,6,135,K,0.18442526555846736
257944,NVP,NNRTI,7,173,A,0.17523815035176504
257944,NVP,NNRTI,8,60,I,0.08802545870716356
257944,NVP,NNRTI,9,103,K,0.07474085272958922
257944,NVP,NNRTI,10,166,R,0.064191907032217
205160,NVP,NNRTI,1,103,N,0.9999999522997146
205160,NVP,NNRTI,2,82,R,0.39016857115871434
205160,NVP,NNRTI,3,181,C,0.37574313379136914
205160,NVP,NNRTI,4,179,F,0.10872612310289746
205160,NVP,NNRTI,5,98,S,0.09632888896436632
205160,NVP,NNRTI,6,207,K,0.06096897723545013
205160,NVP,NNRTI,7,228,R,0.06005315707652054
205160,NVP,NNRTI,8,188,Y,0.05694583452154675
205160,NVP,NNRTI,9,106,V,0.051151363882239176
205160,NVP,NNRTI,10,49,R,0.04866241723757275
205162,NVP,NNRTI,1,98,G,0.8760841207810186
205162,NVP,NNRTI,2,181,C,0.7968196391649243
205162,NVP,NNRTI,3,162,Y,0.448512190895966
205162,NVP,NNRTI,4,210,F,0.2205776364078517
205162,NVP,NNRTI,5,103,K,0.20263061528492726
205162,NVP,NNRTI,6,101,E,0.17356364008935604
205162,NVP,NNRTI,7,188,Y,0.12228102533591653
205162,NVP,NNRTI,8,106,V,0.11779579325726075
205162,NVP,NNRTI,9,74,L,0.11654096253451324
205162,NVP,NNRTI,10,138,K,0.08567707123039006
216602,NVP,NNRTI,1,69,D,0.9999999522361498
216602,NVP,NNRTI,2,35,M,0.5434102445541744
216602,NVP,NNRTI,3,102,Q,0.5066233299780021
216602,NVP,NNRTI,4,103,K,0.45038375666262914
216602,NVP,NNRTI,5,178,L,0.37406734177651685
216602,NVP,NNRTI,6,74,L,0.31662399630793386
216602,NVP,NNRTI,7,188,Y,0.28956923354418834
216602,NVP,NNRTI,8,106,V,0.2843577124718188
216602,NVP,NNRTI,9,108,V,0.18351374571165857
216602,NVP,NNRTI,10,181,Y,0.17541607804196901
259178,NVP,NNRTI,1,103,K,0.9999995944762563
259178,NVP,NNRTI,2,188,Y,0.5427714086002358
259178,NVP,NNRTI,3,74,L,0.5124250774256894
259178,NVP,NNRTI,4,106,V,0.4946003429358975
259178,NVP,NNRTI,5,20,R,0.40366714393497494
259178,NVP,NNRTI,6,181,Y,0.3699655267420572
259178,NVP,NNRTI,7,108,V,0.2992527630652342
259178,NVP,NNRTI,8,184,M,0.26263925910961405
259178,NVP,NNRTI,9,105,S,0.13381039225586788
259178,NVP,NNRTI,10,109,L,0.13373031330328744
51811,NVP,NNRTI,1,142,T,0.9999999522728591
51811,NVP,NNRTI,2,195,L,0.40677533450433534
51811,NVP,NNRTI,3,103,K,0.29004867052605754
51811,NVP,NNRTI,4,138,A,0.28548920444660825
51811,NVP,NNRTI,5,178,M,0.22544037056791882
51811,NVP,NNRTI,6,6,D,0.2160308788811933
51811,NVP,NNRTI,7,188,Y,0.195889191897099
51811,NVP,NNRTI,8,74,L,0.1942384111853649
51811,NVP,NNRTI,9,106,V,0.18137951157027365
51811,NVP,NNRTI,10,202,V,0.13350888413996376
40011,NVP,NNRTI,1,74,V,1.0000000119070453
40011,NVP,NNRTI,2,103,N,0.3785792774461788
40011,NVP,NNRTI,3,100,I,0.07309683705905139
40011,NVP,NNRTI,4,178,L,0.024948649221184727
40011,NVP,NNRTI,5,106,V,0.019157320210726202
40011,NVP,NNRTI,6,188,Y,0.01857500655722783
40011,NVP,NNRTI,7,108,V,0.013041643161571474
40011,NVP,NNRTI,8,181,Y,0.011276748996023756
40011,NVP,NNRTI,9,184,M,0.007896157363340345
40011,NVP,NNRTI,10,109,L,0.005862593628838688
205672,NVP,NNRTI,1,106,M,1.0000000119137422
205672,NVP,NNRTI,2,115,F,0.38047809255459886
205672,NVP,NNRTI,3,103,K,0.01567321893154317
205672,NVP,NNRTI,4,102,Q,0.015440352195371747
205672,NVP,NNRTI,5,169,D,0.014926562232111246
205672,NVP,NNRTI,6,142,V,0.014084779068299066
205672,NVP,NNRTI,7,67,G,0.013527815891846474
205672,NVP,NNRTI,8,178,L,0.010938500312720176
205672,NVP,NNRTI,9,179,D,0.010916486252333499
205672,NVP,NNRTI,10,173,Q,0.0108569177782354
270336,NVP,NNRTI,1,184,I,0.9999999522690272
270336,NVP,NNRTI,2,103,K,0.19603473199899157
270336,NVP,NNRTI,3,101,E,0.17839814132795626
270336,NVP,NNRTI,4,188,Y,0.11244290921991096
270336,NVP,NNRTI,5,74,L,0.10257037517211041
270336,NVP,NNRTI,6,106,V,0.10246609559209588
270336,NVP,NNRTI,7,138,K,0.08411743279292769
270336,NVP,NNRTI,8,108,V,0.0679342460085454
270336,NVP,NNRTI,9,181,Y,0.06621746178023061
270336,NVP,NNRTI,10,109,L,0.029494923221670168
216596,NVP,NNRTI,1,181,C,0.9999999522856728
216596,NVP,NNRTI,2,90,I,0.6195992570310457
216596,NVP,NNRTI,3,162,F,0.3703832823310916
216596,NVP,NNRTI,4,67,G,0.23744562339960984
216596,NVP,NNRTI,5,103,K,0.1975227866014012
216596,NVP,NNRTI,6,70,E,0.17554507469649872
216596,NVP,NNRTI,7,74,L,0.15636821645420435
216596,NVP,NNRTI,8,188,Y,0.14367301074773936
216596,NVP,NNRTI,9,200,E,0.1366095050327491
216596,NVP,NNRTI,10,106,V,0.12126819408937994
259222,NVP,NNRTI,1,188,H,1.0000000119139907
259222,NVP,NNRTI,2,181,C,0.026884248584480755
259222,NVP,NNRTI,3,65,R,0.024165360769431408
259222,NVP,NNRTI,4,11,T,0.021308188523235898
259222,NVP,NNRTI,5,40,K,0.02066919380666617
259222,NVP,NNRTI,6,135,L,0.007340351025466296
259222,NVP,NNRTI,7,103,K,0.006598444818021589
259222,NVP,NNRTI,8,178,M,0.005658811891882193
259222,NVP,NNRTI,9,74,L,0.005061496011075934
259222,NVP,NNRTI,10,106,V,0.004640584383128059
259220,NVP,NNRTI,1,103,K,0.9999995946048506
259220,NVP,NNRTI,2,188,Y,0.5913713438572391
259220,NVP,NNRTI,3,74,L,0.5422908803953178
259220,NVP,NNRTI,4,106,V,0.5236497379052523
259220,NVP,NNRTI,5,83,K,0.45941932738755586
259220,NVP,NNRTI,6,35,I,0.3935605548194384
259220,NVP,NNRTI,7,181,Y,0.3784576132900404
259220,NVP,NNRTI,8,108,V,0.3154655248636834
259220,NVP,NNRTI,9,184,M,0.2748862867865214
259220,NVP,NNRTI,10,196,E,0.19701084367214577
40227,NVP,NNRTI,1,188,L,1.00000001191293
40227,NVP,NNRTI,2,158,S,0.18182988721556803
40227,NVP,NNRTI,3,196,D,0.06106074504518432
40227,NVP,NNRTI,4,169,D,0.019652233193400717
40227,NVP,NNRTI,5,103,K,0.016385273577000127
40227,NVP,NNRTI,6,207,K,0.012737615087172773
40227,NVP,NNRTI,7,106,V,0.011273854040906313
40227,NVP,NNRTI,8,184,V,0.011089809037334936
40227,NVP,NNRTI,9,74,L,0.010603227065838917
40227,NVP,NNRTI,10,181,Y,0.007593581668842419
40586,NVP,NNRTI,1,101,H,0.9999999522759375
40586,NVP,NNRTI,2,190,A,0.6814842738984466
40586,NVP,NNRTI,3,103,K,0.24985065589689864
40586,NVP,NNRTI,4,188,Y,0.18785207789726494
40586,NVP,NNRTI,5,106,V,0.17332160771125116
40586,NVP,NNRTI,6,74,L,0.15876232456185466
40586,NVP,NNRTI,7,184,V,0.13235397001915672
40586,NVP,NNRTI,8,108,V,0.10293437628831326
40586,NVP,NNRTI,9,181,Y,0.10191132857689031
40586,NVP,NNRTI,10,210,W,0.07943659619741666
216598,NVP,NNRTI,1,103,N,0.9999999522998498
216598,NVP,NNRTI,2,138,G,0.3118308014639246
216598,NVP,NNRTI,3,106,V,0.0468137565721871
216598,NVP,NNRTI,4,74,L,0.045502132403390044
216598,NVP,NNRTI,5,188,Y,0.045295924868817714
216598,NVP,NNRTI,6,108,V,0.031553784783083336
216598,NVP,NNRTI,7,181,Y,0.02794643390711428
216598,NVP,NNRTI,8,83,K,0.026984619149531215
216598,NVP,NNRTI,9,35,I,0.025066989198499506
216598,NVP,NNRTI,10,184,M,0.01928316067641063
213422,NVP,NNRTI,1,179,L,0.9999999522780002
213422,NVP,NNRTI,2,169,D,0.22724875928605354
213422,NVP,NNRTI,3,103,K,0.1968149695718997
213422,NVP,NNRTI,4,74,L,0.12303599456329795
213422,NVP,NNRTI,5,188,Y,0.12301940069974204
213422,NVP,NNRTI,6,106,V,0.1189252096394516
213422,NVP,NNRTI,7,202,V,0.09345462599138896
213422,NVP,NNRTI,8,181,Y,0.08482984051267542
213422,NVP,NNRTI,9,108,V,0.08051605094607217
213422,NVP,NNRTI,10,184,M,0.053514940513814016
51986,NVP,NNRTI,1,98,S,0.8799302255985078
51986,NVP,NNRTI,2,103,K,0.7947030781760289
51986,NVP,NNRTI,3,101,E,0.708125382813729
51986,NVP,NNRTI,4,74,L,0.5537705615391325
51986,NVP,NNRTI,5,28,K,0.5095818723017345
51986,NVP,NNRTI,6,188,Y,0.4607179149696764
51986,NVP,NNRTI,7,106,V,0.42706229122540595
51986,NVP,NNRTI,8,184,V,0.3981461958049855
51986,NVP,NNRTI,9,68,G,0.3671144518502309
51986,NVP,NNRTI,10,108,V,0.2876277932757145
216590,NVP,NNRTI,1,103,S,0.9999999523043449
216590,NVP,NNRTI,2,177,G,0.09817043711539979
216590,NVP,NNRTI,3,190,A,0.09302717006994991
216590,NVP,NNRTI,4,118,I,0.04798133156453675
216590,NVP,NNRTI,5,35,L,0.029723737757976425
216590,NVP,NNRTI,6,74,L,0.024660866568669674
216590,NVP,NNRTI,7,106,V,0.024451496289167235
216590,NVP,NNRTI,8,179,I,0.024355635450261738
216590,NVP,NNRTI,9,188,Y,0.024115877103444552
216590,NVP,NNRTI,10,184,V,0.018662069309273423
270334,NVP,NNRTI,1,103,K,0.8775184867761351
270334,NVP,NNRTI,2,101,E,0.8207163651413354
270334,NVP,NNRTI,3,188,Y,0.4478253659634802
270334,NVP,NNRTI,4,74,L,0.43420721140289387
270334,NVP,NNRTI,5,106,V,0.4283282970476603
270334,NVP,NNRTI,6,138,K,0.3954218619928869
270334,NVP,NNRTI,7,181,Y,0.2900007546789456
270334,NVP,NNRTI,8,108,V,0.2828079017991413
270334,NVP,NNRTI,9,184,M,0.19745190652213934
270334,NVP,NNRTI,10,109,L,0.12568933294011175
270335,NVP,NNRTI,1,184,I,0.9999999522805957
270335,NVP,NNRTI,2,103,K,0.16833113184899182
270335,NVP,NNRTI,3,188,Y,0.11041321216564368
270335,NVP,NNRTI,4,74,L,0.10223915965705387
270335,NVP,NNRTI,5,106,V,0.09896764461508409
270335,NVP,NNRTI,6,138,K,0.0825526976677054
270335,NVP,NNRTI,7,181,Y,0.06513215422438054
270335,NVP,NNRTI,8,108,V,0.06426780842427365
270335,NVP,NNRTI,9,109,L,0.028917666847978658
270335,NVP,NNRTI,10,105,S,0.026569636504391203
270337,NVP,NNRTI,1,103,K,0.9999995945310713
270337,NVP,NNRTI,2,138,K,0.6245971598610734
270337,NVP,NNRTI,3,188,Y,0.5375152458810278
270337,NVP,NNRTI,4,74,L,0.5067979727950845
270337,NVP,NNRTI,5,106,V,0.4977675199898687
270337,NVP,NNRTI,6,181,Y,0.37020570993378216
270337,NVP,NNRTI,7,108,V,0.30314566076079724
270337,NVP,NNRTI,8,184,M,0.2663684619014654
270337,NVP,NNRTI,9,109,L,0.13653040046943893
270337,NVP,NNRTI,10,105,S,0.13283763060253093
270338,NVP,NNRTI,1,103,K,0.8782535312759329
270338,NVP,NNRTI,2,101,E,0.819862293144442
270338,NVP,NNRTI,3,188,Y,0.4465854081447761
270338,NVP,NNRTI,4,74,L,0.4326249652815406
270338,NVP,NNRTI,5,106,V,0.4280005500200065
270338,NVP,NNRTI,6,181,Y,0.2903054489662613
270338,NVP,NNRTI,7,108,V,0.28306181508692946
270338,NVP,NNRTI,8,184,M,0.19764540954169962
270338,NVP,NNRTI,9,109,L,0.12563083257747745
270338,NVP,NNRTI,10,105,S,0.11517781443406103
205678,NVP,NNRTI,1,75,T,0.9999999523000512
205678,NVP,NNRTI,2,69,D,0.14999670377900423
205678,NVP,NNRTI,3,118,I,0.11544726252740123
205678,NVP,NNRTI,4,103,K,0.07581805833941567
205678,NVP,NNRTI,5,64,H,0.07546974523310415
205678,NVP,NNRTI,6,74,L,0.0676255113722957
205678,NVP,NNRTI,7,67,N,0.05263573162160229
205678,NVP,NNRTI,8,188,Y,0.049516298281536975
205678,NVP,NNRTI,9,106,V,0.04593544856247878
205678,NVP,NNRTI,10,108,V,0.03238084951676229
259196,NVP,NNRTI,1,101,H,0.9999999522763383
259196,NVP,NNRTI,2,190,A,0.6844976854686864
259196,NVP,NNRTI,3,203,K,0.5694173085735641
259196,NVP,NNRTI,4,43,Q,0.3865528299810464
259196,NVP,NNRTI,5,118,I,0.36888192224791294
259196,NVP,NNRTI,6,122,P,0.2979364929948004
259196,NVP,NNRTI,7,60,I,0.2745656709762231
259196,NVP,NNRTI,8,103,K,0.24879770141150753
259196,NVP,NNRTI,9,44,D,0.22859678309035125
259196,NVP,NNRTI,10,142,V,0.2270567464998027
235722,NVP,NNRTI,1,188,L,1.0000000119123253
235722,NVP,NNRTI,2,181,C,0.07042457663329948
235722,NVP,NNRTI,3,22,R,0.024765329862412474
235722,NVP,NNRTI,4,35,M,0.023351809183482827
235722,NVP,NNRTI,5,103,K,0.01712526225020273
235722,NVP,NNRTI,6,179,I,0.01577815114613407
235722,NVP,NNRTI,7,178,L,0.015433965449186281
235722,NVP,NNRTI,8,106,V,0.012118935975027407
235722,NVP,NNRTI,9,184,V,0.011520417281515217
235722,NVP,NNRTI,10,74,L,0.010412251906050718
259208,NVP,NNRTI,1,103,K,0.8147730349041036
259208,NVP,NNRTI,2,173,Q,0.7695896382340658
259208,NVP,NNRTI,3,178,M,0.7558697158958563
259208,NVP,NNRTI,4,188,Y,0.49044886370661767
259208,NVP,NNRTI,5,74,L,0.46831955997270547
259208,NVP,NNRTI,6,106,V,0.4432845367265543
259208,NVP,NNRTI,7,181,Y,0.32413263406076204
259208,NVP,NNRTI,8,108,V,0.2872648228818723
259208,NVP,NNRTI,9,184,M,0.21739014616140412
259208,NVP,NNRTI,10,109,L,0.13440260351501435
183257,NVP,NNRTI,1,103,N,0.9999999522956436
183257,NVP,NNRTI,2,227,C,0.43724984903430647
183257,NVP,NNRTI,3,181,C,0.3358275228618494
183257,NVP,NNRTI,4,230,L,0.2198696004998609
183257,NVP,NNRTI,5,188,Y,0.05483295599585905
183257,NVP,NNRTI,6,106,V,0.05178711166586508
183257,NVP,NNRTI,7,74,L,0.04520592384940249
183257,NVP,NNRTI,8,108,V,0.03549024842566453
183257,NVP,NNRTI,9,35,I,0.025610264776688603
183257,NVP,NNRTI,10,20,R,0.024021821260462886
235714,NVP,NNRTI,1,224,D,0.999999952296104
235714,NVP,NNRTI,2,103,K,0.0840382604673946
235714,NVP,NNRTI,3,188,Y,0.059813757777369914
235714,NVP,NNRTI,4,74,L,0.05740474530108636
235714,NVP,NNRTI,5,39,A,0.05216033856809652
235714,NVP,NNRTI,6,106,V,0.05021905254686365
235714,NVP,NNRTI,7,184,V,0.04592640346932955
235714,NVP,NNRTI,8,108,V,0.03379535988340261
235714,NVP,NNRTI,9,181,Y,0.03206890778170769
235714,NVP,NNRTI,10,83,K,0.029320446827744227
52593,NVP,NNRTI,1,106,M,1.0000000119128032
52593,NVP,NNRTI,2,177,N,0.060218067448746034
52593,NVP,NNRTI,3,179,E,0.05170853404726069
52593,NVP,NNRTI,4,103,K,0.015261238422525105
52593,NVP,NNRTI,5,178,M,0.010932113319944753
52593,NVP,NNRTI,6,188,Y,0.009779693628229261
52593,NVP,NNRTI,7,74,L,0.009024878774184392
52593,NVP,NNRTI,8,67,N,0.00831341190800242
52593,NVP,NNRTI,9,181,Y,0.007019982583897385
52593,NVP,NNRTI,10,108,V,0.006459780230914985
205680,NVP,NNRTI,1,106,A,1.0000000119132433
205680,NVP,NNRTI,2,74,I,0.31731682528225147
205680,NVP,NNRTI,3,103,S,0.21974375601647728
205680,NVP,NNRTI,4,211,S,0.015440005923387
205680,NVP,NNRTI,5,43,R,0.012735210710218266
205680,NVP,NNRTI,6,64,Y,0.012008375256033748
205680,NVP,NNRTI,7,35,T,0.005793419862740521
205680,NVP,NNRTI,8,188,Y,0.005709477262031094
205680,NVP,NNRTI,9,67,N,0.004952957407361385
205680,NVP,NNRTI,10,184,V,0.004464818838151887
235706,NVP,NNRTI,1,181,C,0.999999952288124
235706,NVP,NNRTI,2,103,K,0.22744804372569663
235706,NVP,NNRTI,3,188,Y,0.17823039801057466
235706,NVP,NNRTI,4,74,L,0.1477252384559873
235706,NVP,NNRTI,5,184,V,0.1443192973895622
235706,NVP,NNRTI,6,106,V,0.13301243913260224
235706,NVP,NNRTI,7,108,V,0.08857449777374445
235706,NVP,NNRTI,8,135,V,0.06457910452804923
235706,NVP,NNRTI,9,109,L,0.040390633519863016
235706,NVP,NNRTI,10,187,L,0.038749189310627236
216638,NVP,NNRTI,1,103,K,0.9999995944617797
216638,NVP,NNRTI,2,188,Y,0.543298683323462
216638,NVP,NNRTI,3,74,L,0.5026409763050553
216638,NVP,NNRTI,4,106,V,0.49637740951394216
216638,NVP,NNRTI,5,181,Y,0.37272652582674454
216638,NVP,NNRTI,6,108,V,0.30022181661929714
216638,NVP,NNRTI,7,184,M,0.2677193367428355
216638,NVP,NNRTI,8,109,L,0.13443734014290676
216638,NVP,NNRTI,9,105,S,0.132745394014471
216638,NVP,NNRTI,10,187,L,0.11319882735670936
216604,NVP,NNRTI,1,103,K,0.999999594512585
216604,NVP,NNRTI,2,188,Y,0.5424818099856953
216604,NVP,NNRTI,3,74,L,0.5058566660446033
216604,NVP,NNRTI,4,106,V,0.49790111075605437
216604,NVP,NNRTI,5,181,Y,0.37469921349205626
216604,NVP,NNRTI,6,108,V,0.3032820157942512
216604,NVP,NNRTI,7,184,M,0.2648340993947309
216604,NVP,NNRTI,8,109,L,0.1361762106711179
216604,NVP,NNRTI,9,105,S,0.13362990996629237
216604,NVP,NNRTI,10,187,L,0.11375315550992976
259250,NVP,NNRTI,1,173,T,0.9999999522332108
259250,NVP,NNRTI,2,60,I,0.5029964067903312
259250,NVP,NNRTI,3,103,K,0.4224158696375689
259250,NVP,NNRTI,4,178,M,0.3340442400593715
259250,NVP,NNRTI,5,35,T,0.3207138235737877
259250,NVP,NNRTI,6,162,A,0.3097250468748445
259250,NVP,NNRTI,7,74,L,0.2857314834463205
259250,NVP,NNRTI,8,188,Y,0.270252587292076
259250,NVP,NNRTI,9,106,V,0.2562002920852358
259250,NVP,NNRTI,10,108,V,0.17353936599563347
268427,NVP,NNRTI,1,103,N,0.9999999522916532
268427,NVP,NNRTI,2,100,I,0.19380035238919066
268427,NVP,NNRTI,3,106,V,0.049155235534168555
268427,NVP,NNRTI,4,188,Y,0.046598585500936
268427,NVP,NNRTI,5,74,L,0.04518997364995943
268427,NVP,NNRTI,6,108,V,0.03288820792619666
268427,NVP,NNRTI,7,181,Y,0.02911475808620686
268427,NVP,NNRTI,8,184,M,0.01941174916608091
268427,NVP,NNRTI,9,109,L,0.014314831187920402
268427,NVP,NNRTI,10,105,S,0.013766767238609114
268426,NVP,NNRTI,1,103,S,1.000000011902492
268426,NVP,NNRTI,2,100,I,0.08549120002969275
268426,NVP,NNRTI,3,106,V,0.0203334629982721
268426,NVP,NNRTI,4,188,Y,0.01987927078759661
268426,NVP,NNRTI,5,74,L,0.01984147080835833
268426,NVP,NNRTI,6,108,V,0.013977812744663278
268426,NVP,NNRTI,7,181,Y,0.0122310011231004
268426,NVP,NNRTI,8,184,M,0.008474210407752649
268426,NVP,NNRTI,9,109,L,0.005972595108090072
268426,NVP,NNRTI,10,105,S,0.005560883340659645
268432,NVP,NNRTI,1,103,R,0.9999999522919544
268432,NVP,NNRTI,2,100,I,0.14990305784815705
268432,NVP,NNRTI,3,179,D,0.04736713058861523
268432,NVP,NNRTI,4,188,Y,0.04081371483902439
268432,NVP,NNRTI,5,106,V,0.03864596912848613
268432,NVP,NNRTI,6,74,L,0.03765940081392118
268432,NVP,NNRTI,7,181,Y,0.029304736731217446
268432,NVP,NNRTI,8,108,V,0.024188850773980232
268432,NVP,NNRTI,9,184,M,0.01645736696183807
268432,NVP,NNRTI,10,109,L,0.010702733486734778
268431,NVP,NNRTI,1,103,R,0.9999999522886288
268431,NVP,NNRTI,2,100,I,0.1556033579129592
268431,NVP,NNRTI,3,74,L,0.0380627171976506
268431,NVP,NNRTI,4,106,V,0.03800049027407477
268431,NVP,NNRTI,5,188,Y,0.03779292795629656
268431,NVP,NNRTI,6,108,V,0.024619691767496985
268431,NVP,NNRTI,7,181,Y,0.023558726863305755
268431,NVP,NNRTI,8,184,M,0.01600123507179959
268431,NVP,NNRTI,9,109,L,0.010778498987532725
268431,NVP,NNRTI,10,105,S,0.010199585494356032
268425,NVP,NNRTI,1,103,R,0.9999999522847138
268425,NVP,NNRTI,2,74,L,0.03986795941252766
268425,NVP,NNRTI,3,188,Y,0.03924557971482387
268425,NVP,NNRTI,4,106,V,0.03844068578038544
268425,NVP,NNRTI,5,108,V,0.024926619873201245
268425,NVP,NNRTI,6,181,Y,0.02402900348052448
268425,NVP,NNRTI,7,184,M,0.01683148560955757
268425,NVP,NNRTI,8,109,L,0.011205978601601434
268425,NVP,NNRTI,9,105,S,0.010956242819810147
268425,NVP,NNRTI,10,187,L,0.008532638898740584
216606,NVP,NNRTI,1,106,I,1.0000000119078887
216606,NVP,NNRTI,2,22,R,0.026171570329047638
216606,NVP,NNRTI,3,103,K,0.01815167548696618
216606,NVP,NNRTI,4,178,L,0.016157808127222534
216606,NVP,NNRTI,5,74,L,0.012332447466590452
216606,NVP,NNRTI,6,188,Y,0.011677792355440187
216606,NVP,NNRTI,7,108,V,0.007978504633028575
216606,NVP,NNRTI,8,181,Y,0.007250684890970411
216606,NVP,NNRTI,9,184,M,0.005188631015880869
216606,NVP,NNRTI,10,109,L,0.0036404079142303173
259202,NVP,NNRTI,1,181,C,0.9999999522756662
259202,NVP,NNRTI,2,135,R,0.32097608451950144
259202,NVP,NNRTI,3,35,L,0.2662227618998088
259202,NVP,NNRTI,4,103,K,0.22917078777447095
259202,NVP,NNRTI,5,179,I,0.19946870059450053
259202,NVP,NNRTI,6,188,Y,0.17574431680936875
259202,NVP,NNRTI,7,39,A,0.17283771902747366
259202,NVP,NNRTI,8,173,E,0.1645628968311756
259202,NVP,NNRTI,9,74,L,0.14264737312712994
259202,NVP,NNRTI,10,184,V,0.14114654413681677
259200,NVP,NNRTI,1,135,R,0.9427292558648546
259200,NVP,NNRTI,2,35,L,0.7865077636395889
259200,NVP,NNRTI,3,103,K,0.7136753915549536
259200,NVP,NNRTI,4,179,I,0.5530481317636873
259200,NVP,NNRTI,5,39,A,0.5000770497883138
259200,NVP,NNRTI,6,173,E,0.480648071820434
259200,NVP,NNRTI,7,74,L,0.4633564734642347
259200,NVP,NNRTI,8,188,Y,0.46058812179099506
259200,NVP,NNRTI,9,106,V,0.4373629348027862
259200,NVP,NNRTI,10,202,V,0.3465989770224679
205673,NVP,NNRTI,1,181,C,0.9999999522823116
205673,NVP,NNRTI,2,90,I,0.616930333121115
205673,NVP,NNRTI,3,162,F,0.3653840841870294
205673,NVP,NNRTI,4,102,Q,0.269588510923752
205673,NVP,NNRTI,5,67,G,0.23860913024707445
205673,NVP,NNRTI,6,103,K,0.21968547951419934
205673,NVP,NNRTI,7,70,E,0.17529656300928745
205673,NVP,NNRTI,8,74,L,0.15540561006774134
205673,NVP,NNRTI,9,188,Y,0.14438749104115856
205673,NVP,NNRTI,10,200,E,0.13631025723004203
69215,NVP,NNRTI,1,181,V,0.9999999523015021
69215,NVP,NNRTI,2,74,V,0.8323862810155636
69215,NVP,NNRTI,3,103,K,0.021023608375506174
69215,NVP,NNRTI,4,188,Y,0.016615242482048022
69215,NVP,NNRTI,5,106,V,0.01317517861611417
69215,NVP,NNRTI,6,108,V,0.00887850793203212
69215,NVP,NNRTI,7,20,R,0.007688412960828149
69215,NVP,NNRTI,8,184,M,0.006727328056492295
69215,NVP,NNRTI,9,109,L,0.004276018952419421
69215,NVP,NNRTI,10,135,T,0.004051582215041831
259204,NVP,NNRTI,1,98,S,0.9278029764536199
259204,NVP,NNRTI,2,103,K,0.7072133539972599
259204,NVP,NNRTI,3,74,L,0.4416696707549451
259204,NVP,NNRTI,4,188,Y,0.43405541572907436
259204,NVP,NNRTI,5,106,V,0.4199574243071998
259204,NVP,NNRTI,6,181,Y,0.2806857987768417
259204,NVP,NNRTI,7,108,V,0.2758583880137865
259204,NVP,NNRTI,8,35,I,0.23797629180500912
259204,NVP,NNRTI,9,184,M,0.18724451830594968
259204,NVP,NNRTI,10,109,L,0.12806566344352957
259206,NVP,NNRTI,1,184,I,0.9999999522815343
259206,NVP,NNRTI,2,181,C,0.7857416836035638
259206,NVP,NNRTI,3,230,L,0.5332819047233932
259206,NVP,NNRTI,4,123,G,0.23116569912366636
259206,NVP,NNRTI,5,98,S,0.22071661321889322
259206,NVP,NNRTI,6,103,K,0.20494296728782535
259206,NVP,NNRTI,7,67,G,0.18971434553543237
259206,NVP,NNRTI,8,101,E,0.18105060008220025
259206,NVP,NNRTI,9,188,Y,0.13174630642273727
259206,NVP,NNRTI,10,74,L,0.12244303877634541
51863,NVP,NNRTI,1,190,A,0.999999952258149
51863,NVP,NNRTI,2,103,K,0.39184514962330985
51863,NVP,NNRTI,3,101,E,0.3355687275891379
51863,NVP,NNRTI,4,188,Y,0.27771873862011776
51863,NVP,NNRTI,5,106,V,0.2589081863604402
51863,NVP,NNRTI,6,74,L,0.22994015677433677
51863,NVP,NNRTI,7,184,V,0.19392091686526258
51863,NVP,NNRTI,8,108,V,0.15277184025851454
51863,NVP,NNRTI,9,181,Y,0.15210568343270586
51863,NVP,NNRTI,10,20,R,0.10758947830179906
205670,NVP,NNRTI,1,106,M,1.000000011914032
205670,NVP,NNRTI,2,174,R,0.027730629034989317
205670,NVP,NNRTI,3,211,Q,0.02077647228196357
205670,NVP,NNRTI,4,103,K,0.01648256696999698
205670,NVP,NNRTI,5,102,Q,0.016129700866886598
205670,NVP,NNRTI,6,179,D,0.011402476641452629
205670,NVP,NNRTI,7,188,Y,0.009804455181862706
205670,NVP,NNRTI,8,74,L,0.008690640826280314
205670,NVP,NNRTI,9,108,V,0.0065557311707139816
205670,NVP,NNRTI,10,181,Y,0.006509567376582874
205667,NVP,NNRTI,1,103,N,0.9999999522973657
205667,NVP,NNRTI,2,178,R,0.4088993174039715
205667,NVP,NNRTI,3,179,F,0.10715950638471967
205667,NVP,NNRTI,4,188,Y,0.05258535067685671
205667,NVP,NNRTI,5,106,V,0.04934010113432091
205667,NVP,NNRTI,6,74,L,0.04687054269291592
205667,NVP,NNRTI,7,181,Y,0.03857547249321558
205667,NVP,NNRTI,8,108,V,0.03269076935905587
205667,NVP,NNRTI,9,83,K,0.02775830540353193
205667,NVP,NNRTI,10,184,M,0.020914265324209792
257966,NVP,NNRTI,1,103,K,0.8461566685244061
257966,NVP,NNRTI,2,35,T,0.7633631710780913
257966,NVP,NNRTI,3,74,L,0.49264242617055265
257966,NVP,NNRTI,4,188,Y,0.4919636740234659
257966,NVP,NNRTI,5,106,V,0.4633221061957745
257966,NVP,NNRTI,6,181,Y,0.32186309093507204
257966,NVP,NNRTI,7,108,V,0.2969366433889592
257966,NVP,NNRTI,8,184,M,0.22745842129946442
257966,NVP,NNRTI,9,109,L,0.1326149014925244
257966,NVP,NNRTI,10,105,S,0.12701623283349084
41809,NVP,NNRTI,1,75,M,0.9999999522985699
41809,NVP,NNRTI,2,181,C,0.40037816273935367
41809,NVP,NNRTI,3,208,Y,0.18863212204732085
41809,NVP,NNRTI,4,43,N,0.18134668678542742
41809,NVP,NNRTI,5,118,I,0.13918910480199007
41809,NVP,NNRTI,6,219,N,0.1199520009145056
41809,NVP,NNRTI,7,103,K,0.10362221169549127
41809,NVP,NNRTI,8,44,D,0.09091777346233093
41809,NVP,NNRTI,9,203,D,0.09085890856717349
41809,NVP,NNRTI,10,101,E,0.09026662576666696
235730,NVP,NNRTI,1,188,L,1.0000000119138444
235730,NVP,NNRTI,2,80,I,0.16063621347702842
235730,NVP,NNRTI,3,198,E,0.09130432854558185
235730,NVP,NNRTI,4,103,K,0.018081685396264903
235730,NVP,NNRTI,5,35,T,0.014357355271211198
235730,NVP,NNRTI,6,106,V,0.012678193212131471
235730,NVP,NNRTI,7,74,L,0.011279680238553542
235730,NVP,NNRTI,8,181,Y,0.008169345700559516
235730,NVP,NNRTI,9,108,V,0.007947148025123182
235730,NVP,NNRTI,10,184,M,0.005526256847458997
51927,NVP,NNRTI,1,195,L,0.9715017373270575
51927,NVP,NNRTI,2,35,M,0.8521680301907679
51927,NVP,NNRTI,3,122,P,0.8448180909270544
51927,NVP,NNRTI,4,103,K,0.7462695359136386
51927,NVP,NNRTI,5,69,N,0.6987967719479855
51927,NVP,NNRTI,6,101,E,0.6605971683407084
51927,NVP,NNRTI,7,28,K,0.492290543579389
51927,NVP,NNRTI,8,188,Y,0.4627795292762845
51927,NVP,NNRTI,9,74,L,0.447091961636023
51927,NVP,NNRTI,10,106,V,0.40388410007887426
39949,NVP,NNRTI,1,190,S,0.9999999523058403
39949,NVP,NNRTI,2,75,M,0.4477231127179426
39949,NVP,NNRTI,3,121,Y,0.17605100420161995
39949,NVP,NNRTI,4,207,A,0.10090864382691328
39949,NVP,NNRTI,5,118,I,0.059470373403209154
39949,NVP,NNRTI,6,60,I,0.05084653648421056
39949,NVP,NNRTI,7,103,K,0.04611500038035081
39949,NVP,NNRTI,8,101,E,0.03901646653212995
39949,NVP,NNRTI,9,74,L,0.03377041482387393
39949,NVP,NNRTI,10,106,V,0.03191545115497686
259176,NVP,NNRTI,1,188,L,1.000000011912751
259176,NVP,NNRTI,2,60,I,0.02131472638705056
259176,NVP,NNRTI,3,103,K,0.016812870724466546
259176,NVP,NNRTI,4,35,T,0.014629778456449569
259176,NVP,NNRTI,5,106,V,0.01143799923652545
259176,NVP,NNRTI,6,74,L,0.011156809603085918
259176,NVP,NNRTI,7,181,Y,0.007967950505674531
259176,NVP,NNRTI,8,108,V,0.007532236382075155
259176,NVP,NNRTI,9,184,M,0.0055139208864941735
259176,NVP,NNRTI,10,215,D,0.004896537100014462
41125,RPV,NNRTI,1,148,V,0.7410153865682121
41125,RPV,NNRTI,2,172,K,0.6583721754589158
41125,RPV,NNRTI,3,64,R,0.6240785118683803
41125,RPV,NNRTI,4,101,P,0.2828961761515062
41125,RPV,NNRTI,5,184,V,0.14157899277841846
41125,RPV,NNRTI,6,145,Q,0.09184703519903156
41125,RPV,NNRTI,7,147,N,0.08428231617135855
41125,RPV,NNRTI,8,60,V,0.07966618540397302
41125,RPV,NNRTI,9,106,V,0.07895896995000513
41125,RPV,NNRTI,10,214,L,0.0721594042862413
268430,RPV,NNRTI,1,148,V,0.7460556745268606
268430,RPV,NNRTI,2,179,D,0.5637196121452661
268430,RPV,NNRTI,3,103,R,0.2785919567242669
268430,RPV,NNRTI,4,145,Q,0.10514057222589883
268430,RPV,NNRTI,5,147,N,0.09519149931363
268430,RPV,NNRTI,6,60,V,0.08280842051463427
268430,RPV,NNRTI,7,106,V,0.08198964502534813
268430,RPV,NNRTI,8,184,M,0.05295373971309361
268430,RPV,NNRTI,9,118,V,0.043527218995018484
268430,RPV,NNRTI,10,157,P,0.035479618438017994
205669,RPV,NNRTI,1,148,V,0.7340832471716927
205669,RPV,NNRTI,2,70,G,0.6469998413801366
205669,RPV,NNRTI,3,60,I,0.6238837697822991
205669,RPV,NNRTI,4,118,I,0.4961519389411354
205669,RPV,NNRTI,5,4,S,0.19025741226604947
205669,RPV,NNRTI,6,162,C,0.16684628428232276
205669,RPV,NNRTI,7,237,E,0.1622993419662516
205669,RPV,NNRTI,8,184,V,0.15821148156581819
205669,RPV,NNRTI,9,138,A,0.13412755649990354
205669,RPV,NNRTI,10,174,K,0.11503669547183348
205685,RPV,NNRTI,1,148,V,0.9999998330939063
205685,RPV,NNRTI,2,103,R,0.35732663845049023
205685,RPV,NNRTI,3,39,A,0.3081569568299112
205685,RPV,NNRTI,4,135,L,0.22357852858869096
205685,RPV,NNRTI,5,214,L,0.19843855133524663
205685,RPV,NNRTI,6,69,N,0.14335247571031765
205685,RPV,NNRTI,7,145,Q,0.13136544947162926
205685,RPV,NNRTI,8,60,V,0.1189613900750123
205685,RPV,NNRTI,9,147,N,0.11007779218058893
205685,RPV,NNRTI,10,219,Q,0.10571288670254662
206442,RPV,NNRTI,1,60,I,0.631785684499747
206442,RPV,NNRTI,2,148,V,0.6208939671278498
206442,RPV,NNRTI,3,184,V,0.15295409238982652
206442,RPV,NNRTI,4,145,Q,0.08463826591095616
206442,RPV,NNRTI,5,214,L,0.0785066779269714
206442,RPV,NNRTI,6,147,N,0.07651039315026234
206442,RPV,NNRTI,7,106,V,0.05073964268481489
206442,RPV,NNRTI,8,219,Q,0.04393439208003632
206442,RPV,NNRTI,9,118,V,0.03796737863469683
206442,RPV,NNRTI,10,157,P,0.03612831238661973
205675,RPV,NNRTI,1,148,V,0.6694958925067971
205675,RPV,NNRTI,2,118,I,0.580788877535661
205675,RPV,NNRTI,3,90,I,0.40666296035690797
205675,RPV,NNRTI,4,135,M,0.4007956746214671
205675,RPV,NNRTI,5,145,Q,0.08770337085567093
205675,RPV,NNRTI,6,147,N,0.08511827742438688
205675,RPV,NNRTI,7,103,N,0.08356728794193202
205675,RPV,NNRTI,8,60,V,0.07449398012389805
205675,RPV,NNRTI,9,106,V,0.06975141979029684
205675,RPV,NNRTI,10,69,N,0.0636310981165807
259174,RPV,NNRTI,1,142,V,0.9999999523021276
259174,RPV,NNRTI,2,148,V,0.35551333825280274
259174,RPV,NNRTI,3,4,S,0.07501437304798729
259174,RPV,NNRTI,4,162,C,0.06610846542252688
259174,RPV,NNRTI,5,123,N,0.053428894514569454
259174,RPV,NNRTI,6,145,Q,0.04654798517356583
259174,RPV,NNRTI,7,147,N,0.0438848905995346
259174,RPV,NNRTI,8,6,D,0.03859480690617953
259174,RPV,NNRTI,9,60,V,0.03341579947132815
259174,RPV,NNRTI,10,106,V,0.0262185705367503
268428,RPV,NNRTI,1,148,V,0.8398202180577243
268428,RPV,NNRTI,2,100,I,0.5429716595436297
268428,RPV,NNRTI,3,60,V,0.12356036163441385
268428,RPV,NNRTI,4,145,Q,0.11430141673608883
268428,RPV,NNRTI,5,106,V,0.10685732808493464
268428,RPV,NNRTI,6,147,N,0.09987425058833743
268428,RPV,NNRTI,7,184,M,0.07695164330619021
268428,RPV,NNRTI,8,118,V,0.06306076460417846
268428,RPV,NNRTI,9,157,P,0.04688232456595716
268428,RPV,NNRTI,10,75,V,0.039827736975572015
268429,RPV,NNRTI,1,148,V,0.8512853503004911
268429,RPV,NNRTI,2,103,S,0.5431943977280154
268429,RPV,NNRTI,3,106,V,0.13570616025318294
268429,RPV,NNRTI,4,60,V,0.11873759426869117
268429,RPV,NNRTI,5,145,Q,0.11694989587078589
268429,RPV,NNRTI,6,147,N,0.10120770529825793
268429,RPV,NNRTI,7,184,M,0.07222517933015887
268429,RPV,NNRTI,8,118,V,0.060911287866825696
268429,RPV,NNRTI,9,157,P,0.044843702682126674
268429,RPV,NNRTI,10,108,V,0.0411432732367622
258504,RPV,NNRTI,1,148,V,0.7364435911059366
258504,RPV,NNRTI,2,60,I,0.6231339240070167
258504,RPV,NNRTI,3,215,V,0.4298880040864218
258504,RPV,NNRTI,4,184,V,0.1543874203518832
258504,RPV,NNRTI,5,228,H,0.15095666489155657
258504,RPV,NNRTI,6,44,D,0.1294128062551313
258504,RPV,NNRTI,7,202,V,0.11455993808584396
258504,RPV,NNRTI,8,145,Q,0.10345930608422635
258504,RPV,NNRTI,9,6,D,0.09279797894032141
258504,RPV,NNRTI,10,147,N,0.09032958133352548
235704,RPV,NNRTI,1,75,M,0.8357258084862534
235704,RPV,NNRTI,2,179,T,0.8221368916245979
235704,RPV,NNRTI,3,181,V,0.6667447436714506
235704,RPV,NNRTI,4,148,V,0.5936218917127232
235704,RPV,NNRTI,5,203,V,0.5021829804326368
235704,RPV,NNRTI,6,60,I,0.31150592906188457
235704,RPV,NNRTI,7,208,Y,0.2803157041784493
235704,RPV,NNRTI,8,44,A,0.24585465281507965
235704,RPV,NNRTI,9,39,K,0.23145095783485964
235704,RPV,NNRTI,10,118,I,0.22594285615153184
77294,RPV,NNRTI,1,101,R,0.8554487748621653
77294,RPV,NNRTI,2,204,N,0.7242245463874353
77294,RPV,NNRTI,3,148,V,0.6422829150991003
77294,RPV,NNRTI,4,190,E,0.3909517082928234
77294,RPV,NNRTI,5,103,R,0.10836759492786398
77294,RPV,NNRTI,6,228,H,0.10758891115167615
77294,RPV,NNRTI,7,145,Q,0.07966961080964283
77294,RPV,NNRTI,8,147,N,0.07850541750363832
77294,RPV,NNRTI,9,215,F,0.07235365475519524
77294,RPV,NNRTI,10,106,V,0.070508489330492
51864,RPV,NNRTI,1,148,V,0.7056965350959669
51864,RPV,NNRTI,2,39,S,0.6096509769866849
51864,RPV,NNRTI,3,35,M,0.17584689207111046
51864,RPV,NNRTI,4,138,A,0.16181073228895637
51864,RPV,NNRTI,5,202,V,0.13201735415938048
51864,RPV,NNRTI,6,145,Q,0.10517074050768231
51864,RPV,NNRTI,7,147,N,0.0862647492010171
51864,RPV,NNRTI,8,60,V,0.07800395866031758
51864,RPV,NNRTI,9,106,V,0.05646161378617127
51864,RPV,NNRTI,10,118,V,0.040110547453575424
235708,RPV,NNRTI,1,148,V,0.6712583720491975
235708,RPV,NNRTI,2,171,Y,0.5962902238801983
235708,RPV,NNRTI,3,202,V,0.1440833302775466
235708,RPV,NNRTI,4,145,Q,0.09213183567317018
235708,RPV,NNRTI,5,147,N,0.08326758769321879
235708,RPV,NNRTI,6,60,V,0.07712999848604417
235708,RPV,NNRTI,7,106,V,0.05684512322260619
235708,RPV,NNRTI,8,35,I,0.05005725564467287
235708,RPV,NNRTI,9,118,V,0.040162156276639105
235708,RPV,NNRTI,10,184,M,0.038476363168705806
27725,RPV,NNRTI,1,74,V,0.8269348579414548
27725,RPV,NNRTI,2,148,V,0.6580888450006472
27725,RPV,NNRTI,3,60,I,0.5268622732420625
27725,RPV,NNRTI,4,190,E,0.42935867567074565
27725,RPV,NNRTI,5,211,A,0.1387958132828042
27725,RPV,NNRTI,6,173,E,0.13467455906666542
27725,RPV,NNRTI,7,138,A,0.10701039166938037
27725,RPV,NNRTI,8,219,N,0.09794566176499878
27725,RPV,NNRTI,9,145,Q,0.08790210033126745
27725,RPV,NNRTI,10,147,N,0.08403432857346634
51819,RPV,NNRTI,1,88,C,0.8991517456873893
51819,RPV,NNRTI,2,148,V,0.5840079307385831
51819,RPV,NNRTI,3,121,H,0.5415283896146346
51819,RPV,NNRTI,4,221,Y,0.10447647097728546
51819,RPV,NNRTI,5,145,Q,0.0819937503290935
51819,RPV,NNRTI,6,147,N,0.07496351044898955
51819,RPV,NNRTI,7,60,V,0.05841241512561167
51819,RPV,NNRTI,8,106,V,0.045670782737042906
51819,RPV,NNRTI,9,181,C,0.043142510574751304
51819,RPV,NNRTI,10,118,V,0.03216123267698057
205660,RPV,NNRTI,1,148,V,0.9999997138772696
205660,RPV,NNRTI,2,214,L,0.2698630470449067
205660,RPV,NNRTI,3,138,K,0.17715663368907256
205660,RPV,NNRTI,4,145,Q,0.14723114115108796
205660,RPV,NNRTI,5,60,V,0.12476858549569009
205660,RPV,NNRTI,6,147,N,0.11879100882143565
205660,RPV,NNRTI,7,106,V,0.09546142658223658
205660,RPV,NNRTI,8,184,M,0.07898065331684978
205660,RPV,NNRTI,9,118,V,0.07449122246145326
205660,RPV,NNRTI,10,157,P,0.05053387560985035
205663,RPV,NNRTI,1,184,I,0.7065503910792377
205663,RPV,NNRTI,2,148,V,0.6138888716410001
205663,RPV,NNRTI,3,145,Q,0.08192014233461212
205663,RPV,NNRTI,4,147,N,0.07558075302119262
205663,RPV,NNRTI,5,214,L,0.07207527639122212
205663,RPV,NNRTI,6,60,V,0.06288691507758148
205663,RPV,NNRTI,7,106,V,0.05120320513617342
205663,RPV,NNRTI,8,118,V,0.03648732378405363
205663,RPV,NNRTI,9,157,P,0.028285037428184112
205663,RPV,NNRTI,10,75,V,0.0252948788054545
205664,RPV,NNRTI,1,148,V,0.9999997138710823
205664,RPV,NNRTI,2,184,V,0.47609643588871053
205664,RPV,NNRTI,3,214,L,0.2782522398301707
205664,RPV,NNRTI,4,145,Q,0.13482189004692877
205664,RPV,NNRTI,5,60,V,0.12524699023818595
205664,RPV,NNRTI,6,147,N,0.11204157221470776
205664,RPV,NNRTI,7,106,V,0.09803865537707197
205664,RPV,NNRTI,8,157,P,0.08744990323284631
205664,RPV,NNRTI,9,118,V,0.07655802822804218
205664,RPV,NNRTI,10,75,V,0.04133947918744796
205665,RPV,NNRTI,1,148,V,0.9999996542657962
205665,RPV,NNRTI,2,214,L,0.3056135559608703
205665,RPV,NNRTI,3,60,V,0.13515516154706042
205665,RPV,NNRTI,4,145,Q,0.13010151312588772
205665,RPV,NNRTI,5,147,N,0.11065894518212134
205665,RPV,NNRTI,6,106,V,0.10216927288568825
205665,RPV,NNRTI,7,184,M,0.0870821587010398
205665,RPV,NNRTI,8,118,V,0.0810773991263663
205665,RPV,NNRTI,9,157,P,0.054222555269408404
205665,RPV,NNRTI,10,75,V,0.04199998344501787
259230,RPV,NNRTI,1,181,I,0.8478970852281826
259230,RPV,NNRTI,2,148,V,0.6081958830229646
259230,RPV,NNRTI,3,90,I,0.21748436614182381
259230,RPV,NNRTI,4,179,I,0.16201422449207914
259230,RPV,NNRTI,5,184,V,0.11739437462187971
259230,RPV,NNRTI,6,162,C,0.10905611073556301
259230,RPV,NNRTI,7,123,N,0.08847005403862278
259230,RPV,NNRTI,8,145,Q,0.07680085992733052
259230,RPV,NNRTI,9,174,K,0.07372949114127397
259230,RPV,NNRTI,10,147,N,0.07225174110020541
235690,RPV,NNRTI,1,148,V,0.7468609332850209
235690,RPV,NNRTI,2,210,F,0.5811702164312613
235690,RPV,NNRTI,3,123,N,0.3155237765627239
235690,RPV,NNRTI,4,145,Q,0.10263652150127721
235690,RPV,NNRTI,5,60,V,0.09411210865123767
235690,RPV,NNRTI,6,147,N,0.08777085117598528
235690,RPV,NNRTI,7,106,V,0.07074486280904799
235690,RPV,NNRTI,8,184,M,0.053621651994398285
235690,RPV,NNRTI,9,118,V,0.052146190482816705
235690,RPV,NNRTI,10,157,P,0.03845282454442859
40792,RPV,NNRTI,1,31,V,0.9517776886510156
40792,RPV,NNRTI,2,148,V,0.5844866454462921
40792,RPV,NNRTI,3,184,V,0.11248927858402256
40792,RPV,NNRTI,4,237,E,0.10660568006446457
40792,RPV,NNRTI,5,145,Q,0.0812414639705647
40792,RPV,NNRTI,6,147,N,0.07446392079872022
40792,RPV,NNRTI,7,60,V,0.05958019290030277
40792,RPV,NNRTI,8,106,V,0.045276917662546996
40792,RPV,NNRTI,9,69,N,0.03580183579300776
40792,RPV,NNRTI,10,138,K,0.03508904207936168
205159,RPV,NNRTI,1,106,I,0.9999999522987935
205159,RPV,NNRTI,2,148,V,0.4087767492437403
205159,RPV,NNRTI,3,121,E,0.23052836411611208
205159,RPV,NNRTI,4,190,A,0.0636362470191961
205159,RPV,NNRTI,5,145,Q,0.05371573363698563
205159,RPV,NNRTI,6,147,N,0.053310061789414775
205159,RPV,NNRTI,7,221,Y,0.05328556378140149
205159,RPV,NNRTI,8,60,V,0.04348883963903788
205159,RPV,NNRTI,9,98,S,0.04180704358650831
205159,RPV,NNRTI,10,181,C,0.023842792958196878
41121,RPV,NNRTI,1,162,N,0.8673964929560722
41121,RPV,NNRTI,2,148,V,0.6095415472832055
41121,RPV,NNRTI,3,90,I,0.25157330721187027
41121,RPV,NNRTI,4,219,H,0.2124030681230966
41121,RPV,NNRTI,5,190,A,0.1462517563419847
41121,RPV,NNRTI,6,203,D,0.13323205571784844
41121,RPV,NNRTI,7,184,V,0.11595181822720992
41121,RPV,NNRTI,8,145,Q,0.07828315157816171
41121,RPV,NNRTI,9,147,N,0.07515658727398299
41121,RPV,NNRTI,10,60,V,0.0584684723167177
235702,RPV,NNRTI,1,207,N,0.7185033829054495
235702,RPV,NNRTI,2,148,V,0.7003870725522567
235702,RPV,NNRTI,3,118,I,0.4408725296608795
235702,RPV,NNRTI,4,179,I,0.24631320106401672
235702,RPV,NNRTI,5,188,L,0.24106563701692946
235702,RPV,NNRTI,6,221,Y,0.14355405654152076
235702,RPV,NNRTI,7,6,K,0.09406188264794403
235702,RPV,NNRTI,8,69,D,0.09101372569811149
235702,RPV,NNRTI,9,145,Q,0.08815472207887069
235702,RPV,NNRTI,10,147,N,0.08272362004950534
205156,RPV,NNRTI,1,192,N,0.7149725318787882
205156,RPV,NNRTI,2,148,V,0.6625251889102247
205156,RPV,NNRTI,3,101,P,0.27642979658559896
205156,RPV,NNRTI,4,166,R,0.2199961817746724
205156,RPV,NNRTI,5,98,S,0.14102174163816272
205156,RPV,NNRTI,6,145,Q,0.08678105660023486
205156,RPV,NNRTI,7,147,N,0.08615543280953138
205156,RPV,NNRTI,8,102,Q,0.08156321475894684
205156,RPV,NNRTI,9,106,V,0.07502983656237641
205156,RPV,NNRTI,10,103,N,0.07153232901916438
216608,RPV,NNRTI,1,148,V,0.9999997138826777
216608,RPV,NNRTI,2,39,A,0.38360326336701
216608,RPV,NNRTI,3,35,L,0.34763241745949286
216608,RPV,NNRTI,4,200,I,0.20578378497531707
216608,RPV,NNRTI,5,60,V,0.1354078103012167
216608,RPV,NNRTI,6,145,Q,0.13270127712578564
216608,RPV,NNRTI,7,147,N,0.12083645017583966
216608,RPV,NNRTI,8,106,V,0.0937686010480116
216608,RPV,NNRTI,9,83,K,0.09204793301205176
216608,RPV,NNRTI,10,184,M,0.0780024828958566
205155,RPV,NNRTI,1,148,V,0.7439996719205533
205155,RPV,NNRTI,2,74,I,0.6296833923579955
205155,RPV,NNRTI,3,230,L,0.6100375465291841
205155,RPV,NNRTI,4,240,K,0.5333723876036136
205155,RPV,NNRTI,5,179,D,0.3505438909494083
205155,RPV,NNRTI,6,100,I,0.18749961077930455
205155,RPV,NNRTI,7,184,V,0.1786951609050975
205155,RPV,NNRTI,8,103,R,0.16829808340958152
205155,RPV,NNRTI,9,202,V,0.12588794809318782
205155,RPV,NNRTI,10,145,Q,0.10580444001180317
51860,RPV,NNRTI,1,204,Q,0.7401564048739253
51860,RPV,NNRTI,2,148,V,0.6591285586193515
51860,RPV,NNRTI,3,230,L,0.4130953634176174
51860,RPV,NNRTI,4,162,A,0.3579516363547246
51860,RPV,NNRTI,5,145,Q,0.09136999551280234
51860,RPV,NNRTI,6,147,N,0.08224238812872404
51860,RPV,NNRTI,7,6,D,0.07377415130086559
51860,RPV,NNRTI,8,60,V,0.05999040427955562
51860,RPV,NNRTI,9,214,L,0.05901858435352967
51860,RPV,NNRTI,10,103,N,0.057969160480087156
87123,RPV,NNRTI,1,148,V,0.7969080328757306
87123,RPV,NNRTI,2,101,H,0.5921373146589216
87123,RPV,NNRTI,3,190,A,0.35955242034373175
87123,RPV,NNRTI,4,162,C,0.2757845907561982
87123,RPV,NNRTI,5,200,E,0.1656659380241152
87123,RPV,NNRTI,6,106,V,0.10325393085422058
87123,RPV,NNRTI,7,145,Q,0.09869712031736055
87123,RPV,NNRTI,8,147,N,0.09460606486025962
87123,RPV,NNRTI,9,135,V,0.09284067231035091
87123,RPV,NNRTI,10,60,V,0.08588596773373383
205676,RPV,NNRTI,1,108,I,0.8695207417167297
205676,RPV,NNRTI,2,148,V,0.6184447526820036
205676,RPV,NNRTI,3,162,D,0.5191861258026319
205676,RPV,NNRTI,4,60,I,0.29140329218221495
205676,RPV,NNRTI,5,189,I,0.2325677175664233
205676,RPV,NNRTI,6,35,R,0.1972898698340563
205676,RPV,NNRTI,7,64,H,0.1582133290987439
205676,RPV,NNRTI,8,228,R,0.10725000660613214
205676,RPV,NNRTI,9,184,V,0.09742392764496381
205676,RPV,NNRTI,10,145,Q,0.08171271778125828
205662,RPV,NNRTI,1,148,V,0.9999997138771151
205662,RPV,NNRTI,2,184,V,0.45514863144184564
205662,RPV,NNRTI,3,214,L,0.2646578659300073
205662,RPV,NNRTI,4,138,K,0.17367364504980626
205662,RPV,NNRTI,5,145,Q,0.15295577347834682
205662,RPV,NNRTI,6,60,V,0.12191666501305601
205662,RPV,NNRTI,7,147,N,0.12003820699723294
205662,RPV,NNRTI,8,106,V,0.09579857834433536
205662,RPV,NNRTI,9,157,P,0.08495024286080707
205662,RPV,NNRTI,10,118,V,0.07391372852867878
205677,RPV,NNRTI,1,108,I,0.8678645460923727
205677,RPV,NNRTI,2,148,V,0.6164281487352484
205677,RPV,NNRTI,3,162,D,0.5227948863074918
205677,RPV,NNRTI,4,60,I,0.3106042460801928
205677,RPV,NNRTI,5,189,I,0.2337541423362242
205677,RPV,NNRTI,6,35,R,0.19878679940300786
205677,RPV,NNRTI,7,228,R,0.10833819208233508
205677,RPV,NNRTI,8,184,V,0.09815906690402773
205677,RPV,NNRTI,9,145,Q,0.08192718314007118
205677,RPV,NNRTI,10,147,N,0.07618228558430937
257964,RPV,NNRTI,1,148,V,0.6838950037807756
257964,RPV,NNRTI,2,174,G,0.6368886636312119
257964,RPV,NNRTI,3,162,A,0.509289217238466
257964,RPV,NNRTI,4,145,Q,0.08992034093516361
257964,RPV,NNRTI,5,147,N,0.08373422561905057
257964,RPV,NNRTI,6,60,V,0.07194685636898605
257964,RPV,NNRTI,7,106,V,0.055768032843128534
257964,RPV,NNRTI,8,207,E,0.03919036840362562
257964,RPV,NNRTI,9,118,V,0.037280713749384305
257964,RPV,NNRTI,10,184,M,0.035729908401657656
259246,RPV,NNRTI,1,162,H,0.9768074198918605
259246,RPV,NNRTI,2,148,V,0.5234530091124505
259246,RPV,NNRTI,3,60,I,0.30105599712425574
259246,RPV,NNRTI,4,35,M,0.0746481850562926
259246,RPV,NNRTI,5,145,Q,0.06743396161414504
259246,RPV,NNRTI,6,147,N,0.0673708678644157
259246,RPV,NNRTI,7,106,V,0.03892241709649302
259246,RPV,NNRTI,8,118,V,0.025644070769859216
259246,RPV,NNRTI,9,75,V,0.02207203168045354
259246,RPV,NNRTI,10,157,P,0.02198364501875779
51884,RPV,NNRTI,1,148,V,0.8954882144825896
51884,RPV,NNRTI,2,215,V,0.6523544800427941
51884,RPV,NNRTI,3,101,P,0.47650367494461365
51884,RPV,NNRTI,4,103,S,0.28184402586353063
51884,RPV,NNRTI,5,184,V,0.22074491526243997
51884,RPV,NNRTI,6,102,Q,0.15474326146526984
51884,RPV,NNRTI,7,69,N,0.11597318100061299
51884,RPV,NNRTI,8,145,Q,0.11387004253782615
51884,RPV,NNRTI,9,68,G,0.10686231059650732
51884,RPV,NNRTI,10,106,V,0.10540104068601625
258508,RPV,NNRTI,1,142,M,0.9999999523049709
258508,RPV,NNRTI,2,148,V,0.25710029110151217
258508,RPV,NNRTI,3,162,C,0.03917111377849569
258508,RPV,NNRTI,4,145,Q,0.03402428322317449
258508,RPV,NNRTI,5,147,N,0.03260205540562675
258508,RPV,NNRTI,6,6,K,0.024134074088055096
258508,RPV,NNRTI,7,60,V,0.023276770082996973
258508,RPV,NNRTI,8,106,V,0.01829677041603946
258508,RPV,NNRTI,9,118,V,0.012567283120625038
258508,RPV,NNRTI,10,143,R,0.011295779176661254
259190,RPV,NNRTI,1,148,V,0.6826755523481657
259190,RPV,NNRTI,2,162,A,0.627709770543876
259190,RPV,NNRTI,3,145,Q,0.08883271822212374
259190,RPV,NNRTI,4,147,N,0.08368941242053414
259190,RPV,NNRTI,5,60,V,0.0765655264593035
259190,RPV,NNRTI,6,106,V,0.058031075171552954
259190,RPV,NNRTI,7,35,I,0.052040158310216175
259190,RPV,NNRTI,8,207,E,0.04908679402469468
259190,RPV,NNRTI,9,83,K,0.04173357884375879
259190,RPV,NNRTI,10,118,V,0.03930218448308036
259186,RPV,NNRTI,1,48,T,0.8489830723345482
259186,RPV,NNRTI,2,148,V,0.5985070586059648
259186,RPV,NNRTI,3,203,D,0.14453526405674852
259186,RPV,NNRTI,4,147,N,0.10490991383909629
259186,RPV,NNRTI,5,145,Q,0.1000598330297975
259186,RPV,NNRTI,6,60,V,0.06130872986697161
259186,RPV,NNRTI,7,106,V,0.054886983827563685
259186,RPV,NNRTI,8,103,N,0.054335794112632195
259186,RPV,NNRTI,9,200,I,0.042509497216646486
259186,RPV,NNRTI,10,118,V,0.03117813343584005
235716,RPV,NNRTI,1,148,V,0.9999997734866517
235716,RPV,NNRTI,2,173,Q,0.5044001810868403
235716,RPV,NNRTI,3,103,N,0.20666946430945132
235716,RPV,NNRTI,4,178,M,0.1352331294842678
235716,RPV,NNRTI,5,106,V,0.12918350413492632
235716,RPV,NNRTI,6,145,Q,0.12380701221444679
235716,RPV,NNRTI,7,147,N,0.11473703261867899
235716,RPV,NNRTI,8,60,V,0.11335163050894934
235716,RPV,NNRTI,9,184,M,0.06684190157398233
235716,RPV,NNRTI,10,118,V,0.05853558021231217
259180,RPV,NNRTI,1,148,V,0.7767138004163063
259180,RPV,NNRTI,2,179,F,0.5948856154961019
259180,RPV,NNRTI,3,74,I,0.5807201282057806
259180,RPV,NNRTI,4,118,I,0.5362727388423216
259180,RPV,NNRTI,5,162,A,0.4647256829806743
259180,RPV,NNRTI,6,4,T,0.44400900478555616
259180,RPV,NNRTI,7,195,K,0.24864684093743952
259180,RPV,NNRTI,8,190,A,0.2243064381003272
259180,RPV,NNRTI,9,43,E,0.1885965494343512
259180,RPV,NNRTI,10,184,V,0.1743095562062838
56595,RPV,NNRTI,1,151,M,0.9999999523073386
56595,RPV,NNRTI,2,148,V,0.4051571771882664
56595,RPV,NNRTI,3,102,R,0.2104589713447117
56595,RPV,NNRTI,4,90,I,0.09981547892378644
56595,RPV,NNRTI,5,101,P,0.08749377534605648
56595,RPV,NNRTI,6,147,N,0.047283567913383506
56595,RPV,NNRTI,7,211,A,0.047275363163354595
56595,RPV,NNRTI,8,207,K,0.04672633727253904
56595,RPV,NNRTI,9,145,Q,0.04426219905839842
56595,RPV,NNRTI,10,106,V,0.03125941242875042
75949,RPV,NNRTI,1,75,T,0.8903703187737045
75949,RPV,NNRTI,2,148,V,0.548770081973152
75949,RPV,NNRTI,3,162,N,0.5437422405642982
75949,RPV,NNRTI,4,165,I,0.2866741764701242
75949,RPV,NNRTI,5,221,Y,0.07155552020850293
75949,RPV,NNRTI,6,147,N,0.0697001657942566
75949,RPV,NNRTI,7,145,Q,0.06860720404977706
75949,RPV,NNRTI,8,60,V,0.05693506558337673
75949,RPV,NNRTI,9,106,V,0.038375066549111284
75949,RPV,NNRTI,10,35,L,0.03697324532177889
52040,RPV,NNRTI,1,148,V,0.9999998330884879
52040,RPV,NNRTI,2,166,R,0.5539438775743168
52040,RPV,NNRTI,3,123,G,0.48184044571772366
52040,RPV,NNRTI,4,138,A,0.2899156392622418
52040,RPV,NNRTI,5,200,E,0.22089959190253097
52040,RPV,NNRTI,6,145,Q,0.15016246813211737
52040,RPV,NNRTI,7,147,N,0.11096089505757002
52040,RPV,NNRTI,8,60,V,0.1025638073705127
52040,RPV,NNRTI,9,106,V,0.07646255559169157
52040,RPV,NNRTI,10,118,V,0.06814302352859504
257944,RPV,NNRTI,1,46,T,0.8635176098749775
257944,RPV,NNRTI,2,101,Q,0.8374126491624216
257944,RPV,NNRTI,3,148,V,0.8330339908378879
257944,RPV,NNRTI,4,60,I,0.46213513637844317
257944,RPV,NNRTI,5,173,A,0.4329827950978424
257944,RPV,NNRTI,6,39,E,0.3593731288869498
257944,RPV,NNRTI,7,123,S,0.2248397336306659
257944,RPV,NNRTI,8,135,K,0.20833097872550063
257944,RPV,NNRTI,9,53,D,0.19980264534351846
257944,RPV,NNRTI,10,166,R,0.18023231230553965
205160,RPV,NNRTI,1,148,V,0.7445383787022231
205160,RPV,NNRTI,2,179,F,0.5966894791108092
205160,RPV,NNRTI,3,82,R,0.5307281099751022
205160,RPV,NNRTI,4,228,R,0.22930030614859875
205160,RPV,NNRTI,5,207,K,0.1869273391085251
205160,RPV,NNRTI,6,211,A,0.18197761775713367
205160,RPV,NNRTI,7,98,S,0.16344769368025341
205160,RPV,NNRTI,8,215,F,0.10565792659321299
205160,RPV,NNRTI,9,145,Q,0.10221455079980292
205160,RPV,NNRTI,10,147,N,0.09246548448837337
205162,RPV,NNRTI,1,162,Y,0.9523460965662373
205162,RPV,NNRTI,2,148,V,0.601750326136257
205162,RPV,NNRTI,3,98,G,0.5759869307593277
205162,RPV,NNRTI,4,210,F,0.16166003747049013
205162,RPV,NNRTI,5,215,D,0.10072015956128426
205162,RPV,NNRTI,6,145,Q,0.07588471268478326
205162,RPV,NNRTI,7,147,N,0.07317577264975633
205162,RPV,NNRTI,8,60,V,0.053362623587909885
205162,RPV,NNRTI,9,106,V,0.04567629486061074
205162,RPV,NNRTI,10,101,E,0.03859122079702063
216602,RPV,NNRTI,1,148,V,0.9999997138814302
216602,RPV,NNRTI,2,162,C,0.4291402728359621
216602,RPV,NNRTI,3,35,M,0.4014760826449589
216602,RPV,NNRTI,4,69,D,0.3126601354814987
216602,RPV,NNRTI,5,102,Q,0.209530356974657
216602,RPV,NNRTI,6,20,R,0.17637587883737432
216602,RPV,NNRTI,7,178,L,0.14395844472994163
216602,RPV,NNRTI,8,60,V,0.13503018229700087
216602,RPV,NNRTI,9,145,Q,0.1299027216748104
216602,RPV,NNRTI,10,147,N,0.1152137500107642
259178,RPV,NNRTI,1,148,V,0.9999994754463687
259178,RPV,NNRTI,2,20,R,0.3390026957799556
259178,RPV,NNRTI,3,60,V,0.1666747068699764
259178,RPV,NNRTI,4,145,Q,0.14980442982503708
259178,RPV,NNRTI,5,106,V,0.121401806162835
259178,RPV,NNRTI,6,147,N,0.1167203172386427
259178,RPV,NNRTI,7,184,M,0.1140324321226812
259178,RPV,NNRTI,8,118,V,0.0876249311320473
259178,RPV,NNRTI,9,157,P,0.06444606193152223
259178,RPV,NNRTI,10,75,V,0.04881812075918442
51811,RPV,NNRTI,1,142,T,0.9999999523063574
51811,RPV,NNRTI,2,148,V,0.2831421874766325
51811,RPV,NNRTI,3,145,Q,0.041259487067627706
51811,RPV,NNRTI,4,147,N,0.03615427148900716
51811,RPV,NNRTI,5,138,A,0.033019420475574796
51811,RPV,NNRTI,6,202,V,0.029778730934954537
51811,RPV,NNRTI,7,60,V,0.025760364376732858
51811,RPV,NNRTI,8,195,L,0.024890011810945623
51811,RPV,NNRTI,9,6,D,0.02243315641912897
51811,RPV,NNRTI,10,106,V,0.02069136714707746
40011,RPV,NNRTI,1,74,V,0.838934570823453
40011,RPV,NNRTI,2,148,V,0.6449137747092438
40011,RPV,NNRTI,3,100,I,0.1493265673181161
40011,RPV,NNRTI,4,145,Q,0.08686402757297357
40011,RPV,NNRTI,5,147,N,0.07981557363261893
40011,RPV,NNRTI,6,60,V,0.077851009748795
40011,RPV,NNRTI,7,103,N,0.06413540456170878
40011,RPV,NNRTI,8,106,V,0.06321273181523372
40011,RPV,NNRTI,9,178,L,0.04481984838606687
40011,RPV,NNRTI,10,75,V,0.03900710937414809
205672,RPV,NNRTI,1,106,M,0.9606631517277254
205672,RPV,NNRTI,2,142,V,0.7145341337412249
205672,RPV,NNRTI,3,148,V,0.3297435488133573
205672,RPV,NNRTI,4,115,F,0.16735601523408772
205672,RPV,NNRTI,5,179,D,0.07024682623162352
205672,RPV,NNRTI,6,173,Q,0.050604187621861856
205672,RPV,NNRTI,7,162,C,0.04818937758194204
205672,RPV,NNRTI,8,70,E,0.044460298219558526
205672,RPV,NNRTI,9,147,N,0.0443544408200008
205672,RPV,NNRTI,10,184,V,0.04363342998492764
270336,RPV,NNRTI,1,184,I,0.7113723192078844
270336,RPV,NNRTI,2,148,V,0.6042525887210985
270336,RPV,NNRTI,3,145,Q,0.08585607587269681
270336,RPV,NNRTI,4,147,N,0.07818565636931735
270336,RPV,NNRTI,5,101,E,0.06967157405024849
270336,RPV,NNRTI,6,60,V,0.06304909849827132
270336,RPV,NNRTI,7,106,V,0.05379197259621499
270336,RPV,NNRTI,8,138,K,0.049045816832165676
270336,RPV,NNRTI,9,118,V,0.033704571302769756
270336,RPV,NNRTI,10,157,P,0.027806465777119524
216596,RPV,NNRTI,1,162,F,0.7683722715367219
216596,RPV,NNRTI,2,148,V,0.6979784488545284
216596,RPV,NNRTI,3,90,I,0.24807855753107583
216596,RPV,NNRTI,4,70,E,0.12621870236169158
216596,RPV,NNRTI,5,145,Q,0.08236855265760851
216596,RPV,NNRTI,6,147,N,0.08022435731086171
216596,RPV,NNRTI,7,60,V,0.06836190532035344
216596,RPV,NNRTI,8,200,E,0.0666210590006833
216596,RPV,NNRTI,9,181,C,0.0489529343539516
216596,RPV,NNRTI,10,106,V,0.04685008990832425
259222,RPV,NNRTI,1,188,H,0.7739507767734103
259222,RPV,NNRTI,2,148,V,0.639779341202539
259222,RPV,NNRTI,3,11,T,0.5321988611788264
259222,RPV,NNRTI,4,65,R,0.48285478468095483
259222,RPV,NNRTI,5,40,K,0.32195687732248096
259222,RPV,NNRTI,6,145,Q,0.08699793817906223
259222,RPV,NNRTI,7,147,N,0.07919919278753634
259222,RPV,NNRTI,8,60,V,0.06532799280056775
259222,RPV,NNRTI,9,135,L,0.058697887354602976
259222,RPV,NNRTI,10,106,V,0.050738023457769205
259220,RPV,NNRTI,1,148,V,0.9999997138860468
259220,RPV,NNRTI,2,145,Q,0.12720776709987847
259220,RPV,NNRTI,3,60,V,0.11980433134940077
259220,RPV,NNRTI,4,147,N,0.11356988149206573
259220,RPV,NNRTI,5,35,I,0.10574539551221888
259220,RPV,NNRTI,6,106,V,0.0932567562502854
259220,RPV,NNRTI,7,83,K,0.08574178314612463
259220,RPV,NNRTI,8,184,M,0.07166579552158929
259220,RPV,NNRTI,9,196,E,0.06466952273828397
259220,RPV,NNRTI,10,118,V,0.05925146075898091
40227,RPV,NNRTI,1,158,S,0.9999999523055696
40227,RPV,NNRTI,2,148,V,0.2962911930154717
40227,RPV,NNRTI,3,196,D,0.09800193545153149
40227,RPV,NNRTI,4,188,L,0.05777641333140931
40227,RPV,NNRTI,5,184,V,0.04169935678569473
40227,RPV,NNRTI,6,145,Q,0.03890576809152933
40227,RPV,NNRTI,7,147,N,0.03684575429514687
40227,RPV,NNRTI,8,207,K,0.03453896616744759
40227,RPV,NNRTI,9,60,V,0.026512733748965102
40227,RPV,NNRTI,10,169,D,0.02613936149975224
40586,RPV,NNRTI,1,148,V,0.9161657810079684
40586,RPV,NNRTI,2,101,H,0.5937109766256312
40586,RPV,NNRTI,3,190,A,0.3447139787245591
40586,RPV,NNRTI,4,184,V,0.25454561979513807
40586,RPV,NNRTI,5,145,Q,0.12485322262166082
40586,RPV,NNRTI,6,210,W,0.11422344971303304
40586,RPV,NNRTI,7,147,N,0.10602525900771734
40586,RPV,NNRTI,8,106,V,0.09681903312569473
40586,RPV,NNRTI,9,60,V,0.0860355311801621
40586,RPV,NNRTI,10,215,Y,0.0643007302358847
216598,RPV,NNRTI,1,148,V,0.715551209435935
216598,RPV,NNRTI,2,138,G,0.6603090078361866
216598,RPV,NNRTI,3,145,Q,0.10544001508038715
216598,RPV,NNRTI,4,147,N,0.0911710776711064
216598,RPV,NNRTI,5,103,N,0.07170882356943373
216598,RPV,NNRTI,6,60,V,0.06630323019922393
216598,RPV,NNRTI,7,106,V,0.06327715774242784
216598,RPV,NNRTI,8,35,I,0.03554326484819663
216598,RPV,NNRTI,9,118,V,0.035058464160563976
216598,RPV,NNRTI,10,143,R,0.0322364700131071
213422,RPV,NNRTI,1,179,L,0.7248058690699329
213422,RPV,NNRTI,2,148,V,0.5622116446332027
213422,RPV,NNRTI,3,145,Q,0.07674165975981923
213422,RPV,NNRTI,4,147,N,0.07261827027443224
213422,RPV,NNRTI,5,202,V,0.07187443233087078
213422,RPV,NNRTI,6,169,D,0.06604066142894886
213422,RPV,NNRTI,7,60,V,0.05534891896903503
213422,RPV,NNRTI,8,106,V,0.04334168018271342
213422,RPV,NNRTI,9,118,V,0.028887678153018632
213422,RPV,NNRTI,10,75,V,0.02349577159445205
51986,RPV,NNRTI,1,148,V,0.9999997138841051
51986,RPV,NNRTI,2,98,S,0.4223854552363619
51986,RPV,NNRTI,3,184,V,0.38390392819148333
51986,RPV,NNRTI,4,28,K,0.25978179571549304
51986,RPV,NNRTI,5,101,E,0.2005448508876741
51986,RPV,NNRTI,6,68,G,0.167310614133378
51986,RPV,NNRTI,7,60,V,0.15618147187816292
51986,RPV,NNRTI,8,135,V,0.14184309365484815
51986,RPV,NNRTI,9,145,Q,0.1347477254540416
51986,RPV,NNRTI,10,147,N,0.12050553731431053
216590,RPV,NNRTI,1,148,V,0.707044196113937
216590,RPV,NNRTI,2,118,I,0.5823681332766567
216590,RPV,NNRTI,3,179,I,0.29831388941833203
216590,RPV,NNRTI,4,177,G,0.2896645062408261
216590,RPV,NNRTI,5,190,A,0.24891919672716997
216590,RPV,NNRTI,6,103,S,0.19564120752779346
216590,RPV,NNRTI,7,184,V,0.18009265094168542
216590,RPV,NNRTI,8,35,L,0.10765454520005731
216590,RPV,NNRTI,9,145,Q,0.09802925357970703
216590,RPV,NNRTI,10,147,N,0.09407273420419782
270334,RPV,NNRTI,1,148,V,0.9999995946598829
270334,RPV,NNRTI,2,101,E,0.28468037047799744
270334,RPV,NNRTI,3,138,K,0.20436342304426713
270334,RPV,NNRTI,4,145,Q,0.1582761396781145
270334,RPV,NNRTI,5,60,V,0.13724261234428167
270334,RPV,NNRTI,6,147,N,0.12543920590837085
270334,RPV,NNRTI,7,106,V,0.11599621730474233
270334,RPV,NNRTI,8,184,M,0.08740598679578257
270334,RPV,NNRTI,9,118,V,0.07151993122051707
270334,RPV,NNRTI,10,157,P,0.05095773960698369
270335,RPV,NNRTI,1,184,I,0.7097974234314413
270335,RPV,NNRTI,2,148,V,0.6005887508166127
270335,RPV,NNRTI,3,145,Q,0.08492053919507796
270335,RPV,NNRTI,4,147,N,0.07634701251404125
270335,RPV,NNRTI,5,60,V,0.062401505603723734
270335,RPV,NNRTI,6,106,V,0.04923320893062348
270335,RPV,NNRTI,7,138,K,0.04819498405650396
270335,RPV,NNRTI,8,118,V,0.0330722820173638
270335,RPV,NNRTI,9,157,P,0.026870717120025787
270335,RPV,NNRTI,10,143,R,0.02544875581781724
270337,RPV,NNRTI,1,148,V,0.9999996542700585
270337,RPV,NNRTI,2,138,K,0.20305003506854494
270337,RPV,NNRTI,3,145,Q,0.1585826912638137
270337,RPV,NNRTI,4,60,V,0.13515508567377302
270337,RPV,NNRTI,5,147,N,0.12079907984673668
270337,RPV,NNRTI,6,106,V,0.0983519294099609
270337,RPV,NNRTI,7,184,M,0.0874542979229257
270337,RPV,NNRTI,8,118,V,0.06945237216312758
270337,RPV,NNRTI,9,157,P,0.05195561942482938
270337,RPV,NNRTI,10,143,R,0.04818396427920562
270338,RPV,NNRTI,1,148,V,0.9999995946628639
270338,RPV,NNRTI,2,101,E,0.3280852236109311
270338,RPV,NNRTI,3,60,V,0.1517329310665019
270338,RPV,NNRTI,4,145,Q,0.13769932918447347
270338,RPV,NNRTI,5,106,V,0.12794271789695824
270338,RPV,NNRTI,6,147,N,0.1228289678167862
270338,RPV,NNRTI,7,184,M,0.0982931153247209
270338,RPV,NNRTI,8,118,V,0.07796698221516592
270338,RPV,NNRTI,9,157,P,0.055431342421520695
270338,RPV,NNRTI,10,179,V,0.04771409250338052
205678,RPV,NNRTI,1,75,T,0.8885039879564128
205678,RPV,NNRTI,2,148,V,0.5399279713470648
205678,RPV,NNRTI,3,118,I,0.1757862384772424
205678,RPV,NNRTI,4,64,H,0.1360986740401697
205678,RPV,NNRTI,5,145,Q,0.0700428513291234
205678,RPV,NNRTI,6,147,N,0.06862847506749194
205678,RPV,NNRTI,7,60,V,0.05273928715291043
205678,RPV,NNRTI,8,69,D,0.04511219754332468
205678,RPV,NNRTI,9,106,V,0.039059920181450436
205678,RPV,NNRTI,10,210,W,0.03609443433813832
259196,RPV,NNRTI,1,142,V,0.9999999523049763
259196,RPV,NNRTI,2,148,V,0.3694306805908537
259196,RPV,NNRTI,3,43,Q,0.2573044999265294
259196,RPV,NNRTI,4,60,I,0.22531998297900743
259196,RPV,NNRTI,5,118,I,0.18740264142122254
259196,RPV,NNRTI,6,203,K,0.1692291281705674
259196,RPV,NNRTI,7,101,H,0.1305502073862246
259196,RPV,NNRTI,8,190,A,0.07779347664801714
259196,RPV,NNRTI,9,184,V,0.06301223783336363
259196,RPV,NNRTI,10,44,D,0.05212009754810891
235722,RPV,NNRTI,1,148,V,0.9856336235845905
235722,RPV,NNRTI,2,22,R,0.5916336392074169
235722,RPV,NNRTI,3,188,L,0.556019403151659
235722,RPV,NNRTI,4,179,I,0.5239230322013935
235722,RPV,NNRTI,5,162,C,0.30585659901023826
235722,RPV,NNRTI,6,184,V,0.2981717657527647
235722,RPV,NNRTI,7,35,M,0.2718514878216167
235722,RPV,NNRTI,8,181,C,0.12479184344269681
235722,RPV,NNRTI,9,145,Q,0.12288329798487531
235722,RPV,NNRTI,10,147,N,0.10871349504173387
259208,RPV,NNRTI,1,148,V,0.9021454572477787
259208,RPV,NNRTI,2,173,Q,0.5544665361983172
259208,RPV,NNRTI,3,178,M,0.14715822386187483
259208,RPV,NNRTI,4,145,Q,0.11978555853596726
259208,RPV,NNRTI,5,60,V,0.11452522987220409
259208,RPV,NNRTI,6,147,N,0.10577151432623881
259208,RPV,NNRTI,7,207,E,0.10315932026133676
259208,RPV,NNRTI,8,106,V,0.08308057537458728
259208,RPV,NNRTI,9,184,M,0.07132114330149059
259208,RPV,NNRTI,10,118,V,0.05857120223153245
183257,RPV,NNRTI,1,227,C,0.9960581443120472
183257,RPV,NNRTI,2,148,V,0.504550170880543
183257,RPV,NNRTI,3,230,L,0.2328898193506037
183257,RPV,NNRTI,4,145,Q,0.0639890035627901
183257,RPV,NNRTI,5,147,N,0.06241403148426551
183257,RPV,NNRTI,6,60,V,0.04792036083362121
183257,RPV,NNRTI,7,106,V,0.04429737528386971
183257,RPV,NNRTI,8,103,N,0.03466455101004649
183257,RPV,NNRTI,9,181,C,0.03353713250359613
183257,RPV,NNRTI,10,20,R,0.03167892430755606
235714,RPV,NNRTI,1,224,D,0.7556591419229736
235714,RPV,NNRTI,2,148,V,0.6021428823296876
235714,RPV,NNRTI,3,184,V,0.12808341912268784
235714,RPV,NNRTI,4,39,A,0.09938713651394991
235714,RPV,NNRTI,5,145,Q,0.08230056542731577
235714,RPV,NNRTI,6,147,N,0.07457613157939844
235714,RPV,NNRTI,7,60,V,0.06240157094866401
235714,RPV,NNRTI,8,20,R,0.05493518128336887
235714,RPV,NNRTI,9,106,V,0.047207092243427194
235714,RPV,NNRTI,10,118,V,0.03230282685510422
52593,RPV,NNRTI,1,106,M,0.9999999523019302
52593,RPV,NNRTI,2,148,V,0.3460784456267033
52593,RPV,NNRTI,3,179,E,0.32699319969435886
52593,RPV,NNRTI,4,177,N,0.07443107115165357
52593,RPV,NNRTI,5,147,N,0.04484220882040295
52593,RPV,NNRTI,6,145,Q,0.04424941522697612
52593,RPV,NNRTI,7,60,V,0.03170737967204579
52593,RPV,NNRTI,8,135,V,0.019079670871156435
52593,RPV,NNRTI,9,118,V,0.01717283807384508
52593,RPV,NNRTI,10,75,V,0.0146969816248406
205680,RPV,NNRTI,1,106,A,1.0000000119144201
205680,RPV,NNRTI,2,148,V,0.1338188409601312
205680,RPV,NNRTI,3,74,I,0.06358828292656507
205680,RPV,NNRTI,4,43,R,0.06326455078060791
205680,RPV,NNRTI,5,64,Y,0.05635211614019536
205680,RPV,NNRTI,6,211,S,0.0425201771487401
205680,RPV,NNRTI,7,184,V,0.018951319782774624
205680,RPV,NNRTI,8,103,S,0.018598027482728954
205680,RPV,NNRTI,9,145,Q,0.01809173024585136
205680,RPV,NNRTI,10,147,N,0.01661908362094883
235706,RPV,NNRTI,1,148,V,0.9999998330952877
235706,RPV,NNRTI,2,184,V,0.36619706548502473
235706,RPV,NNRTI,3,181,C,0.14440959277489968
235706,RPV,NNRTI,4,145,Q,0.1408846181105582
235706,RPV,NNRTI,5,135,V,0.13539006820422708
235706,RPV,NNRTI,6,147,N,0.12099140831953857
235706,RPV,NNRTI,7,60,V,0.10928478303316758
235706,RPV,NNRTI,8,215,Y,0.09482603133513859
235706,RPV,NNRTI,9,106,V,0.0892144902544722
235706,RPV,NNRTI,10,207,E,0.08637282656630094
216638,RPV,NNRTI,1,148,V,0.9999994754438213
216638,RPV,NNRTI,2,60,V,0.17226216186258392
216638,RPV,NNRTI,3,145,Q,0.14733043055734557
216638,RPV,NNRTI,4,106,V,0.12250542613767236
216638,RPV,NNRTI,5,184,M,0.11785993525106471
216638,RPV,NNRTI,6,147,N,0.115357710531823
216638,RPV,NNRTI,7,118,V,0.08772170633749257
216638,RPV,NNRTI,8,157,P,0.06494686191789435
216638,RPV,NNRTI,9,75,V,0.05070375529827841
216638,RPV,NNRTI,10,179,V,0.04257412806164555
216604,RPV,NNRTI,1,148,V,0.9999995350584163
216604,RPV,NNRTI,2,60,V,0.1616582845555601
216604,RPV,NNRTI,3,145,Q,0.14005502330879213
216604,RPV,NNRTI,4,106,V,0.11586015406883138
216604,RPV,NNRTI,5,147,N,0.11232397681961737
216604,RPV,NNRTI,6,184,M,0.10689908461815788
216604,RPV,NNRTI,7,118,V,0.08234463339826799
216604,RPV,NNRTI,8,157,P,0.062243010691543144
216604,RPV,NNRTI,9,75,V,0.04769144835269984
216604,RPV,NNRTI,10,179,V,0.039234093058044574
259250,RPV,NNRTI,1,148,V,0.6551357626736465
259250,RPV,NNRTI,2,60,I,0.6322441020419115
259250,RPV,NNRTI,3,173,T,0.5631136513609873
259250,RPV,NNRTI,4,162,A,0.4371584380844007
259250,RPV,NNRTI,5,35,T,0.11026457263715879
259250,RPV,NNRTI,6,145,Q,0.08708634356623021
259250,RPV,NNRTI,7,147,N,0.08056322200255314
259250,RPV,NNRTI,8,135,V,0.06641069707642623
259250,RPV,NNRTI,9,106,V,0.052407815601197595
259250,RPV,NNRTI,10,178,M,0.0501219874091391
268427,RPV,NNRTI,1,148,V,0.9980768680362337
268427,RPV,NNRTI,2,100,I,0.5496568017311004
268427,RPV,NNRTI,3,103,N,0.24112900481485686
268427,RPV,NNRTI,4,106,V,0.16130581082354062
268427,RPV,NNRTI,5,145,Q,0.12612088404834176
268427,RPV,NNRTI,6,60,V,0.12448283904158298
268427,RPV,NNRTI,7,147,N,0.1150318390175413
268427,RPV,NNRTI,8,184,M,0.07298205251419282
268427,RPV,NNRTI,9,118,V,0.06507043541975102
268427,RPV,NNRTI,10,108,V,0.047387043159569556
268426,RPV,NNRTI,1,148,V,0.8618020534280117
268426,RPV,NNRTI,2,100,I,0.5486847433616537
268426,RPV,NNRTI,3,103,S,0.5244500598441424
268426,RPV,NNRTI,4,106,V,0.14393570860945393
268426,RPV,NNRTI,5,60,V,0.12097112727754275
268426,RPV,NNRTI,6,145,Q,0.11330568129318135
268426,RPV,NNRTI,7,147,N,0.10220162932275731
268426,RPV,NNRTI,8,184,M,0.07166373658133413
268426,RPV,NNRTI,9,118,V,0.061216786498036496
268426,RPV,NNRTI,10,157,P,0.04475154541232135
268432,RPV,NNRTI,1,148,V,0.7464200973280852
268432,RPV,NNRTI,2,179,D,0.5627199936722304
268432,RPV,NNRTI,3,100,I,0.29006288103751277
268432,RPV,NNRTI,4,103,R,0.26614854657407166
268432,RPV,NNRTI,5,145,Q,0.10147845973926652
268432,RPV,NNRTI,6,147,N,0.09580023049019855
268432,RPV,NNRTI,7,106,V,0.08922124760222729
268432,RPV,NNRTI,8,60,V,0.08408529112150116
268432,RPV,NNRTI,9,184,M,0.05289901034603851
268432,RPV,NNRTI,10,118,V,0.04332339294169627
268431,RPV,NNRTI,1,148,V,0.8391050815320081
268431,RPV,NNRTI,2,100,I,0.5446322530420818
268431,RPV,NNRTI,3,103,R,0.46728204990003847
268431,RPV,NNRTI,4,106,V,0.12759328543053247
268431,RPV,NNRTI,5,60,V,0.12244433844385466
268431,RPV,NNRTI,6,145,Q,0.11472793064356256
268431,RPV,NNRTI,7,147,N,0.10149043252897016
268431,RPV,NNRTI,8,184,M,0.07589836964109174
268431,RPV,NNRTI,9,118,V,0.0625176261634346
268431,RPV,NNRTI,10,157,P,0.045139395813342566
268425,RPV,NNRTI,1,148,V,0.8606496572189605
268425,RPV,NNRTI,2,103,R,0.5471504904617924
268425,RPV,NNRTI,3,60,V,0.1317661247398626
268425,RPV,NNRTI,4,145,Q,0.12669546894692268
268425,RPV,NNRTI,5,106,V,0.12592169616740842
268425,RPV,NNRTI,6,147,N,0.10359081579579256
268425,RPV,NNRTI,7,184,M,0.08514275790608146
268425,RPV,NNRTI,8,118,V,0.0677201982845754
268425,RPV,NNRTI,9,157,P,0.04920983015914109
268425,RPV,NNRTI,10,75,V,0.04253990899983696
216606,RPV,NNRTI,1,106,I,0.9999999522935648
216606,RPV,NNRTI,2,148,V,0.3920063821012223
216606,RPV,NNRTI,3,22,R,0.11156517333748003
216606,RPV,NNRTI,4,147,N,0.050816227346983975
216606,RPV,NNRTI,5,145,Q,0.050023263053250014
216606,RPV,NNRTI,6,60,V,0.03731924093518258
216606,RPV,NNRTI,7,118,V,0.019469466439452666
216606,RPV,NNRTI,8,178,L,0.016557986840001343
216606,RPV,NNRTI,9,75,V,0.01602687080003952
216606,RPV,NNRTI,10,157,P,0.0158540874374056
259202,RPV,NNRTI,1,148,V,0.9999998330920485
259202,RPV,NNRTI,2,179,I,0.5505398213947337
259202,RPV,NNRTI,3,135,R,0.3626584921684852
259202,RPV,NNRTI,4,173,E,0.3581708504002147
259202,RPV,NNRTI,5,184,V,0.3354530831126367
259202,RPV,NNRTI,6,39,A,0.258636472198037
259202,RPV,NNRTI,7,35,L,0.24443494945005484
259202,RPV,NNRTI,8,145,Q,0.15757318167638168
259202,RPV,NNRTI,9,200,I,0.1450943269219493
259202,RPV,NNRTI,10,20,R,0.1405131117129861
259200,RPV,NNRTI,1,148,V,0.9507208585590082
259200,RPV,NNRTI,2,179,I,0.5579903481550785
259200,RPV,NNRTI,3,135,R,0.37758924476946437
259200,RPV,NNRTI,4,173,E,0.3717210676656445
259200,RPV,NNRTI,5,39,A,0.2705521093969535
259200,RPV,NNRTI,6,35,L,0.2576157732066145
259200,RPV,NNRTI,7,202,V,0.22947759044548122
259200,RPV,NNRTI,8,145,Q,0.15460609022567484
259200,RPV,NNRTI,9,200,I,0.14984033026424742
259200,RPV,NNRTI,10,20,R,0.1470439349151283
205673,RPV,NNRTI,1,162,F,0.7728985243824956
205673,RPV,NNRTI,2,148,V,0.689465683683573
205673,RPV,NNRTI,3,90,I,0.2489554947208537
205673,RPV,NNRTI,4,70,E,0.12618209810504596
205673,RPV,NNRTI,5,145,Q,0.0830524318368089
205673,RPV,NNRTI,6,147,N,0.08212679580836019
205673,RPV,NNRTI,7,60,V,0.06835854618045771
205673,RPV,NNRTI,8,200,E,0.06665537555400576
205673,RPV,NNRTI,9,102,Q,0.05428523728716055
205673,RPV,NNRTI,10,181,C,0.049331362076140334
69215,RPV,NNRTI,1,181,V,0.8802647976612271
69215,RPV,NNRTI,2,74,V,0.7875100799990549
69215,RPV,NNRTI,3,148,V,0.6393255710397796
69215,RPV,NNRTI,4,145,Q,0.08118789496078768
69215,RPV,NNRTI,5,147,N,0.07578115998179782
69215,RPV,NNRTI,6,60,V,0.07363312226031164
69215,RPV,NNRTI,7,20,R,0.05162918618376676
69215,RPV,NNRTI,8,106,V,0.04775161212615256
69215,RPV,NNRTI,9,75,V,0.03605298859786682
69215,RPV,NNRTI,10,118,V,0.03299428846951101
259204,RPV,NNRTI,1,148,V,0.946838211997565
259204,RPV,NNRTI,2,98,S,0.5316763256159739
259204,RPV,NNRTI,3,145,Q,0.13472533293036787
259204,RPV,NNRTI,4,60,V,0.13471810388464872
259204,RPV,NNRTI,5,35,I,0.1282447381696085
259204,RPV,NNRTI,6,147,N,0.11303539814799167
259204,RPV,NNRTI,7,106,V,0.09762203837851911
259204,RPV,NNRTI,8,184,M,0.07989094382902784
259204,RPV,NNRTI,9,118,V,0.06674487820577985
259204,RPV,NNRTI,10,157,P,0.0512042867652939
259206,RPV,NNRTI,1,184,I,0.7160874337335088
259206,RPV,NNRTI,2,148,V,0.6719964265667859
259206,RPV,NNRTI,3,230,L,0.4884883810159297
259206,RPV,NNRTI,4,123,G,0.18118106825336772
259206,RPV,NNRTI,5,98,S,0.1316153556433379
259206,RPV,NNRTI,6,145,Q,0.08645935892702424
259206,RPV,NNRTI,7,147,N,0.07869342091982065
259206,RPV,NNRTI,8,60,V,0.0755348260569229
259206,RPV,NNRTI,9,101,E,0.06597056002243776
259206,RPV,NNRTI,10,181,C,0.056306418001973724
51863,RPV,NNRTI,1,148,V,0.9821844220019185
51863,RPV,NNRTI,2,190,A,0.553649396417906
51863,RPV,NNRTI,3,184,V,0.37952480632278646
51863,RPV,NNRTI,4,101,E,0.19050830902055407
51863,RPV,NNRTI,5,20,R,0.17179614628624618
51863,RPV,NNRTI,6,106,V,0.13950285874530752
51863,RPV,NNRTI,7,145,Q,0.1324959672126393
51863,RPV,NNRTI,8,147,N,0.11531921855897902
51863,RPV,NNRTI,9,60,V,0.11232488576181773
51863,RPV,NNRTI,10,157,P,0.07650097510475508
205670,RPV,NNRTI,1,106,M,0.9999999523037696
205670,RPV,NNRTI,2,148,V,0.34574419564410863
205670,RPV,NNRTI,3,211,Q,0.12539184998487826
205670,RPV,NNRTI,4,174,R,0.12019493594732585
205670,RPV,NNRTI,5,179,D,0.07252717370471831
205670,RPV,NNRTI,6,162,C,0.049438672538597656
205670,RPV,NNRTI,7,147,N,0.04687374754689115
205670,RPV,NNRTI,8,145,Q,0.044549214277975965
205670,RPV,NNRTI,9,202,V,0.035577389838273216
205670,RPV,NNRTI,10,60,V,0.032700992995797665
205667,RPV,NNRTI,1,148,V,0.6986023306681771
205667,RPV,NNRTI,2,179,F,0.5904861379636489
205667,RPV,NNRTI,3,178,R,0.564322448433299
205667,RPV,NNRTI,4,162,C,0.17559200677574044
205667,RPV,NNRTI,5,145,Q,0.09482012523681468
205667,RPV,NNRTI,6,147,N,0.0876375596103326
205667,RPV,NNRTI,7,103,N,0.0776719171233396
205667,RPV,NNRTI,8,60,V,0.07111230345437404
205667,RPV,NNRTI,9,106,V,0.07047952496759416
205667,RPV,NNRTI,10,118,V,0.03888680289768685
257966,RPV,NNRTI,1,148,V,0.9999995946693339
257966,RPV,NNRTI,2,35,T,0.44069503214041605
257966,RPV,NNRTI,3,145,Q,0.15794534182202374
257966,RPV,NNRTI,4,60,V,0.1452648358726416
257966,RPV,NNRTI,5,147,N,0.11998018001266648
257966,RPV,NNRTI,6,106,V,0.10539907082524672
257966,RPV,NNRTI,7,184,M,0.09130058402458006
257966,RPV,NNRTI,8,118,V,0.07309181824000265
257966,RPV,NNRTI,9,157,P,0.05469981541909068
257966,RPV,NNRTI,10,75,V,0.04579803417917249
41809,RPV,NNRTI,1,75,M,0.8454925792922043
41809,RPV,NNRTI,2,148,V,0.5689932524998984
41809,RPV,NNRTI,3,43,N,0.4230621440480905
41809,RPV,NNRTI,4,208,Y,0.2834374338750709
41809,RPV,NNRTI,5,118,I,0.2206703680437667
41809,RPV,NNRTI,6,203,D,0.10127385923340622
41809,RPV,NNRTI,7,145,Q,0.07283866500626188
41809,RPV,NNRTI,8,147,N,0.07238758561543161
41809,RPV,NNRTI,9,44,D,0.06929997544740685
41809,RPV,NNRTI,10,219,N,0.0650497958390953
235730,RPV,NNRTI,1,198,E,0.7446381232737719
235730,RPV,NNRTI,2,80,I,0.6294962064254893
235730,RPV,NNRTI,3,148,V,0.5791350722179469
235730,RPV,NNRTI,4,188,L,0.13366715419963235
235730,RPV,NNRTI,5,215,D,0.0976915828850222
235730,RPV,NNRTI,6,145,Q,0.07759326443785988
235730,RPV,NNRTI,7,147,N,0.07372476231232664
235730,RPV,NNRTI,8,35,T,0.05582138434581503
235730,RPV,NNRTI,9,60,V,0.05546269703610236
235730,RPV,NNRTI,10,106,V,0.04494056061671927
51927,RPV,NNRTI,1,148,V,0.9999998330937006
51927,RPV,NNRTI,2,162,C,0.3186584640968043
51927,RPV,NNRTI,3,35,M,0.28772633513787604
51927,RPV,NNRTI,4,184,V,0.28575597659644325
51927,RPV,NNRTI,5,195,L,0.22322145185727502
51927,RPV,NNRTI,6,122,P,0.21198209517578037
51927,RPV,NNRTI,7,28,K,0.19682082129142836
51927,RPV,NNRTI,8,101,E,0.14636968897880162
51927,RPV,NNRTI,9,145,Q,0.1425897343523775
51927,RPV,NNRTI,10,147,N,0.118042240550907
39949,RPV,NNRTI,1,75,M,0.8235892763488076
39949,RPV,NNRTI,2,190,S,0.5940916187007848
39949,RPV,NNRTI,3,148,V,0.5794191479561246
39949,RPV,NNRTI,4,121,Y,0.37164472084413325
39949,RPV,NNRTI,5,207,A,0.3519011796067099
39949,RPV,NNRTI,6,60,I,0.3004955001716783
39949,RPV,NNRTI,7,118,I,0.21439478337066692
39949,RPV,NNRTI,8,43,E,0.08619913475690763
39949,RPV,NNRTI,9,147,N,0.0765740777566856
39949,RPV,NNRTI,10,145,Q,0.0765276890258487
259176,RPV,NNRTI,1,148,V,0.7035654306269055
259176,RPV,NNRTI,2,60,I,0.6281241031189955
259176,RPV,NNRTI,3,188,L,0.28258811655996097
259176,RPV,NNRTI,4,215,D,0.18592207853037382
259176,RPV,NNRTI,5,35,T,0.10775347073700793
259176,RPV,NNRTI,6,145,Q,0.08944600475735179
259176,RPV,NNRTI,7,147,N,0.08836228715089035
259176,RPV,NNRTI,8,106,V,0.06098291522951051
259176,RPV,NNRTI,9,184,M,0.036087302479310565
259176,RPV,NNRTI,10,118,V,0.03433724681178304
